#VRML V2.0 utf8
# 3D model generated by easyeda2kicad.py (https://github.com/uPesy/easyeda2kicad.py)

Shape{
    appearance Appearance {
        material  Material 	{
            diffuseColor 0.7529411764705882 0.7529411764705882 0.7529411764705882
            specularColor 0.3764705882352941 0.3764705882352941 0.3764705882352941
            ambientIntensity 0.7529
            transparency 0.0
            shininess 0.5
        }
    }
    geometry IndexedFaceSet {
        ccw TRUE
        solid FALSE
        coord DEF co Coordinate {
            point [
                -0.8189 0.3065 0.2207, -0.8189 0.309 0.2229, -0.8189 0.3038 0.1158, -0.8189 0.2832 0.4912, -0.8189 0.3298 0.5952, -0.8189 0.2924 0.488, -0.8189 0.35 0.5846, -0.8189 0.3005 0.4826, -0.8189 -0.3265 0.5378, -0.8189 -0.3289 0.5051, -0.8189 -0.33 0.5062, -0.8189 0.3118 0.2269, -0.8189 0.3136 0.2314, -0.8189 0.4244 0.4508, -0.8189 -0.3171 0.5414, -0.8189 -0.1764 0.473, -0.8189 -0.1854 0.4695, -0.8189 -0.2549 0.4379, -0.8189 -0.2627 0.4436, -0.8189 -0.2031 0.4507, -0.8189 -0.2014 0.4536, -0.8189 -0.1883 0.4678, -0.8189 -0.1957 0.4615, -0.8189 -0.3219 0.5402, -0.8189 0.4286 0.1449, -0.8189 0.3136 0.0548, -0.8189 0.3142 0.0596, -0.8189 0.1816 0.2072, -0.8189 -0.2841 0.1181, -0.8189 0.1787 0.2111, -0.8189 0.177 0.2157, -0.8189 0.3024 0.2182, -0.8189 0.2993 0.1175, -0.8189 0.2977 0.2168, -0.8189 0.4261 0.1491, -0.8189 0.2963 0.0336, -0.8189 0.3084 0.0457, -0.8189 0.3102 0.0, -0.8189 0.3092 0.0465, -0.8189 0.3118 0.0503, -0.8189 0.4321 0.1415, -0.8189 0.4362 0.139, -0.8189 0.4392 0.1374, -0.8189 -0.3009 0.1766, -0.8189 -0.237 0.2165, -0.8189 0.1284 0.2165, -0.8189 0.3685 0.5711, -0.8189 0.3848 0.5552, -0.8189 0.3066 0.476, -0.8189 0.3987 0.537, -0.8189 0.3113 0.4675, -0.8189 0.2487 0.6072, -0.8189 0.2735 0.4921, -0.8189 -0.1684 0.4741, -0.8189 0.2632 0.6082, -0.8189 0.2858 0.6071, -0.8189 0.3083 0.6027, -0.8189 -0.3331 0.5104, -0.8189 -0.335 0.5152, -0.8189 -0.3357 0.52, -0.8189 -0.3351 0.5252, -0.8189 -0.3333 0.5301, -0.8189 -0.3304 0.5344, -0.8189 0.3142 0.0984, -0.8189 0.3139 0.1016, -0.8189 0.4247 0.1537, -0.8189 0.3125 0.1063, -0.8189 0.4244 0.1571, -0.8189 0.3101 0.1105, -0.8189 0.3078 0.1129, -0.8189 0.1764 0.2283, -0.8189 0.1764 0.2205, -0.8189 0.1455 0.219, -0.8189 0.137 0.2172, -0.8189 0.4098 0.5171, -0.8189 0.4179 0.4957, -0.8189 0.3138 0.458, -0.8189 0.4228 0.4735, -0.8189 0.3142 0.4528, -0.8189 0.3142 0.2362, -0.8189 0.4474 0.1258, -0.8189 0.448 0.121, -0.8189 0.448 0.0197, -0.8189 0.4284 0.0, -0.8189 0.4478 0.0167, -0.8189 0.4465 0.012, -0.8189 -0.2174 0.4377, -0.8189 -0.2265 0.4342, -0.8189 -0.2094 0.4433, -0.8189 -0.2362 0.4331, -0.8189 -0.2458 0.4343, -0.8189 0.3055 0.0006, -0.8189 0.301 0.0023, -0.8189 0.2988 0.0037, -0.8189 0.4429 0.1343, -0.8189 0.4457 0.1303, -0.8189 0.4441 0.0078, -0.8189 0.4416 0.0051, -0.8189 0.4331 0.0006, -0.8189 0.4376 0.0023, -0.8189 0.1853 0.204, -0.8189 0.1896 0.2019, -0.8189 0.2945 0.1181, -0.8189 0.1944 0.2009, -0.8189 0.199 0.201, -0.8189 0.2037 0.2023, -0.8189 0.2079 0.2047, -0.8189 0.2164 0.2101, -0.8189 -0.2963 0.1206, -0.8189 -0.3031 0.1245, -0.8189 -0.3149 0.1427, -0.8189 -0.3157 0.1505, -0.8189 -0.3146 0.1583, -0.8189 -0.3116 0.1654, -0.8189 -0.3069 0.1717, -0.8189 0.2295 0.2149, -0.8189 0.2433 0.2165, -0.8189 0.2945 0.2165, -0.8189 0.2906 0.0206, -0.8189 0.2914 0.0253, -0.8189 0.2933 0.0298, -0.8189 -0.2888 0.1185, -0.8189 -0.3084 0.1295, -0.8189 -0.3127 0.1361, -0.8189 0.2952 0.007, -0.8189 0.2925 0.0111, -0.8189 0.291 0.0157, -0.7598 -0.3219 0.5402, -0.7598 -0.3265 0.5378, -0.7598 -0.2014 0.4536, -0.7598 0.4244 0.4508, -0.7598 0.3038 0.1158, -0.7598 0.3078 0.1129, -0.7598 0.4362 0.139, -0.7598 0.4321 0.1415, -0.7598 0.3102 0.0, -0.7598 -0.3171 0.5414, -0.7598 0.3118 0.2269, -0.7598 0.309 0.2229, -0.7598 0.4244 0.1571, -0.7598 -0.1957 0.4615, -0.7598 -0.1883 0.4678, -0.7598 -0.1854 0.4695, -0.7598 0.2858 0.6071, -0.7598 0.2735 0.4921, -0.7598 0.3083 0.6027, -0.7598 0.2832 0.4912, -0.7598 0.3298 0.5952, -0.7598 0.2924 0.488, -0.7598 0.35 0.5846, -0.7598 0.3136 0.2314, -0.7598 0.3142 0.2362, -0.7598 0.3065 0.2207, -0.7598 0.3024 0.2182, -0.7598 0.2993 0.1175, -0.7598 -0.3357 0.52, -0.7598 -0.335 0.5152, -0.7598 -0.3289 0.5051, -0.7598 -0.2627 0.4436, -0.7598 -0.2031 0.4507, -0.7598 -0.2549 0.4379, -0.7598 0.3685 0.5711, -0.7598 0.3005 0.4826, -0.7598 0.3848 0.5552, -0.7598 0.3066 0.476, -0.7598 0.3987 0.537, -0.7598 0.4098 0.5171, -0.7598 0.3113 0.4675, -0.7598 0.4179 0.4957, -0.7598 0.3138 0.458, -0.7598 0.4228 0.4735, -0.7598 0.1853 0.204, -0.7598 0.1816 0.2072, -0.7598 -0.2841 0.1181, -0.7598 0.1787 0.2111, -0.7598 0.177 0.2157, -0.7598 0.1764 0.2205, -0.7598 0.1764 0.2283, -0.7598 0.1455 0.219, -0.7598 0.448 0.0197, -0.7598 0.4284 0.0, -0.7598 -0.3304 0.5344, -0.7598 -0.3333 0.5301, -0.7598 -0.3351 0.5252, -0.7598 -0.3331 0.5104, -0.7598 -0.33 0.5062, -0.7598 -0.1764 0.473, -0.7598 -0.1684 0.4741, -0.7598 0.2487 0.6072, -0.7598 0.2632 0.6082, -0.7598 0.4286 0.1449, -0.7598 0.3136 0.0548, -0.7598 0.3118 0.0503, -0.7598 0.3092 0.0465, -0.7598 0.3101 0.1105, -0.7598 0.3125 0.1063, -0.7598 0.4247 0.1537, -0.7598 0.4261 0.1491, -0.7598 0.3142 0.4528, -0.7598 0.137 0.2172, -0.7598 0.3139 0.1016, -0.7598 0.3142 0.0984, -0.7598 0.3142 0.0596, -0.7598 -0.2458 0.4343, -0.7598 -0.2362 0.4331, -0.7598 -0.2094 0.4433, -0.7598 -0.2265 0.4342, -0.7598 -0.2174 0.4377, -0.7598 0.1284 0.2165, -0.7598 -0.237 0.2165, -0.7598 -0.3009 0.1766, -0.7598 0.4441 0.0078, -0.7598 0.4465 0.012, -0.7598 0.4478 0.0167, -0.7598 0.448 0.121, -0.7598 0.4474 0.1258, -0.7598 0.4457 0.1303, -0.7598 0.2037 0.2023, -0.7598 0.199 0.201, -0.7598 0.2945 0.1181, -0.7598 0.1944 0.2009, -0.7598 0.1896 0.2019, -0.7598 0.4416 0.0051, -0.7598 0.4331 0.0006, -0.7598 0.4376 0.0023, -0.7598 0.4429 0.1343, -0.7598 0.4392 0.1374, -0.7598 0.3084 0.0457, -0.7598 0.2963 0.0336, -0.7598 0.3055 0.0006, -0.7598 0.301 0.0023, -0.7598 0.2295 0.2149, -0.7598 0.2164 0.2101, -0.7598 0.2079 0.2047, -0.7598 0.2977 0.2168, -0.7598 0.2945 0.2165, -0.7598 0.2433 0.2165, -0.7598 -0.3069 0.1717, -0.7598 -0.3116 0.1654, -0.7598 -0.3149 0.1427, -0.7598 -0.3146 0.1583, -0.7598 -0.3157 0.1505, -0.7598 -0.3084 0.1295, -0.7598 -0.3031 0.1245, -0.7598 0.2914 0.0253, -0.7598 0.2906 0.0206, -0.7598 0.2988 0.0037, -0.7598 -0.3127 0.1361, -0.7598 -0.2963 0.1206, -0.7598 -0.2888 0.1185, -0.7598 0.2933 0.0298, -0.7598 0.291 0.0157, -0.7598 0.2925 0.0111, -0.7598 0.2952 0.007, -0.5039 0.3065 0.2207, -0.5039 0.309 0.2229, -0.5039 0.3038 0.1158, -0.5039 0.2832 0.4912, -0.5039 0.3298 0.5952, -0.5039 0.2924 0.488, -0.5039 0.35 0.5846, -0.5039 0.3005 0.4826, -0.5039 -0.3265 0.5378, -0.5039 -0.3289 0.5051, -0.5039 -0.33 0.5062, -0.5039 0.3118 0.2269, -0.5039 0.3136 0.2314, -0.5039 0.4244 0.4508, -0.5039 -0.3171 0.5414, -0.5039 -0.1764 0.473, -0.5039 -0.1854 0.4695, -0.5039 -0.2549 0.4379, -0.5039 -0.2627 0.4436, -0.5039 -0.2031 0.4507, -0.5039 -0.2014 0.4536, -0.5039 -0.1883 0.4678, -0.5039 -0.1957 0.4615, -0.5039 -0.3219 0.5402, -0.5039 0.4286 0.1449, -0.5039 0.3136 0.0548, -0.5039 0.3142 0.0596, -0.5039 0.1816 0.2072, -0.5039 -0.2841 0.1181, -0.5039 0.1787 0.2111, -0.5039 0.177 0.2157, -0.5039 0.3024 0.2182, -0.5039 0.2993 0.1175, -0.5039 0.2977 0.2168, -0.5039 0.4261 0.1491, -0.5039 0.2963 0.0336, -0.5039 0.3084 0.0457, -0.5039 0.3102 0.0, -0.5039 0.3092 0.0465, -0.5039 0.3118 0.0503, -0.5039 0.4321 0.1415, -0.5039 0.4362 0.139, -0.5039 0.4392 0.1374, -0.5039 -0.3009 0.1766, -0.5039 -0.237 0.2165, -0.5039 0.1284 0.2165, -0.5039 0.3685 0.5711, -0.5039 0.3848 0.5552, -0.5039 0.3066 0.476, -0.5039 0.3987 0.537, -0.5039 0.3113 0.4675, -0.5039 0.2487 0.6072, -0.5039 0.2735 0.4921, -0.5039 -0.1684 0.4741, -0.5039 0.2632 0.6082, -0.5039 0.2858 0.6071, -0.5039 0.3083 0.6027, -0.5039 -0.3331 0.5104, -0.5039 -0.335 0.5152, -0.5039 -0.3357 0.52, -0.5039 -0.3351 0.5252, -0.5039 -0.3333 0.5301, -0.5039 -0.3304 0.5344, -0.5039 0.3142 0.0984, -0.5039 0.3139 0.1016, -0.5039 0.4247 0.1537, -0.5039 0.3125 0.1063, -0.5039 0.4244 0.1571, -0.5039 0.3101 0.1105, -0.5039 0.3078 0.1129, -0.5039 0.1764 0.2283, -0.5039 0.1764 0.2205, -0.5039 0.1455 0.219, -0.5039 0.137 0.2172, -0.5039 0.4098 0.5171, -0.5039 0.4179 0.4957, -0.5039 0.3138 0.458, -0.5039 0.4228 0.4735, -0.5039 0.3142 0.4528, -0.5039 0.3142 0.2362, -0.5039 0.4474 0.1258, -0.5039 0.448 0.121, -0.5039 0.448 0.0197, -0.5039 0.4284 0.0, -0.5039 0.4478 0.0167, -0.5039 0.4465 0.012, -0.5039 -0.2174 0.4377, -0.5039 -0.2265 0.4342, -0.5039 -0.2094 0.4433, -0.5039 -0.2362 0.4331, -0.5039 -0.2458 0.4343, -0.5039 0.3055 0.0006, -0.5039 0.301 0.0023, -0.5039 0.2988 0.0037, -0.5039 0.4429 0.1343, -0.5039 0.4457 0.1303, -0.5039 0.4441 0.0078, -0.5039 0.4416 0.0051, -0.5039 0.4331 0.0006, -0.5039 0.4376 0.0023, -0.5039 0.1853 0.204, -0.5039 0.1896 0.2019, -0.5039 0.2945 0.1181, -0.5039 0.1944 0.2009, -0.5039 0.199 0.201, -0.5039 0.2037 0.2023, -0.5039 0.2079 0.2047, -0.5039 0.2164 0.2101, -0.5039 -0.2963 0.1206, -0.5039 -0.3031 0.1245, -0.5039 -0.3149 0.1427, -0.5039 -0.3157 0.1505, -0.5039 -0.3146 0.1583, -0.5039 -0.3116 0.1654, -0.5039 -0.3069 0.1717, -0.5039 0.2295 0.2149, -0.5039 0.2433 0.2165, -0.5039 0.2945 0.2165, -0.5039 0.2906 0.0206, -0.5039 0.2914 0.0253, -0.5039 0.2933 0.0298, -0.5039 -0.2888 0.1185, -0.5039 -0.3084 0.1295, -0.5039 -0.3127 0.1361, -0.5039 0.2952 0.007, -0.5039 0.2925 0.0111, -0.5039 0.291 0.0157, -0.4448 -0.3219 0.5402, -0.4448 -0.3265 0.5378, -0.4448 -0.2014 0.4536, -0.4448 0.3136 0.2314, -0.4448 0.3118 0.2269, -0.4448 0.4244 0.1571, -0.4448 0.3142 0.2362, -0.4448 -0.3171 0.5414, -0.4448 0.4362 0.139, -0.4448 0.4321 0.1415, -0.4448 0.3102 0.0, -0.4448 -0.1957 0.4615, -0.4448 -0.1883 0.4678, -0.4448 -0.1854 0.4695, -0.4448 0.2924 0.488, -0.4448 0.3298 0.5952, -0.4448 0.2832 0.4912, -0.4448 0.3083 0.6027, -0.4448 0.2735 0.4921, -0.4448 0.2858 0.6071, -0.4448 0.3066 0.476, -0.4448 0.3848 0.5552, -0.4448 0.3005 0.4826, -0.4448 0.3685 0.5711, -0.4448 0.35 0.5846, -0.4448 0.3138 0.458, -0.4448 0.4179 0.4957, -0.4448 0.3113 0.4675, -0.4448 0.4098 0.5171, -0.4448 0.3987 0.537, -0.4448 0.309 0.2229, -0.4448 0.3065 0.2207, -0.4448 0.3038 0.1158, -0.4448 0.3024 0.2182, -0.4448 0.2993 0.1175, -0.4448 0.3078 0.1129, -0.4448 -0.3357 0.52, -0.4448 -0.335 0.5152, -0.4448 -0.3289 0.5051, -0.4448 -0.2627 0.4436, -0.4448 -0.2031 0.4507, -0.4448 -0.2549 0.4379, -0.4448 0.1853 0.204, -0.4448 0.1816 0.2072, -0.4448 -0.2841 0.1181, -0.4448 0.1787 0.2111, -0.4448 0.177 0.2157, -0.4448 0.1764 0.2205, -0.4448 0.1764 0.2283, -0.4448 0.1455 0.219, -0.4448 -0.3304 0.5344, -0.4448 -0.3333 0.5301, -0.4448 -0.3351 0.5252, -0.4448 -0.3331 0.5104, -0.4448 -0.33 0.5062, -0.4448 -0.1764 0.473, -0.4448 -0.1684 0.4741, -0.4448 0.2487 0.6072, -0.4448 0.2632 0.6082, -0.4448 0.3142 0.4528, -0.4448 0.4244 0.4508, -0.4448 0.4228 0.4735, -0.4448 0.448 0.0197, -0.4448 0.4284 0.0, -0.4448 0.137 0.2172, -0.4448 0.4286 0.1449, -0.4448 0.3136 0.0548, -0.4448 0.3118 0.0503, -0.4448 0.3092 0.0465, -0.4448 0.3101 0.1105, -0.4448 0.3125 0.1063, -0.4448 0.4247 0.1537, -0.4448 0.4261 0.1491, -0.4448 -0.2458 0.4343, -0.4448 -0.2362 0.4331, -0.4448 -0.2094 0.4433, -0.4448 -0.2265 0.4342, -0.4448 -0.2174 0.4377, -0.4448 0.1284 0.2165, -0.4448 -0.237 0.2165, -0.4448 -0.3009 0.1766, -0.4448 0.3139 0.1016, -0.4448 0.3142 0.0984, -0.4448 0.3142 0.0596, -0.4448 0.2037 0.2023, -0.4448 0.199 0.201, -0.4448 0.2945 0.1181, -0.4448 0.1944 0.2009, -0.4448 0.1896 0.2019, -0.4448 0.4441 0.0078, -0.4448 0.4465 0.012, -0.4448 0.4478 0.0167, -0.4448 0.448 0.121, -0.4448 0.4474 0.1258, -0.4448 0.4457 0.1303, -0.4448 0.2295 0.2149, -0.4448 0.2164 0.2101, -0.4448 0.2079 0.2047, -0.4448 0.4416 0.0051, -0.4448 0.4331 0.0006, -0.4448 0.4376 0.0023, -0.4448 0.4429 0.1343, -0.4448 0.4392 0.1374, -0.4448 0.3084 0.0457, -0.4448 0.2963 0.0336, -0.4448 0.3055 0.0006, -0.4448 0.301 0.0023, -0.4448 0.2977 0.2168, -0.4448 0.2945 0.2165, -0.4448 0.2433 0.2165, -0.4448 -0.3069 0.1717, -0.4448 -0.3116 0.1654, -0.4448 -0.3149 0.1427, -0.4448 -0.3146 0.1583, -0.4448 -0.3157 0.1505, -0.4448 -0.3084 0.1295, -0.4448 -0.3031 0.1245, -0.4448 -0.3127 0.1361, -0.4448 -0.2963 0.1206, -0.4448 -0.2888 0.1185, -0.4448 0.2914 0.0253, -0.4448 0.2906 0.0206, -0.4448 0.2988 0.0037, -0.4448 0.2933 0.0298, -0.4448 0.291 0.0157, -0.4448 0.2925 0.0111, -0.4448 0.2952 0.007, -1.6161 -0.3554 0.169, -1.6161 -0.3472 0.1628, -1.6161 -0.5244 0.0, -1.6161 -0.3377 0.1588, -1.6161 -0.2291 0.0, -1.6161 -0.5835 0.4921, -1.6161 -0.5814 0.5074, -1.6161 -0.3617 0.3543, -1.6161 -0.5755 0.5217, -1.6161 -0.3276 0.374, -1.6161 -0.3377 0.3727, -1.6161 -0.5244 0.5512, -1.6161 -0.3472 0.3687, -1.6161 -0.5397 0.5492, -1.6161 -0.3554 0.3625, -1.6161 -0.5539 0.5433, -1.6161 -0.5662 0.5339, -1.6161 -0.5539 0.0079, -1.6161 -0.5662 0.0173, -1.6161 -0.3617 0.1772, -1.6161 -0.3656 0.3448, -1.6161 -0.3669 0.3346, -1.6161 -0.5835 0.0591, -1.6161 -0.5397 0.002, -1.6161 -0.3669 0.1969, -1.6161 -0.3656 0.1867, -1.6161 -0.5814 0.0438, -1.6161 -0.5755 0.0295, -1.6161 0.2393 0.4998, -1.6161 0.2423 0.4923, -1.6161 -0.21 0.3749, -1.6161 -0.3276 0.1575, -1.6161 -0.2291 0.1575, -1.6161 -0.1898 0.1181, -1.6161 0.1646 0.5512, -1.6161 -0.2118 0.3794, -1.6161 -0.2146 0.3833, -1.6161 -0.2273 0.3897, -1.6161 -0.2321 0.3895, -1.6161 -0.2367 0.3882, -1.6161 -0.2409 0.3858, -1.6161 -0.2518 0.3794, -1.6161 -0.1898 0.0394, -1.6161 -0.1911 0.0292, -1.6161 -0.195 0.0197, -1.6161 -0.2013 0.0115, -1.6161 -0.2094 0.0053, -1.6161 -0.2189 0.0013, -1.6161 0.2346 0.5062, -1.6161 -0.2182 0.3865, -1.6161 -0.2226 0.3886, -1.6161 -0.2638 0.3754, -1.6161 -0.2764 0.374, -1.6161 -0.2013 0.1459, -1.6161 -0.2094 0.1522, -1.6161 -0.2189 0.1561, -1.6161 -0.195 0.1378, -1.6161 -0.1911 0.1283, -1.6161 -0.2094 0.3622, -1.6161 -0.2094 0.3701, -1.6161 -0.1785 0.3715, -1.6161 -0.1701 0.3734, -1.6161 -0.1615 0.374, -1.6161 0.2433 0.4844, -1.6161 0.2284 0.5113, -1.6161 0.2433 0.4408, -1.6161 0.2423 0.4329, -1.6161 0.2393 0.4254, -1.6161 0.2346 0.419, -1.6161 0.2284 0.4139, -1.6161 0.1646 0.374, -1.5374 0.2433 0.4844, -1.5374 0.2423 0.4923, -1.5374 -0.1615 0.374, -1.5374 -0.3377 0.1588, -1.5374 -0.5244 0.0, -1.5374 -0.3276 0.1575, -1.5374 -0.2291 0.0, -1.5374 -0.2291 0.1575, -1.5374 -0.5244 0.5512, -1.5374 -0.3472 0.3687, -1.5374 -0.3377 0.3727, -1.5374 -0.2013 0.0115, -1.5374 -0.195 0.0197, -1.5374 -0.1911 0.0292, -1.5374 -0.2367 0.3882, -1.5374 -0.2321 0.3895, -1.5374 -0.1898 0.1181, -1.5374 -0.1911 0.1283, -1.5374 -0.195 0.1378, -1.5374 -0.2013 0.1459, -1.5374 -0.2094 0.1522, -1.5374 -0.2189 0.1561, -1.5374 0.1646 0.5512, -1.5374 -0.2226 0.3886, -1.5374 -0.2182 0.3865, -1.5374 -0.2094 0.0053, -1.5374 -0.5835 0.0591, -1.5374 -0.5814 0.0438, -1.5374 -0.3617 0.1772, -1.5374 -0.5755 0.0295, -1.5374 -0.5662 0.0173, -1.5374 -0.3472 0.1628, -1.5374 -0.3554 0.169, -1.5374 -0.5397 0.002, -1.5374 -0.5539 0.0079, -1.5374 -0.3656 0.1867, -1.5374 -0.3669 0.1969, -1.5374 -0.5835 0.4921, -1.5374 -0.3669 0.3346, -1.5374 -0.5539 0.5433, -1.5374 -0.5662 0.5339, -1.5374 -0.3554 0.3625, -1.5374 -0.2273 0.3897, -1.5374 -0.21 0.3749, -1.5374 0.2393 0.4998, -1.5374 -0.1898 0.0394, -1.5374 -0.2189 0.0013, -1.5374 -0.5397 0.5492, -1.5374 -0.3656 0.3448, -1.5374 -0.3617 0.3543, -1.5374 -0.5814 0.5074, -1.5374 -0.5755 0.5217, -1.5374 -0.3276 0.374, -1.5374 -0.2764 0.374, -1.5374 -0.2638 0.3754, -1.5374 -0.2146 0.3833, -1.5374 -0.2118 0.3794, -1.5374 0.2284 0.5113, -1.5374 0.2346 0.5062, -1.5374 -0.1701 0.3734, -1.5374 -0.1785 0.3715, -1.5374 -0.2094 0.3701, -1.5374 -0.2094 0.3622, -1.5374 -0.2518 0.3794, -1.5374 -0.2409 0.3858, -1.5374 0.1646 0.374, -1.5374 0.2284 0.4139, -1.5374 0.2346 0.419, -1.5374 0.2393 0.4254, -1.5374 0.2423 0.4329, -1.5374 0.2433 0.4408, 0.126 0.3065 0.2207, 0.126 0.309 0.2229, 0.126 0.3038 0.1158, 0.126 0.2832 0.4912, 0.126 0.3298 0.5952, 0.126 0.2924 0.488, 0.126 0.35 0.5846, 0.126 0.3005 0.4826, 0.126 -0.3265 0.5378, 0.126 -0.3289 0.5051, 0.126 -0.33 0.5062, 0.126 0.3118 0.2269, 0.126 0.3136 0.2314, 0.126 0.4244 0.4508, 0.126 -0.3171 0.5414, 0.126 -0.1764 0.473, 0.126 -0.1854 0.4695, 0.126 -0.2549 0.4379, 0.126 -0.2627 0.4436, 0.126 -0.2031 0.4507, 0.126 -0.2014 0.4536, 0.126 -0.1883 0.4678, 0.126 -0.1957 0.4615, 0.126 -0.3219 0.5402, 0.126 0.4286 0.1449, 0.126 0.3136 0.0548, 0.126 0.3142 0.0596, 0.126 0.1816 0.2072, 0.126 -0.2841 0.1181, 0.126 0.1787 0.2111, 0.126 0.177 0.2157, 0.126 0.3024 0.2182, 0.126 0.2993 0.1175, 0.126 0.2977 0.2168, 0.126 0.4261 0.1491, 0.126 0.2963 0.0336, 0.126 0.3084 0.0457, 0.126 0.3102 0.0, 0.126 0.3092 0.0465, 0.126 0.3118 0.0503, 0.126 0.4321 0.1415, 0.126 0.4362 0.139, 0.126 0.4392 0.1374, 0.126 -0.3009 0.1766, 0.126 -0.237 0.2165, 0.126 0.1284 0.2165, 0.126 0.3685 0.5711, 0.126 0.3848 0.5552, 0.126 0.3066 0.476, 0.126 0.3987 0.537, 0.126 0.3113 0.4675, 0.126 0.2487 0.6072, 0.126 0.2735 0.4921, 0.126 -0.1684 0.4741, 0.126 0.2632 0.6082, 0.126 0.2858 0.6071, 0.126 0.3083 0.6027, 0.126 -0.3331 0.5104, 0.126 -0.335 0.5152, 0.126 -0.3357 0.52, 0.126 -0.3351 0.5252, 0.126 -0.3333 0.5301, 0.126 -0.3304 0.5344, 0.126 0.3142 0.0984, 0.126 0.3139 0.1016, 0.126 0.4247 0.1537, 0.126 0.3125 0.1063, 0.126 0.4244 0.1571, 0.126 0.3101 0.1105, 0.126 0.3078 0.1129, 0.126 0.1764 0.2283, 0.126 0.1764 0.2205, 0.126 0.1455 0.219, 0.126 0.137 0.2172, 0.126 0.4098 0.5171, 0.126 0.4179 0.4957, 0.126 0.3138 0.458, 0.126 0.4228 0.4735, 0.126 0.3142 0.4528, 0.126 0.3142 0.2362, 0.126 0.4474 0.1258, 0.126 0.448 0.121, 0.126 0.448 0.0197, 0.126 0.4284 0.0, 0.126 0.4478 0.0167, 0.126 0.4465 0.012, 0.126 -0.2174 0.4377, 0.126 -0.2265 0.4342, 0.126 -0.2094 0.4433, 0.126 -0.2362 0.4331, 0.126 -0.2458 0.4343, 0.126 0.3055 0.0006, 0.126 0.301 0.0023, 0.126 0.2988 0.0037, 0.126 0.4429 0.1343, 0.126 0.4457 0.1303, 0.126 0.4441 0.0078, 0.126 0.4416 0.0051, 0.126 0.4331 0.0006, 0.126 0.4376 0.0023, 0.126 0.1853 0.204, 0.126 0.1896 0.2019, 0.126 0.2945 0.1181, 0.126 0.1944 0.2009, 0.126 0.199 0.201, 0.126 0.2037 0.2023, 0.126 0.2079 0.2047, 0.126 0.2164 0.2101, 0.126 -0.2963 0.1206, 0.126 -0.3031 0.1245, 0.126 -0.3149 0.1427, 0.126 -0.3157 0.1505, 0.126 -0.3146 0.1583, 0.126 -0.3116 0.1654, 0.126 -0.3069 0.1717, 0.126 0.2295 0.2149, 0.126 0.2433 0.2165, 0.126 0.2945 0.2165, 0.126 0.2906 0.0206, 0.126 0.2914 0.0253, 0.126 0.2933 0.0298, 0.126 -0.2888 0.1185, 0.126 -0.3084 0.1295, 0.126 -0.3127 0.1361, 0.126 0.2952 0.007, 0.126 0.2925 0.0111, 0.126 0.291 0.0157, 0.1851 -0.3219 0.5402, 0.1851 -0.3265 0.5378, 0.1851 -0.2014 0.4536, 0.1851 0.4244 0.4508, 0.1851 0.3038 0.1158, 0.1851 0.3078 0.1129, 0.1851 0.4362 0.139, 0.1851 0.4321 0.1415, 0.1851 0.3102 0.0, 0.1851 -0.3171 0.5414, 0.1851 0.3118 0.2269, 0.1851 0.309 0.2229, 0.1851 0.4244 0.1571, 0.1851 -0.1957 0.4615, 0.1851 -0.1883 0.4678, 0.1851 -0.1854 0.4695, 0.1851 0.2858 0.6071, 0.1851 0.2735 0.4921, 0.1851 0.3083 0.6027, 0.1851 0.2832 0.4912, 0.1851 0.3298 0.5952, 0.1851 0.2924 0.488, 0.1851 0.35 0.5846, 0.1851 0.3136 0.2314, 0.1851 0.3142 0.2362, 0.1851 0.3065 0.2207, 0.1851 0.3024 0.2182, 0.1851 0.2993 0.1175, 0.1851 -0.3357 0.52, 0.1851 -0.335 0.5152, 0.1851 -0.3289 0.5051, 0.1851 -0.2627 0.4436, 0.1851 -0.2031 0.4507, 0.1851 -0.2549 0.4379, 0.1851 0.3685 0.5711, 0.1851 0.3005 0.4826, 0.1851 0.3848 0.5552, 0.1851 0.3066 0.476, 0.1851 0.3987 0.537, 0.1851 0.4098 0.5171, 0.1851 0.3113 0.4675, 0.1851 0.4179 0.4957, 0.1851 0.3138 0.458, 0.1851 0.4228 0.4735, 0.1851 0.1853 0.204, 0.1851 0.1816 0.2072, 0.1851 -0.2841 0.1181, 0.1851 0.1787 0.2111, 0.1851 0.177 0.2157, 0.1851 0.1764 0.2205, 0.1851 0.1764 0.2283, 0.1851 0.1455 0.219, 0.1851 0.448 0.0197, 0.1851 0.4284 0.0, 0.1851 -0.3304 0.5344, 0.1851 -0.3333 0.5301, 0.1851 -0.3351 0.5252, 0.1851 -0.3331 0.5104, 0.1851 -0.33 0.5062, 0.1851 -0.1764 0.473, 0.1851 -0.1684 0.4741, 0.1851 0.2487 0.6072, 0.1851 0.2632 0.6082, 0.1851 0.4286 0.1449, 0.1851 0.3136 0.0548, 0.1851 0.3118 0.0503, 0.1851 0.3092 0.0465, 0.1851 0.3101 0.1105, 0.1851 0.3125 0.1063, 0.1851 0.4247 0.1537, 0.1851 0.4261 0.1491, 0.1851 0.3142 0.4528, 0.1851 0.137 0.2172, 0.1851 0.3139 0.1016, 0.1851 0.3142 0.0984, 0.1851 0.3142 0.0596, 0.1851 -0.2458 0.4343, 0.1851 -0.2362 0.4331, 0.1851 -0.2094 0.4433, 0.1851 -0.2265 0.4342, 0.1851 -0.2174 0.4377, 0.1851 0.1284 0.2165, 0.1851 -0.237 0.2165, 0.1851 -0.3009 0.1766, 0.1851 0.4441 0.0078, 0.1851 0.4465 0.012, 0.1851 0.4478 0.0167, 0.1851 0.448 0.121, 0.1851 0.4474 0.1258, 0.1851 0.4457 0.1303, 0.1851 0.2037 0.2023, 0.1851 0.199 0.201, 0.1851 0.2945 0.1181, 0.1851 0.1944 0.2009, 0.1851 0.1896 0.2019, 0.1851 0.4416 0.0051, 0.1851 0.4331 0.0006, 0.1851 0.4376 0.0023, 0.1851 0.4429 0.1343, 0.1851 0.4392 0.1374, 0.1851 0.3084 0.0457, 0.1851 0.2963 0.0336, 0.1851 0.3055 0.0006, 0.1851 0.301 0.0023, 0.1851 0.2295 0.2149, 0.1851 0.2164 0.2101, 0.1851 0.2079 0.2047, 0.1851 0.2977 0.2168, 0.1851 0.2945 0.2165, 0.1851 0.2433 0.2165, 0.1851 -0.3069 0.1717, 0.1851 -0.3116 0.1654, 0.1851 -0.3149 0.1427, 0.1851 -0.3146 0.1583, 0.1851 -0.3157 0.1505, 0.1851 -0.3084 0.1295, 0.1851 -0.3031 0.1245, 0.1851 0.2914 0.0253, 0.1851 0.2906 0.0206, 0.1851 0.2988 0.0037, 0.1851 -0.3127 0.1361, 0.1851 -0.2963 0.1206, 0.1851 -0.2888 0.1185, 0.1851 0.2933 0.0298, 0.1851 0.291 0.0157, 0.1851 0.2925 0.0111, 0.1851 0.2952 0.007, 0.441 0.3065 0.2207, 0.441 0.309 0.2229, 0.441 0.3038 0.1158, 0.441 0.2832 0.4912, 0.441 0.3298 0.5952, 0.441 0.2924 0.488, 0.441 0.35 0.5846, 0.441 0.3005 0.4826, 0.441 -0.3265 0.5378, 0.441 -0.3289 0.5051, 0.441 -0.33 0.5062, 0.441 0.3118 0.2269, 0.441 0.3136 0.2314, 0.441 0.4244 0.4508, 0.441 -0.3171 0.5414, 0.441 -0.1764 0.473, 0.441 -0.1854 0.4695, 0.441 -0.2549 0.4379, 0.441 -0.2627 0.4436, 0.441 -0.2031 0.4507, 0.441 -0.2014 0.4536, 0.441 -0.1883 0.4678, 0.441 -0.1957 0.4615, 0.441 -0.3219 0.5402, 0.441 0.4286 0.1449, 0.441 0.3136 0.0548, 0.441 0.3142 0.0596, 0.441 0.1816 0.2072, 0.441 -0.2841 0.1181, 0.441 0.1787 0.2111, 0.441 0.177 0.2157, 0.441 0.3024 0.2182, 0.441 0.2993 0.1175, 0.441 0.2977 0.2168, 0.441 0.4261 0.1491, 0.441 0.2963 0.0336, 0.441 0.3084 0.0457, 0.441 0.3102 0.0, 0.441 0.3092 0.0465, 0.441 0.3118 0.0503, 0.441 0.4321 0.1415, 0.441 0.4362 0.139, 0.441 0.4392 0.1374, 0.441 -0.3009 0.1766, 0.441 -0.237 0.2165, 0.441 0.1284 0.2165, 0.441 0.3685 0.5711, 0.441 0.3848 0.5552, 0.441 0.3066 0.476, 0.441 0.3987 0.537, 0.441 0.3113 0.4675, 0.441 0.2487 0.6072, 0.441 0.2735 0.4921, 0.441 -0.1684 0.4741, 0.441 0.2632 0.6082, 0.441 0.2858 0.6071, 0.441 0.3083 0.6027, 0.441 -0.3331 0.5104, 0.441 -0.335 0.5152, 0.441 -0.3357 0.52, 0.441 -0.3351 0.5252, 0.441 -0.3333 0.5301, 0.441 -0.3304 0.5344, 0.441 0.3142 0.0984, 0.441 0.3139 0.1016, 0.441 0.4247 0.1537, 0.441 0.3125 0.1063, 0.441 0.4244 0.1571, 0.441 0.3101 0.1105, 0.441 0.3078 0.1129, 0.441 0.1764 0.2283, 0.441 0.1764 0.2205, 0.441 0.1455 0.219, 0.441 0.137 0.2172, 0.441 0.4098 0.5171, 0.441 0.4179 0.4957, 0.441 0.3138 0.458, 0.441 0.4228 0.4735, 0.441 0.3142 0.4528, 0.441 0.3142 0.2362, 0.441 0.4474 0.1258, 0.441 0.448 0.121, 0.441 0.448 0.0197, 0.441 0.4284 0.0, 0.441 0.4478 0.0167, 0.441 0.4465 0.012, 0.441 -0.2174 0.4377, 0.441 -0.2265 0.4342, 0.441 -0.2094 0.4433, 0.441 -0.2362 0.4331, 0.441 -0.2458 0.4343, 0.441 0.3055 0.0006, 0.441 0.301 0.0023, 0.441 0.2988 0.0037, 0.441 0.4429 0.1343, 0.441 0.4457 0.1303, 0.441 0.4441 0.0078, 0.441 0.4416 0.0051, 0.441 0.4331 0.0006, 0.441 0.4376 0.0023, 0.441 0.1853 0.204, 0.441 0.1896 0.2019, 0.441 0.2945 0.1181, 0.441 0.1944 0.2009, 0.441 0.199 0.201, 0.441 0.2037 0.2023, 0.441 0.2079 0.2047, 0.441 0.2164 0.2101, 0.441 -0.2963 0.1206, 0.441 -0.3031 0.1245, 0.441 -0.3149 0.1427, 0.441 -0.3157 0.1505, 0.441 -0.3146 0.1583, 0.441 -0.3116 0.1654, 0.441 -0.3069 0.1717, 0.441 0.2295 0.2149, 0.441 0.2433 0.2165, 0.441 0.2945 0.2165, 0.441 0.2906 0.0206, 0.441 0.2914 0.0253, 0.441 0.2933 0.0298, 0.441 -0.2888 0.1185, 0.441 -0.3084 0.1295, 0.441 -0.3127 0.1361, 0.441 0.2952 0.007, 0.441 0.2925 0.0111, 0.441 0.291 0.0157, 0.5 -0.3219 0.5402, 0.5 -0.3265 0.5378, 0.5 -0.2014 0.4536, 0.5 0.4244 0.4508, 0.5 0.3038 0.1158, 0.5 0.3078 0.1129, 0.5 0.4362 0.139, 0.5 0.4321 0.1415, 0.5 0.3102 0.0, 0.5 -0.3171 0.5414, 0.5 0.3118 0.2269, 0.5 0.309 0.2229, 0.5 0.4244 0.1571, 0.5 -0.1957 0.4615, 0.5 -0.1883 0.4678, 0.5 -0.1854 0.4695, 0.5 0.2858 0.6071, 0.5 0.2735 0.4921, 0.5 0.3083 0.6027, 0.5 0.2832 0.4912, 0.5 0.3298 0.5952, 0.5 0.2924 0.488, 0.5 0.35 0.5846, 0.5 0.3136 0.2314, 0.5 0.3142 0.2362, 0.5 0.3065 0.2207, 0.5 0.3024 0.2182, 0.5 0.2993 0.1175, 0.5 -0.3357 0.52, 0.5 -0.335 0.5152, 0.5 -0.3289 0.5051, 0.5 -0.2627 0.4436, 0.5 -0.2031 0.4507, 0.5 -0.2549 0.4379, 0.5 0.3685 0.5711, 0.5 0.3005 0.4826, 0.5 0.3848 0.5552, 0.5 0.3066 0.476, 0.5 0.3987 0.537, 0.5 0.4098 0.5171, 0.5 0.3113 0.4675, 0.5 0.4179 0.4957, 0.5 0.3138 0.458, 0.5 0.4228 0.4735, 0.5 0.1853 0.204, 0.5 0.1816 0.2072, 0.5 -0.2841 0.1181, 0.5 0.1787 0.2111, 0.5 0.177 0.2157, 0.5 0.1764 0.2205, 0.5 0.1764 0.2283, 0.5 0.1455 0.219, 0.5 0.448 0.0197, 0.5 0.4284 0.0, 0.5 -0.3304 0.5344, 0.5 -0.3333 0.5301, 0.5 -0.3351 0.5252, 0.5 -0.3331 0.5104, 0.5 -0.33 0.5062, 0.5 -0.1764 0.473, 0.5 -0.1684 0.4741, 0.5 0.2487 0.6072, 0.5 0.2632 0.6082, 0.5 0.4286 0.1449, 0.5 0.3136 0.0548, 0.5 0.3118 0.0503, 0.5 0.3092 0.0465, 0.5 0.3101 0.1105, 0.5 0.3125 0.1063, 0.5 0.4247 0.1537, 0.5 0.4261 0.1491, 0.5 0.3142 0.4528, 0.5 0.137 0.2172, 0.5 0.3139 0.1016, 0.5 0.3142 0.0984, 0.5 0.3142 0.0596, 0.5 -0.2458 0.4343, 0.5 -0.2362 0.4331, 0.5 -0.2094 0.4433, 0.5 -0.2265 0.4342, 0.5 -0.2174 0.4377, 0.5 0.1284 0.2165, 0.5 -0.237 0.2165, 0.5 -0.3009 0.1766, 0.5 0.4441 0.0078, 0.5 0.4465 0.012, 0.5 0.4478 0.0167, 0.5 0.448 0.121, 0.5 0.4474 0.1258, 0.5 0.4457 0.1303, 0.5 0.2037 0.2023, 0.5 0.199 0.201, 0.5 0.2945 0.1181, 0.5 0.1944 0.2009, 0.5 0.1896 0.2019, 0.5 0.4416 0.0051, 0.5 0.4331 0.0006, 0.5 0.4376 0.0023, 0.5 0.4429 0.1343, 0.5 0.4392 0.1374, 0.5 0.3084 0.0457, 0.5 0.2963 0.0336, 0.5 0.3055 0.0006, 0.5 0.301 0.0023, 0.5 0.2295 0.2149, 0.5 0.2164 0.2101, 0.5 0.2079 0.2047, 0.5 0.2977 0.2168, 0.5 0.2945 0.2165, 0.5 0.2433 0.2165, 0.5 -0.3069 0.1717, 0.5 -0.3116 0.1654, 0.5 -0.3149 0.1427, 0.5 -0.3146 0.1583, 0.5 -0.3157 0.1505, 0.5 -0.3084 0.1295, 0.5 -0.3031 0.1245, 0.5 0.2914 0.0253, 0.5 0.2906 0.0206, 0.5 0.2988 0.0037, 0.5 -0.3127 0.1361, 0.5 -0.2963 0.1206, 0.5 -0.2888 0.1185, 0.5 0.2933 0.0298, 0.5 0.291 0.0157, 0.5 0.2925 0.0111, 0.5 0.2952 0.007, -1.1338 0.3065 0.2207, -1.1338 0.309 0.2229, -1.1338 0.3038 0.1158, -1.1338 0.2832 0.4912, -1.1338 0.3298 0.5952, -1.1338 0.2924 0.488, -1.1338 0.35 0.5846, -1.1338 0.3005 0.4826, -1.1338 -0.3265 0.5378, -1.1338 -0.3289 0.5051, -1.1338 -0.33 0.5062, -1.1338 0.3118 0.2269, -1.1338 0.3136 0.2314, -1.1338 0.4244 0.4508, -1.1338 -0.3171 0.5414, -1.1338 -0.1764 0.473, -1.1338 -0.1854 0.4695, -1.1338 -0.2549 0.4379, -1.1338 -0.2627 0.4436, -1.1338 -0.2031 0.4507, -1.1338 -0.2014 0.4536, -1.1338 -0.1883 0.4678, -1.1338 -0.1957 0.4615, -1.1338 -0.3219 0.5402, -1.1338 0.4286 0.1449, -1.1338 0.3136 0.0548, -1.1338 0.3142 0.0596, -1.1338 0.1816 0.2072, -1.1338 -0.2841 0.1181, -1.1338 0.1787 0.2111, -1.1338 0.177 0.2157, -1.1338 0.3024 0.2182, -1.1338 0.2993 0.1175, -1.1338 0.2977 0.2168, -1.1338 0.4261 0.1491, -1.1338 0.2963 0.0336, -1.1338 0.3084 0.0457, -1.1338 0.3102 0.0, -1.1338 0.3092 0.0465, -1.1338 0.3118 0.0503, -1.1338 0.4321 0.1415, -1.1338 0.4362 0.139, -1.1338 0.4392 0.1374, -1.1338 -0.3009 0.1766, -1.1338 -0.237 0.2165, -1.1338 0.1284 0.2165, -1.1338 0.3685 0.5711, -1.1338 0.3848 0.5552, -1.1338 0.3066 0.476, -1.1338 0.3987 0.537, -1.1338 0.3113 0.4675, -1.1338 0.2487 0.6072, -1.1338 0.2735 0.4921, -1.1338 -0.1684 0.4741, -1.1338 0.2632 0.6082, -1.1338 0.2858 0.6071, -1.1338 0.3083 0.6027, -1.1338 -0.3331 0.5104, -1.1338 -0.335 0.5152, -1.1338 -0.3357 0.52, -1.1338 -0.3351 0.5252, -1.1338 -0.3333 0.5301, -1.1338 -0.3304 0.5344, -1.1338 0.3142 0.0984, -1.1338 0.3139 0.1016, -1.1338 0.4247 0.1537, -1.1338 0.3125 0.1063, -1.1338 0.4244 0.1571, -1.1338 0.3101 0.1105, -1.1338 0.3078 0.1129, -1.1338 0.1764 0.2283, -1.1338 0.1764 0.2205, -1.1338 0.1455 0.219, -1.1338 0.137 0.2172, -1.1338 0.4098 0.5171, -1.1338 0.4179 0.4957, -1.1338 0.3138 0.458, -1.1338 0.4228 0.4735, -1.1338 0.3142 0.4528, -1.1338 0.3142 0.2362, -1.1338 0.4474 0.1258, -1.1338 0.448 0.121, -1.1338 0.448 0.0197, -1.1338 0.4284 0.0, -1.1338 0.4478 0.0167, -1.1338 0.4465 0.012, -1.1338 -0.2174 0.4377, -1.1338 -0.2265 0.4342, -1.1338 -0.2094 0.4433, -1.1338 -0.2362 0.4331, -1.1338 -0.2458 0.4343, -1.1338 0.3055 0.0006, -1.1338 0.301 0.0023, -1.1338 0.2988 0.0037, -1.1338 0.4429 0.1343, -1.1338 0.4457 0.1303, -1.1338 0.4441 0.0078, -1.1338 0.4416 0.0051, -1.1338 0.4331 0.0006, -1.1338 0.4376 0.0023, -1.1338 0.1853 0.204, -1.1338 0.1896 0.2019, -1.1338 0.2945 0.1181, -1.1338 0.1944 0.2009, -1.1338 0.199 0.201, -1.1338 0.2037 0.2023, -1.1338 0.2079 0.2047, -1.1338 0.2164 0.2101, -1.1338 -0.2963 0.1206, -1.1338 -0.3031 0.1245, -1.1338 -0.3149 0.1427, -1.1338 -0.3157 0.1505, -1.1338 -0.3146 0.1583, -1.1338 -0.3116 0.1654, -1.1338 -0.3069 0.1717, -1.1338 0.2295 0.2149, -1.1338 0.2433 0.2165, -1.1338 0.2945 0.2165, -1.1338 0.2906 0.0206, -1.1338 0.2914 0.0253, -1.1338 0.2933 0.0298, -1.1338 -0.2888 0.1185, -1.1338 -0.3084 0.1295, -1.1338 -0.3127 0.1361, -1.1338 0.2952 0.007, -1.1338 0.2925 0.0111, -1.1338 0.291 0.0157, -1.0748 -0.3219 0.5402, -1.0748 -0.3265 0.5378, -1.0748 -0.2014 0.4536, -1.0748 0.4244 0.4508, -1.0748 0.3038 0.1158, -1.0748 0.3078 0.1129, -1.0748 0.4362 0.139, -1.0748 0.4321 0.1415, -1.0748 0.3102 0.0, -1.0748 -0.3171 0.5414, -1.0748 0.3118 0.2269, -1.0748 0.309 0.2229, -1.0748 0.4244 0.1571, -1.0748 -0.1957 0.4615, -1.0748 -0.1883 0.4678, -1.0748 -0.1854 0.4695, -1.0748 0.2858 0.6071, -1.0748 0.2735 0.4921, -1.0748 0.3083 0.6027, -1.0748 0.2832 0.4912, -1.0748 0.3298 0.5952, -1.0748 0.2924 0.488, -1.0748 0.35 0.5846, -1.0748 0.3136 0.2314, -1.0748 0.3142 0.2362, -1.0748 0.3065 0.2207, -1.0748 0.3024 0.2182, -1.0748 0.2993 0.1175, -1.0748 -0.3357 0.52, -1.0748 -0.335 0.5152, -1.0748 -0.3289 0.5051, -1.0748 -0.2627 0.4436, -1.0748 -0.2031 0.4507, -1.0748 -0.2549 0.4379, -1.0748 0.3685 0.5711, -1.0748 0.3005 0.4826, -1.0748 0.3848 0.5552, -1.0748 0.3066 0.476, -1.0748 0.3987 0.537, -1.0748 0.4098 0.5171, -1.0748 0.3113 0.4675, -1.0748 0.4179 0.4957, -1.0748 0.3138 0.458, -1.0748 0.4228 0.4735, -1.0748 0.1853 0.204, -1.0748 0.1816 0.2072, -1.0748 -0.2841 0.1181, -1.0748 0.1787 0.2111, -1.0748 0.177 0.2157, -1.0748 0.1764 0.2205, -1.0748 0.1764 0.2283, -1.0748 0.1455 0.219, -1.0748 0.448 0.0197, -1.0748 0.4284 0.0, -1.0748 -0.3304 0.5344, -1.0748 -0.3333 0.5301, -1.0748 -0.3351 0.5252, -1.0748 -0.3331 0.5104, -1.0748 -0.33 0.5062, -1.0748 -0.1764 0.473, -1.0748 -0.1684 0.4741, -1.0748 0.2487 0.6072, -1.0748 0.2632 0.6082, -1.0748 0.4286 0.1449, -1.0748 0.3136 0.0548, -1.0748 0.3118 0.0503, -1.0748 0.3092 0.0465, -1.0748 0.3101 0.1105, -1.0748 0.3125 0.1063, -1.0748 0.4247 0.1537, -1.0748 0.4261 0.1491, -1.0748 0.3142 0.4528, -1.0748 0.137 0.2172, -1.0748 0.3139 0.1016, -1.0748 0.3142 0.0984, -1.0748 0.3142 0.0596, -1.0748 -0.2458 0.4343, -1.0748 -0.2362 0.4331, -1.0748 -0.2094 0.4433, -1.0748 -0.2265 0.4342, -1.0748 -0.2174 0.4377, -1.0748 0.1284 0.2165, -1.0748 -0.237 0.2165, -1.0748 -0.3009 0.1766, -1.0748 0.4441 0.0078, -1.0748 0.4465 0.012, -1.0748 0.4478 0.0167, -1.0748 0.448 0.121, -1.0748 0.4474 0.1258, -1.0748 0.4457 0.1303, -1.0748 0.2037 0.2023, -1.0748 0.199 0.201, -1.0748 0.2945 0.1181, -1.0748 0.1944 0.2009, -1.0748 0.1896 0.2019, -1.0748 0.4416 0.0051, -1.0748 0.4331 0.0006, -1.0748 0.4376 0.0023, -1.0748 0.4429 0.1343, -1.0748 0.4392 0.1374, -1.0748 0.3084 0.0457, -1.0748 0.2963 0.0336, -1.0748 0.3055 0.0006, -1.0748 0.301 0.0023, -1.0748 0.2295 0.2149, -1.0748 0.2164 0.2101, -1.0748 0.2079 0.2047, -1.0748 0.2977 0.2168, -1.0748 0.2945 0.2165, -1.0748 0.2433 0.2165, -1.0748 -0.3069 0.1717, -1.0748 -0.3116 0.1654, -1.0748 -0.3149 0.1427, -1.0748 -0.3146 0.1583, -1.0748 -0.3157 0.1505, -1.0748 -0.3084 0.1295, -1.0748 -0.3031 0.1245, -1.0748 0.2914 0.0253, -1.0748 0.2906 0.0206, -1.0748 0.2988 0.0037, -1.0748 -0.3127 0.1361, -1.0748 -0.2963 0.1206, -1.0748 -0.2888 0.1185, -1.0748 0.2933 0.0298, -1.0748 0.291 0.0157, -1.0748 0.2925 0.0111, -1.0748 0.2952 0.007, -0.1889 0.3065 0.2207, -0.1889 0.309 0.2229, -0.1889 0.3038 0.1158, -0.1889 0.2832 0.4912, -0.1889 0.3298 0.5952, -0.1889 0.2924 0.488, -0.1889 0.35 0.5846, -0.1889 0.3005 0.4826, -0.1889 -0.3265 0.5378, -0.1889 -0.3289 0.5051, -0.1889 -0.33 0.5062, -0.1889 0.3118 0.2269, -0.1889 0.3136 0.2314, -0.1889 0.4244 0.4508, -0.1889 -0.3171 0.5414, -0.1889 -0.1764 0.473, -0.1889 -0.1854 0.4695, -0.1889 -0.2549 0.4379, -0.1889 -0.2627 0.4436, -0.1889 -0.2031 0.4507, -0.1889 -0.2014 0.4536, -0.1889 -0.1883 0.4678, -0.1889 -0.1957 0.4615, -0.1889 -0.3219 0.5402, -0.1889 0.4286 0.1449, -0.1889 0.3136 0.0548, -0.1889 0.3142 0.0596, -0.1889 0.1816 0.2072, -0.1889 -0.2841 0.1181, -0.1889 0.1787 0.2111, -0.1889 0.177 0.2157, -0.1889 0.3024 0.2182, -0.1889 0.2993 0.1175, -0.1889 0.2977 0.2168, -0.1889 0.4261 0.1491, -0.1889 0.2963 0.0336, -0.1889 0.3084 0.0457, -0.1889 0.3102 0.0, -0.1889 0.3092 0.0465, -0.1889 0.3118 0.0503, -0.1889 0.4321 0.1415, -0.1889 0.4362 0.139, -0.1889 0.4392 0.1374, -0.1889 -0.3009 0.1766, -0.1889 -0.237 0.2165, -0.1889 0.1284 0.2165, -0.1889 0.3685 0.5711, -0.1889 0.3848 0.5552, -0.1889 0.3066 0.476, -0.1889 0.3987 0.537, -0.1889 0.3113 0.4675, -0.1889 0.2487 0.6072, -0.1889 0.2735 0.4921, -0.1889 -0.1684 0.4741, -0.1889 0.2632 0.6082, -0.1889 0.2858 0.6071, -0.1889 0.3083 0.6027, -0.1889 -0.3331 0.5104, -0.1889 -0.335 0.5152, -0.1889 -0.3357 0.52, -0.1889 -0.3351 0.5252, -0.1889 -0.3333 0.5301, -0.1889 -0.3304 0.5344, -0.1889 0.3142 0.0984, -0.1889 0.3139 0.1016, -0.1889 0.4247 0.1537, -0.1889 0.3125 0.1063, -0.1889 0.4244 0.1571, -0.1889 0.3101 0.1105, -0.1889 0.3078 0.1129, -0.1889 0.1764 0.2283, -0.1889 0.1764 0.2205, -0.1889 0.1455 0.219, -0.1889 0.137 0.2172, -0.1889 0.4098 0.5171, -0.1889 0.4179 0.4957, -0.1889 0.3138 0.458, -0.1889 0.4228 0.4735, -0.1889 0.3142 0.4528, -0.1889 0.3142 0.2362, -0.1889 0.4474 0.1258, -0.1889 0.448 0.121, -0.1889 0.448 0.0197, -0.1889 0.4284 0.0, -0.1889 0.4478 0.0167, -0.1889 0.4465 0.012, -0.1889 -0.2174 0.4377, -0.1889 -0.2265 0.4342, -0.1889 -0.2094 0.4433, -0.1889 -0.2362 0.4331, -0.1889 -0.2458 0.4343, -0.1889 0.3055 0.0006, -0.1889 0.301 0.0023, -0.1889 0.2988 0.0037, -0.1889 0.4429 0.1343, -0.1889 0.4457 0.1303, -0.1889 0.4441 0.0078, -0.1889 0.4416 0.0051, -0.1889 0.4331 0.0006, -0.1889 0.4376 0.0023, -0.1889 0.1853 0.204, -0.1889 0.1896 0.2019, -0.1889 0.2945 0.1181, -0.1889 0.1944 0.2009, -0.1889 0.199 0.201, -0.1889 0.2037 0.2023, -0.1889 0.2079 0.2047, -0.1889 0.2164 0.2101, -0.1889 -0.2963 0.1206, -0.1889 -0.3031 0.1245, -0.1889 -0.3149 0.1427, -0.1889 -0.3157 0.1505, -0.1889 -0.3146 0.1583, -0.1889 -0.3116 0.1654, -0.1889 -0.3069 0.1717, -0.1889 0.2295 0.2149, -0.1889 0.2433 0.2165, -0.1889 0.2945 0.2165, -0.1889 0.2906 0.0206, -0.1889 0.2914 0.0253, -0.1889 0.2933 0.0298, -0.1889 -0.2888 0.1185, -0.1889 -0.3084 0.1295, -0.1889 -0.3127 0.1361, -0.1889 0.2952 0.007, -0.1889 0.2925 0.0111, -0.1889 0.291 0.0157, -0.1299 -0.3219 0.5402, -0.1299 -0.3265 0.5378, -0.1299 -0.2014 0.4536, -0.1299 0.4244 0.4508, -0.1299 0.3038 0.1158, -0.1299 0.3078 0.1129, -0.1299 0.4362 0.139, -0.1299 0.4321 0.1415, -0.1299 0.3102 0.0, -0.1299 -0.3171 0.5414, -0.1299 0.3118 0.2269, -0.1299 0.309 0.2229, -0.1299 0.4244 0.1571, -0.1299 -0.1957 0.4615, -0.1299 -0.1883 0.4678, -0.1299 -0.1854 0.4695, -0.1299 0.2858 0.6071, -0.1299 0.2735 0.4921, -0.1299 0.3083 0.6027, -0.1299 0.2832 0.4912, -0.1299 0.3298 0.5952, -0.1299 0.2924 0.488, -0.1299 0.35 0.5846, -0.1299 0.3136 0.2314, -0.1299 0.3142 0.2362, -0.1299 0.3065 0.2207, -0.1299 0.3024 0.2182, -0.1299 0.2993 0.1175, -0.1299 -0.3357 0.52, -0.1299 -0.335 0.5152, -0.1299 -0.3289 0.5051, -0.1299 -0.2627 0.4436, -0.1299 -0.2031 0.4507, -0.1299 -0.2549 0.4379, -0.1299 0.3685 0.5711, -0.1299 0.3005 0.4826, -0.1299 0.3848 0.5552, -0.1299 0.3066 0.476, -0.1299 0.3987 0.537, -0.1299 0.4098 0.5171, -0.1299 0.3113 0.4675, -0.1299 0.4179 0.4957, -0.1299 0.3138 0.458, -0.1299 0.4228 0.4735, -0.1299 0.1853 0.204, -0.1299 0.1816 0.2072, -0.1299 -0.2841 0.1181, -0.1299 0.1787 0.2111, -0.1299 0.177 0.2157, -0.1299 0.1764 0.2205, -0.1299 0.1764 0.2283, -0.1299 0.1455 0.219, -0.1299 0.448 0.0197, -0.1299 0.4284 0.0, -0.1299 -0.3304 0.5344, -0.1299 -0.3333 0.5301, -0.1299 -0.3351 0.5252, -0.1299 -0.3331 0.5104, -0.1299 -0.33 0.5062, -0.1299 -0.1764 0.473, -0.1299 -0.1684 0.4741, -0.1299 0.2487 0.6072, -0.1299 0.2632 0.6082, -0.1299 0.4286 0.1449, -0.1299 0.3136 0.0548, -0.1299 0.3118 0.0503, -0.1299 0.3092 0.0465, -0.1299 0.3101 0.1105, -0.1299 0.3125 0.1063, -0.1299 0.4247 0.1537, -0.1299 0.4261 0.1491, -0.1299 0.3142 0.4528, -0.1299 0.137 0.2172, -0.1299 0.3139 0.1016, -0.1299 0.3142 0.0984, -0.1299 0.3142 0.0596, -0.1299 -0.2458 0.4343, -0.1299 -0.2362 0.4331, -0.1299 -0.2094 0.4433, -0.1299 -0.2265 0.4342, -0.1299 -0.2174 0.4377, -0.1299 0.1284 0.2165, -0.1299 -0.237 0.2165, -0.1299 -0.3009 0.1766, -0.1299 0.4441 0.0078, -0.1299 0.4465 0.012, -0.1299 0.4478 0.0167, -0.1299 0.448 0.121, -0.1299 0.4474 0.1258, -0.1299 0.4457 0.1303, -0.1299 0.2037 0.2023, -0.1299 0.199 0.201, -0.1299 0.2945 0.1181, -0.1299 0.1944 0.2009, -0.1299 0.1896 0.2019, -0.1299 0.4416 0.0051, -0.1299 0.4331 0.0006, -0.1299 0.4376 0.0023, -0.1299 0.4429 0.1343, -0.1299 0.4392 0.1374, -0.1299 0.3084 0.0457, -0.1299 0.2963 0.0336, -0.1299 0.3055 0.0006, -0.1299 0.301 0.0023, -0.1299 0.2295 0.2149, -0.1299 0.2164 0.2101, -0.1299 0.2079 0.2047, -0.1299 0.2977 0.2168, -0.1299 0.2945 0.2165, -0.1299 0.2433 0.2165, -0.1299 -0.3069 0.1717, -0.1299 -0.3116 0.1654, -0.1299 -0.3149 0.1427, -0.1299 -0.3146 0.1583, -0.1299 -0.3157 0.1505, -0.1299 -0.3084 0.1295, -0.1299 -0.3031 0.1245, -0.1299 0.2914 0.0253, -0.1299 0.2906 0.0206, -0.1299 0.2988 0.0037, -0.1299 -0.3127 0.1361, -0.1299 -0.2963 0.1206, -0.1299 -0.2888 0.1185, -0.1299 0.2933 0.0298, -0.1299 0.291 0.0157, -0.1299 0.2925 0.0111, -0.1299 0.2952 0.007
            ]
        }
        coordIndex [
            0,1,2,-1,3,4,5,-1,5,4,6,-1,5,6,7,-1,8,9,10,-1,1,11,2,-1,2,11,12,-1,2,12,13,-1,14,15,16,-1,17,18,19,-1,19,18,20,-1,16,21,14,-1,14,21,22,-1,14,22,23,-1,23,22,20,-1,23,20,8,-1,8,20,18,-1,8,18,9,-1,24,25,26,-1,27,28,29,-1,29,28,30,-1,0,2,31,-1,31,2,32,-1,31,32,33,-1,24,26,34,-1,35,36,37,-1,37,36,38,-1,37,38,39,-1,25,24,39,-1,39,24,40,-1,39,40,37,-1,37,40,41,-1,37,41,42,-1,43,44,45,-1,6,46,7,-1,7,46,47,-1,7,47,48,-1,48,47,49,-1,48,49,50,-1,51,52,14,-1,14,52,53,-1,14,53,15,-1,51,54,52,-1,52,54,55,-1,52,55,3,-1,3,55,56,-1,3,56,4,-1,10,57,8,-1,8,57,58,-1,8,58,59,-1,59,60,8,-1,8,60,61,-1,8,61,62,-1,26,63,34,-1,34,63,64,-1,34,64,65,-1,65,64,66,-1,65,66,67,-1,67,66,68,-1,67,68,13,-1,13,68,69,-1,13,69,2,-1,70,71,72,-1,72,71,30,-1,72,30,73,-1,73,30,28,-1,73,28,45,-1,49,74,50,-1,50,74,75,-1,50,75,76,-1,76,75,77,-1,76,77,78,-1,78,77,13,-1,78,13,79,-1,79,13,12,-1,80,81,37,-1,37,81,82,-1,37,82,83,-1,83,82,84,-1,83,84,85,-1,86,87,88,-1,88,87,89,-1,88,89,19,-1,19,89,90,-1,19,90,17,-1,37,91,35,-1,35,91,92,-1,35,92,93,-1,42,94,37,-1,37,94,95,-1,37,95,80,-1,85,96,83,-1,83,96,97,-1,83,97,98,-1,98,97,99,-1,27,100,28,-1,28,100,101,-1,28,101,102,-1,102,101,103,-1,102,103,104,-1,104,105,102,-1,102,105,106,-1,102,106,107,-1,108,109,43,-1,110,111,112,-1,112,113,110,-1,110,113,114,-1,110,114,43,-1,107,115,102,-1,102,115,116,-1,102,116,32,-1,32,116,117,-1,32,117,33,-1,118,119,93,-1,93,119,120,-1,93,120,35,-1,45,28,43,-1,43,28,121,-1,43,121,108,-1,109,122,43,-1,43,122,123,-1,43,123,110,-1,124,125,93,-1,93,125,126,-1,93,126,118,-1,127,128,129,-1,130,131,132,-1,133,134,135,-1,127,129,136,-1,131,137,138,-1,130,132,139,-1,129,140,136,-1,136,140,141,-1,136,141,142,-1,143,144,145,-1,145,144,146,-1,145,146,147,-1,147,146,148,-1,147,148,149,-1,137,131,150,-1,150,131,130,-1,150,130,151,-1,138,152,131,-1,131,152,153,-1,131,153,154,-1,128,155,156,-1,128,157,129,-1,129,157,158,-1,129,158,159,-1,159,158,160,-1,149,148,161,-1,161,148,162,-1,161,162,163,-1,163,162,164,-1,163,164,165,-1,165,164,166,-1,166,164,167,-1,166,167,168,-1,168,167,169,-1,168,169,170,-1,171,172,173,-1,173,172,174,-1,173,174,175,-1,176,177,178,-1,179,135,180,-1,181,182,128,-1,128,182,183,-1,128,183,155,-1,156,184,128,-1,128,184,185,-1,128,185,157,-1,142,186,136,-1,136,186,187,-1,136,187,188,-1,188,187,144,-1,188,144,189,-1,189,144,143,-1,190,191,134,-1,134,191,192,-1,134,192,135,-1,135,192,193,-1,132,194,139,-1,139,194,195,-1,139,195,196,-1,196,195,197,-1,170,169,130,-1,130,169,198,-1,130,198,151,-1,176,178,175,-1,175,178,199,-1,175,199,173,-1,195,200,197,-1,197,200,201,-1,197,201,190,-1,190,201,202,-1,190,202,191,-1,160,203,159,-1,159,203,204,-1,159,204,205,-1,205,204,206,-1,205,206,207,-1,199,208,173,-1,173,208,209,-1,173,209,210,-1,211,212,180,-1,180,212,213,-1,180,213,179,-1,179,214,135,-1,135,214,215,-1,135,215,216,-1,217,218,219,-1,219,218,220,-1,219,220,173,-1,173,220,221,-1,173,221,171,-1,211,180,222,-1,222,180,223,-1,222,223,224,-1,216,225,135,-1,135,225,226,-1,135,226,133,-1,193,227,135,-1,135,227,228,-1,135,228,229,-1,229,228,230,-1,231,232,219,-1,219,232,233,-1,219,233,217,-1,153,234,154,-1,154,234,235,-1,154,235,219,-1,219,235,236,-1,219,236,231,-1,237,238,239,-1,239,238,240,-1,239,240,241,-1,242,243,210,-1,244,245,246,-1,237,239,210,-1,210,239,247,-1,210,247,242,-1,243,248,210,-1,210,248,249,-1,210,249,173,-1,230,228,246,-1,246,228,250,-1,246,250,244,-1,245,251,246,-1,246,251,252,-1,246,252,253,-1,151,79,12,-1,151,12,150,-1,150,12,11,-1,150,11,137,-1,137,11,1,-1,137,1,138,-1,138,1,0,-1,138,0,152,-1,152,0,31,-1,152,31,153,-1,153,31,33,-1,153,33,234,-1,234,33,117,-1,234,117,235,-1,151,198,79,-1,79,198,78,-1,144,52,3,-1,144,3,146,-1,146,3,5,-1,146,5,148,-1,148,5,7,-1,148,7,162,-1,162,7,48,-1,162,48,164,-1,164,48,50,-1,164,50,167,-1,167,50,76,-1,167,76,169,-1,169,76,78,-1,169,78,198,-1,144,187,52,-1,52,187,53,-1,129,20,22,-1,129,22,140,-1,140,22,21,-1,140,21,141,-1,141,21,16,-1,141,16,142,-1,142,16,15,-1,142,15,186,-1,186,15,53,-1,186,53,187,-1,158,18,17,-1,158,17,160,-1,160,17,90,-1,160,90,203,-1,203,90,89,-1,203,89,204,-1,204,89,87,-1,204,87,206,-1,206,87,86,-1,206,86,207,-1,207,86,88,-1,207,88,205,-1,205,88,19,-1,205,19,159,-1,159,19,20,-1,159,20,129,-1,158,157,18,-1,18,157,9,-1,136,14,23,-1,136,23,127,-1,127,23,8,-1,127,8,128,-1,128,8,62,-1,128,62,181,-1,181,62,61,-1,181,61,182,-1,182,61,60,-1,182,60,183,-1,183,60,59,-1,183,59,155,-1,155,59,58,-1,155,58,156,-1,156,58,57,-1,156,57,184,-1,184,57,10,-1,184,10,185,-1,185,10,9,-1,185,9,157,-1,136,188,14,-1,14,188,51,-1,130,13,77,-1,130,77,170,-1,170,77,75,-1,170,75,168,-1,168,75,74,-1,168,74,166,-1,166,74,49,-1,166,49,165,-1,165,49,47,-1,165,47,163,-1,163,47,46,-1,163,46,161,-1,161,46,6,-1,161,6,149,-1,149,6,4,-1,149,4,147,-1,147,4,56,-1,147,56,145,-1,145,56,55,-1,145,55,143,-1,143,55,54,-1,143,54,189,-1,189,54,51,-1,189,51,188,-1,130,139,13,-1,13,139,67,-1,133,41,40,-1,133,40,134,-1,134,40,24,-1,134,24,190,-1,190,24,34,-1,190,34,197,-1,197,34,65,-1,197,65,196,-1,196,65,67,-1,196,67,139,-1,214,81,80,-1,214,80,215,-1,215,80,95,-1,215,95,216,-1,216,95,94,-1,216,94,225,-1,225,94,42,-1,225,42,226,-1,226,42,41,-1,226,41,133,-1,214,179,81,-1,81,179,82,-1,180,83,98,-1,180,98,223,-1,223,98,99,-1,223,99,224,-1,224,99,97,-1,224,97,222,-1,222,97,96,-1,222,96,211,-1,211,96,85,-1,211,85,212,-1,212,85,84,-1,212,84,213,-1,213,84,82,-1,213,82,179,-1,180,135,83,-1,83,135,37,-1,228,35,120,-1,228,120,250,-1,250,120,119,-1,250,119,244,-1,244,119,118,-1,244,118,245,-1,245,118,126,-1,245,126,251,-1,251,126,125,-1,251,125,252,-1,252,125,124,-1,252,124,253,-1,253,124,93,-1,253,93,246,-1,246,93,92,-1,246,92,230,-1,230,92,91,-1,230,91,229,-1,229,91,37,-1,229,37,135,-1,228,227,35,-1,35,227,36,-1,202,26,25,-1,202,25,191,-1,191,25,39,-1,191,39,192,-1,192,39,38,-1,192,38,193,-1,193,38,36,-1,193,36,227,-1,202,201,26,-1,26,201,63,-1,219,102,32,-1,219,32,154,-1,154,32,2,-1,154,2,131,-1,131,2,69,-1,131,69,132,-1,132,69,68,-1,132,68,194,-1,194,68,66,-1,194,66,195,-1,195,66,64,-1,195,64,200,-1,200,64,63,-1,200,63,201,-1,219,173,102,-1,102,173,28,-1,210,43,114,-1,210,114,237,-1,237,114,113,-1,237,113,238,-1,238,113,112,-1,238,112,240,-1,240,112,111,-1,240,111,241,-1,241,111,110,-1,241,110,239,-1,239,110,123,-1,239,123,247,-1,247,123,122,-1,247,122,242,-1,242,122,109,-1,242,109,243,-1,243,109,108,-1,243,108,248,-1,248,108,121,-1,248,121,249,-1,249,121,28,-1,249,28,173,-1,210,209,43,-1,43,209,44,-1,209,208,44,-1,44,208,45,-1,178,72,73,-1,178,73,199,-1,199,73,45,-1,199,45,208,-1,178,177,72,-1,72,177,70,-1,177,176,70,-1,70,176,71,-1,233,106,105,-1,233,105,217,-1,217,105,104,-1,217,104,218,-1,218,104,103,-1,218,103,220,-1,220,103,101,-1,220,101,221,-1,221,101,100,-1,221,100,171,-1,171,100,27,-1,171,27,172,-1,172,27,29,-1,172,29,174,-1,174,29,30,-1,174,30,175,-1,175,30,71,-1,175,71,176,-1,236,116,115,-1,236,115,231,-1,231,115,107,-1,231,107,232,-1,232,107,106,-1,232,106,233,-1,236,235,116,-1,116,235,117,-1,254,255,256,-1,257,258,259,-1,259,258,260,-1,259,260,261,-1,262,263,264,-1,255,265,256,-1,256,265,266,-1,256,266,267,-1,268,269,270,-1,271,272,273,-1,273,272,274,-1,270,275,268,-1,268,275,276,-1,268,276,277,-1,277,276,274,-1,277,274,262,-1,262,274,272,-1,262,272,263,-1,278,279,280,-1,281,282,283,-1,283,282,284,-1,254,256,285,-1,285,256,286,-1,285,286,287,-1,278,280,288,-1,289,290,291,-1,291,290,292,-1,291,292,293,-1,279,278,293,-1,293,278,294,-1,293,294,291,-1,291,294,295,-1,291,295,296,-1,297,298,299,-1,260,300,261,-1,261,300,301,-1,261,301,302,-1,302,301,303,-1,302,303,304,-1,305,306,268,-1,268,306,307,-1,268,307,269,-1,305,308,306,-1,306,308,309,-1,306,309,257,-1,257,309,310,-1,257,310,258,-1,264,311,262,-1,262,311,312,-1,262,312,313,-1,313,314,262,-1,262,314,315,-1,262,315,316,-1,280,317,288,-1,288,317,318,-1,288,318,319,-1,319,318,320,-1,319,320,321,-1,321,320,322,-1,321,322,267,-1,267,322,323,-1,267,323,256,-1,324,325,326,-1,326,325,284,-1,326,284,327,-1,327,284,282,-1,327,282,299,-1,303,328,304,-1,304,328,329,-1,304,329,330,-1,330,329,331,-1,330,331,332,-1,332,331,267,-1,332,267,333,-1,333,267,266,-1,334,335,291,-1,291,335,336,-1,291,336,337,-1,337,336,338,-1,337,338,339,-1,340,341,342,-1,342,341,343,-1,342,343,273,-1,273,343,344,-1,273,344,271,-1,291,345,289,-1,289,345,346,-1,289,346,347,-1,296,348,291,-1,291,348,349,-1,291,349,334,-1,339,350,337,-1,337,350,351,-1,337,351,352,-1,352,351,353,-1,281,354,282,-1,282,354,355,-1,282,355,356,-1,356,355,357,-1,356,357,358,-1,358,359,356,-1,356,359,360,-1,356,360,361,-1,362,363,297,-1,364,365,366,-1,366,367,364,-1,364,367,368,-1,364,368,297,-1,361,369,356,-1,356,369,370,-1,356,370,286,-1,286,370,371,-1,286,371,287,-1,372,373,347,-1,347,373,374,-1,347,374,289,-1,299,282,297,-1,297,282,375,-1,297,375,362,-1,363,376,297,-1,297,376,377,-1,297,377,364,-1,378,379,347,-1,347,379,380,-1,347,380,372,-1,381,382,383,-1,384,385,386,-1,384,386,387,-1,381,383,388,-1,389,390,391,-1,383,392,388,-1,388,392,393,-1,388,393,394,-1,395,396,397,-1,397,396,398,-1,397,398,399,-1,399,398,400,-1,401,402,403,-1,403,402,404,-1,403,404,395,-1,395,404,405,-1,395,405,396,-1,406,407,408,-1,408,407,409,-1,408,409,401,-1,401,409,410,-1,401,410,402,-1,411,412,413,-1,413,412,414,-1,413,414,415,-1,416,386,413,-1,413,386,385,-1,413,385,411,-1,382,417,418,-1,382,419,383,-1,383,419,420,-1,383,420,421,-1,421,420,422,-1,423,424,425,-1,425,424,426,-1,425,426,427,-1,428,429,430,-1,431,432,382,-1,382,432,433,-1,382,433,417,-1,418,434,382,-1,382,434,435,-1,382,435,419,-1,394,436,388,-1,388,436,437,-1,388,437,438,-1,438,437,399,-1,438,399,439,-1,439,399,400,-1,387,386,440,-1,440,386,441,-1,440,441,406,-1,406,441,442,-1,406,442,407,-1,443,391,444,-1,428,430,427,-1,427,430,445,-1,427,445,425,-1,446,447,390,-1,390,447,448,-1,390,448,391,-1,391,448,449,-1,416,450,386,-1,386,450,451,-1,386,451,452,-1,452,451,453,-1,422,454,421,-1,421,454,455,-1,421,455,456,-1,456,455,457,-1,456,457,458,-1,445,459,425,-1,425,459,460,-1,425,460,461,-1,451,462,453,-1,453,462,463,-1,453,463,446,-1,446,463,464,-1,446,464,447,-1,465,466,467,-1,467,466,468,-1,467,468,425,-1,425,468,469,-1,425,469,423,-1,470,471,444,-1,444,471,472,-1,444,472,443,-1,443,473,391,-1,391,473,474,-1,391,474,475,-1,476,477,467,-1,467,477,478,-1,467,478,465,-1,470,444,479,-1,479,444,480,-1,479,480,481,-1,475,482,391,-1,391,482,483,-1,391,483,389,-1,449,484,391,-1,391,484,485,-1,391,485,486,-1,486,485,487,-1,414,488,415,-1,415,488,489,-1,415,489,467,-1,467,489,490,-1,467,490,476,-1,491,492,493,-1,493,492,494,-1,493,494,495,-1,496,497,461,-1,491,493,461,-1,461,493,498,-1,461,498,496,-1,497,499,461,-1,461,499,500,-1,461,500,425,-1,501,502,503,-1,487,485,503,-1,503,485,504,-1,503,504,501,-1,502,505,503,-1,503,505,506,-1,503,506,507,-1,387,333,266,-1,387,266,384,-1,384,266,265,-1,384,265,385,-1,385,265,255,-1,385,255,411,-1,411,255,254,-1,411,254,412,-1,412,254,285,-1,412,285,414,-1,414,285,287,-1,414,287,488,-1,488,287,371,-1,488,371,489,-1,387,440,333,-1,333,440,332,-1,399,306,257,-1,399,257,397,-1,397,257,259,-1,397,259,395,-1,395,259,261,-1,395,261,403,-1,403,261,302,-1,403,302,401,-1,401,302,304,-1,401,304,408,-1,408,304,330,-1,408,330,406,-1,406,330,332,-1,406,332,440,-1,399,437,306,-1,306,437,307,-1,383,274,276,-1,383,276,392,-1,392,276,275,-1,392,275,393,-1,393,275,270,-1,393,270,394,-1,394,270,269,-1,394,269,436,-1,436,269,307,-1,436,307,437,-1,420,272,271,-1,420,271,422,-1,422,271,344,-1,422,344,454,-1,454,344,343,-1,454,343,455,-1,455,343,341,-1,455,341,457,-1,457,341,340,-1,457,340,458,-1,458,340,342,-1,458,342,456,-1,456,342,273,-1,456,273,421,-1,421,273,274,-1,421,274,383,-1,420,419,272,-1,272,419,263,-1,388,268,277,-1,388,277,381,-1,381,277,262,-1,381,262,382,-1,382,262,316,-1,382,316,431,-1,431,316,315,-1,431,315,432,-1,432,315,314,-1,432,314,433,-1,433,314,313,-1,433,313,417,-1,417,313,312,-1,417,312,418,-1,418,312,311,-1,418,311,434,-1,434,311,264,-1,434,264,435,-1,435,264,263,-1,435,263,419,-1,388,438,268,-1,268,438,305,-1,441,267,331,-1,441,331,442,-1,442,331,329,-1,442,329,407,-1,407,329,328,-1,407,328,409,-1,409,328,303,-1,409,303,410,-1,410,303,301,-1,410,301,402,-1,402,301,300,-1,402,300,404,-1,404,300,260,-1,404,260,405,-1,405,260,258,-1,405,258,396,-1,396,258,310,-1,396,310,398,-1,398,310,309,-1,398,309,400,-1,400,309,308,-1,400,308,439,-1,439,308,305,-1,439,305,438,-1,441,386,267,-1,267,386,321,-1,389,295,294,-1,389,294,390,-1,390,294,278,-1,390,278,446,-1,446,278,288,-1,446,288,453,-1,453,288,319,-1,453,319,452,-1,452,319,321,-1,452,321,386,-1,473,335,334,-1,473,334,474,-1,474,334,349,-1,474,349,475,-1,475,349,348,-1,475,348,482,-1,482,348,296,-1,482,296,483,-1,483,296,295,-1,483,295,389,-1,473,443,335,-1,335,443,336,-1,444,337,352,-1,444,352,480,-1,480,352,353,-1,480,353,481,-1,481,353,351,-1,481,351,479,-1,479,351,350,-1,479,350,470,-1,470,350,339,-1,470,339,471,-1,471,339,338,-1,471,338,472,-1,472,338,336,-1,472,336,443,-1,444,391,337,-1,337,391,291,-1,485,289,374,-1,485,374,504,-1,504,374,373,-1,504,373,501,-1,501,373,372,-1,501,372,502,-1,502,372,380,-1,502,380,505,-1,505,380,379,-1,505,379,506,-1,506,379,378,-1,506,378,507,-1,507,378,347,-1,507,347,503,-1,503,347,346,-1,503,346,487,-1,487,346,345,-1,487,345,486,-1,486,345,291,-1,486,291,391,-1,485,484,289,-1,289,484,290,-1,464,280,279,-1,464,279,447,-1,447,279,293,-1,447,293,448,-1,448,293,292,-1,448,292,449,-1,449,292,290,-1,449,290,484,-1,464,463,280,-1,280,463,317,-1,467,356,286,-1,467,286,415,-1,415,286,256,-1,415,256,413,-1,413,256,323,-1,413,323,416,-1,416,323,322,-1,416,322,450,-1,450,322,320,-1,450,320,451,-1,451,320,318,-1,451,318,462,-1,462,318,317,-1,462,317,463,-1,467,425,356,-1,356,425,282,-1,461,297,368,-1,461,368,491,-1,491,368,367,-1,491,367,492,-1,492,367,366,-1,492,366,494,-1,494,366,365,-1,494,365,495,-1,495,365,364,-1,495,364,493,-1,493,364,377,-1,493,377,498,-1,498,377,376,-1,498,376,496,-1,496,376,363,-1,496,363,497,-1,497,363,362,-1,497,362,499,-1,499,362,375,-1,499,375,500,-1,500,375,282,-1,500,282,425,-1,461,460,297,-1,297,460,298,-1,460,459,298,-1,298,459,299,-1,430,326,327,-1,430,327,445,-1,445,327,299,-1,445,299,459,-1,430,429,326,-1,326,429,324,-1,429,428,324,-1,324,428,325,-1,478,360,359,-1,478,359,465,-1,465,359,358,-1,465,358,466,-1,466,358,357,-1,466,357,468,-1,468,357,355,-1,468,355,469,-1,469,355,354,-1,469,354,423,-1,423,354,281,-1,423,281,424,-1,424,281,283,-1,424,283,426,-1,426,283,284,-1,426,284,427,-1,427,284,325,-1,427,325,428,-1,490,370,369,-1,490,369,476,-1,476,369,361,-1,476,361,477,-1,477,361,360,-1,477,360,478,-1,490,489,370,-1,370,489,371,-1,508,509,510,-1,510,509,511,-1,510,511,512,-1,513,514,515,-1,515,514,516,-1,517,518,519,-1,519,518,520,-1,519,520,521,-1,521,520,522,-1,521,522,523,-1,523,522,515,-1,523,515,524,-1,524,515,516,-1,525,526,527,-1,515,528,513,-1,513,528,529,-1,513,529,530,-1,508,510,527,-1,527,510,531,-1,527,531,525,-1,529,532,530,-1,530,532,533,-1,530,533,534,-1,534,533,527,-1,534,527,535,-1,535,527,526,-1,536,537,538,-1,511,539,512,-1,512,539,540,-1,512,540,541,-1,542,543,544,-1,542,545,519,-1,519,545,546,-1,546,547,519,-1,519,547,548,-1,519,548,549,-1,541,550,512,-1,512,550,551,-1,512,551,552,-1,552,553,512,-1,512,553,554,-1,512,554,555,-1,536,538,556,-1,544,557,542,-1,542,557,558,-1,542,558,545,-1,549,559,519,-1,519,559,560,-1,519,560,517,-1,561,540,562,-1,562,540,563,-1,561,564,540,-1,540,564,565,-1,540,565,541,-1,566,567,568,-1,568,567,538,-1,568,538,569,-1,569,538,537,-1,569,537,570,-1,570,537,571,-1,543,542,538,-1,538,542,572,-1,538,572,556,-1,571,573,570,-1,570,573,574,-1,570,574,575,-1,575,576,570,-1,570,576,577,-1,570,577,578,-1,579,580,581,-1,582,583,584,-1,584,583,585,-1,584,585,586,-1,587,588,589,-1,590,591,592,-1,587,593,594,-1,595,596,586,-1,586,596,597,-1,597,598,586,-1,586,598,599,-1,586,599,600,-1,601,602,603,-1,590,592,604,-1,605,606,607,-1,607,606,608,-1,607,608,609,-1,582,610,583,-1,583,610,611,-1,583,611,612,-1,612,611,607,-1,612,607,613,-1,613,607,609,-1,607,614,605,-1,605,614,615,-1,605,615,616,-1,616,615,617,-1,618,619,620,-1,587,594,601,-1,601,594,621,-1,601,621,602,-1,622,580,623,-1,595,586,624,-1,624,586,585,-1,624,585,592,-1,592,585,625,-1,592,625,604,-1,588,587,620,-1,620,587,626,-1,620,626,618,-1,617,627,616,-1,616,627,628,-1,616,628,629,-1,629,628,620,-1,629,620,630,-1,630,620,619,-1,589,631,587,-1,587,631,632,-1,587,632,633,-1,603,634,601,-1,601,634,635,-1,601,635,636,-1,636,635,622,-1,636,622,637,-1,637,622,623,-1,581,580,638,-1,638,580,622,-1,638,622,639,-1,639,622,640,-1,639,640,641,-1,633,642,587,-1,587,642,643,-1,587,643,593,-1,644,645,581,-1,581,645,646,-1,581,646,647,-1,647,648,581,-1,581,648,649,-1,581,649,579,-1,605,616,530,-1,530,616,513,-1,587,519,521,-1,587,521,626,-1,626,521,523,-1,626,523,618,-1,618,523,524,-1,618,524,619,-1,619,524,516,-1,619,516,630,-1,630,516,514,-1,630,514,629,-1,629,514,513,-1,629,513,616,-1,587,601,519,-1,519,601,542,-1,601,636,542,-1,542,636,572,-1,579,571,537,-1,579,537,580,-1,580,537,536,-1,580,536,623,-1,623,536,556,-1,623,556,637,-1,637,556,572,-1,637,572,636,-1,579,649,571,-1,571,649,573,-1,645,577,576,-1,645,576,646,-1,646,576,575,-1,646,575,647,-1,647,575,574,-1,647,574,648,-1,648,574,573,-1,648,573,649,-1,645,644,577,-1,577,644,578,-1,644,581,578,-1,578,581,570,-1,639,568,638,-1,638,568,569,-1,638,569,581,-1,581,569,570,-1,639,641,568,-1,568,641,566,-1,641,640,566,-1,566,640,567,-1,643,548,593,-1,593,548,547,-1,593,547,594,-1,594,547,546,-1,594,546,621,-1,621,546,545,-1,621,545,602,-1,602,545,558,-1,602,558,603,-1,603,558,557,-1,603,557,634,-1,634,557,544,-1,634,544,635,-1,635,544,543,-1,635,543,622,-1,622,543,538,-1,622,538,640,-1,640,538,567,-1,632,560,559,-1,632,559,633,-1,633,559,549,-1,633,549,642,-1,642,549,548,-1,642,548,643,-1,632,631,560,-1,560,631,517,-1,617,529,627,-1,627,529,528,-1,627,528,628,-1,628,528,515,-1,628,515,620,-1,620,515,522,-1,620,522,588,-1,588,522,520,-1,588,520,589,-1,589,520,518,-1,589,518,631,-1,631,518,517,-1,617,615,529,-1,529,615,532,-1,584,539,582,-1,582,539,511,-1,582,511,610,-1,610,511,509,-1,610,509,611,-1,611,509,508,-1,611,508,607,-1,607,508,527,-1,607,527,614,-1,614,527,533,-1,614,533,615,-1,615,533,532,-1,584,586,539,-1,539,586,540,-1,595,541,565,-1,595,565,596,-1,596,565,564,-1,596,564,597,-1,597,564,561,-1,597,561,598,-1,598,561,562,-1,598,562,599,-1,599,562,563,-1,599,563,600,-1,600,563,540,-1,600,540,586,-1,595,624,541,-1,541,624,550,-1,585,512,555,-1,585,555,625,-1,625,555,554,-1,625,554,604,-1,604,554,553,-1,604,553,590,-1,590,553,552,-1,590,552,591,-1,591,552,551,-1,591,551,592,-1,592,551,550,-1,592,550,624,-1,585,583,512,-1,512,583,510,-1,605,530,534,-1,605,534,606,-1,606,534,535,-1,606,535,608,-1,608,535,526,-1,608,526,609,-1,609,526,525,-1,609,525,613,-1,613,525,531,-1,613,531,612,-1,612,531,510,-1,612,510,583,-1,650,651,652,-1,653,654,655,-1,655,654,656,-1,655,656,657,-1,658,659,660,-1,651,661,652,-1,652,661,662,-1,652,662,663,-1,664,665,666,-1,667,668,669,-1,669,668,670,-1,666,671,664,-1,664,671,672,-1,664,672,673,-1,673,672,670,-1,673,670,658,-1,658,670,668,-1,658,668,659,-1,674,675,676,-1,677,678,679,-1,679,678,680,-1,650,652,681,-1,681,652,682,-1,681,682,683,-1,674,676,684,-1,685,686,687,-1,687,686,688,-1,687,688,689,-1,675,674,689,-1,689,674,690,-1,689,690,687,-1,687,690,691,-1,687,691,692,-1,693,694,695,-1,656,696,657,-1,657,696,697,-1,657,697,698,-1,698,697,699,-1,698,699,700,-1,701,702,664,-1,664,702,703,-1,664,703,665,-1,701,704,702,-1,702,704,705,-1,702,705,653,-1,653,705,706,-1,653,706,654,-1,660,707,658,-1,658,707,708,-1,658,708,709,-1,709,710,658,-1,658,710,711,-1,658,711,712,-1,676,713,684,-1,684,713,714,-1,684,714,715,-1,715,714,716,-1,715,716,717,-1,717,716,718,-1,717,718,663,-1,663,718,719,-1,663,719,652,-1,720,721,722,-1,722,721,680,-1,722,680,723,-1,723,680,678,-1,723,678,695,-1,699,724,700,-1,700,724,725,-1,700,725,726,-1,726,725,727,-1,726,727,728,-1,728,727,663,-1,728,663,729,-1,729,663,662,-1,730,731,687,-1,687,731,732,-1,687,732,733,-1,733,732,734,-1,733,734,735,-1,736,737,738,-1,738,737,739,-1,738,739,669,-1,669,739,740,-1,669,740,667,-1,687,741,685,-1,685,741,742,-1,685,742,743,-1,692,744,687,-1,687,744,745,-1,687,745,730,-1,735,746,733,-1,733,746,747,-1,733,747,748,-1,748,747,749,-1,677,750,678,-1,678,750,751,-1,678,751,752,-1,752,751,753,-1,752,753,754,-1,754,755,752,-1,752,755,756,-1,752,756,757,-1,758,759,693,-1,760,761,762,-1,762,763,760,-1,760,763,764,-1,760,764,693,-1,757,765,752,-1,752,765,766,-1,752,766,682,-1,682,766,767,-1,682,767,683,-1,768,769,743,-1,743,769,770,-1,743,770,685,-1,695,678,693,-1,693,678,771,-1,693,771,758,-1,759,772,693,-1,693,772,773,-1,693,773,760,-1,774,775,743,-1,743,775,776,-1,743,776,768,-1,777,778,779,-1,780,781,782,-1,783,784,785,-1,777,779,786,-1,781,787,788,-1,780,782,789,-1,779,790,786,-1,786,790,791,-1,786,791,792,-1,793,794,795,-1,795,794,796,-1,795,796,797,-1,797,796,798,-1,797,798,799,-1,787,781,800,-1,800,781,780,-1,800,780,801,-1,788,802,781,-1,781,802,803,-1,781,803,804,-1,778,805,806,-1,778,807,779,-1,779,807,808,-1,779,808,809,-1,809,808,810,-1,799,798,811,-1,811,798,812,-1,811,812,813,-1,813,812,814,-1,813,814,815,-1,815,814,816,-1,816,814,817,-1,816,817,818,-1,818,817,819,-1,818,819,820,-1,821,822,823,-1,823,822,824,-1,823,824,825,-1,826,827,828,-1,829,785,830,-1,831,832,778,-1,778,832,833,-1,778,833,805,-1,806,834,778,-1,778,834,835,-1,778,835,807,-1,792,836,786,-1,786,836,837,-1,786,837,838,-1,838,837,794,-1,838,794,839,-1,839,794,793,-1,840,841,784,-1,784,841,842,-1,784,842,785,-1,785,842,843,-1,782,844,789,-1,789,844,845,-1,789,845,846,-1,846,845,847,-1,820,819,780,-1,780,819,848,-1,780,848,801,-1,826,828,825,-1,825,828,849,-1,825,849,823,-1,845,850,847,-1,847,850,851,-1,847,851,840,-1,840,851,852,-1,840,852,841,-1,810,853,809,-1,809,853,854,-1,809,854,855,-1,855,854,856,-1,855,856,857,-1,849,858,823,-1,823,858,859,-1,823,859,860,-1,861,862,830,-1,830,862,863,-1,830,863,829,-1,829,864,785,-1,785,864,865,-1,785,865,866,-1,867,868,869,-1,869,868,870,-1,869,870,823,-1,823,870,871,-1,823,871,821,-1,861,830,872,-1,872,830,873,-1,872,873,874,-1,866,875,785,-1,785,875,876,-1,785,876,783,-1,843,877,785,-1,785,877,878,-1,785,878,879,-1,879,878,880,-1,881,882,869,-1,869,882,883,-1,869,883,867,-1,803,884,804,-1,804,884,885,-1,804,885,869,-1,869,885,886,-1,869,886,881,-1,887,888,889,-1,889,888,890,-1,889,890,891,-1,892,893,860,-1,894,895,896,-1,887,889,860,-1,860,889,897,-1,860,897,892,-1,893,898,860,-1,860,898,899,-1,860,899,823,-1,880,878,896,-1,896,878,900,-1,896,900,894,-1,895,901,896,-1,896,901,902,-1,896,902,903,-1,801,729,662,-1,801,662,800,-1,800,662,661,-1,800,661,787,-1,787,661,651,-1,787,651,788,-1,788,651,650,-1,788,650,802,-1,802,650,681,-1,802,681,803,-1,803,681,683,-1,803,683,884,-1,884,683,767,-1,884,767,885,-1,801,848,729,-1,729,848,728,-1,794,702,653,-1,794,653,796,-1,796,653,655,-1,796,655,798,-1,798,655,657,-1,798,657,812,-1,812,657,698,-1,812,698,814,-1,814,698,700,-1,814,700,817,-1,817,700,726,-1,817,726,819,-1,819,726,728,-1,819,728,848,-1,794,837,702,-1,702,837,703,-1,779,670,672,-1,779,672,790,-1,790,672,671,-1,790,671,791,-1,791,671,666,-1,791,666,792,-1,792,666,665,-1,792,665,836,-1,836,665,703,-1,836,703,837,-1,808,668,667,-1,808,667,810,-1,810,667,740,-1,810,740,853,-1,853,740,739,-1,853,739,854,-1,854,739,737,-1,854,737,856,-1,856,737,736,-1,856,736,857,-1,857,736,738,-1,857,738,855,-1,855,738,669,-1,855,669,809,-1,809,669,670,-1,809,670,779,-1,808,807,668,-1,668,807,659,-1,786,664,673,-1,786,673,777,-1,777,673,658,-1,777,658,778,-1,778,658,712,-1,778,712,831,-1,831,712,711,-1,831,711,832,-1,832,711,710,-1,832,710,833,-1,833,710,709,-1,833,709,805,-1,805,709,708,-1,805,708,806,-1,806,708,707,-1,806,707,834,-1,834,707,660,-1,834,660,835,-1,835,660,659,-1,835,659,807,-1,786,838,664,-1,664,838,701,-1,780,663,727,-1,780,727,820,-1,820,727,725,-1,820,725,818,-1,818,725,724,-1,818,724,816,-1,816,724,699,-1,816,699,815,-1,815,699,697,-1,815,697,813,-1,813,697,696,-1,813,696,811,-1,811,696,656,-1,811,656,799,-1,799,656,654,-1,799,654,797,-1,797,654,706,-1,797,706,795,-1,795,706,705,-1,795,705,793,-1,793,705,704,-1,793,704,839,-1,839,704,701,-1,839,701,838,-1,780,789,663,-1,663,789,717,-1,783,691,690,-1,783,690,784,-1,784,690,674,-1,784,674,840,-1,840,674,684,-1,840,684,847,-1,847,684,715,-1,847,715,846,-1,846,715,717,-1,846,717,789,-1,864,731,730,-1,864,730,865,-1,865,730,745,-1,865,745,866,-1,866,745,744,-1,866,744,875,-1,875,744,692,-1,875,692,876,-1,876,692,691,-1,876,691,783,-1,864,829,731,-1,731,829,732,-1,830,733,748,-1,830,748,873,-1,873,748,749,-1,873,749,874,-1,874,749,747,-1,874,747,872,-1,872,747,746,-1,872,746,861,-1,861,746,735,-1,861,735,862,-1,862,735,734,-1,862,734,863,-1,863,734,732,-1,863,732,829,-1,830,785,733,-1,733,785,687,-1,878,685,770,-1,878,770,900,-1,900,770,769,-1,900,769,894,-1,894,769,768,-1,894,768,895,-1,895,768,776,-1,895,776,901,-1,901,776,775,-1,901,775,902,-1,902,775,774,-1,902,774,903,-1,903,774,743,-1,903,743,896,-1,896,743,742,-1,896,742,880,-1,880,742,741,-1,880,741,879,-1,879,741,687,-1,879,687,785,-1,878,877,685,-1,685,877,686,-1,852,676,675,-1,852,675,841,-1,841,675,689,-1,841,689,842,-1,842,689,688,-1,842,688,843,-1,843,688,686,-1,843,686,877,-1,852,851,676,-1,676,851,713,-1,869,752,682,-1,869,682,804,-1,804,682,652,-1,804,652,781,-1,781,652,719,-1,781,719,782,-1,782,719,718,-1,782,718,844,-1,844,718,716,-1,844,716,845,-1,845,716,714,-1,845,714,850,-1,850,714,713,-1,850,713,851,-1,869,823,752,-1,752,823,678,-1,860,693,764,-1,860,764,887,-1,887,764,763,-1,887,763,888,-1,888,763,762,-1,888,762,890,-1,890,762,761,-1,890,761,891,-1,891,761,760,-1,891,760,889,-1,889,760,773,-1,889,773,897,-1,897,773,772,-1,897,772,892,-1,892,772,759,-1,892,759,893,-1,893,759,758,-1,893,758,898,-1,898,758,771,-1,898,771,899,-1,899,771,678,-1,899,678,823,-1,860,859,693,-1,693,859,694,-1,859,858,694,-1,694,858,695,-1,828,722,723,-1,828,723,849,-1,849,723,695,-1,849,695,858,-1,828,827,722,-1,722,827,720,-1,827,826,720,-1,720,826,721,-1,883,756,755,-1,883,755,867,-1,867,755,754,-1,867,754,868,-1,868,754,753,-1,868,753,870,-1,870,753,751,-1,870,751,871,-1,871,751,750,-1,871,750,821,-1,821,750,677,-1,821,677,822,-1,822,677,679,-1,822,679,824,-1,824,679,680,-1,824,680,825,-1,825,680,721,-1,825,721,826,-1,886,766,765,-1,886,765,881,-1,881,765,757,-1,881,757,882,-1,882,757,756,-1,882,756,883,-1,886,885,766,-1,766,885,767,-1,904,905,906,-1,907,908,909,-1,909,908,910,-1,909,910,911,-1,912,913,914,-1,905,915,906,-1,906,915,916,-1,906,916,917,-1,918,919,920,-1,921,922,923,-1,923,922,924,-1,920,925,918,-1,918,925,926,-1,918,926,927,-1,927,926,924,-1,927,924,912,-1,912,924,922,-1,912,922,913,-1,928,929,930,-1,931,932,933,-1,933,932,934,-1,904,906,935,-1,935,906,936,-1,935,936,937,-1,928,930,938,-1,939,940,941,-1,941,940,942,-1,941,942,943,-1,929,928,943,-1,943,928,944,-1,943,944,941,-1,941,944,945,-1,941,945,946,-1,947,948,949,-1,910,950,911,-1,911,950,951,-1,911,951,952,-1,952,951,953,-1,952,953,954,-1,955,956,918,-1,918,956,957,-1,918,957,919,-1,955,958,956,-1,956,958,959,-1,956,959,907,-1,907,959,960,-1,907,960,908,-1,914,961,912,-1,912,961,962,-1,912,962,963,-1,963,964,912,-1,912,964,965,-1,912,965,966,-1,930,967,938,-1,938,967,968,-1,938,968,969,-1,969,968,970,-1,969,970,971,-1,971,970,972,-1,971,972,917,-1,917,972,973,-1,917,973,906,-1,974,975,976,-1,976,975,934,-1,976,934,977,-1,977,934,932,-1,977,932,949,-1,953,978,954,-1,954,978,979,-1,954,979,980,-1,980,979,981,-1,980,981,982,-1,982,981,917,-1,982,917,983,-1,983,917,916,-1,984,985,941,-1,941,985,986,-1,941,986,987,-1,987,986,988,-1,987,988,989,-1,990,991,992,-1,992,991,993,-1,992,993,923,-1,923,993,994,-1,923,994,921,-1,941,995,939,-1,939,995,996,-1,939,996,997,-1,946,998,941,-1,941,998,999,-1,941,999,984,-1,989,1000,987,-1,987,1000,1001,-1,987,1001,1002,-1,1002,1001,1003,-1,931,1004,932,-1,932,1004,1005,-1,932,1005,1006,-1,1006,1005,1007,-1,1006,1007,1008,-1,1008,1009,1006,-1,1006,1009,1010,-1,1006,1010,1011,-1,1012,1013,947,-1,1014,1015,1016,-1,1016,1017,1014,-1,1014,1017,1018,-1,1014,1018,947,-1,1011,1019,1006,-1,1006,1019,1020,-1,1006,1020,936,-1,936,1020,1021,-1,936,1021,937,-1,1022,1023,997,-1,997,1023,1024,-1,997,1024,939,-1,949,932,947,-1,947,932,1025,-1,947,1025,1012,-1,1013,1026,947,-1,947,1026,1027,-1,947,1027,1014,-1,1028,1029,997,-1,997,1029,1030,-1,997,1030,1022,-1,1031,1032,1033,-1,1034,1035,1036,-1,1037,1038,1039,-1,1031,1033,1040,-1,1035,1041,1042,-1,1034,1036,1043,-1,1033,1044,1040,-1,1040,1044,1045,-1,1040,1045,1046,-1,1047,1048,1049,-1,1049,1048,1050,-1,1049,1050,1051,-1,1051,1050,1052,-1,1051,1052,1053,-1,1041,1035,1054,-1,1054,1035,1034,-1,1054,1034,1055,-1,1042,1056,1035,-1,1035,1056,1057,-1,1035,1057,1058,-1,1032,1059,1060,-1,1032,1061,1033,-1,1033,1061,1062,-1,1033,1062,1063,-1,1063,1062,1064,-1,1053,1052,1065,-1,1065,1052,1066,-1,1065,1066,1067,-1,1067,1066,1068,-1,1067,1068,1069,-1,1069,1068,1070,-1,1070,1068,1071,-1,1070,1071,1072,-1,1072,1071,1073,-1,1072,1073,1074,-1,1075,1076,1077,-1,1077,1076,1078,-1,1077,1078,1079,-1,1080,1081,1082,-1,1083,1039,1084,-1,1085,1086,1032,-1,1032,1086,1087,-1,1032,1087,1059,-1,1060,1088,1032,-1,1032,1088,1089,-1,1032,1089,1061,-1,1046,1090,1040,-1,1040,1090,1091,-1,1040,1091,1092,-1,1092,1091,1048,-1,1092,1048,1093,-1,1093,1048,1047,-1,1094,1095,1038,-1,1038,1095,1096,-1,1038,1096,1039,-1,1039,1096,1097,-1,1036,1098,1043,-1,1043,1098,1099,-1,1043,1099,1100,-1,1100,1099,1101,-1,1074,1073,1034,-1,1034,1073,1102,-1,1034,1102,1055,-1,1080,1082,1079,-1,1079,1082,1103,-1,1079,1103,1077,-1,1099,1104,1101,-1,1101,1104,1105,-1,1101,1105,1094,-1,1094,1105,1106,-1,1094,1106,1095,-1,1064,1107,1063,-1,1063,1107,1108,-1,1063,1108,1109,-1,1109,1108,1110,-1,1109,1110,1111,-1,1103,1112,1077,-1,1077,1112,1113,-1,1077,1113,1114,-1,1115,1116,1084,-1,1084,1116,1117,-1,1084,1117,1083,-1,1083,1118,1039,-1,1039,1118,1119,-1,1039,1119,1120,-1,1121,1122,1123,-1,1123,1122,1124,-1,1123,1124,1077,-1,1077,1124,1125,-1,1077,1125,1075,-1,1115,1084,1126,-1,1126,1084,1127,-1,1126,1127,1128,-1,1120,1129,1039,-1,1039,1129,1130,-1,1039,1130,1037,-1,1097,1131,1039,-1,1039,1131,1132,-1,1039,1132,1133,-1,1133,1132,1134,-1,1135,1136,1123,-1,1123,1136,1137,-1,1123,1137,1121,-1,1057,1138,1058,-1,1058,1138,1139,-1,1058,1139,1123,-1,1123,1139,1140,-1,1123,1140,1135,-1,1141,1142,1143,-1,1143,1142,1144,-1,1143,1144,1145,-1,1146,1147,1114,-1,1148,1149,1150,-1,1141,1143,1114,-1,1114,1143,1151,-1,1114,1151,1146,-1,1147,1152,1114,-1,1114,1152,1153,-1,1114,1153,1077,-1,1134,1132,1150,-1,1150,1132,1154,-1,1150,1154,1148,-1,1149,1155,1150,-1,1150,1155,1156,-1,1150,1156,1157,-1,1055,983,916,-1,1055,916,1054,-1,1054,916,915,-1,1054,915,1041,-1,1041,915,905,-1,1041,905,1042,-1,1042,905,904,-1,1042,904,1056,-1,1056,904,935,-1,1056,935,1057,-1,1057,935,937,-1,1057,937,1138,-1,1138,937,1021,-1,1138,1021,1139,-1,1055,1102,983,-1,983,1102,982,-1,1048,956,907,-1,1048,907,1050,-1,1050,907,909,-1,1050,909,1052,-1,1052,909,911,-1,1052,911,1066,-1,1066,911,952,-1,1066,952,1068,-1,1068,952,954,-1,1068,954,1071,-1,1071,954,980,-1,1071,980,1073,-1,1073,980,982,-1,1073,982,1102,-1,1048,1091,956,-1,956,1091,957,-1,1033,924,926,-1,1033,926,1044,-1,1044,926,925,-1,1044,925,1045,-1,1045,925,920,-1,1045,920,1046,-1,1046,920,919,-1,1046,919,1090,-1,1090,919,957,-1,1090,957,1091,-1,1062,922,921,-1,1062,921,1064,-1,1064,921,994,-1,1064,994,1107,-1,1107,994,993,-1,1107,993,1108,-1,1108,993,991,-1,1108,991,1110,-1,1110,991,990,-1,1110,990,1111,-1,1111,990,992,-1,1111,992,1109,-1,1109,992,923,-1,1109,923,1063,-1,1063,923,924,-1,1063,924,1033,-1,1062,1061,922,-1,922,1061,913,-1,1040,918,927,-1,1040,927,1031,-1,1031,927,912,-1,1031,912,1032,-1,1032,912,966,-1,1032,966,1085,-1,1085,966,965,-1,1085,965,1086,-1,1086,965,964,-1,1086,964,1087,-1,1087,964,963,-1,1087,963,1059,-1,1059,963,962,-1,1059,962,1060,-1,1060,962,961,-1,1060,961,1088,-1,1088,961,914,-1,1088,914,1089,-1,1089,914,913,-1,1089,913,1061,-1,1040,1092,918,-1,918,1092,955,-1,1034,917,981,-1,1034,981,1074,-1,1074,981,979,-1,1074,979,1072,-1,1072,979,978,-1,1072,978,1070,-1,1070,978,953,-1,1070,953,1069,-1,1069,953,951,-1,1069,951,1067,-1,1067,951,950,-1,1067,950,1065,-1,1065,950,910,-1,1065,910,1053,-1,1053,910,908,-1,1053,908,1051,-1,1051,908,960,-1,1051,960,1049,-1,1049,960,959,-1,1049,959,1047,-1,1047,959,958,-1,1047,958,1093,-1,1093,958,955,-1,1093,955,1092,-1,1034,1043,917,-1,917,1043,971,-1,1037,945,944,-1,1037,944,1038,-1,1038,944,928,-1,1038,928,1094,-1,1094,928,938,-1,1094,938,1101,-1,1101,938,969,-1,1101,969,1100,-1,1100,969,971,-1,1100,971,1043,-1,1118,985,984,-1,1118,984,1119,-1,1119,984,999,-1,1119,999,1120,-1,1120,999,998,-1,1120,998,1129,-1,1129,998,946,-1,1129,946,1130,-1,1130,946,945,-1,1130,945,1037,-1,1118,1083,985,-1,985,1083,986,-1,1084,987,1002,-1,1084,1002,1127,-1,1127,1002,1003,-1,1127,1003,1128,-1,1128,1003,1001,-1,1128,1001,1126,-1,1126,1001,1000,-1,1126,1000,1115,-1,1115,1000,989,-1,1115,989,1116,-1,1116,989,988,-1,1116,988,1117,-1,1117,988,986,-1,1117,986,1083,-1,1084,1039,987,-1,987,1039,941,-1,1132,939,1024,-1,1132,1024,1154,-1,1154,1024,1023,-1,1154,1023,1148,-1,1148,1023,1022,-1,1148,1022,1149,-1,1149,1022,1030,-1,1149,1030,1155,-1,1155,1030,1029,-1,1155,1029,1156,-1,1156,1029,1028,-1,1156,1028,1157,-1,1157,1028,997,-1,1157,997,1150,-1,1150,997,996,-1,1150,996,1134,-1,1134,996,995,-1,1134,995,1133,-1,1133,995,941,-1,1133,941,1039,-1,1132,1131,939,-1,939,1131,940,-1,1106,930,929,-1,1106,929,1095,-1,1095,929,943,-1,1095,943,1096,-1,1096,943,942,-1,1096,942,1097,-1,1097,942,940,-1,1097,940,1131,-1,1106,1105,930,-1,930,1105,967,-1,1123,1006,936,-1,1123,936,1058,-1,1058,936,906,-1,1058,906,1035,-1,1035,906,973,-1,1035,973,1036,-1,1036,973,972,-1,1036,972,1098,-1,1098,972,970,-1,1098,970,1099,-1,1099,970,968,-1,1099,968,1104,-1,1104,968,967,-1,1104,967,1105,-1,1123,1077,1006,-1,1006,1077,932,-1,1114,947,1018,-1,1114,1018,1141,-1,1141,1018,1017,-1,1141,1017,1142,-1,1142,1017,1016,-1,1142,1016,1144,-1,1144,1016,1015,-1,1144,1015,1145,-1,1145,1015,1014,-1,1145,1014,1143,-1,1143,1014,1027,-1,1143,1027,1151,-1,1151,1027,1026,-1,1151,1026,1146,-1,1146,1026,1013,-1,1146,1013,1147,-1,1147,1013,1012,-1,1147,1012,1152,-1,1152,1012,1025,-1,1152,1025,1153,-1,1153,1025,932,-1,1153,932,1077,-1,1114,1113,947,-1,947,1113,948,-1,1113,1112,948,-1,948,1112,949,-1,1082,976,977,-1,1082,977,1103,-1,1103,977,949,-1,1103,949,1112,-1,1082,1081,976,-1,976,1081,974,-1,1081,1080,974,-1,974,1080,975,-1,1137,1010,1009,-1,1137,1009,1121,-1,1121,1009,1008,-1,1121,1008,1122,-1,1122,1008,1007,-1,1122,1007,1124,-1,1124,1007,1005,-1,1124,1005,1125,-1,1125,1005,1004,-1,1125,1004,1075,-1,1075,1004,931,-1,1075,931,1076,-1,1076,931,933,-1,1076,933,1078,-1,1078,933,934,-1,1078,934,1079,-1,1079,934,975,-1,1079,975,1080,-1,1140,1020,1019,-1,1140,1019,1135,-1,1135,1019,1011,-1,1135,1011,1136,-1,1136,1011,1010,-1,1136,1010,1137,-1,1140,1139,1020,-1,1020,1139,1021,-1,1158,1159,1160,-1,1161,1162,1163,-1,1163,1162,1164,-1,1163,1164,1165,-1,1166,1167,1168,-1,1159,1169,1160,-1,1160,1169,1170,-1,1160,1170,1171,-1,1172,1173,1174,-1,1175,1176,1177,-1,1177,1176,1178,-1,1174,1179,1172,-1,1172,1179,1180,-1,1172,1180,1181,-1,1181,1180,1178,-1,1181,1178,1166,-1,1166,1178,1176,-1,1166,1176,1167,-1,1182,1183,1184,-1,1185,1186,1187,-1,1187,1186,1188,-1,1158,1160,1189,-1,1189,1160,1190,-1,1189,1190,1191,-1,1182,1184,1192,-1,1193,1194,1195,-1,1195,1194,1196,-1,1195,1196,1197,-1,1183,1182,1197,-1,1197,1182,1198,-1,1197,1198,1195,-1,1195,1198,1199,-1,1195,1199,1200,-1,1201,1202,1203,-1,1164,1204,1165,-1,1165,1204,1205,-1,1165,1205,1206,-1,1206,1205,1207,-1,1206,1207,1208,-1,1209,1210,1172,-1,1172,1210,1211,-1,1172,1211,1173,-1,1209,1212,1210,-1,1210,1212,1213,-1,1210,1213,1161,-1,1161,1213,1214,-1,1161,1214,1162,-1,1168,1215,1166,-1,1166,1215,1216,-1,1166,1216,1217,-1,1217,1218,1166,-1,1166,1218,1219,-1,1166,1219,1220,-1,1184,1221,1192,-1,1192,1221,1222,-1,1192,1222,1223,-1,1223,1222,1224,-1,1223,1224,1225,-1,1225,1224,1226,-1,1225,1226,1171,-1,1171,1226,1227,-1,1171,1227,1160,-1,1228,1229,1230,-1,1230,1229,1188,-1,1230,1188,1231,-1,1231,1188,1186,-1,1231,1186,1203,-1,1207,1232,1208,-1,1208,1232,1233,-1,1208,1233,1234,-1,1234,1233,1235,-1,1234,1235,1236,-1,1236,1235,1171,-1,1236,1171,1237,-1,1237,1171,1170,-1,1238,1239,1195,-1,1195,1239,1240,-1,1195,1240,1241,-1,1241,1240,1242,-1,1241,1242,1243,-1,1244,1245,1246,-1,1246,1245,1247,-1,1246,1247,1177,-1,1177,1247,1248,-1,1177,1248,1175,-1,1195,1249,1193,-1,1193,1249,1250,-1,1193,1250,1251,-1,1200,1252,1195,-1,1195,1252,1253,-1,1195,1253,1238,-1,1243,1254,1241,-1,1241,1254,1255,-1,1241,1255,1256,-1,1256,1255,1257,-1,1185,1258,1186,-1,1186,1258,1259,-1,1186,1259,1260,-1,1260,1259,1261,-1,1260,1261,1262,-1,1262,1263,1260,-1,1260,1263,1264,-1,1260,1264,1265,-1,1266,1267,1201,-1,1268,1269,1270,-1,1270,1271,1268,-1,1268,1271,1272,-1,1268,1272,1201,-1,1265,1273,1260,-1,1260,1273,1274,-1,1260,1274,1190,-1,1190,1274,1275,-1,1190,1275,1191,-1,1276,1277,1251,-1,1251,1277,1278,-1,1251,1278,1193,-1,1203,1186,1201,-1,1201,1186,1279,-1,1201,1279,1266,-1,1267,1280,1201,-1,1201,1280,1281,-1,1201,1281,1268,-1,1282,1283,1251,-1,1251,1283,1284,-1,1251,1284,1276,-1,1285,1286,1287,-1,1288,1289,1290,-1,1291,1292,1293,-1,1285,1287,1294,-1,1289,1295,1296,-1,1288,1290,1297,-1,1287,1298,1294,-1,1294,1298,1299,-1,1294,1299,1300,-1,1301,1302,1303,-1,1303,1302,1304,-1,1303,1304,1305,-1,1305,1304,1306,-1,1305,1306,1307,-1,1295,1289,1308,-1,1308,1289,1288,-1,1308,1288,1309,-1,1296,1310,1289,-1,1289,1310,1311,-1,1289,1311,1312,-1,1286,1313,1314,-1,1286,1315,1287,-1,1287,1315,1316,-1,1287,1316,1317,-1,1317,1316,1318,-1,1307,1306,1319,-1,1319,1306,1320,-1,1319,1320,1321,-1,1321,1320,1322,-1,1321,1322,1323,-1,1323,1322,1324,-1,1324,1322,1325,-1,1324,1325,1326,-1,1326,1325,1327,-1,1326,1327,1328,-1,1329,1330,1331,-1,1331,1330,1332,-1,1331,1332,1333,-1,1334,1335,1336,-1,1337,1293,1338,-1,1339,1340,1286,-1,1286,1340,1341,-1,1286,1341,1313,-1,1314,1342,1286,-1,1286,1342,1343,-1,1286,1343,1315,-1,1300,1344,1294,-1,1294,1344,1345,-1,1294,1345,1346,-1,1346,1345,1302,-1,1346,1302,1347,-1,1347,1302,1301,-1,1348,1349,1292,-1,1292,1349,1350,-1,1292,1350,1293,-1,1293,1350,1351,-1,1290,1352,1297,-1,1297,1352,1353,-1,1297,1353,1354,-1,1354,1353,1355,-1,1328,1327,1288,-1,1288,1327,1356,-1,1288,1356,1309,-1,1334,1336,1333,-1,1333,1336,1357,-1,1333,1357,1331,-1,1353,1358,1355,-1,1355,1358,1359,-1,1355,1359,1348,-1,1348,1359,1360,-1,1348,1360,1349,-1,1318,1361,1317,-1,1317,1361,1362,-1,1317,1362,1363,-1,1363,1362,1364,-1,1363,1364,1365,-1,1357,1366,1331,-1,1331,1366,1367,-1,1331,1367,1368,-1,1369,1370,1338,-1,1338,1370,1371,-1,1338,1371,1337,-1,1337,1372,1293,-1,1293,1372,1373,-1,1293,1373,1374,-1,1375,1376,1377,-1,1377,1376,1378,-1,1377,1378,1331,-1,1331,1378,1379,-1,1331,1379,1329,-1,1369,1338,1380,-1,1380,1338,1381,-1,1380,1381,1382,-1,1374,1383,1293,-1,1293,1383,1384,-1,1293,1384,1291,-1,1351,1385,1293,-1,1293,1385,1386,-1,1293,1386,1387,-1,1387,1386,1388,-1,1389,1390,1377,-1,1377,1390,1391,-1,1377,1391,1375,-1,1311,1392,1312,-1,1312,1392,1393,-1,1312,1393,1377,-1,1377,1393,1394,-1,1377,1394,1389,-1,1395,1396,1397,-1,1397,1396,1398,-1,1397,1398,1399,-1,1400,1401,1368,-1,1402,1403,1404,-1,1395,1397,1368,-1,1368,1397,1405,-1,1368,1405,1400,-1,1401,1406,1368,-1,1368,1406,1407,-1,1368,1407,1331,-1,1388,1386,1404,-1,1404,1386,1408,-1,1404,1408,1402,-1,1403,1409,1404,-1,1404,1409,1410,-1,1404,1410,1411,-1,1309,1237,1170,-1,1309,1170,1308,-1,1308,1170,1169,-1,1308,1169,1295,-1,1295,1169,1159,-1,1295,1159,1296,-1,1296,1159,1158,-1,1296,1158,1310,-1,1310,1158,1189,-1,1310,1189,1311,-1,1311,1189,1191,-1,1311,1191,1392,-1,1392,1191,1275,-1,1392,1275,1393,-1,1309,1356,1237,-1,1237,1356,1236,-1,1302,1210,1161,-1,1302,1161,1304,-1,1304,1161,1163,-1,1304,1163,1306,-1,1306,1163,1165,-1,1306,1165,1320,-1,1320,1165,1206,-1,1320,1206,1322,-1,1322,1206,1208,-1,1322,1208,1325,-1,1325,1208,1234,-1,1325,1234,1327,-1,1327,1234,1236,-1,1327,1236,1356,-1,1302,1345,1210,-1,1210,1345,1211,-1,1287,1178,1180,-1,1287,1180,1298,-1,1298,1180,1179,-1,1298,1179,1299,-1,1299,1179,1174,-1,1299,1174,1300,-1,1300,1174,1173,-1,1300,1173,1344,-1,1344,1173,1211,-1,1344,1211,1345,-1,1316,1176,1175,-1,1316,1175,1318,-1,1318,1175,1248,-1,1318,1248,1361,-1,1361,1248,1247,-1,1361,1247,1362,-1,1362,1247,1245,-1,1362,1245,1364,-1,1364,1245,1244,-1,1364,1244,1365,-1,1365,1244,1246,-1,1365,1246,1363,-1,1363,1246,1177,-1,1363,1177,1317,-1,1317,1177,1178,-1,1317,1178,1287,-1,1316,1315,1176,-1,1176,1315,1167,-1,1294,1172,1181,-1,1294,1181,1285,-1,1285,1181,1166,-1,1285,1166,1286,-1,1286,1166,1220,-1,1286,1220,1339,-1,1339,1220,1219,-1,1339,1219,1340,-1,1340,1219,1218,-1,1340,1218,1341,-1,1341,1218,1217,-1,1341,1217,1313,-1,1313,1217,1216,-1,1313,1216,1314,-1,1314,1216,1215,-1,1314,1215,1342,-1,1342,1215,1168,-1,1342,1168,1343,-1,1343,1168,1167,-1,1343,1167,1315,-1,1294,1346,1172,-1,1172,1346,1209,-1,1288,1171,1235,-1,1288,1235,1328,-1,1328,1235,1233,-1,1328,1233,1326,-1,1326,1233,1232,-1,1326,1232,1324,-1,1324,1232,1207,-1,1324,1207,1323,-1,1323,1207,1205,-1,1323,1205,1321,-1,1321,1205,1204,-1,1321,1204,1319,-1,1319,1204,1164,-1,1319,1164,1307,-1,1307,1164,1162,-1,1307,1162,1305,-1,1305,1162,1214,-1,1305,1214,1303,-1,1303,1214,1213,-1,1303,1213,1301,-1,1301,1213,1212,-1,1301,1212,1347,-1,1347,1212,1209,-1,1347,1209,1346,-1,1288,1297,1171,-1,1171,1297,1225,-1,1291,1199,1198,-1,1291,1198,1292,-1,1292,1198,1182,-1,1292,1182,1348,-1,1348,1182,1192,-1,1348,1192,1355,-1,1355,1192,1223,-1,1355,1223,1354,-1,1354,1223,1225,-1,1354,1225,1297,-1,1372,1239,1238,-1,1372,1238,1373,-1,1373,1238,1253,-1,1373,1253,1374,-1,1374,1253,1252,-1,1374,1252,1383,-1,1383,1252,1200,-1,1383,1200,1384,-1,1384,1200,1199,-1,1384,1199,1291,-1,1372,1337,1239,-1,1239,1337,1240,-1,1338,1241,1256,-1,1338,1256,1381,-1,1381,1256,1257,-1,1381,1257,1382,-1,1382,1257,1255,-1,1382,1255,1380,-1,1380,1255,1254,-1,1380,1254,1369,-1,1369,1254,1243,-1,1369,1243,1370,-1,1370,1243,1242,-1,1370,1242,1371,-1,1371,1242,1240,-1,1371,1240,1337,-1,1338,1293,1241,-1,1241,1293,1195,-1,1386,1193,1278,-1,1386,1278,1408,-1,1408,1278,1277,-1,1408,1277,1402,-1,1402,1277,1276,-1,1402,1276,1403,-1,1403,1276,1284,-1,1403,1284,1409,-1,1409,1284,1283,-1,1409,1283,1410,-1,1410,1283,1282,-1,1410,1282,1411,-1,1411,1282,1251,-1,1411,1251,1404,-1,1404,1251,1250,-1,1404,1250,1388,-1,1388,1250,1249,-1,1388,1249,1387,-1,1387,1249,1195,-1,1387,1195,1293,-1,1386,1385,1193,-1,1193,1385,1194,-1,1360,1184,1183,-1,1360,1183,1349,-1,1349,1183,1197,-1,1349,1197,1350,-1,1350,1197,1196,-1,1350,1196,1351,-1,1351,1196,1194,-1,1351,1194,1385,-1,1360,1359,1184,-1,1184,1359,1221,-1,1377,1260,1190,-1,1377,1190,1312,-1,1312,1190,1160,-1,1312,1160,1289,-1,1289,1160,1227,-1,1289,1227,1290,-1,1290,1227,1226,-1,1290,1226,1352,-1,1352,1226,1224,-1,1352,1224,1353,-1,1353,1224,1222,-1,1353,1222,1358,-1,1358,1222,1221,-1,1358,1221,1359,-1,1377,1331,1260,-1,1260,1331,1186,-1,1368,1201,1272,-1,1368,1272,1395,-1,1395,1272,1271,-1,1395,1271,1396,-1,1396,1271,1270,-1,1396,1270,1398,-1,1398,1270,1269,-1,1398,1269,1399,-1,1399,1269,1268,-1,1399,1268,1397,-1,1397,1268,1281,-1,1397,1281,1405,-1,1405,1281,1280,-1,1405,1280,1400,-1,1400,1280,1267,-1,1400,1267,1401,-1,1401,1267,1266,-1,1401,1266,1406,-1,1406,1266,1279,-1,1406,1279,1407,-1,1407,1279,1186,-1,1407,1186,1331,-1,1368,1367,1201,-1,1201,1367,1202,-1,1367,1366,1202,-1,1202,1366,1203,-1,1336,1230,1231,-1,1336,1231,1357,-1,1357,1231,1203,-1,1357,1203,1366,-1,1336,1335,1230,-1,1230,1335,1228,-1,1335,1334,1228,-1,1228,1334,1229,-1,1391,1264,1263,-1,1391,1263,1375,-1,1375,1263,1262,-1,1375,1262,1376,-1,1376,1262,1261,-1,1376,1261,1378,-1,1378,1261,1259,-1,1378,1259,1379,-1,1379,1259,1258,-1,1379,1258,1329,-1,1329,1258,1185,-1,1329,1185,1330,-1,1330,1185,1187,-1,1330,1187,1332,-1,1332,1187,1188,-1,1332,1188,1333,-1,1333,1188,1229,-1,1333,1229,1334,-1,1394,1274,1273,-1,1394,1273,1389,-1,1389,1273,1265,-1,1389,1265,1390,-1,1390,1265,1264,-1,1390,1264,1391,-1,1394,1393,1274,-1,1274,1393,1275,-1,1412,1413,1414,-1,1415,1416,1417,-1,1417,1416,1418,-1,1417,1418,1419,-1,1420,1421,1422,-1,1413,1423,1414,-1,1414,1423,1424,-1,1414,1424,1425,-1,1426,1427,1428,-1,1429,1430,1431,-1,1431,1430,1432,-1,1428,1433,1426,-1,1426,1433,1434,-1,1426,1434,1435,-1,1435,1434,1432,-1,1435,1432,1420,-1,1420,1432,1430,-1,1420,1430,1421,-1,1436,1437,1438,-1,1439,1440,1441,-1,1441,1440,1442,-1,1412,1414,1443,-1,1443,1414,1444,-1,1443,1444,1445,-1,1436,1438,1446,-1,1447,1448,1449,-1,1449,1448,1450,-1,1449,1450,1451,-1,1437,1436,1451,-1,1451,1436,1452,-1,1451,1452,1449,-1,1449,1452,1453,-1,1449,1453,1454,-1,1455,1456,1457,-1,1418,1458,1419,-1,1419,1458,1459,-1,1419,1459,1460,-1,1460,1459,1461,-1,1460,1461,1462,-1,1463,1464,1426,-1,1426,1464,1465,-1,1426,1465,1427,-1,1463,1466,1464,-1,1464,1466,1467,-1,1464,1467,1415,-1,1415,1467,1468,-1,1415,1468,1416,-1,1422,1469,1420,-1,1420,1469,1470,-1,1420,1470,1471,-1,1471,1472,1420,-1,1420,1472,1473,-1,1420,1473,1474,-1,1438,1475,1446,-1,1446,1475,1476,-1,1446,1476,1477,-1,1477,1476,1478,-1,1477,1478,1479,-1,1479,1478,1480,-1,1479,1480,1425,-1,1425,1480,1481,-1,1425,1481,1414,-1,1482,1483,1484,-1,1484,1483,1442,-1,1484,1442,1485,-1,1485,1442,1440,-1,1485,1440,1457,-1,1461,1486,1462,-1,1462,1486,1487,-1,1462,1487,1488,-1,1488,1487,1489,-1,1488,1489,1490,-1,1490,1489,1425,-1,1490,1425,1491,-1,1491,1425,1424,-1,1492,1493,1449,-1,1449,1493,1494,-1,1449,1494,1495,-1,1495,1494,1496,-1,1495,1496,1497,-1,1498,1499,1500,-1,1500,1499,1501,-1,1500,1501,1431,-1,1431,1501,1502,-1,1431,1502,1429,-1,1449,1503,1447,-1,1447,1503,1504,-1,1447,1504,1505,-1,1454,1506,1449,-1,1449,1506,1507,-1,1449,1507,1492,-1,1497,1508,1495,-1,1495,1508,1509,-1,1495,1509,1510,-1,1510,1509,1511,-1,1439,1512,1440,-1,1440,1512,1513,-1,1440,1513,1514,-1,1514,1513,1515,-1,1514,1515,1516,-1,1516,1517,1514,-1,1514,1517,1518,-1,1514,1518,1519,-1,1520,1521,1455,-1,1522,1523,1524,-1,1524,1525,1522,-1,1522,1525,1526,-1,1522,1526,1455,-1,1519,1527,1514,-1,1514,1527,1528,-1,1514,1528,1444,-1,1444,1528,1529,-1,1444,1529,1445,-1,1530,1531,1505,-1,1505,1531,1532,-1,1505,1532,1447,-1,1457,1440,1455,-1,1455,1440,1533,-1,1455,1533,1520,-1,1521,1534,1455,-1,1455,1534,1535,-1,1455,1535,1522,-1,1536,1537,1505,-1,1505,1537,1538,-1,1505,1538,1530,-1,1539,1540,1541,-1,1542,1543,1544,-1,1545,1546,1547,-1,1539,1541,1548,-1,1543,1549,1550,-1,1542,1544,1551,-1,1541,1552,1548,-1,1548,1552,1553,-1,1548,1553,1554,-1,1555,1556,1557,-1,1557,1556,1558,-1,1557,1558,1559,-1,1559,1558,1560,-1,1559,1560,1561,-1,1549,1543,1562,-1,1562,1543,1542,-1,1562,1542,1563,-1,1550,1564,1543,-1,1543,1564,1565,-1,1543,1565,1566,-1,1540,1567,1568,-1,1540,1569,1541,-1,1541,1569,1570,-1,1541,1570,1571,-1,1571,1570,1572,-1,1561,1560,1573,-1,1573,1560,1574,-1,1573,1574,1575,-1,1575,1574,1576,-1,1575,1576,1577,-1,1577,1576,1578,-1,1578,1576,1579,-1,1578,1579,1580,-1,1580,1579,1581,-1,1580,1581,1582,-1,1583,1584,1585,-1,1585,1584,1586,-1,1585,1586,1587,-1,1588,1589,1590,-1,1591,1547,1592,-1,1593,1594,1540,-1,1540,1594,1595,-1,1540,1595,1567,-1,1568,1596,1540,-1,1540,1596,1597,-1,1540,1597,1569,-1,1554,1598,1548,-1,1548,1598,1599,-1,1548,1599,1600,-1,1600,1599,1556,-1,1600,1556,1601,-1,1601,1556,1555,-1,1602,1603,1546,-1,1546,1603,1604,-1,1546,1604,1547,-1,1547,1604,1605,-1,1544,1606,1551,-1,1551,1606,1607,-1,1551,1607,1608,-1,1608,1607,1609,-1,1582,1581,1542,-1,1542,1581,1610,-1,1542,1610,1563,-1,1588,1590,1587,-1,1587,1590,1611,-1,1587,1611,1585,-1,1607,1612,1609,-1,1609,1612,1613,-1,1609,1613,1602,-1,1602,1613,1614,-1,1602,1614,1603,-1,1572,1615,1571,-1,1571,1615,1616,-1,1571,1616,1617,-1,1617,1616,1618,-1,1617,1618,1619,-1,1611,1620,1585,-1,1585,1620,1621,-1,1585,1621,1622,-1,1623,1624,1592,-1,1592,1624,1625,-1,1592,1625,1591,-1,1591,1626,1547,-1,1547,1626,1627,-1,1547,1627,1628,-1,1629,1630,1631,-1,1631,1630,1632,-1,1631,1632,1585,-1,1585,1632,1633,-1,1585,1633,1583,-1,1623,1592,1634,-1,1634,1592,1635,-1,1634,1635,1636,-1,1628,1637,1547,-1,1547,1637,1638,-1,1547,1638,1545,-1,1605,1639,1547,-1,1547,1639,1640,-1,1547,1640,1641,-1,1641,1640,1642,-1,1643,1644,1631,-1,1631,1644,1645,-1,1631,1645,1629,-1,1565,1646,1566,-1,1566,1646,1647,-1,1566,1647,1631,-1,1631,1647,1648,-1,1631,1648,1643,-1,1649,1650,1651,-1,1651,1650,1652,-1,1651,1652,1653,-1,1654,1655,1622,-1,1656,1657,1658,-1,1649,1651,1622,-1,1622,1651,1659,-1,1622,1659,1654,-1,1655,1660,1622,-1,1622,1660,1661,-1,1622,1661,1585,-1,1642,1640,1658,-1,1658,1640,1662,-1,1658,1662,1656,-1,1657,1663,1658,-1,1658,1663,1664,-1,1658,1664,1665,-1,1563,1491,1424,-1,1563,1424,1562,-1,1562,1424,1423,-1,1562,1423,1549,-1,1549,1423,1413,-1,1549,1413,1550,-1,1550,1413,1412,-1,1550,1412,1564,-1,1564,1412,1443,-1,1564,1443,1565,-1,1565,1443,1445,-1,1565,1445,1646,-1,1646,1445,1529,-1,1646,1529,1647,-1,1563,1610,1491,-1,1491,1610,1490,-1,1556,1464,1415,-1,1556,1415,1558,-1,1558,1415,1417,-1,1558,1417,1560,-1,1560,1417,1419,-1,1560,1419,1574,-1,1574,1419,1460,-1,1574,1460,1576,-1,1576,1460,1462,-1,1576,1462,1579,-1,1579,1462,1488,-1,1579,1488,1581,-1,1581,1488,1490,-1,1581,1490,1610,-1,1556,1599,1464,-1,1464,1599,1465,-1,1541,1432,1434,-1,1541,1434,1552,-1,1552,1434,1433,-1,1552,1433,1553,-1,1553,1433,1428,-1,1553,1428,1554,-1,1554,1428,1427,-1,1554,1427,1598,-1,1598,1427,1465,-1,1598,1465,1599,-1,1570,1430,1429,-1,1570,1429,1572,-1,1572,1429,1502,-1,1572,1502,1615,-1,1615,1502,1501,-1,1615,1501,1616,-1,1616,1501,1499,-1,1616,1499,1618,-1,1618,1499,1498,-1,1618,1498,1619,-1,1619,1498,1500,-1,1619,1500,1617,-1,1617,1500,1431,-1,1617,1431,1571,-1,1571,1431,1432,-1,1571,1432,1541,-1,1570,1569,1430,-1,1430,1569,1421,-1,1548,1426,1435,-1,1548,1435,1539,-1,1539,1435,1420,-1,1539,1420,1540,-1,1540,1420,1474,-1,1540,1474,1593,-1,1593,1474,1473,-1,1593,1473,1594,-1,1594,1473,1472,-1,1594,1472,1595,-1,1595,1472,1471,-1,1595,1471,1567,-1,1567,1471,1470,-1,1567,1470,1568,-1,1568,1470,1469,-1,1568,1469,1596,-1,1596,1469,1422,-1,1596,1422,1597,-1,1597,1422,1421,-1,1597,1421,1569,-1,1548,1600,1426,-1,1426,1600,1463,-1,1542,1425,1489,-1,1542,1489,1582,-1,1582,1489,1487,-1,1582,1487,1580,-1,1580,1487,1486,-1,1580,1486,1578,-1,1578,1486,1461,-1,1578,1461,1577,-1,1577,1461,1459,-1,1577,1459,1575,-1,1575,1459,1458,-1,1575,1458,1573,-1,1573,1458,1418,-1,1573,1418,1561,-1,1561,1418,1416,-1,1561,1416,1559,-1,1559,1416,1468,-1,1559,1468,1557,-1,1557,1468,1467,-1,1557,1467,1555,-1,1555,1467,1466,-1,1555,1466,1601,-1,1601,1466,1463,-1,1601,1463,1600,-1,1542,1551,1425,-1,1425,1551,1479,-1,1545,1453,1452,-1,1545,1452,1546,-1,1546,1452,1436,-1,1546,1436,1602,-1,1602,1436,1446,-1,1602,1446,1609,-1,1609,1446,1477,-1,1609,1477,1608,-1,1608,1477,1479,-1,1608,1479,1551,-1,1626,1493,1492,-1,1626,1492,1627,-1,1627,1492,1507,-1,1627,1507,1628,-1,1628,1507,1506,-1,1628,1506,1637,-1,1637,1506,1454,-1,1637,1454,1638,-1,1638,1454,1453,-1,1638,1453,1545,-1,1626,1591,1493,-1,1493,1591,1494,-1,1592,1495,1510,-1,1592,1510,1635,-1,1635,1510,1511,-1,1635,1511,1636,-1,1636,1511,1509,-1,1636,1509,1634,-1,1634,1509,1508,-1,1634,1508,1623,-1,1623,1508,1497,-1,1623,1497,1624,-1,1624,1497,1496,-1,1624,1496,1625,-1,1625,1496,1494,-1,1625,1494,1591,-1,1592,1547,1495,-1,1495,1547,1449,-1,1640,1447,1532,-1,1640,1532,1662,-1,1662,1532,1531,-1,1662,1531,1656,-1,1656,1531,1530,-1,1656,1530,1657,-1,1657,1530,1538,-1,1657,1538,1663,-1,1663,1538,1537,-1,1663,1537,1664,-1,1664,1537,1536,-1,1664,1536,1665,-1,1665,1536,1505,-1,1665,1505,1658,-1,1658,1505,1504,-1,1658,1504,1642,-1,1642,1504,1503,-1,1642,1503,1641,-1,1641,1503,1449,-1,1641,1449,1547,-1,1640,1639,1447,-1,1447,1639,1448,-1,1614,1438,1437,-1,1614,1437,1603,-1,1603,1437,1451,-1,1603,1451,1604,-1,1604,1451,1450,-1,1604,1450,1605,-1,1605,1450,1448,-1,1605,1448,1639,-1,1614,1613,1438,-1,1438,1613,1475,-1,1631,1514,1444,-1,1631,1444,1566,-1,1566,1444,1414,-1,1566,1414,1543,-1,1543,1414,1481,-1,1543,1481,1544,-1,1544,1481,1480,-1,1544,1480,1606,-1,1606,1480,1478,-1,1606,1478,1607,-1,1607,1478,1476,-1,1607,1476,1612,-1,1612,1476,1475,-1,1612,1475,1613,-1,1631,1585,1514,-1,1514,1585,1440,-1,1622,1455,1526,-1,1622,1526,1649,-1,1649,1526,1525,-1,1649,1525,1650,-1,1650,1525,1524,-1,1650,1524,1652,-1,1652,1524,1523,-1,1652,1523,1653,-1,1653,1523,1522,-1,1653,1522,1651,-1,1651,1522,1535,-1,1651,1535,1659,-1,1659,1535,1534,-1,1659,1534,1654,-1,1654,1534,1521,-1,1654,1521,1655,-1,1655,1521,1520,-1,1655,1520,1660,-1,1660,1520,1533,-1,1660,1533,1661,-1,1661,1533,1440,-1,1661,1440,1585,-1,1622,1621,1455,-1,1455,1621,1456,-1,1621,1620,1456,-1,1456,1620,1457,-1,1590,1484,1485,-1,1590,1485,1611,-1,1611,1485,1457,-1,1611,1457,1620,-1,1590,1589,1484,-1,1484,1589,1482,-1,1589,1588,1482,-1,1482,1588,1483,-1,1645,1518,1517,-1,1645,1517,1629,-1,1629,1517,1516,-1,1629,1516,1630,-1,1630,1516,1515,-1,1630,1515,1632,-1,1632,1515,1513,-1,1632,1513,1633,-1,1633,1513,1512,-1,1633,1512,1583,-1,1583,1512,1439,-1,1583,1439,1584,-1,1584,1439,1441,-1,1584,1441,1586,-1,1586,1441,1442,-1,1586,1442,1587,-1,1587,1442,1483,-1,1587,1483,1588,-1,1648,1528,1527,-1,1648,1527,1643,-1,1643,1527,1519,-1,1643,1519,1644,-1,1644,1519,1518,-1,1644,1518,1645,-1,1648,1647,1528,-1,1528,1647,1529,-1,
        ]
    }
}
Shape{
    appearance Appearance {
        material  Material 	{
            diffuseColor 0.25098039215686274 0.25098039215686274 0.25098039215686274
            specularColor 0.12549019607843137 0.12549019607843137 0.12549019607843137
            ambientIntensity 0.251
            transparency 0.0
            shininess 0.5
        }
    }
    geometry IndexedFaceSet {
        ccw TRUE
        solid FALSE
        coord DEF co Coordinate {
            point [
                -1.62 -0.3276 0.374, -1.62 -0.3669 0.3346, -1.5334 -0.3276 0.374, -1.5334 -0.3669 0.3346, -1.5334 -0.3669 0.2165, -1.62 -0.3669 0.2165, -1.5334 -0.3276 0.1772, -1.62 -0.3276 0.1772, -1.62 -0.5244 0.3034, -1.6397 -0.5441 0.2953, -1.62 -0.3981 0.1772, -1.6397 -0.426 0.1772, -1.62 -0.5244 0.5512, -1.6397 -0.5441 0.5512, -0.9862 -0.6425 0.0984, -0.9862 -0.6425 0.0433, -0.9074 -0.6425 0.0984, -0.9074 -0.6425 0.0433, -0.6712 -0.6425 0.0984, -0.6712 -0.6425 0.0433, -0.5925 -0.6425 0.0984, -0.5925 -0.6425 0.0433, -0.4409 0.2945 0.1181, -0.4409 0.3142 0.0984, -0.5078 0.2945 0.1181, -0.5078 0.3142 0.0984, -0.4409 -0.2606 0.1181, -0.5078 -0.2606 0.1181, -0.5078 0.2945 0.2165, -0.5078 0.3142 0.2362, -0.4409 0.2945 0.2165, -0.4409 0.3142 0.2362, -0.5925 -0.6031 0.1378, -0.6712 -0.6031 0.1378, -0.7559 0.2945 0.1181, -0.7559 0.3142 0.0984, -0.8228 0.2945 0.1181, -0.8228 0.3142 0.0984, -0.7559 -0.2606 0.1181, -0.8228 -0.2606 0.1181, -0.8228 0.2945 0.2165, -0.8228 0.3142 0.2362, -0.7559 0.2945 0.2165, -0.7559 0.3142 0.2362, -0.8228 -0.2169 0.1378, -0.9074 -0.2169 0.1378, -0.9074 -0.3394 0.0827, -0.6712 -0.3394 0.0827, -0.7559 -0.2169 0.1378, -0.6712 -0.2169 0.1378, -0.9074 -0.6031 0.1378, -0.9862 -0.6031 0.1378, -1.0708 0.2945 0.1181, -1.0708 0.3142 0.0984, -1.1378 0.2945 0.1181, -1.1378 0.3142 0.0984, -1.0708 -0.2606 0.1181, -1.1378 -0.2606 0.1181, -1.1378 0.2945 0.2165, -1.1378 0.3142 0.2362, -1.0708 0.2945 0.2165, -1.0708 0.3142 0.2362, -1.1378 -0.2169 0.1378, -1.2224 -0.2169 0.1378, -1.2224 -0.3394 0.0827, -0.9862 -0.3394 0.0827, -1.0708 -0.2169 0.1378, -0.9862 -0.2169 0.1378, -1.4389 -0.3984 0.252, -1.4389 -0.4772 0.311, -1.3956 -0.3984 0.252, -1.3523 -0.4772 0.311, -1.3523 -0.3984 0.252, -1.4389 -0.6031 0.311, -1.3523 -0.6031 0.311, -1.1378 0.3142 0.2756, -1.1378 0.3693 0.2756, -1.1732 0.3142 0.2756, -1.1574 0.389 0.2756, -1.1732 0.389 0.2756, -1.0354 0.2945 0.3937, -1.0354 0.3142 0.374, -1.1732 0.2945 0.3937, -1.1732 0.3142 0.374, -1.0354 0.3142 0.2756, -1.0708 0.3142 0.2756, -1.0354 0.389 0.2756, -1.0511 0.389 0.2756, -1.0708 0.3693 0.2756, -0.8425 0.389 0.2756, -0.8582 0.389 0.2756, -0.8228 0.3693 0.2756, -0.8582 0.3142 0.2756, -0.8228 0.3142 0.2756, -0.7204 0.2945 0.3937, -0.7204 0.3142 0.374, -0.8582 0.2945 0.3937, -0.8582 0.3142 0.374, -0.7204 0.3142 0.2756, -0.7559 0.3142 0.2756, -0.7559 0.3693 0.2756, -0.7362 0.389 0.2756, -0.7204 0.389 0.2756, -0.5078 0.3142 0.2756, -0.5078 0.3693 0.2756, -0.5433 0.3142 0.2756, -0.5275 0.389 0.2756, -0.5433 0.389 0.2756, -0.4055 0.2945 0.3937, -0.4055 0.3142 0.374, -0.5433 0.2945 0.3937, -0.5433 0.3142 0.374, -0.4055 0.3142 0.2756, -0.4409 0.3142 0.2756, -1.3523 0.0937 0.252, -1.3523 0.389 0.252, -1.3956 0.389 0.252, -1.4389 0.389 0.252, -1.4389 0.2906 0.252, -1.1378 -0.4457 0.6102, -1.1378 0.4284 0.6102, -1.0708 -0.4457 0.6102, -1.0708 0.4284 0.6102, -0.8228 -0.4457 0.6102, -0.8228 0.4284 0.6102, -0.7559 -0.4457 0.6102, -0.7559 0.4284 0.6102, -0.5078 -0.4457 0.6102, -0.5078 0.4284 0.6102, -0.4409 -0.4457 0.6102, -0.4409 0.4284 0.6102, -1.6948 -0.5441 0.2953, -1.6948 -0.5441 0.5512, -1.6948 -0.426 0.1772, -1.5334 -0.111 0.1772, -1.6948 -0.111 0.1772, -1.5334 -0.6228 0.5512, -1.5334 0.2906 0.5512, -1.5334 0.2906 0.374, -1.5334 -0.111 0.0984, -1.5334 -0.6228 0.0984, -1.62 0.2906 0.374, -1.62 0.2906 0.5512, -0.2775 -0.6031 0.1378, -0.3563 -0.6031 0.1378, -0.2775 -0.6425 0.0984, -0.3563 -0.6425 0.0984, -0.5078 -0.2169 0.1378, -0.5925 -0.2169 0.1378, -0.5925 -0.3394 0.0827, -0.3563 -0.3394 0.0827, -0.4409 -0.2169 0.1378, -0.3563 -0.2169 0.1378, -0.2775 -0.6425 0.0433, -0.3563 -0.6425 0.0433, -0.4409 0.3142 0.0591, -0.5078 0.3142 0.0591, -0.5275 0.389 0.0591, -0.5078 0.3693 0.0591, -0.7362 0.389 0.0591, -0.7559 0.3693 0.0591, -0.7559 0.3142 0.0591, -0.8228 0.3142 0.0591, -0.8425 0.389 0.0591, -0.8228 0.3693 0.0591, -1.0511 0.389 0.0591, -1.0708 0.3693 0.0591, -1.0708 0.3142 0.0591, -1.1378 0.3142 0.0591, -1.1378 0.3693 0.0591, -1.1574 0.389 0.0591, -1.4389 0.389 0.0591, -1.3523 0.389 0.2756, -1.4389 0.2906 0.0591, -1.6948 -0.111 0.0197, -1.4744 -0.111 0.0984, -1.4744 -0.111 0.0197, -1.4744 -0.6425 0.0197, -1.4744 -0.6425 0.0984, -1.5137 -0.6425 0.0984, -1.5137 -0.6425 0.5512, -1.6948 -0.6425 0.5512, -1.1948 -0.6425 0.5787, -1.2145 -0.6425 0.5984, -1.1948 -0.2409 0.5787, -1.2145 -0.2409 0.5984, -1.3523 -0.2409 0.5984, -1.3523 -0.6425 0.5984, -1.4389 -0.6031 0.4646, -1.3523 -0.6031 0.4646, -1.4783 -0.6425 0.5039, -1.3523 -0.6425 0.5039, -1.4783 -0.6425 0.2717, -1.3917 -0.6425 0.2717, -1.6948 0.2512 0.0197, 1.691 0.2512 0.0197, 1.4705 -0.111 0.0197, 1.691 -0.111 0.0197, 1.4705 -0.6425 0.0197, -0.4409 -0.4457 0.5512, -0.4409 0.4284 0.5512, -0.5078 -0.4457 0.5512, -0.5078 0.4284 0.5512, -0.7559 0.4284 0.5512, -0.7559 -0.4457 0.5512, -0.8228 -0.4457 0.5512, -0.8228 0.4284 0.5512, -1.0708 -0.4457 0.5512, -1.0708 0.4284 0.5512, -1.1378 -0.4457 0.5512, -1.1378 0.4284 0.5512, -1.3523 -0.2409 0.5512, -1.1948 -0.2409 0.5512, -1.1948 -0.6425 0.5512, -0.4409 0.3693 0.2756, -0.4212 0.389 0.2756, -0.4055 0.389 0.2756, -0.4212 0.389 0.0591, -0.4409 0.3693 0.0591, 0.1221 0.3693 0.0591, 0.1221 0.3142 0.0591, -0.1259 0.3142 0.0591, 1.1536 0.389 0.0591, 1.4351 0.389 0.0591, 1.4351 0.2906 0.0591, -0.2126 0.389 0.0591, -0.1929 0.3693 0.0591, 0.1024 0.389 0.0591, -0.1063 0.389 0.0591, -0.1259 0.3693 0.0591, 0.189 0.3693 0.0591, 0.2087 0.389 0.0591, 0.189 0.3142 0.0591, 0.4174 0.389 0.0591, 0.504 0.3142 0.0591, 0.437 0.3142 0.0591, 0.437 0.3693 0.0591, -0.1929 0.3142 0.0591, 0.504 0.3693 0.0591, 0.5237 0.389 0.0591, 0.8189 0.3142 0.0591, 0.752 0.3142 0.0591, 0.752 0.3693 0.0591, 0.7323 0.389 0.0591, 1.067 0.3693 0.0591, 1.067 0.3142 0.0591, 1.0473 0.389 0.0591, 0.8189 0.3693 0.0591, 0.8386 0.389 0.0591, 1.1339 0.3693 0.0591, 1.1339 0.3142 0.0591, -1.3917 -0.6425 0.0433, -1.3523 -0.6031 0.0695, -0.4409 0.0937 0.1378, -0.4409 0.0937 0.2165, -0.5078 0.0937 0.2165, -0.5078 0.0937 0.1378, -0.7559 0.0937 0.1378, -0.7559 0.0937 0.2165, -0.8228 0.0937 0.2165, -0.8228 0.0937 0.1378, -1.0708 0.0937 0.1378, -1.0708 0.0937 0.2165, -1.1378 0.0937 0.2165, -1.1378 0.0937 0.1378, -1.2224 0.0937 0.1378, -1.2224 0.0937 0.0827, -1.3523 0.0937 0.0827, -1.3523 -0.5835 0.0827, -0.9862 -0.5835 0.0827, -1.0059 0.448 0.6772, -1.2027 0.448 0.6772, -1.1043 0.2776 0.6772, -1.4389 0.2906 0.3307, -1.4389 0.448 0.3307, -1.3956 0.448 0.3307, -1.3956 0.0937 0.3307, -1.4389 0.0937 0.3307, -1.3523 0.448 0.3307, -1.3523 0.0937 0.3307, -1.3523 0.448 0.2756, -1.1929 0.448 0.2756, -1.1732 0.4284 0.2756, -1.1929 0.448 0.5709, -1.1732 0.4284 0.5512, -1.1574 0.448 0.5709, -1.1574 0.448 0.6299, -1.0511 0.448 0.6299, -1.0511 0.448 0.5709, -1.0354 0.4284 0.5512, -1.0157 0.448 0.5709, -1.0354 0.4284 0.2756, -1.0157 0.448 0.2756, -0.8779 0.448 0.2756, -0.8582 0.4284 0.2756, -0.8779 0.448 0.5709, -0.8582 0.4284 0.5512, -0.8425 0.448 0.5709, -0.8425 0.448 0.6299, -0.7362 0.448 0.6299, -0.7362 0.448 0.5709, -0.7204 0.4284 0.5512, -0.7007 0.448 0.5709, -0.7204 0.4284 0.2756, -0.7007 0.448 0.2756, -0.563 0.448 0.2756, -0.5433 0.4284 0.2756, -0.563 0.448 0.5709, -0.5433 0.4284 0.5512, -0.5275 0.448 0.5709, -0.5275 0.448 0.6299, -0.4212 0.448 0.6299, -0.4212 0.448 0.5709, -0.4055 0.4284 0.5512, -0.3858 0.448 0.5709, -0.4055 0.4284 0.2756, -0.3858 0.448 0.2756, -0.248 0.448 0.2756, -0.2283 0.4284 0.2756, -0.2283 0.389 0.2756, -1.6948 -0.6425 0.689, -1.6948 0.2906 0.689, -1.6948 0.2906 0.0591, -1.4389 0.2906 0.689, -1.4389 0.448 0.689, -1.2027 0.448 0.689, -1.1043 0.2776 0.689, -1.0059 0.448 0.689, 0.5591 0.448 0.5709, 0.5237 0.448 0.5709, 0.5237 0.448 0.6299, 1.189 0.448 0.5709, 1.1536 0.448 0.5709, 1.1536 0.448 0.6299, 1.0473 0.448 0.6299, 1.0473 0.448 0.5709, 1.0119 0.448 0.5709, 1.0119 0.448 0.2756, 0.8741 0.448 0.2756, 0.8741 0.448 0.5709, 1.3485 0.448 0.2756, 1.189 0.448 0.2756, 1.3485 0.448 0.3307, 1.3918 0.448 0.3307, 1.4351 0.448 0.689, 1.4351 0.448 0.3307, -0.1063 0.448 0.5709, -0.1063 0.448 0.6299, -0.0708 0.448 0.5709, 0.067 0.448 0.5709, -0.0708 0.448 0.2756, 0.067 0.448 0.2756, 0.2441 0.448 0.5709, 0.2087 0.448 0.5709, 0.2087 0.448 0.6299, 0.6969 0.448 0.2756, 0.5591 0.448 0.2756, 0.6969 0.448 0.5709, 0.4174 0.448 0.6299, 0.4174 0.448 0.5709, 0.3819 0.448 0.5709, -0.248 0.448 0.5709, -0.2126 0.448 0.6299, -0.2126 0.448 0.5709, 0.7323 0.448 0.6299, 0.7323 0.448 0.5709, 0.8386 0.448 0.5709, 0.8386 0.448 0.6299, 0.3819 0.448 0.2756, 0.2441 0.448 0.2756, 0.1024 0.448 0.6299, 0.1024 0.448 0.5709, 1.3878 -0.6425 0.0433, 1.5099 -0.6425 0.5512, 1.691 -0.6425 0.5512, 1.691 -0.6425 0.689, 1.3485 -0.6425 0.5984, 1.3485 -0.6425 0.5039, 1.4744 -0.6425 0.5039, 1.191 -0.6425 0.5512, 1.2107 -0.6425 0.5984, 1.4744 -0.6425 0.2717, 1.3878 -0.6425 0.2717, 1.4705 -0.6425 0.0984, 1.5099 -0.6425 0.0984, 1.191 -0.6425 0.5787, 1.4351 0.2906 0.689, 1.691 0.2906 0.689, -1.4389 0.0937 0.4646, -1.3523 0.0937 0.4646, -1.3523 0.0937 0.5512, -1.1732 0.0937 0.5512, -1.1732 0.0937 0.3937, -1.0354 0.0937 0.3937, -1.0354 0.0937 0.5512, -0.8582 0.0937 0.5512, -0.8582 0.0937 0.3937, -0.7204 0.0937 0.3937, -0.7204 0.0937 0.5512, -0.5433 0.0937 0.5512, -0.5433 0.0937 0.3937, -0.4055 0.0937 0.3937, -0.4055 0.0937 0.5512, -0.1929 -0.4457 0.5512, -0.1259 -0.4457 0.5512, -0.2283 0.0937 0.5512, -0.2283 0.4284 0.5512, -0.1929 0.4284 0.5512, -0.1259 0.4284 0.5512, -0.0905 0.0937 0.5512, -0.0905 0.4284 0.5512, 0.0867 0.4284 0.5512, 0.1221 0.4284 0.5512, 0.0867 0.0937 0.5512, 0.1221 -0.4457 0.5512, 0.437 -0.4457 0.5512, 0.504 -0.4457 0.5512, 0.4016 0.0937 0.5512, 0.189 -0.4457 0.5512, 0.2244 0.0937 0.5512, 0.189 0.4284 0.5512, 0.2244 0.4284 0.5512, 0.4016 0.4284 0.5512, 0.437 0.4284 0.5512, 0.504 0.4284 0.5512, 0.5394 0.0937 0.5512, 0.5394 0.4284 0.5512, 0.7166 0.4284 0.5512, 0.752 0.4284 0.5512, 0.7166 0.0937 0.5512, 0.752 -0.4457 0.5512, 1.0315 0.4284 0.5512, 1.067 0.4284 0.5512, 1.0315 0.0937 0.5512, 1.067 -0.4457 0.5512, 0.8544 0.0937 0.5512, 1.1339 -0.4457 0.5512, 1.1339 0.4284 0.5512, 1.1693 0.0937 0.5512, 1.1693 0.4284 0.5512, 0.8189 -0.4457 0.5512, 1.3485 0.0937 0.5512, 1.3485 -0.2409 0.5512, 1.191 -0.2409 0.5512, 0.8189 0.4284 0.5512, 0.8544 0.4284 0.5512, -0.2775 -0.2169 0.1378, -0.1929 -0.2169 0.1378, -0.1929 0.0937 0.1378, 1.2185 0.0937 0.1378, 1.4351 0.0937 0.4646, 1.3485 0.0937 0.4646, 1.2185 0.0937 0.0827, 1.3485 0.0937 0.0827, 1.1693 0.0937 0.3937, 1.3485 0.0937 0.252, 1.3485 0.0937 0.3307, 1.3918 0.0937 0.3307, 1.4351 0.0937 0.3307, -0.1929 0.0937 0.2165, 0.4016 0.0937 0.3937, 1.067 0.0937 0.1378, 1.067 0.0937 0.2165, 0.8189 0.0937 0.1378, 0.8189 0.0937 0.2165, -0.2283 0.0937 0.3937, 0.0867 0.0937 0.3937, 1.1339 0.0937 0.1378, 1.1339 0.0937 0.2165, 1.0315 0.0937 0.3937, 0.1221 0.0937 0.1378, 0.1221 0.0937 0.2165, -0.0905 0.0937 0.3937, 0.437 0.0937 0.1378, 0.437 0.0937 0.2165, 0.2244 0.0937 0.3937, 0.504 0.0937 0.2165, 0.752 0.0937 0.1378, 0.504 0.0937 0.1378, -0.1259 0.0937 0.2165, -0.1259 0.0937 0.1378, 0.189 0.0937 0.2165, 0.189 0.0937 0.1378, 0.7166 0.0937 0.3937, 0.5394 0.0937 0.3937, 0.752 0.0937 0.2165, 0.8544 0.0937 0.3937, -0.9862 -0.6425 0.0433, -0.9074 -0.6425 0.0433, -0.9074 -0.5835 0.0827, -0.6712 -0.5835 0.0827, -0.6712 -0.6425 0.0433, -0.5925 -0.6425 0.0433, -0.5925 -0.5835 0.0827, -0.3563 -0.5835 0.0827, -0.3563 -0.6425 0.0433, -0.2775 -0.6425 0.0433, 0.5886 -0.6425 0.0433, 0.5886 -0.5835 0.0827, 0.3524 -0.5835 0.0827, -0.0413 -0.6425 0.0433, -0.0413 -0.5835 0.0827, -0.2775 -0.5835 0.0827, 1.3485 -0.5835 0.0827, 0.9823 -0.5835 0.0827, 1.3485 -0.6031 0.0695, 0.9823 -0.6425 0.0433, 0.9036 -0.6425 0.0433, 0.3524 -0.6425 0.0433, 0.2737 -0.6425 0.0433, 0.6674 -0.6425 0.0433, 0.6674 -0.5835 0.0827, 0.9036 -0.5835 0.0827, 0.0374 -0.6425 0.0433, 0.0374 -0.5835 0.0827, 0.2737 -0.5835 0.0827, -0.2126 0.389 0.2756, 1.691 0.2906 0.0591, 0.1221 0.3142 0.0984, 0.1221 0.2945 0.1181, 0.189 0.3142 0.0984, 0.189 0.2945 0.1181, 0.189 -0.2606 0.1181, 0.1221 -0.2606 0.1181, 0.189 0.3142 0.2362, 0.189 0.2945 0.2165, 0.1221 0.3142 0.2362, 0.1221 0.2945 0.2165, 0.0867 0.3142 0.374, 0.0867 0.2945 0.3937, 0.2244 0.3142 0.374, 0.2244 0.2945 0.3937, 0.1221 0.3142 0.2756, 0.0867 0.3142 0.2756, 0.2244 0.3142 0.2756, 0.189 0.3142 0.2756, 0.189 0.4284 0.6102, 0.189 -0.4457 0.6102, 0.1221 0.4284 0.6102, 0.1221 -0.4457 0.6102, 0.3524 -0.6031 0.1378, 0.2737 -0.6031 0.1378, 0.3524 -0.6425 0.0984, 0.2737 -0.6425 0.0984, 0.3524 -0.6425 0.0433, 0.2737 -0.6425 0.0433, 0.1221 -0.2169 0.1378, 0.0374 -0.2169 0.1378, 0.0374 -0.3394 0.0827, 0.2737 -0.3394 0.0827, 0.189 -0.2169 0.1378, 0.2737 -0.2169 0.1378, -0.0413 -0.6425 0.0984, 0.0374 -0.6425 0.0984, -0.0413 -0.6031 0.1378, 0.0374 -0.6031 0.1378, -0.0413 -0.6425 0.0433, 0.0374 -0.6425 0.0433, 0.189 0.3693 0.2756, 0.2087 0.389 0.2756, 0.2244 0.389 0.2756, 0.4174 0.389 0.2756, 0.4016 0.389 0.2756, 0.1221 0.3693 0.2756, 0.1024 0.389 0.2756, 0.0867 0.389 0.2756, -0.0905 0.389 0.2756, -0.0905 0.4284 0.2756, 0.0867 0.4284 0.2756, 0.2244 0.4284 0.2756, 0.4016 0.4284 0.2756, -0.1063 0.389 0.2756, 0.3524 -0.2169 0.1378, 0.437 -0.2169 0.1378, -0.1259 -0.2169 0.1378, -0.0413 -0.2169 0.1378, 0.437 0.3142 0.0984, 0.437 0.2945 0.1181, 0.504 0.3142 0.0984, 0.504 0.2945 0.1181, 0.504 -0.2606 0.1181, 0.437 -0.2606 0.1181, 0.504 0.3142 0.2362, 0.504 0.2945 0.2165, 0.437 0.3142 0.2362, 0.437 0.2945 0.2165, 0.4016 0.3142 0.374, 0.4016 0.2945 0.3937, 0.5394 0.3142 0.374, 0.5394 0.2945 0.3937, 0.437 0.3142 0.2756, 0.4016 0.3142 0.2756, 0.5394 0.3142 0.2756, 0.504 0.3142 0.2756, 0.504 0.4284 0.6102, 0.504 -0.4457 0.6102, 0.437 0.4284 0.6102, 0.437 -0.4457 0.6102, 0.6674 -0.6031 0.1378, 0.5886 -0.6031 0.1378, 0.6674 -0.6425 0.0984, 0.5886 -0.6425 0.0984, 0.6674 -0.6425 0.0433, 0.5886 -0.6425 0.0433, 0.3524 -0.3394 0.0827, 0.5886 -0.3394 0.0827, 0.504 -0.2169 0.1378, 0.5886 -0.2169 0.1378, 0.504 0.3693 0.2756, 0.5237 0.389 0.2756, 0.5394 0.389 0.2756, 0.7323 0.389 0.2756, 0.7166 0.389 0.2756, 0.437 0.3693 0.2756, 0.5394 0.4284 0.2756, 0.7166 0.4284 0.2756, 0.6674 -0.2169 0.1378, 0.752 -0.2169 0.1378, 1.3485 -0.3984 0.252, 1.3485 -0.4772 0.311, 1.3918 -0.3984 0.252, 1.4351 -0.4772 0.311, 1.4351 -0.3984 0.252, 1.4351 0.2906 0.252, 1.4351 0.389 0.252, 1.3918 0.389 0.252, 1.3485 0.389 0.252, 1.3485 0.389 0.2756, 1.4351 0.2906 0.3307, 1.1339 -0.2169 0.1378, 1.2185 -0.2169 0.1378, 0.752 -0.2606 0.1181, 0.6674 -0.3394 0.0827, 0.8189 -0.2606 0.1181, 0.9036 -0.3394 0.0827, 0.8189 -0.2169 0.1378, 0.9036 -0.2169 0.1378, 1.2185 -0.3394 0.0827, 1.067 -0.2169 0.1378, 0.9823 -0.2169 0.1378, 1.067 -0.2606 0.1181, 0.9823 -0.3394 0.0827, 1.1339 -0.2606 0.1181, 0.9823 -0.6425 0.0984, 0.9823 -0.6031 0.1378, 0.9036 -0.6425 0.0984, 0.9036 -0.6031 0.1378, 0.9036 -0.6425 0.0433, 0.9823 -0.6425 0.0433, 1.067 0.3142 0.0984, 1.067 0.2945 0.1181, 1.1339 0.3142 0.0984, 1.1339 0.2945 0.1181, 0.752 0.3142 0.0984, 0.752 0.2945 0.1181, 0.8189 0.3142 0.0984, 0.8189 0.2945 0.1181, 0.8189 0.3142 0.2362, 0.8189 0.2945 0.2165, 0.752 0.3142 0.2362, 0.752 0.2945 0.2165, 0.7166 0.3142 0.374, 0.7166 0.2945 0.3937, 0.8544 0.3142 0.374, 0.8544 0.2945 0.3937, 0.752 0.3693 0.2756, 0.8189 0.3693 0.2756, 0.8386 0.389 0.2756, 0.8544 0.4284 0.2756, 0.8189 0.4284 0.6102, 0.752 0.4284 0.6102, 1.1339 0.3142 0.2362, 1.1339 0.2945 0.2165, 1.067 0.3142 0.2362, 1.067 0.2945 0.2165, 1.0315 0.3142 0.374, 1.0315 0.2945 0.3937, 1.1693 0.3142 0.374, 1.1693 0.2945 0.3937, 1.067 0.3693 0.2756, 1.0473 0.389 0.2756, 1.1536 0.389 0.2756, 1.1339 0.3693 0.2756, 1.1693 0.4284 0.2756, 1.1339 0.4284 0.6102, 1.067 0.4284 0.6102, 1.0315 0.4284 0.2756, 0.752 -0.4457 0.6102, 0.8189 -0.4457 0.6102, 0.8544 0.389 0.2756, 0.8544 0.3142 0.2756, 0.7166 0.3142 0.2756, 0.752 0.3142 0.2756, 0.8189 0.3142 0.2756, 1.1693 0.3142 0.2756, 1.1339 0.3142 0.2756, 1.0315 0.3142 0.2756, 1.067 0.3142 0.2756, 1.1693 0.389 0.2756, 1.0315 0.389 0.2756, 1.067 -0.4457 0.6102, 1.1339 -0.4457 0.6102, 1.3485 -0.6031 0.311, 1.4351 -0.6031 0.311, 1.3485 -0.6031 0.4646, 1.4351 -0.6031 0.4646, 1.3485 -0.2409 0.5984, 1.191 -0.2409 0.5787, 1.2107 -0.2409 0.5984, 1.6162 0.2906 0.374, 1.5296 0.2906 0.374, 1.5296 0.2906 0.5512, 1.6162 0.2906 0.5512, 1.6359 -0.5441 0.5512, 1.6162 -0.5244 0.5512, 1.6359 -0.5441 0.2953, 1.6162 -0.5244 0.3034, 1.6359 -0.426 0.1772, 1.6162 -0.3981 0.1772, 1.5296 -0.6228 0.5512, 1.5296 -0.6228 0.0984, 1.5296 -0.3669 0.2165, 1.5296 -0.3276 0.1772, 1.6162 -0.3669 0.2165, 1.6162 -0.3276 0.1772, 1.6162 -0.3669 0.3346, 1.6162 -0.3276 0.374, 1.5296 -0.3669 0.3346, 1.5296 -0.3276 0.374, 1.5296 -0.111 0.0984, 1.4705 -0.111 0.0984, 1.5296 -0.111 0.1772, 1.691 -0.426 0.1772, 1.691 -0.111 0.1772, 1.691 -0.5441 0.2953, 1.691 -0.5441 0.5512, -0.1929 0.3142 0.0984, -0.1929 0.2945 0.1181, -0.1259 0.3142 0.0984, -0.1259 0.2945 0.1181, -0.1259 -0.2606 0.1181, -0.1929 -0.2606 0.1181, -0.1259 0.3142 0.2362, -0.1259 0.2945 0.2165, -0.1929 0.3142 0.2362, -0.1929 0.2945 0.2165, -0.2283 0.3142 0.374, -0.2283 0.2945 0.3937, -0.0905 0.3142 0.374, -0.0905 0.2945 0.3937, -0.1929 0.3142 0.2756, -0.2283 0.3142 0.2756, -0.0905 0.3142 0.2756, -0.1259 0.3142 0.2756, -0.1259 0.4284 0.6102, -0.1259 -0.4457 0.6102, -0.1929 0.4284 0.6102, -0.1929 -0.4457 0.6102, -0.2775 -0.3394 0.0827, -0.0413 -0.3394 0.0827, -0.1259 0.3693 0.2756, -0.1929 0.3693 0.2756
            ]
        }
        coordIndex [
            0,1,2,-1,2,1,3,-1,4,3,5,-1,5,3,1,-1,6,4,7,-1,7,4,5,-1,8,9,10,-1,10,9,11,-1,12,13,8,-1,8,13,9,-1,14,15,16,-1,16,15,17,-1,18,19,20,-1,20,19,21,-1,22,23,24,-1,24,23,25,-1,22,24,26,-1,26,24,27,-1,28,29,30,-1,30,29,31,-1,20,32,18,-1,18,32,33,-1,34,35,36,-1,36,35,37,-1,34,36,38,-1,38,36,39,-1,40,41,42,-1,42,41,43,-1,44,45,39,-1,39,45,46,-1,39,46,38,-1,38,46,47,-1,38,47,48,-1,48,47,49,-1,16,50,14,-1,14,50,51,-1,52,53,54,-1,54,53,55,-1,56,52,57,-1,57,52,54,-1,58,59,60,-1,60,59,61,-1,62,63,57,-1,57,63,64,-1,57,64,56,-1,56,64,65,-1,56,65,66,-1,66,65,67,-1,68,69,70,-1,70,69,71,-1,70,71,72,-1,69,73,71,-1,71,73,74,-1,75,76,77,-1,77,76,78,-1,77,78,79,-1,80,81,82,-1,82,81,83,-1,75,77,83,-1,81,84,85,-1,61,59,85,-1,85,59,75,-1,85,75,81,-1,81,75,83,-1,86,87,84,-1,84,87,88,-1,84,88,85,-1,89,90,91,-1,91,90,92,-1,91,92,93,-1,94,95,96,-1,96,95,97,-1,95,98,97,-1,97,98,99,-1,92,97,93,-1,93,97,99,-1,93,99,41,-1,41,99,43,-1,100,99,101,-1,101,99,98,-1,101,98,102,-1,103,104,105,-1,105,104,106,-1,105,106,107,-1,108,109,110,-1,110,109,111,-1,109,112,111,-1,111,112,113,-1,105,111,103,-1,103,111,113,-1,103,113,29,-1,29,113,31,-1,114,115,116,-1,70,72,114,-1,116,117,118,-1,114,116,70,-1,70,116,118,-1,70,118,68,-1,119,120,121,-1,121,120,122,-1,123,124,125,-1,125,124,126,-1,127,128,129,-1,129,128,130,-1,131,9,132,-1,132,9,13,-1,133,11,131,-1,131,11,9,-1,7,10,11,-1,134,6,135,-1,135,6,7,-1,135,7,133,-1,133,7,11,-1,136,137,138,-1,134,139,6,-1,6,139,140,-1,138,2,136,-1,136,2,3,-1,136,3,140,-1,140,3,4,-1,140,4,6,-1,0,2,141,-1,141,2,138,-1,141,142,0,-1,0,142,12,-1,0,12,1,-1,1,12,8,-1,1,8,5,-1,5,8,10,-1,5,10,7,-1,143,144,145,-1,145,144,146,-1,147,148,27,-1,27,148,149,-1,27,149,26,-1,26,149,150,-1,26,150,151,-1,151,150,152,-1,145,146,153,-1,153,146,154,-1,23,155,25,-1,25,155,156,-1,106,104,157,-1,157,104,158,-1,107,106,157,-1,107,157,102,-1,102,157,159,-1,102,159,101,-1,159,160,101,-1,101,160,100,-1,35,161,37,-1,37,161,162,-1,89,91,163,-1,163,91,164,-1,90,89,163,-1,90,163,86,-1,86,163,165,-1,86,165,87,-1,165,166,87,-1,87,166,88,-1,53,167,55,-1,55,167,168,-1,169,170,76,-1,76,170,78,-1,115,170,116,-1,116,170,171,-1,116,171,117,-1,115,172,170,-1,170,172,79,-1,170,79,78,-1,117,171,118,-1,118,171,173,-1,134,135,139,-1,139,135,174,-1,139,174,175,-1,175,174,176,-1,176,177,175,-1,175,177,178,-1,140,139,179,-1,179,139,175,-1,179,175,178,-1,180,136,179,-1,179,136,140,-1,180,181,136,-1,136,181,132,-1,142,137,12,-1,12,137,136,-1,12,136,13,-1,13,136,132,-1,182,183,184,-1,184,183,185,-1,186,185,187,-1,187,185,183,-1,188,189,190,-1,190,189,191,-1,192,73,190,-1,190,73,188,-1,193,74,192,-1,192,74,73,-1,194,195,196,-1,196,195,197,-1,174,194,176,-1,176,194,196,-1,176,196,177,-1,177,196,198,-1,129,130,199,-1,199,130,200,-1,129,199,127,-1,127,199,201,-1,201,202,127,-1,127,202,128,-1,126,203,125,-1,125,203,204,-1,125,204,123,-1,123,204,205,-1,205,206,123,-1,123,206,124,-1,121,122,207,-1,207,122,208,-1,121,207,119,-1,119,207,209,-1,209,210,119,-1,119,210,120,-1,185,186,184,-1,184,186,211,-1,184,211,212,-1,213,182,212,-1,212,182,184,-1,214,113,215,-1,215,113,112,-1,215,112,216,-1,217,218,215,-1,215,218,214,-1,163,164,162,-1,173,171,170,-1,157,158,156,-1,219,220,221,-1,167,166,165,-1,222,223,224,-1,161,160,159,-1,167,173,168,-1,168,173,170,-1,168,170,169,-1,217,225,226,-1,227,219,228,-1,228,219,221,-1,228,221,229,-1,230,231,232,-1,232,231,233,-1,155,218,217,-1,234,224,235,-1,235,224,232,-1,235,232,236,-1,236,232,233,-1,165,163,167,-1,167,163,162,-1,167,162,173,-1,173,162,161,-1,159,157,161,-1,161,157,156,-1,161,156,173,-1,173,156,155,-1,217,226,155,-1,155,226,237,-1,155,237,173,-1,173,237,221,-1,173,221,224,-1,224,221,220,-1,224,220,232,-1,234,238,239,-1,240,224,241,-1,241,224,234,-1,241,234,242,-1,242,234,239,-1,242,239,243,-1,244,245,246,-1,246,245,247,-1,246,247,248,-1,249,222,250,-1,250,222,224,-1,250,224,245,-1,245,224,240,-1,245,240,247,-1,193,251,74,-1,74,251,252,-1,22,26,253,-1,253,26,151,-1,113,214,31,-1,31,214,218,-1,31,218,30,-1,253,254,22,-1,22,254,30,-1,22,30,23,-1,23,30,218,-1,23,218,155,-1,255,28,254,-1,254,28,30,-1,28,158,29,-1,29,158,104,-1,29,104,103,-1,28,255,256,-1,147,27,256,-1,256,27,24,-1,256,24,28,-1,28,24,25,-1,28,25,158,-1,158,25,156,-1,148,147,256,-1,257,48,49,-1,33,32,49,-1,49,32,148,-1,49,148,257,-1,257,148,256,-1,34,38,257,-1,257,38,48,-1,99,100,43,-1,43,100,160,-1,43,160,42,-1,257,258,34,-1,34,258,42,-1,34,42,35,-1,35,42,160,-1,35,160,161,-1,259,40,258,-1,258,40,42,-1,162,164,37,-1,37,164,91,-1,40,259,260,-1,44,39,260,-1,260,39,36,-1,260,36,40,-1,40,36,37,-1,40,37,41,-1,41,37,91,-1,41,91,93,-1,45,44,260,-1,261,66,67,-1,51,50,67,-1,67,50,45,-1,67,45,261,-1,261,45,260,-1,52,56,261,-1,261,56,66,-1,85,88,61,-1,61,88,166,-1,61,166,60,-1,261,262,52,-1,52,262,60,-1,52,60,53,-1,53,60,166,-1,53,166,167,-1,263,58,262,-1,262,58,60,-1,58,169,59,-1,59,169,76,-1,59,76,75,-1,58,263,264,-1,62,57,264,-1,264,57,54,-1,264,54,58,-1,58,54,55,-1,58,55,169,-1,169,55,168,-1,62,264,63,-1,63,264,265,-1,64,63,266,-1,266,63,265,-1,266,267,64,-1,64,267,268,-1,64,268,65,-1,65,268,269,-1,267,114,268,-1,268,114,72,-1,72,71,268,-1,268,71,74,-1,268,74,252,-1,270,271,272,-1,273,274,275,-1,276,277,273,-1,273,275,276,-1,276,275,278,-1,276,278,279,-1,278,280,172,-1,115,114,172,-1,172,114,279,-1,172,279,278,-1,280,281,172,-1,172,281,282,-1,172,282,79,-1,283,284,281,-1,281,284,282,-1,284,283,210,-1,210,283,285,-1,210,285,120,-1,120,285,286,-1,120,286,122,-1,122,286,287,-1,122,287,208,-1,208,287,288,-1,208,288,289,-1,289,288,290,-1,289,290,291,-1,291,290,292,-1,90,86,291,-1,291,292,90,-1,90,292,293,-1,90,293,294,-1,295,296,293,-1,293,296,294,-1,296,295,206,-1,206,295,297,-1,206,297,124,-1,124,297,298,-1,124,298,126,-1,126,298,299,-1,299,300,126,-1,126,300,203,-1,203,300,301,-1,301,300,302,-1,301,302,303,-1,303,302,304,-1,305,306,304,-1,304,306,107,-1,304,107,303,-1,303,107,102,-1,307,308,305,-1,305,308,306,-1,308,307,202,-1,202,307,309,-1,202,309,128,-1,128,309,310,-1,128,310,130,-1,130,310,311,-1,130,311,200,-1,200,311,312,-1,200,312,313,-1,313,312,314,-1,313,314,315,-1,315,314,316,-1,317,318,319,-1,316,317,315,-1,315,317,319,-1,315,319,216,-1,181,320,132,-1,132,320,321,-1,132,321,131,-1,194,174,322,-1,322,174,135,-1,322,135,321,-1,321,135,133,-1,321,133,131,-1,118,173,322,-1,273,138,323,-1,323,138,137,-1,323,137,321,-1,273,118,138,-1,138,118,322,-1,138,322,141,-1,141,322,321,-1,141,321,142,-1,142,321,137,-1,273,323,274,-1,274,323,324,-1,325,326,271,-1,271,326,272,-1,326,327,272,-1,272,327,270,-1,328,329,330,-1,331,332,333,-1,302,300,299,-1,334,335,336,-1,337,338,336,-1,336,338,339,-1,336,339,334,-1,340,341,342,-1,342,341,331,-1,342,331,343,-1,344,345,343,-1,346,347,348,-1,348,347,349,-1,348,349,350,-1,350,349,351,-1,352,353,354,-1,355,356,357,-1,357,356,328,-1,343,331,344,-1,344,331,333,-1,344,333,334,-1,358,359,360,-1,314,312,311,-1,361,317,316,-1,307,305,304,-1,362,363,361,-1,299,298,327,-1,310,309,307,-1,328,330,357,-1,357,330,364,-1,357,364,365,-1,304,302,307,-1,307,302,299,-1,307,299,310,-1,310,299,327,-1,310,327,311,-1,298,297,327,-1,327,297,295,-1,327,295,270,-1,339,366,334,-1,334,366,367,-1,334,367,344,-1,344,367,364,-1,344,364,327,-1,327,364,330,-1,327,330,358,-1,285,283,271,-1,271,283,324,-1,271,324,325,-1,281,280,283,-1,283,280,278,-1,283,278,324,-1,324,278,275,-1,324,275,274,-1,316,314,361,-1,361,314,311,-1,361,311,362,-1,362,311,327,-1,362,327,347,-1,270,295,290,-1,290,295,293,-1,290,293,292,-1,290,288,270,-1,270,288,287,-1,270,287,271,-1,271,287,286,-1,271,286,285,-1,368,369,360,-1,360,369,352,-1,360,352,358,-1,358,352,354,-1,358,354,327,-1,327,354,370,-1,327,370,347,-1,347,370,371,-1,347,371,349,-1,198,372,251,-1,190,180,192,-1,192,180,179,-1,192,179,193,-1,193,179,178,-1,193,178,251,-1,251,178,177,-1,251,177,198,-1,320,181,180,-1,373,374,375,-1,376,377,378,-1,182,213,379,-1,320,380,375,-1,375,380,376,-1,375,376,373,-1,373,376,378,-1,373,378,381,-1,372,198,382,-1,382,198,383,-1,382,383,381,-1,381,383,384,-1,381,384,373,-1,190,191,180,-1,180,191,187,-1,180,187,320,-1,320,187,183,-1,320,183,380,-1,380,183,182,-1,380,182,385,-1,385,182,379,-1,320,375,386,-1,386,375,387,-1,325,324,326,-1,326,324,323,-1,344,327,386,-1,386,327,326,-1,386,326,320,-1,320,326,323,-1,320,323,321,-1,68,118,277,-1,277,118,273,-1,188,73,69,-1,68,277,69,-1,69,277,388,-1,69,388,188,-1,389,189,388,-1,388,189,188,-1,189,389,211,-1,211,389,390,-1,189,211,191,-1,191,211,186,-1,191,186,187,-1,391,392,284,-1,284,392,82,-1,284,82,83,-1,83,77,284,-1,284,77,79,-1,284,79,282,-1,393,80,392,-1,392,80,82,-1,289,291,86,-1,393,394,80,-1,80,394,289,-1,80,289,81,-1,81,289,86,-1,81,86,84,-1,395,396,296,-1,296,396,96,-1,296,96,97,-1,97,92,296,-1,296,92,90,-1,296,90,294,-1,397,94,396,-1,396,94,96,-1,301,303,102,-1,397,398,94,-1,94,398,301,-1,94,301,95,-1,95,301,102,-1,95,102,98,-1,399,400,308,-1,308,400,110,-1,308,110,111,-1,111,105,308,-1,308,105,107,-1,308,107,306,-1,401,108,400,-1,400,108,110,-1,313,315,216,-1,401,402,108,-1,108,402,313,-1,108,313,109,-1,109,313,216,-1,109,216,112,-1,395,296,206,-1,212,211,390,-1,204,203,398,-1,398,203,301,-1,284,210,391,-1,391,210,209,-1,308,202,399,-1,399,202,201,-1,206,205,395,-1,395,205,207,-1,395,207,394,-1,394,207,208,-1,394,208,289,-1,390,391,212,-1,212,391,209,-1,212,209,213,-1,213,209,207,-1,213,207,379,-1,379,207,205,-1,379,205,204,-1,403,404,379,-1,405,199,402,-1,402,199,200,-1,402,200,313,-1,406,407,405,-1,405,407,403,-1,405,403,199,-1,199,403,379,-1,199,379,201,-1,201,379,204,-1,201,204,399,-1,399,204,398,-1,404,408,409,-1,409,408,410,-1,411,412,413,-1,413,412,414,-1,415,416,379,-1,417,418,419,-1,419,418,420,-1,419,420,421,-1,422,423,417,-1,417,423,415,-1,417,415,418,-1,418,415,379,-1,418,379,414,-1,414,379,404,-1,414,404,413,-1,413,404,409,-1,416,424,425,-1,425,424,426,-1,427,428,429,-1,429,428,430,-1,431,432,433,-1,433,432,434,-1,433,434,435,-1,436,437,438,-1,438,437,439,-1,425,429,416,-1,416,429,430,-1,416,430,379,-1,379,430,440,-1,441,442,438,-1,438,442,443,-1,438,443,436,-1,436,443,379,-1,436,379,434,-1,434,379,440,-1,434,440,435,-1,435,440,444,-1,435,444,445,-1,446,447,448,-1,253,151,152,-1,144,143,152,-1,152,143,446,-1,152,446,253,-1,253,446,448,-1,449,450,451,-1,449,452,453,-1,391,390,392,-1,392,390,389,-1,449,451,454,-1,454,451,441,-1,454,441,438,-1,453,455,449,-1,449,455,456,-1,449,456,450,-1,450,456,457,-1,450,457,458,-1,261,260,262,-1,262,260,259,-1,279,389,276,-1,276,389,388,-1,276,388,277,-1,396,395,394,-1,400,399,398,-1,393,256,255,-1,397,448,459,-1,460,417,419,-1,461,462,463,-1,463,462,464,-1,465,405,402,-1,466,413,409,-1,467,449,468,-1,468,449,454,-1,468,454,462,-1,462,454,469,-1,462,469,464,-1,264,263,265,-1,265,263,114,-1,265,114,266,-1,266,114,267,-1,257,256,258,-1,258,256,393,-1,258,393,259,-1,259,393,392,-1,259,392,262,-1,262,392,389,-1,262,389,263,-1,263,389,279,-1,263,279,114,-1,394,393,396,-1,396,393,255,-1,396,255,397,-1,397,255,254,-1,397,254,448,-1,448,254,253,-1,401,470,471,-1,472,473,474,-1,409,472,466,-1,466,472,474,-1,466,474,475,-1,475,474,476,-1,475,476,477,-1,477,476,478,-1,398,397,400,-1,400,397,459,-1,400,459,401,-1,401,459,479,-1,401,479,470,-1,470,479,480,-1,402,401,465,-1,465,401,471,-1,465,471,472,-1,472,471,481,-1,472,481,473,-1,473,481,482,-1,429,425,483,-1,483,425,484,-1,419,475,460,-1,460,475,477,-1,460,477,484,-1,484,477,485,-1,484,485,483,-1,483,485,464,-1,483,464,486,-1,486,464,469,-1,486,469,435,-1,435,469,433,-1,67,65,51,-1,51,65,269,-1,51,269,14,-1,14,269,487,-1,14,487,15,-1,17,15,488,-1,488,15,487,-1,46,45,489,-1,489,45,50,-1,489,50,488,-1,488,50,16,-1,488,16,17,-1,46,489,47,-1,47,489,490,-1,49,47,33,-1,33,47,490,-1,33,490,18,-1,18,490,491,-1,18,491,19,-1,21,19,492,-1,492,19,491,-1,149,148,493,-1,493,148,32,-1,493,32,492,-1,492,32,20,-1,492,20,21,-1,149,493,150,-1,150,493,494,-1,152,150,144,-1,144,150,494,-1,144,494,146,-1,146,494,495,-1,146,495,154,-1,153,154,496,-1,496,154,495,-1,497,498,499,-1,500,501,502,-1,491,490,489,-1,487,269,268,-1,494,493,495,-1,495,493,492,-1,268,252,487,-1,487,252,251,-1,487,251,488,-1,503,504,505,-1,505,504,506,-1,505,506,372,-1,372,506,507,-1,508,509,372,-1,499,508,497,-1,497,508,372,-1,497,372,510,-1,510,372,507,-1,510,507,511,-1,511,507,512,-1,489,488,491,-1,491,488,251,-1,491,251,492,-1,492,251,372,-1,492,372,495,-1,495,372,496,-1,502,496,500,-1,500,496,372,-1,500,372,513,-1,513,372,509,-1,513,509,514,-1,514,509,515,-1,516,225,319,-1,319,225,217,-1,319,217,216,-1,216,217,215,-1,224,517,195,-1,224,195,173,-1,173,195,194,-1,173,194,322,-1,518,519,520,-1,520,519,521,-1,522,521,523,-1,523,521,519,-1,524,525,526,-1,526,525,527,-1,528,529,530,-1,530,529,531,-1,532,533,528,-1,530,534,535,-1,524,526,535,-1,535,526,532,-1,535,532,530,-1,530,532,528,-1,536,537,538,-1,538,537,539,-1,540,541,542,-1,542,541,543,-1,542,543,544,-1,544,543,545,-1,546,547,523,-1,523,547,548,-1,523,548,522,-1,522,548,549,-1,522,549,550,-1,550,549,551,-1,552,553,554,-1,554,553,555,-1,556,557,552,-1,552,557,553,-1,558,535,559,-1,559,535,534,-1,559,534,560,-1,558,559,230,-1,230,559,231,-1,520,232,518,-1,518,232,220,-1,561,233,562,-1,562,233,231,-1,562,231,560,-1,560,231,559,-1,420,418,536,-1,536,418,537,-1,414,539,418,-1,418,539,537,-1,538,539,412,-1,412,539,414,-1,219,227,563,-1,563,227,564,-1,564,565,563,-1,563,565,533,-1,563,533,532,-1,565,566,567,-1,567,350,565,-1,565,350,351,-1,565,351,568,-1,349,411,351,-1,351,411,568,-1,371,412,349,-1,349,412,411,-1,370,538,371,-1,371,538,412,-1,354,536,370,-1,370,536,538,-1,353,420,354,-1,354,420,536,-1,352,421,353,-1,353,421,420,-1,421,352,569,-1,569,352,369,-1,369,368,569,-1,569,368,570,-1,569,570,560,-1,560,570,562,-1,564,227,565,-1,565,227,228,-1,565,228,566,-1,566,228,571,-1,572,573,473,-1,482,550,551,-1,541,540,551,-1,551,540,572,-1,551,572,482,-1,482,572,473,-1,521,522,482,-1,482,522,550,-1,535,558,524,-1,524,558,230,-1,524,230,525,-1,482,481,521,-1,521,481,525,-1,521,525,520,-1,520,525,230,-1,520,230,232,-1,525,481,527,-1,527,481,471,-1,220,219,518,-1,518,219,563,-1,527,471,470,-1,546,523,470,-1,470,523,519,-1,470,519,527,-1,527,519,518,-1,527,518,526,-1,526,518,563,-1,526,563,532,-1,480,574,470,-1,470,574,575,-1,546,470,547,-1,547,470,575,-1,547,575,555,-1,555,575,554,-1,413,466,411,-1,411,466,529,-1,411,529,528,-1,528,533,411,-1,411,533,565,-1,411,565,568,-1,529,466,531,-1,531,466,475,-1,421,569,560,-1,475,419,531,-1,531,419,421,-1,531,421,530,-1,530,421,560,-1,530,560,534,-1,500,513,556,-1,556,513,557,-1,548,547,514,-1,514,547,555,-1,514,555,513,-1,513,555,553,-1,513,553,557,-1,548,514,549,-1,549,514,515,-1,551,549,541,-1,541,549,515,-1,541,515,543,-1,543,515,509,-1,543,509,545,-1,544,545,508,-1,508,545,509,-1,576,577,578,-1,578,577,579,-1,580,579,581,-1,581,579,577,-1,582,583,584,-1,584,583,585,-1,586,587,588,-1,588,587,589,-1,590,591,586,-1,588,592,593,-1,582,584,593,-1,593,584,590,-1,593,590,588,-1,588,590,586,-1,594,595,596,-1,596,595,597,-1,598,599,600,-1,600,599,601,-1,600,601,602,-1,602,601,603,-1,573,572,581,-1,581,572,604,-1,581,604,580,-1,580,604,605,-1,580,605,606,-1,606,605,607,-1,608,593,609,-1,609,593,592,-1,609,592,610,-1,608,609,238,-1,238,609,239,-1,578,234,576,-1,576,234,235,-1,611,243,612,-1,612,243,239,-1,612,239,610,-1,610,239,609,-1,424,416,594,-1,594,416,595,-1,415,597,416,-1,416,597,595,-1,596,597,423,-1,423,597,415,-1,236,233,613,-1,613,233,561,-1,561,562,613,-1,613,562,591,-1,613,591,590,-1,360,422,368,-1,368,422,570,-1,359,423,360,-1,360,423,422,-1,358,596,359,-1,359,596,423,-1,330,594,358,-1,358,594,596,-1,329,424,330,-1,330,424,594,-1,328,426,329,-1,329,426,424,-1,426,328,614,-1,614,328,356,-1,356,355,614,-1,614,355,615,-1,614,615,610,-1,610,615,612,-1,616,617,477,-1,478,606,607,-1,599,598,607,-1,607,598,616,-1,607,616,478,-1,478,616,477,-1,579,580,478,-1,478,580,606,-1,593,608,582,-1,582,608,238,-1,582,238,583,-1,478,476,579,-1,579,476,583,-1,579,583,578,-1,578,583,238,-1,578,238,234,-1,583,476,585,-1,585,476,474,-1,235,236,576,-1,576,236,613,-1,585,474,473,-1,573,581,473,-1,473,581,577,-1,473,577,585,-1,585,577,576,-1,585,576,584,-1,584,576,613,-1,584,613,590,-1,417,460,422,-1,422,460,587,-1,422,587,586,-1,586,591,422,-1,422,591,562,-1,422,562,570,-1,587,460,589,-1,589,460,484,-1,426,614,610,-1,484,425,589,-1,589,425,426,-1,589,426,588,-1,588,426,610,-1,588,610,592,-1,604,572,499,-1,499,572,540,-1,499,540,508,-1,508,540,542,-1,508,542,544,-1,604,499,605,-1,605,499,498,-1,607,605,599,-1,599,605,498,-1,599,498,601,-1,601,498,497,-1,601,497,603,-1,602,603,510,-1,510,603,497,-1,618,619,620,-1,620,619,621,-1,620,621,622,-1,623,624,625,-1,623,625,622,-1,625,626,455,-1,622,625,620,-1,620,625,455,-1,620,455,618,-1,340,342,627,-1,627,342,456,-1,627,456,626,-1,626,456,455,-1,456,342,343,-1,343,345,628,-1,456,343,457,-1,457,343,628,-1,457,628,458,-1,467,629,449,-1,449,629,630,-1,617,616,631,-1,631,616,632,-1,631,632,633,-1,633,632,634,-1,633,634,635,-1,635,634,636,-1,452,449,637,-1,637,449,630,-1,638,639,640,-1,640,639,641,-1,640,641,642,-1,642,641,637,-1,642,637,629,-1,629,637,630,-1,643,644,645,-1,645,644,646,-1,645,647,643,-1,643,647,648,-1,639,638,461,-1,463,635,636,-1,646,644,636,-1,636,644,639,-1,636,639,463,-1,463,639,461,-1,641,639,504,-1,504,639,644,-1,504,644,506,-1,506,644,643,-1,506,643,648,-1,648,647,506,-1,506,647,507,-1,636,634,646,-1,646,634,512,-1,646,512,645,-1,645,512,507,-1,645,507,647,-1,632,616,511,-1,511,616,598,-1,511,598,510,-1,510,598,600,-1,510,600,602,-1,649,650,651,-1,651,650,652,-1,653,654,655,-1,655,654,656,-1,657,658,659,-1,659,658,660,-1,661,662,663,-1,663,662,664,-1,242,243,665,-1,665,243,611,-1,666,667,247,-1,247,667,248,-1,445,339,668,-1,668,339,338,-1,339,445,366,-1,366,445,444,-1,366,444,367,-1,367,444,669,-1,367,669,364,-1,364,669,670,-1,365,364,428,-1,428,364,670,-1,365,428,357,-1,357,428,427,-1,357,427,355,-1,355,427,615,-1,671,672,673,-1,673,672,674,-1,675,676,677,-1,677,676,678,-1,244,246,679,-1,679,246,680,-1,222,249,681,-1,681,249,682,-1,439,331,683,-1,683,331,341,-1,331,439,332,-1,332,439,437,-1,332,437,333,-1,333,437,684,-1,333,684,334,-1,334,684,685,-1,334,685,335,-1,335,685,432,-1,335,432,336,-1,336,432,431,-1,336,431,337,-1,337,431,686,-1,655,240,653,-1,653,240,241,-1,651,250,649,-1,649,250,245,-1,658,464,660,-1,660,464,485,-1,430,687,440,-1,440,687,688,-1,428,670,430,-1,430,670,687,-1,669,688,670,-1,670,688,687,-1,444,440,669,-1,669,440,688,-1,662,483,664,-1,664,483,486,-1,445,668,689,-1,486,435,664,-1,664,435,445,-1,664,445,663,-1,663,445,689,-1,663,689,690,-1,429,483,427,-1,427,483,662,-1,427,662,661,-1,661,691,427,-1,427,691,612,-1,427,612,615,-1,692,691,661,-1,663,690,693,-1,657,659,693,-1,693,659,692,-1,693,692,663,-1,663,692,661,-1,656,633,463,-1,463,633,635,-1,693,666,657,-1,657,666,247,-1,657,247,658,-1,463,464,656,-1,656,464,658,-1,656,658,655,-1,655,658,247,-1,655,247,240,-1,656,654,633,-1,633,654,631,-1,660,242,659,-1,659,242,665,-1,659,665,692,-1,660,485,477,-1,617,631,477,-1,477,631,654,-1,477,654,660,-1,660,654,653,-1,660,653,242,-1,242,653,241,-1,666,693,667,-1,667,693,690,-1,667,690,689,-1,611,612,665,-1,665,612,691,-1,665,691,692,-1,677,694,675,-1,675,694,695,-1,696,675,697,-1,697,675,695,-1,697,695,673,-1,673,695,671,-1,682,695,681,-1,681,695,694,-1,681,694,698,-1,697,679,696,-1,696,679,680,-1,696,680,699,-1,434,700,436,-1,436,700,701,-1,437,436,684,-1,684,436,701,-1,684,701,685,-1,685,701,700,-1,685,700,432,-1,432,700,434,-1,698,627,626,-1,681,698,222,-1,222,698,626,-1,222,626,223,-1,223,626,625,-1,223,625,624,-1,340,627,341,-1,341,627,698,-1,341,698,683,-1,619,702,621,-1,621,702,703,-1,704,451,705,-1,705,451,450,-1,372,382,505,-1,505,382,702,-1,441,451,442,-1,442,451,704,-1,442,704,706,-1,706,704,377,-1,706,377,376,-1,702,619,618,-1,505,702,503,-1,503,702,618,-1,503,618,453,-1,453,618,455,-1,672,468,674,-1,674,468,462,-1,652,642,467,-1,467,642,629,-1,682,249,651,-1,651,249,250,-1,467,468,652,-1,652,468,672,-1,652,672,651,-1,651,672,671,-1,651,671,682,-1,682,671,695,-1,642,652,640,-1,640,652,650,-1,245,244,649,-1,649,244,679,-1,674,462,461,-1,638,640,461,-1,461,640,650,-1,461,650,674,-1,674,650,649,-1,674,649,673,-1,673,649,679,-1,673,679,697,-1,439,683,698,-1,454,438,678,-1,678,438,439,-1,678,439,677,-1,677,439,698,-1,677,698,694,-1,676,469,678,-1,678,469,454,-1,433,469,431,-1,431,469,676,-1,431,676,675,-1,675,696,431,-1,431,696,699,-1,431,699,686,-1,385,379,707,-1,707,379,443,-1,380,385,708,-1,708,385,707,-1,708,706,380,-1,380,706,376,-1,706,708,442,-1,442,708,707,-1,442,707,443,-1,344,386,345,-1,345,386,628,-1,517,224,623,-1,387,517,709,-1,709,517,623,-1,709,623,710,-1,710,623,628,-1,710,628,711,-1,711,628,386,-1,711,386,712,-1,712,386,387,-1,712,387,709,-1,713,714,715,-1,715,714,716,-1,715,716,717,-1,717,716,718,-1,719,373,720,-1,720,373,384,-1,721,722,723,-1,723,722,724,-1,725,726,727,-1,727,726,728,-1,727,721,725,-1,725,721,723,-1,728,726,710,-1,710,726,709,-1,723,724,718,-1,712,709,714,-1,714,709,726,-1,714,726,725,-1,723,718,725,-1,725,718,716,-1,725,716,714,-1,729,720,730,-1,730,720,384,-1,730,384,383,-1,719,720,721,-1,721,720,722,-1,722,720,729,-1,722,729,731,-1,710,711,728,-1,728,711,719,-1,728,719,727,-1,727,719,721,-1,724,722,731,-1,717,718,732,-1,732,718,724,-1,732,724,733,-1,733,724,731,-1,717,732,715,-1,715,732,734,-1,374,373,719,-1,719,711,712,-1,735,374,713,-1,713,374,719,-1,713,719,714,-1,714,719,712,-1,198,196,383,-1,383,196,730,-1,730,196,729,-1,729,196,197,-1,729,197,731,-1,731,197,733,-1,703,381,705,-1,705,381,378,-1,703,705,621,-1,621,705,450,-1,621,450,622,-1,622,450,458,-1,622,458,623,-1,623,458,628,-1,733,197,195,-1,387,375,735,-1,735,375,374,-1,734,732,733,-1,735,734,387,-1,387,734,733,-1,387,733,517,-1,517,733,195,-1,715,734,713,-1,713,734,735,-1,702,382,703,-1,703,382,381,-1,704,705,377,-1,377,705,378,-1,699,689,668,-1,338,337,668,-1,668,337,686,-1,668,686,699,-1,680,246,699,-1,699,246,248,-1,699,248,689,-1,689,248,667,-1,641,504,637,-1,637,504,503,-1,637,503,452,-1,452,503,453,-1,632,511,634,-1,634,511,512,-1,623,224,624,-1,624,224,223,-1,736,737,738,-1,738,737,739,-1,740,739,741,-1,741,739,737,-1,742,743,744,-1,744,743,745,-1,746,747,748,-1,748,747,749,-1,750,751,746,-1,748,752,753,-1,742,744,753,-1,753,744,750,-1,753,750,748,-1,748,750,746,-1,754,755,756,-1,756,755,757,-1,447,446,741,-1,741,446,758,-1,741,758,740,-1,740,758,759,-1,740,759,574,-1,574,759,575,-1,760,753,571,-1,571,753,752,-1,571,752,566,-1,760,571,229,-1,229,571,228,-1,738,221,736,-1,736,221,237,-1,408,404,754,-1,754,404,755,-1,403,757,404,-1,404,757,755,-1,756,757,407,-1,407,757,403,-1,226,225,761,-1,761,225,516,-1,516,319,761,-1,761,319,751,-1,761,751,750,-1,361,406,317,-1,317,406,318,-1,363,407,361,-1,361,407,406,-1,362,756,363,-1,363,756,407,-1,347,754,362,-1,362,754,756,-1,346,408,347,-1,347,408,754,-1,348,410,346,-1,346,410,408,-1,410,348,567,-1,567,348,350,-1,739,740,480,-1,480,740,574,-1,753,760,742,-1,742,760,229,-1,742,229,743,-1,480,479,739,-1,739,479,743,-1,739,743,738,-1,738,743,229,-1,738,229,221,-1,743,479,745,-1,745,479,459,-1,237,226,736,-1,736,226,761,-1,745,459,448,-1,447,741,448,-1,448,741,737,-1,448,737,745,-1,745,737,736,-1,745,736,744,-1,744,736,761,-1,744,761,750,-1,405,465,406,-1,406,465,747,-1,406,747,746,-1,746,751,406,-1,406,751,319,-1,406,319,318,-1,747,465,749,-1,749,465,472,-1,410,567,566,-1,472,409,749,-1,749,409,410,-1,749,410,748,-1,748,410,566,-1,748,566,752,-1,758,446,502,-1,502,446,143,-1,502,143,496,-1,496,143,145,-1,496,145,153,-1,758,502,759,-1,759,502,501,-1,575,759,554,-1,554,759,501,-1,554,501,552,-1,552,501,500,-1,552,500,556,-1,
        ]
    }
}
Shape{
    appearance Appearance {
        material  Material 	{
            diffuseColor 0.7529411764705882 0.7529411764705882 0.7529411764705882
            specularColor 0.3764705882352941 0.3764705882352941 0.3764705882352941
            ambientIntensity 0.7529
            transparency 0.0
            shininess 0.5
        }
    }
    geometry IndexedFaceSet {
        ccw TRUE
        solid FALSE
        coord DEF co Coordinate {
            point [
                1.6122 0.2433 0.4844, 1.6122 0.2423 0.4923, 1.6122 -0.1615 0.374, 1.6122 -0.5244 0.5512, 1.6122 -0.3472 0.3687, 1.6122 -0.3377 0.3727, 1.6122 -0.1911 0.0292, 1.6122 -0.1898 0.0394, 1.6122 -0.2291 0.0, 1.6122 -0.5539 0.5433, 1.6122 -0.5662 0.5339, 1.6122 -0.3554 0.3625, 1.6122 -0.2367 0.3882, 1.6122 -0.2321 0.3895, 1.6122 -0.3377 0.1588, 1.6122 -0.5244 0.0, 1.6122 -0.3276 0.1575, 1.6122 -0.2291 0.1575, 1.6122 -0.5755 0.0295, 1.6122 -0.5662 0.0173, 1.6122 -0.3617 0.1772, 1.6122 -0.3669 0.3346, 1.6122 -0.5835 0.4921, 1.6122 -0.3669 0.1969, 1.6122 -0.5835 0.0591, 1.6122 -0.3656 0.1867, 1.6122 -0.5397 0.5492, 1.6122 -0.3656 0.3448, 1.6122 -0.3617 0.3543, 1.6122 -0.5814 0.5074, 1.6122 -0.5755 0.5217, 1.6122 0.1646 0.5512, 1.6122 -0.2226 0.3886, 1.6122 -0.2182 0.3865, 1.6122 -0.1898 0.1181, 1.6122 -0.1911 0.1283, 1.6122 -0.195 0.1378, 1.6122 -0.2013 0.1459, 1.6122 -0.2094 0.1522, 1.6122 -0.2189 0.1561, 1.6122 -0.5814 0.0438, 1.6122 -0.3472 0.1628, 1.6122 -0.3554 0.169, 1.6122 -0.5397 0.002, 1.6122 -0.5539 0.0079, 1.6122 -0.2273 0.3897, 1.6122 -0.21 0.3749, 1.6122 0.2393 0.4998, 1.6122 -0.3276 0.374, 1.6122 -0.2764 0.374, 1.6122 -0.2638 0.3754, 1.6122 -0.2146 0.3833, 1.6122 -0.2118 0.3794, 1.6122 0.2284 0.5113, 1.6122 0.2346 0.5062, 1.6122 -0.1701 0.3734, 1.6122 -0.1785 0.3715, 1.6122 -0.2094 0.3701, 1.6122 -0.2094 0.3622, 1.6122 -0.2189 0.0013, 1.6122 -0.2094 0.0053, 1.6122 -0.195 0.0197, 1.6122 -0.2013 0.0115, 1.6122 -0.2518 0.3794, 1.6122 -0.2409 0.3858, 1.6122 0.1646 0.374, 1.6122 0.2284 0.4139, 1.6122 0.2346 0.419, 1.6122 0.2393 0.4254, 1.6122 0.2423 0.4329, 1.6122 0.2433 0.4408, 1.5335 -0.5835 0.4921, 1.5335 -0.3656 0.3448, 1.5335 -0.3669 0.3346, 1.5335 -0.3554 0.169, 1.5335 -0.3472 0.1628, 1.5335 -0.5244 0.0, 1.5335 -0.3377 0.1588, 1.5335 -0.2291 0.0, 1.5335 0.2393 0.4998, 1.5335 0.2423 0.4923, 1.5335 -0.21 0.3749, 1.5335 -0.5835 0.0591, 1.5335 -0.5539 0.0079, 1.5335 -0.5662 0.0173, 1.5335 -0.3617 0.1772, 1.5335 -0.3617 0.3543, 1.5335 -0.5814 0.5074, 1.5335 -0.5755 0.5217, 1.5335 -0.3276 0.374, 1.5335 -0.3377 0.3727, 1.5335 -0.5244 0.5512, 1.5335 -0.3472 0.3687, 1.5335 -0.5397 0.5492, 1.5335 -0.3554 0.3625, 1.5335 -0.5539 0.5433, 1.5335 -0.5662 0.5339, 1.5335 -0.5397 0.002, 1.5335 -0.3669 0.1969, 1.5335 -0.3656 0.1867, 1.5335 -0.5814 0.0438, 1.5335 -0.5755 0.0295, 1.5335 -0.2118 0.3794, 1.5335 -0.2146 0.3833, 1.5335 0.1646 0.5512, 1.5335 -0.2182 0.3865, 1.5335 -0.2321 0.3895, 1.5335 -0.2273 0.3897, 1.5335 -0.2226 0.3886, 1.5335 -0.2367 0.3882, 1.5335 -0.2409 0.3858, 1.5335 -0.2518 0.3794, 1.5335 0.2346 0.5062, 1.5335 -0.2638 0.3754, 1.5335 -0.2764 0.374, 1.5335 -0.3276 0.1575, 1.5335 -0.2291 0.1575, 1.5335 -0.1898 0.1181, 1.5335 0.2284 0.5113, 1.5335 -0.2013 0.0115, 1.5335 -0.2094 0.0053, 1.5335 -0.195 0.0197, 1.5335 -0.1911 0.0292, 1.5335 -0.1898 0.0394, 1.5335 -0.2189 0.0013, 1.5335 -0.2094 0.3622, 1.5335 -0.2094 0.3701, 1.5335 -0.1785 0.3715, 1.5335 -0.1701 0.3734, 1.5335 -0.1615 0.374, 1.5335 0.2433 0.4844, 1.5335 -0.2013 0.1459, 1.5335 -0.2094 0.1522, 1.5335 -0.2189 0.1561, 1.5335 -0.195 0.1378, 1.5335 -0.1911 0.1283, 1.5335 0.2433 0.4408, 1.5335 0.2423 0.4329, 1.5335 0.2393 0.4254, 1.5335 0.2346 0.419, 1.5335 0.2284 0.4139, 1.5335 0.1646 0.374, 0.7559 0.3065 0.2207, 0.7559 0.309 0.2229, 0.7559 0.3038 0.1158, 0.7559 0.2832 0.4912, 0.7559 0.3298 0.5952, 0.7559 0.2924 0.488, 0.7559 0.35 0.5846, 0.7559 0.3005 0.4826, 0.7559 -0.3265 0.5378, 0.7559 -0.3289 0.5051, 0.7559 -0.33 0.5062, 0.7559 0.3118 0.2269, 0.7559 0.3136 0.2314, 0.7559 0.4244 0.4508, 0.7559 -0.3171 0.5414, 0.7559 -0.1764 0.473, 0.7559 -0.1854 0.4695, 0.7559 -0.2549 0.4379, 0.7559 -0.2627 0.4436, 0.7559 -0.2031 0.4507, 0.7559 -0.2014 0.4536, 0.7559 -0.1883 0.4678, 0.7559 -0.1957 0.4615, 0.7559 -0.3219 0.5402, 0.7559 0.4286 0.1449, 0.7559 0.3136 0.0548, 0.7559 0.3142 0.0596, 0.7559 0.1816 0.2072, 0.7559 -0.2841 0.1181, 0.7559 0.1787 0.2111, 0.7559 0.177 0.2157, 0.7559 0.3024 0.2182, 0.7559 0.2993 0.1175, 0.7559 0.2977 0.2168, 0.7559 0.4261 0.1491, 0.7559 0.2963 0.0336, 0.7559 0.3084 0.0457, 0.7559 0.3102 0.0, 0.7559 0.3092 0.0465, 0.7559 0.3118 0.0503, 0.7559 0.4321 0.1415, 0.7559 0.4362 0.139, 0.7559 0.4392 0.1374, 0.7559 -0.3009 0.1766, 0.7559 -0.237 0.2165, 0.7559 0.1284 0.2165, 0.7559 0.3685 0.5711, 0.7559 0.3848 0.5552, 0.7559 0.3066 0.476, 0.7559 0.3987 0.537, 0.7559 0.3113 0.4675, 0.7559 0.2487 0.6072, 0.7559 0.2735 0.4921, 0.7559 -0.1684 0.4741, 0.7559 0.2632 0.6082, 0.7559 0.2858 0.6071, 0.7559 0.3083 0.6027, 0.7559 -0.3331 0.5104, 0.7559 -0.335 0.5152, 0.7559 -0.3357 0.52, 0.7559 -0.3351 0.5252, 0.7559 -0.3333 0.5301, 0.7559 -0.3304 0.5344, 0.7559 0.3142 0.0984, 0.7559 0.3139 0.1016, 0.7559 0.4247 0.1537, 0.7559 0.3125 0.1063, 0.7559 0.4244 0.1571, 0.7559 0.3101 0.1105, 0.7559 0.3078 0.1129, 0.7559 0.1764 0.2283, 0.7559 0.1764 0.2205, 0.7559 0.1455 0.219, 0.7559 0.137 0.2172, 0.7559 0.4098 0.5171, 0.7559 0.4179 0.4957, 0.7559 0.3138 0.458, 0.7559 0.4228 0.4735, 0.7559 0.3142 0.4528, 0.7559 0.3142 0.2362, 0.7559 0.4474 0.1258, 0.7559 0.448 0.121, 0.7559 0.448 0.0197, 0.7559 0.4284 0.0, 0.7559 0.4478 0.0167, 0.7559 0.4465 0.012, 0.7559 -0.2174 0.4377, 0.7559 -0.2265 0.4342, 0.7559 -0.2094 0.4433, 0.7559 -0.2362 0.4331, 0.7559 -0.2458 0.4343, 0.7559 0.3055 0.0006, 0.7559 0.301 0.0023, 0.7559 0.2988 0.0037, 0.7559 0.4429 0.1343, 0.7559 0.4457 0.1303, 0.7559 0.4441 0.0078, 0.7559 0.4416 0.0051, 0.7559 0.4331 0.0006, 0.7559 0.4376 0.0023, 0.7559 0.1853 0.204, 0.7559 0.1896 0.2019, 0.7559 0.2945 0.1181, 0.7559 0.1944 0.2009, 0.7559 0.199 0.201, 0.7559 0.2037 0.2023, 0.7559 0.2079 0.2047, 0.7559 0.2164 0.2101, 0.7559 -0.2963 0.1206, 0.7559 -0.3031 0.1245, 0.7559 -0.3149 0.1427, 0.7559 -0.3157 0.1505, 0.7559 -0.3146 0.1583, 0.7559 -0.3116 0.1654, 0.7559 -0.3069 0.1717, 0.7559 0.2295 0.2149, 0.7559 0.2433 0.2165, 0.7559 0.2945 0.2165, 0.7559 0.2906 0.0206, 0.7559 0.2914 0.0253, 0.7559 0.2933 0.0298, 0.7559 -0.2888 0.1185, 0.7559 -0.3084 0.1295, 0.7559 -0.3127 0.1361, 0.7559 0.2952 0.007, 0.7559 0.2925 0.0111, 0.7559 0.291 0.0157, 0.815 -0.3219 0.5402, 0.815 -0.3265 0.5378, 0.815 -0.2014 0.4536, 0.815 0.4244 0.4508, 0.815 0.3038 0.1158, 0.815 0.3078 0.1129, 0.815 0.4362 0.139, 0.815 0.4321 0.1415, 0.815 0.3102 0.0, 0.815 -0.3171 0.5414, 0.815 0.3118 0.2269, 0.815 0.309 0.2229, 0.815 0.4244 0.1571, 0.815 -0.1957 0.4615, 0.815 -0.1883 0.4678, 0.815 -0.1854 0.4695, 0.815 0.2858 0.6071, 0.815 0.2735 0.4921, 0.815 0.3083 0.6027, 0.815 0.2832 0.4912, 0.815 0.3298 0.5952, 0.815 0.2924 0.488, 0.815 0.35 0.5846, 0.815 0.3136 0.2314, 0.815 0.3142 0.2362, 0.815 0.3065 0.2207, 0.815 0.3024 0.2182, 0.815 0.2993 0.1175, 0.815 -0.3357 0.52, 0.815 -0.335 0.5152, 0.815 -0.3289 0.5051, 0.815 -0.2627 0.4436, 0.815 -0.2031 0.4507, 0.815 -0.2549 0.4379, 0.815 0.3685 0.5711, 0.815 0.3005 0.4826, 0.815 0.3848 0.5552, 0.815 0.3066 0.476, 0.815 0.3987 0.537, 0.815 0.4098 0.5171, 0.815 0.3113 0.4675, 0.815 0.4179 0.4957, 0.815 0.3138 0.458, 0.815 0.4228 0.4735, 0.815 0.1853 0.204, 0.815 0.1816 0.2072, 0.815 -0.2841 0.1181, 0.815 0.1787 0.2111, 0.815 0.177 0.2157, 0.815 0.1764 0.2205, 0.815 0.1764 0.2283, 0.815 0.1455 0.219, 0.815 0.448 0.0197, 0.815 0.4284 0.0, 0.815 -0.3304 0.5344, 0.815 -0.3333 0.5301, 0.815 -0.3351 0.5252, 0.815 -0.3331 0.5104, 0.815 -0.33 0.5062, 0.815 -0.1764 0.473, 0.815 -0.1684 0.4741, 0.815 0.2487 0.6072, 0.815 0.2632 0.6082, 0.815 0.4286 0.1449, 0.815 0.3136 0.0548, 0.815 0.3118 0.0503, 0.815 0.3092 0.0465, 0.815 0.3101 0.1105, 0.815 0.3125 0.1063, 0.815 0.4247 0.1537, 0.815 0.4261 0.1491, 0.815 0.3142 0.4528, 0.815 0.137 0.2172, 0.815 0.3139 0.1016, 0.815 0.3142 0.0984, 0.815 0.3142 0.0596, 0.815 -0.2458 0.4343, 0.815 -0.2362 0.4331, 0.815 -0.2094 0.4433, 0.815 -0.2265 0.4342, 0.815 -0.2174 0.4377, 0.815 0.1284 0.2165, 0.815 -0.237 0.2165, 0.815 -0.3009 0.1766, 0.815 0.4441 0.0078, 0.815 0.4465 0.012, 0.815 0.4478 0.0167, 0.815 0.448 0.121, 0.815 0.4474 0.1258, 0.815 0.4457 0.1303, 0.815 0.2037 0.2023, 0.815 0.199 0.201, 0.815 0.2945 0.1181, 0.815 0.1944 0.2009, 0.815 0.1896 0.2019, 0.815 0.4416 0.0051, 0.815 0.4331 0.0006, 0.815 0.4376 0.0023, 0.815 0.4429 0.1343, 0.815 0.4392 0.1374, 0.815 0.3084 0.0457, 0.815 0.2963 0.0336, 0.815 0.3055 0.0006, 0.815 0.301 0.0023, 0.815 0.2295 0.2149, 0.815 0.2164 0.2101, 0.815 0.2079 0.2047, 0.815 0.2977 0.2168, 0.815 0.2945 0.2165, 0.815 0.2433 0.2165, 0.815 -0.3069 0.1717, 0.815 -0.3116 0.1654, 0.815 -0.3149 0.1427, 0.815 -0.3146 0.1583, 0.815 -0.3157 0.1505, 0.815 -0.3084 0.1295, 0.815 -0.3031 0.1245, 0.815 0.2914 0.0253, 0.815 0.2906 0.0206, 0.815 0.2988 0.0037, 0.815 -0.3127 0.1361, 0.815 -0.2963 0.1206, 0.815 -0.2888 0.1185, 0.815 0.2933 0.0298, 0.815 0.291 0.0157, 0.815 0.2925 0.0111, 0.815 0.2952 0.007, 1.0709 0.3065 0.2207, 1.0709 0.309 0.2229, 1.0709 0.3038 0.1158, 1.0709 0.2832 0.4912, 1.0709 0.3298 0.5952, 1.0709 0.2924 0.488, 1.0709 0.35 0.5846, 1.0709 0.3005 0.4826, 1.0709 -0.3265 0.5378, 1.0709 -0.3289 0.5051, 1.0709 -0.33 0.5062, 1.0709 0.3118 0.2269, 1.0709 0.3136 0.2314, 1.0709 0.4244 0.4508, 1.0709 -0.3171 0.5414, 1.0709 -0.1764 0.473, 1.0709 -0.1854 0.4695, 1.0709 -0.2549 0.4379, 1.0709 -0.2627 0.4436, 1.0709 -0.2031 0.4507, 1.0709 -0.2014 0.4536, 1.0709 -0.1883 0.4678, 1.0709 -0.1957 0.4615, 1.0709 -0.3219 0.5402, 1.0709 0.4286 0.1449, 1.0709 0.3136 0.0548, 1.0709 0.3142 0.0596, 1.0709 0.1816 0.2072, 1.0709 -0.2841 0.1181, 1.0709 0.1787 0.2111, 1.0709 0.177 0.2157, 1.0709 0.3024 0.2182, 1.0709 0.2993 0.1175, 1.0709 0.2977 0.2168, 1.0709 0.4261 0.1491, 1.0709 0.2963 0.0336, 1.0709 0.3084 0.0457, 1.0709 0.3102 0.0, 1.0709 0.3092 0.0465, 1.0709 0.3118 0.0503, 1.0709 0.4321 0.1415, 1.0709 0.4362 0.139, 1.0709 0.4392 0.1374, 1.0709 -0.3009 0.1766, 1.0709 -0.237 0.2165, 1.0709 0.1284 0.2165, 1.0709 0.3685 0.5711, 1.0709 0.3848 0.5552, 1.0709 0.3066 0.476, 1.0709 0.3987 0.537, 1.0709 0.3113 0.4675, 1.0709 0.2487 0.6072, 1.0709 0.2735 0.4921, 1.0709 -0.1684 0.4741, 1.0709 0.2632 0.6082, 1.0709 0.2858 0.6071, 1.0709 0.3083 0.6027, 1.0709 -0.3331 0.5104, 1.0709 -0.335 0.5152, 1.0709 -0.3357 0.52, 1.0709 -0.3351 0.5252, 1.0709 -0.3333 0.5301, 1.0709 -0.3304 0.5344, 1.0709 0.3142 0.0984, 1.0709 0.3139 0.1016, 1.0709 0.4247 0.1537, 1.0709 0.3125 0.1063, 1.0709 0.4244 0.1571, 1.0709 0.3101 0.1105, 1.0709 0.3078 0.1129, 1.0709 0.1764 0.2283, 1.0709 0.1764 0.2205, 1.0709 0.1455 0.219, 1.0709 0.137 0.2172, 1.0709 0.4098 0.5171, 1.0709 0.4179 0.4957, 1.0709 0.3138 0.458, 1.0709 0.4228 0.4735, 1.0709 0.3142 0.4528, 1.0709 0.3142 0.2362, 1.0709 0.4474 0.1258, 1.0709 0.448 0.121, 1.0709 0.448 0.0197, 1.0709 0.4284 0.0, 1.0709 0.4478 0.0167, 1.0709 0.4465 0.012, 1.0709 -0.2174 0.4377, 1.0709 -0.2265 0.4342, 1.0709 -0.2094 0.4433, 1.0709 -0.2362 0.4331, 1.0709 -0.2458 0.4343, 1.0709 0.3055 0.0006, 1.0709 0.301 0.0023, 1.0709 0.2988 0.0037, 1.0709 0.4429 0.1343, 1.0709 0.4457 0.1303, 1.0709 0.4441 0.0078, 1.0709 0.4416 0.0051, 1.0709 0.4331 0.0006, 1.0709 0.4376 0.0023, 1.0709 0.1853 0.204, 1.0709 0.1896 0.2019, 1.0709 0.2945 0.1181, 1.0709 0.1944 0.2009, 1.0709 0.199 0.201, 1.0709 0.2037 0.2023, 1.0709 0.2079 0.2047, 1.0709 0.2164 0.2101, 1.0709 -0.2963 0.1206, 1.0709 -0.3031 0.1245, 1.0709 -0.3149 0.1427, 1.0709 -0.3157 0.1505, 1.0709 -0.3146 0.1583, 1.0709 -0.3116 0.1654, 1.0709 -0.3069 0.1717, 1.0709 0.2295 0.2149, 1.0709 0.2433 0.2165, 1.0709 0.2945 0.2165, 1.0709 0.2906 0.0206, 1.0709 0.2914 0.0253, 1.0709 0.2933 0.0298, 1.0709 -0.2888 0.1185, 1.0709 -0.3084 0.1295, 1.0709 -0.3127 0.1361, 1.0709 0.2952 0.007, 1.0709 0.2925 0.0111, 1.0709 0.291 0.0157, 1.13 -0.3219 0.5402, 1.13 -0.3265 0.5378, 1.13 -0.2014 0.4536, 1.13 0.3136 0.2314, 1.13 0.3118 0.2269, 1.13 0.4244 0.1571, 1.13 0.3142 0.2362, 1.13 -0.3171 0.5414, 1.13 0.4362 0.139, 1.13 0.4321 0.1415, 1.13 0.3102 0.0, 1.13 -0.1957 0.4615, 1.13 -0.1883 0.4678, 1.13 -0.1854 0.4695, 1.13 0.2924 0.488, 1.13 0.3298 0.5952, 1.13 0.2832 0.4912, 1.13 0.3083 0.6027, 1.13 0.2735 0.4921, 1.13 0.2858 0.6071, 1.13 0.3066 0.476, 1.13 0.3848 0.5552, 1.13 0.3005 0.4826, 1.13 0.3685 0.5711, 1.13 0.35 0.5846, 1.13 0.3138 0.458, 1.13 0.4179 0.4957, 1.13 0.3113 0.4675, 1.13 0.4098 0.5171, 1.13 0.3987 0.537, 1.13 0.309 0.2229, 1.13 0.3065 0.2207, 1.13 0.3038 0.1158, 1.13 0.3024 0.2182, 1.13 0.2993 0.1175, 1.13 0.3078 0.1129, 1.13 -0.3357 0.52, 1.13 -0.335 0.5152, 1.13 -0.3289 0.5051, 1.13 -0.2627 0.4436, 1.13 -0.2031 0.4507, 1.13 -0.2549 0.4379, 1.13 0.1853 0.204, 1.13 0.1816 0.2072, 1.13 -0.2841 0.1181, 1.13 0.1787 0.2111, 1.13 0.177 0.2157, 1.13 0.1764 0.2205, 1.13 0.1764 0.2283, 1.13 0.1455 0.219, 1.13 -0.3304 0.5344, 1.13 -0.3333 0.5301, 1.13 -0.3351 0.5252, 1.13 -0.3331 0.5104, 1.13 -0.33 0.5062, 1.13 -0.1764 0.473, 1.13 -0.1684 0.4741, 1.13 0.2487 0.6072, 1.13 0.2632 0.6082, 1.13 0.3142 0.4528, 1.13 0.4244 0.4508, 1.13 0.4228 0.4735, 1.13 0.448 0.0197, 1.13 0.4284 0.0, 1.13 0.137 0.2172, 1.13 0.4286 0.1449, 1.13 0.3136 0.0548, 1.13 0.3118 0.0503, 1.13 0.3092 0.0465, 1.13 0.3101 0.1105, 1.13 0.3125 0.1063, 1.13 0.4247 0.1537, 1.13 0.4261 0.1491, 1.13 -0.2458 0.4343, 1.13 -0.2362 0.4331, 1.13 -0.2094 0.4433, 1.13 -0.2265 0.4342, 1.13 -0.2174 0.4377, 1.13 0.1284 0.2165, 1.13 -0.237 0.2165, 1.13 -0.3009 0.1766, 1.13 0.3139 0.1016, 1.13 0.3142 0.0984, 1.13 0.3142 0.0596, 1.13 0.2037 0.2023, 1.13 0.199 0.201, 1.13 0.2945 0.1181, 1.13 0.1944 0.2009, 1.13 0.1896 0.2019, 1.13 0.4441 0.0078, 1.13 0.4465 0.012, 1.13 0.4478 0.0167, 1.13 0.448 0.121, 1.13 0.4474 0.1258, 1.13 0.4457 0.1303, 1.13 0.2295 0.2149, 1.13 0.2164 0.2101, 1.13 0.2079 0.2047, 1.13 0.4416 0.0051, 1.13 0.4331 0.0006, 1.13 0.4376 0.0023, 1.13 0.4429 0.1343, 1.13 0.4392 0.1374, 1.13 0.3084 0.0457, 1.13 0.2963 0.0336, 1.13 0.3055 0.0006, 1.13 0.301 0.0023, 1.13 0.2977 0.2168, 1.13 0.2945 0.2165, 1.13 0.2433 0.2165, 1.13 -0.3069 0.1717, 1.13 -0.3116 0.1654, 1.13 -0.3149 0.1427, 1.13 -0.3146 0.1583, 1.13 -0.3157 0.1505, 1.13 -0.3084 0.1295, 1.13 -0.3031 0.1245, 1.13 -0.3127 0.1361, 1.13 -0.2963 0.1206, 1.13 -0.2888 0.1185, 1.13 0.2914 0.0253, 1.13 0.2906 0.0206, 1.13 0.2988 0.0037, 1.13 0.2933 0.0298, 1.13 0.291 0.0157, 1.13 0.2925 0.0111, 1.13 0.2952 0.007
            ]
        }
        coordIndex [
            0,1,2,-1,3,4,5,-1,6,7,8,-1,9,10,11,-1,3,12,13,-1,14,15,16,-1,16,15,8,-1,16,8,17,-1,17,8,7,-1,18,19,20,-1,21,22,23,-1,23,22,24,-1,23,24,25,-1,4,3,11,-1,11,3,26,-1,11,26,9,-1,21,27,22,-1,22,27,28,-1,22,28,29,-1,29,28,11,-1,29,11,30,-1,30,11,10,-1,31,32,33,-1,7,34,17,-1,17,34,35,-1,17,35,36,-1,36,37,17,-1,17,37,38,-1,17,38,39,-1,25,24,20,-1,20,24,40,-1,20,40,18,-1,14,41,15,-1,15,41,42,-1,15,42,43,-1,43,42,20,-1,43,20,44,-1,44,20,19,-1,3,13,31,-1,31,13,45,-1,31,45,32,-1,46,1,47,-1,5,48,3,-1,3,48,49,-1,3,49,50,-1,33,51,31,-1,31,51,52,-1,31,52,53,-1,53,52,46,-1,53,46,54,-1,54,46,47,-1,2,1,55,-1,55,1,46,-1,55,46,56,-1,56,46,57,-1,56,57,58,-1,8,59,6,-1,6,59,60,-1,6,60,61,-1,61,60,62,-1,50,63,3,-1,3,63,64,-1,3,64,12,-1,65,66,2,-1,2,66,67,-1,2,67,68,-1,68,69,2,-1,2,69,70,-1,2,70,0,-1,71,72,73,-1,74,75,76,-1,76,75,77,-1,76,77,78,-1,79,80,81,-1,71,73,82,-1,83,84,85,-1,72,71,86,-1,86,71,87,-1,86,87,88,-1,89,90,91,-1,91,90,92,-1,91,92,93,-1,93,92,94,-1,93,94,95,-1,95,94,86,-1,95,86,96,-1,96,86,88,-1,74,76,85,-1,85,76,97,-1,85,97,83,-1,73,98,82,-1,82,98,99,-1,82,99,100,-1,100,99,85,-1,100,85,101,-1,101,85,84,-1,102,103,104,-1,104,103,105,-1,106,91,107,-1,107,91,104,-1,107,104,108,-1,108,104,105,-1,106,109,91,-1,91,109,110,-1,91,110,111,-1,79,81,112,-1,111,113,91,-1,91,113,114,-1,91,114,89,-1,77,115,78,-1,78,115,116,-1,78,116,117,-1,102,104,81,-1,81,104,118,-1,81,118,112,-1,119,120,121,-1,121,120,122,-1,117,123,78,-1,78,123,122,-1,78,122,124,-1,124,122,120,-1,125,126,127,-1,127,126,81,-1,127,81,128,-1,128,81,80,-1,128,80,129,-1,129,80,130,-1,131,116,132,-1,132,116,133,-1,131,134,116,-1,116,134,135,-1,116,135,117,-1,130,136,129,-1,129,136,137,-1,129,137,138,-1,138,139,129,-1,129,139,140,-1,129,140,141,-1,71,82,22,-1,22,82,24,-1,71,22,29,-1,71,29,87,-1,87,29,30,-1,87,30,88,-1,88,30,10,-1,88,10,96,-1,96,10,9,-1,96,9,95,-1,95,9,26,-1,95,26,93,-1,93,26,3,-1,93,3,91,-1,104,91,31,-1,31,91,3,-1,118,104,53,-1,53,104,31,-1,118,53,54,-1,118,54,112,-1,112,54,47,-1,112,47,79,-1,79,47,1,-1,79,1,80,-1,80,1,0,-1,80,0,130,-1,136,130,70,-1,70,130,0,-1,136,70,69,-1,136,69,137,-1,137,69,68,-1,137,68,138,-1,138,68,67,-1,138,67,139,-1,139,67,66,-1,139,66,140,-1,141,140,65,-1,65,140,66,-1,129,141,2,-1,2,141,65,-1,129,2,128,-1,128,2,55,-1,128,55,127,-1,127,55,56,-1,125,127,58,-1,58,127,56,-1,126,125,57,-1,57,125,58,-1,126,57,81,-1,81,57,46,-1,81,46,102,-1,102,46,52,-1,102,52,103,-1,103,52,51,-1,103,51,105,-1,105,51,33,-1,105,33,108,-1,108,33,32,-1,108,32,107,-1,107,32,45,-1,107,45,106,-1,106,45,13,-1,106,13,109,-1,109,13,12,-1,109,12,110,-1,110,12,64,-1,110,64,63,-1,110,63,111,-1,111,63,50,-1,111,50,113,-1,113,50,49,-1,113,49,114,-1,89,114,48,-1,48,114,49,-1,89,48,90,-1,90,48,5,-1,90,5,92,-1,92,5,4,-1,92,4,94,-1,94,4,11,-1,94,11,86,-1,86,11,28,-1,86,28,72,-1,72,28,27,-1,72,27,73,-1,73,27,21,-1,98,73,23,-1,23,73,21,-1,98,23,99,-1,99,23,25,-1,99,25,85,-1,85,25,20,-1,85,20,74,-1,74,20,42,-1,74,42,75,-1,75,42,41,-1,75,41,77,-1,77,41,14,-1,77,14,115,-1,115,14,16,-1,116,115,17,-1,17,115,16,-1,116,17,39,-1,116,39,133,-1,133,39,38,-1,133,38,132,-1,132,38,37,-1,132,37,131,-1,131,37,36,-1,131,36,134,-1,134,36,35,-1,134,35,135,-1,135,35,34,-1,135,34,117,-1,123,117,7,-1,7,117,34,-1,123,7,6,-1,123,6,122,-1,122,6,61,-1,122,61,121,-1,121,61,62,-1,121,62,119,-1,119,62,60,-1,119,60,120,-1,120,60,59,-1,120,59,124,-1,124,59,8,-1,124,8,78,-1,76,78,15,-1,15,78,8,-1,76,15,43,-1,76,43,97,-1,97,43,44,-1,97,44,83,-1,83,44,19,-1,83,19,84,-1,84,19,18,-1,84,18,101,-1,101,18,40,-1,101,40,100,-1,100,40,24,-1,100,24,82,-1,142,143,144,-1,145,146,147,-1,147,146,148,-1,147,148,149,-1,150,151,152,-1,143,153,144,-1,144,153,154,-1,144,154,155,-1,156,157,158,-1,159,160,161,-1,161,160,162,-1,158,163,156,-1,156,163,164,-1,156,164,165,-1,165,164,162,-1,165,162,150,-1,150,162,160,-1,150,160,151,-1,166,167,168,-1,169,170,171,-1,171,170,172,-1,142,144,173,-1,173,144,174,-1,173,174,175,-1,166,168,176,-1,177,178,179,-1,179,178,180,-1,179,180,181,-1,167,166,181,-1,181,166,182,-1,181,182,179,-1,179,182,183,-1,179,183,184,-1,185,186,187,-1,148,188,149,-1,149,188,189,-1,149,189,190,-1,190,189,191,-1,190,191,192,-1,193,194,156,-1,156,194,195,-1,156,195,157,-1,193,196,194,-1,194,196,197,-1,194,197,145,-1,145,197,198,-1,145,198,146,-1,152,199,150,-1,150,199,200,-1,150,200,201,-1,201,202,150,-1,150,202,203,-1,150,203,204,-1,168,205,176,-1,176,205,206,-1,176,206,207,-1,207,206,208,-1,207,208,209,-1,209,208,210,-1,209,210,155,-1,155,210,211,-1,155,211,144,-1,212,213,214,-1,214,213,172,-1,214,172,215,-1,215,172,170,-1,215,170,187,-1,191,216,192,-1,192,216,217,-1,192,217,218,-1,218,217,219,-1,218,219,220,-1,220,219,155,-1,220,155,221,-1,221,155,154,-1,222,223,179,-1,179,223,224,-1,179,224,225,-1,225,224,226,-1,225,226,227,-1,228,229,230,-1,230,229,231,-1,230,231,161,-1,161,231,232,-1,161,232,159,-1,179,233,177,-1,177,233,234,-1,177,234,235,-1,184,236,179,-1,179,236,237,-1,179,237,222,-1,227,238,225,-1,225,238,239,-1,225,239,240,-1,240,239,241,-1,169,242,170,-1,170,242,243,-1,170,243,244,-1,244,243,245,-1,244,245,246,-1,246,247,244,-1,244,247,248,-1,244,248,249,-1,250,251,185,-1,252,253,254,-1,254,255,252,-1,252,255,256,-1,252,256,185,-1,249,257,244,-1,244,257,258,-1,244,258,174,-1,174,258,259,-1,174,259,175,-1,260,261,235,-1,235,261,262,-1,235,262,177,-1,187,170,185,-1,185,170,263,-1,185,263,250,-1,251,264,185,-1,185,264,265,-1,185,265,252,-1,266,267,235,-1,235,267,268,-1,235,268,260,-1,269,270,271,-1,272,273,274,-1,275,276,277,-1,269,271,278,-1,273,279,280,-1,272,274,281,-1,271,282,278,-1,278,282,283,-1,278,283,284,-1,285,286,287,-1,287,286,288,-1,287,288,289,-1,289,288,290,-1,289,290,291,-1,279,273,292,-1,292,273,272,-1,292,272,293,-1,280,294,273,-1,273,294,295,-1,273,295,296,-1,270,297,298,-1,270,299,271,-1,271,299,300,-1,271,300,301,-1,301,300,302,-1,291,290,303,-1,303,290,304,-1,303,304,305,-1,305,304,306,-1,305,306,307,-1,307,306,308,-1,308,306,309,-1,308,309,310,-1,310,309,311,-1,310,311,312,-1,313,314,315,-1,315,314,316,-1,315,316,317,-1,318,319,320,-1,321,277,322,-1,323,324,270,-1,270,324,325,-1,270,325,297,-1,298,326,270,-1,270,326,327,-1,270,327,299,-1,284,328,278,-1,278,328,329,-1,278,329,330,-1,330,329,286,-1,330,286,331,-1,331,286,285,-1,332,333,276,-1,276,333,334,-1,276,334,277,-1,277,334,335,-1,274,336,281,-1,281,336,337,-1,281,337,338,-1,338,337,339,-1,312,311,272,-1,272,311,340,-1,272,340,293,-1,318,320,317,-1,317,320,341,-1,317,341,315,-1,337,342,339,-1,339,342,343,-1,339,343,332,-1,332,343,344,-1,332,344,333,-1,302,345,301,-1,301,345,346,-1,301,346,347,-1,347,346,348,-1,347,348,349,-1,341,350,315,-1,315,350,351,-1,315,351,352,-1,353,354,322,-1,322,354,355,-1,322,355,321,-1,321,356,277,-1,277,356,357,-1,277,357,358,-1,359,360,361,-1,361,360,362,-1,361,362,315,-1,315,362,363,-1,315,363,313,-1,353,322,364,-1,364,322,365,-1,364,365,366,-1,358,367,277,-1,277,367,368,-1,277,368,275,-1,335,369,277,-1,277,369,370,-1,277,370,371,-1,371,370,372,-1,373,374,361,-1,361,374,375,-1,361,375,359,-1,295,376,296,-1,296,376,377,-1,296,377,361,-1,361,377,378,-1,361,378,373,-1,379,380,381,-1,381,380,382,-1,381,382,383,-1,384,385,352,-1,386,387,388,-1,379,381,352,-1,352,381,389,-1,352,389,384,-1,385,390,352,-1,352,390,391,-1,352,391,315,-1,372,370,388,-1,388,370,392,-1,388,392,386,-1,387,393,388,-1,388,393,394,-1,388,394,395,-1,293,221,154,-1,293,154,292,-1,292,154,153,-1,292,153,279,-1,279,153,143,-1,279,143,280,-1,280,143,142,-1,280,142,294,-1,294,142,173,-1,294,173,295,-1,295,173,175,-1,295,175,376,-1,376,175,259,-1,376,259,377,-1,293,340,221,-1,221,340,220,-1,286,194,145,-1,286,145,288,-1,288,145,147,-1,288,147,290,-1,290,147,149,-1,290,149,304,-1,304,149,190,-1,304,190,306,-1,306,190,192,-1,306,192,309,-1,309,192,218,-1,309,218,311,-1,311,218,220,-1,311,220,340,-1,286,329,194,-1,194,329,195,-1,271,162,164,-1,271,164,282,-1,282,164,163,-1,282,163,283,-1,283,163,158,-1,283,158,284,-1,284,158,157,-1,284,157,328,-1,328,157,195,-1,328,195,329,-1,300,160,159,-1,300,159,302,-1,302,159,232,-1,302,232,345,-1,345,232,231,-1,345,231,346,-1,346,231,229,-1,346,229,348,-1,348,229,228,-1,348,228,349,-1,349,228,230,-1,349,230,347,-1,347,230,161,-1,347,161,301,-1,301,161,162,-1,301,162,271,-1,300,299,160,-1,160,299,151,-1,278,156,165,-1,278,165,269,-1,269,165,150,-1,269,150,270,-1,270,150,204,-1,270,204,323,-1,323,204,203,-1,323,203,324,-1,324,203,202,-1,324,202,325,-1,325,202,201,-1,325,201,297,-1,297,201,200,-1,297,200,298,-1,298,200,199,-1,298,199,326,-1,326,199,152,-1,326,152,327,-1,327,152,151,-1,327,151,299,-1,278,330,156,-1,156,330,193,-1,272,155,219,-1,272,219,312,-1,312,219,217,-1,312,217,310,-1,310,217,216,-1,310,216,308,-1,308,216,191,-1,308,191,307,-1,307,191,189,-1,307,189,305,-1,305,189,188,-1,305,188,303,-1,303,188,148,-1,303,148,291,-1,291,148,146,-1,291,146,289,-1,289,146,198,-1,289,198,287,-1,287,198,197,-1,287,197,285,-1,285,197,196,-1,285,196,331,-1,331,196,193,-1,331,193,330,-1,272,281,155,-1,155,281,209,-1,275,183,182,-1,275,182,276,-1,276,182,166,-1,276,166,332,-1,332,166,176,-1,332,176,339,-1,339,176,207,-1,339,207,338,-1,338,207,209,-1,338,209,281,-1,356,223,222,-1,356,222,357,-1,357,222,237,-1,357,237,358,-1,358,237,236,-1,358,236,367,-1,367,236,184,-1,367,184,368,-1,368,184,183,-1,368,183,275,-1,356,321,223,-1,223,321,224,-1,322,225,240,-1,322,240,365,-1,365,240,241,-1,365,241,366,-1,366,241,239,-1,366,239,364,-1,364,239,238,-1,364,238,353,-1,353,238,227,-1,353,227,354,-1,354,227,226,-1,354,226,355,-1,355,226,224,-1,355,224,321,-1,322,277,225,-1,225,277,179,-1,370,177,262,-1,370,262,392,-1,392,262,261,-1,392,261,386,-1,386,261,260,-1,386,260,387,-1,387,260,268,-1,387,268,393,-1,393,268,267,-1,393,267,394,-1,394,267,266,-1,394,266,395,-1,395,266,235,-1,395,235,388,-1,388,235,234,-1,388,234,372,-1,372,234,233,-1,372,233,371,-1,371,233,179,-1,371,179,277,-1,370,369,177,-1,177,369,178,-1,344,168,167,-1,344,167,333,-1,333,167,181,-1,333,181,334,-1,334,181,180,-1,334,180,335,-1,335,180,178,-1,335,178,369,-1,344,343,168,-1,168,343,205,-1,361,244,174,-1,361,174,296,-1,296,174,144,-1,296,144,273,-1,273,144,211,-1,273,211,274,-1,274,211,210,-1,274,210,336,-1,336,210,208,-1,336,208,337,-1,337,208,206,-1,337,206,342,-1,342,206,205,-1,342,205,343,-1,361,315,244,-1,244,315,170,-1,352,185,256,-1,352,256,379,-1,379,256,255,-1,379,255,380,-1,380,255,254,-1,380,254,382,-1,382,254,253,-1,382,253,383,-1,383,253,252,-1,383,252,381,-1,381,252,265,-1,381,265,389,-1,389,265,264,-1,389,264,384,-1,384,264,251,-1,384,251,385,-1,385,251,250,-1,385,250,390,-1,390,250,263,-1,390,263,391,-1,391,263,170,-1,391,170,315,-1,352,351,185,-1,185,351,186,-1,351,350,186,-1,186,350,187,-1,320,214,215,-1,320,215,341,-1,341,215,187,-1,341,187,350,-1,320,319,214,-1,214,319,212,-1,319,318,212,-1,212,318,213,-1,375,248,247,-1,375,247,359,-1,359,247,246,-1,359,246,360,-1,360,246,245,-1,360,245,362,-1,362,245,243,-1,362,243,363,-1,363,243,242,-1,363,242,313,-1,313,242,169,-1,313,169,314,-1,314,169,171,-1,314,171,316,-1,316,171,172,-1,316,172,317,-1,317,172,213,-1,317,213,318,-1,378,258,257,-1,378,257,373,-1,373,257,249,-1,373,249,374,-1,374,249,248,-1,374,248,375,-1,378,377,258,-1,258,377,259,-1,396,397,398,-1,399,400,401,-1,401,400,402,-1,401,402,403,-1,404,405,406,-1,397,407,398,-1,398,407,408,-1,398,408,409,-1,410,411,412,-1,413,414,415,-1,415,414,416,-1,412,417,410,-1,410,417,418,-1,410,418,419,-1,419,418,416,-1,419,416,404,-1,404,416,414,-1,404,414,405,-1,420,421,422,-1,423,424,425,-1,425,424,426,-1,396,398,427,-1,427,398,428,-1,427,428,429,-1,420,422,430,-1,431,432,433,-1,433,432,434,-1,433,434,435,-1,421,420,435,-1,435,420,436,-1,435,436,433,-1,433,436,437,-1,433,437,438,-1,439,440,441,-1,402,442,403,-1,403,442,443,-1,403,443,444,-1,444,443,445,-1,444,445,446,-1,447,448,410,-1,410,448,449,-1,410,449,411,-1,447,450,448,-1,448,450,451,-1,448,451,399,-1,399,451,452,-1,399,452,400,-1,406,453,404,-1,404,453,454,-1,404,454,455,-1,455,456,404,-1,404,456,457,-1,404,457,458,-1,422,459,430,-1,430,459,460,-1,430,460,461,-1,461,460,462,-1,461,462,463,-1,463,462,464,-1,463,464,409,-1,409,464,465,-1,409,465,398,-1,466,467,468,-1,468,467,426,-1,468,426,469,-1,469,426,424,-1,469,424,441,-1,445,470,446,-1,446,470,471,-1,446,471,472,-1,472,471,473,-1,472,473,474,-1,474,473,409,-1,474,409,475,-1,475,409,408,-1,476,477,433,-1,433,477,478,-1,433,478,479,-1,479,478,480,-1,479,480,481,-1,482,483,484,-1,484,483,485,-1,484,485,415,-1,415,485,486,-1,415,486,413,-1,433,487,431,-1,431,487,488,-1,431,488,489,-1,438,490,433,-1,433,490,491,-1,433,491,476,-1,481,492,479,-1,479,492,493,-1,479,493,494,-1,494,493,495,-1,423,496,424,-1,424,496,497,-1,424,497,498,-1,498,497,499,-1,498,499,500,-1,500,501,498,-1,498,501,502,-1,498,502,503,-1,504,505,439,-1,506,507,508,-1,508,509,506,-1,506,509,510,-1,506,510,439,-1,503,511,498,-1,498,511,512,-1,498,512,428,-1,428,512,513,-1,428,513,429,-1,514,515,489,-1,489,515,516,-1,489,516,431,-1,441,424,439,-1,439,424,517,-1,439,517,504,-1,505,518,439,-1,439,518,519,-1,439,519,506,-1,520,521,489,-1,489,521,522,-1,489,522,514,-1,523,524,525,-1,526,527,528,-1,526,528,529,-1,523,525,530,-1,531,532,533,-1,525,534,530,-1,530,534,535,-1,530,535,536,-1,537,538,539,-1,539,538,540,-1,539,540,541,-1,541,540,542,-1,543,544,545,-1,545,544,546,-1,545,546,537,-1,537,546,547,-1,537,547,538,-1,548,549,550,-1,550,549,551,-1,550,551,543,-1,543,551,552,-1,543,552,544,-1,553,554,555,-1,555,554,556,-1,555,556,557,-1,558,528,555,-1,555,528,527,-1,555,527,553,-1,524,559,560,-1,524,561,525,-1,525,561,562,-1,525,562,563,-1,563,562,564,-1,565,566,567,-1,567,566,568,-1,567,568,569,-1,570,571,572,-1,573,574,524,-1,524,574,575,-1,524,575,559,-1,560,576,524,-1,524,576,577,-1,524,577,561,-1,536,578,530,-1,530,578,579,-1,530,579,580,-1,580,579,541,-1,580,541,581,-1,581,541,542,-1,529,528,582,-1,582,528,583,-1,582,583,548,-1,548,583,584,-1,548,584,549,-1,585,533,586,-1,570,572,569,-1,569,572,587,-1,569,587,567,-1,588,589,532,-1,532,589,590,-1,532,590,533,-1,533,590,591,-1,558,592,528,-1,528,592,593,-1,528,593,594,-1,594,593,595,-1,564,596,563,-1,563,596,597,-1,563,597,598,-1,598,597,599,-1,598,599,600,-1,587,601,567,-1,567,601,602,-1,567,602,603,-1,593,604,595,-1,595,604,605,-1,595,605,588,-1,588,605,606,-1,588,606,589,-1,607,608,609,-1,609,608,610,-1,609,610,567,-1,567,610,611,-1,567,611,565,-1,612,613,586,-1,586,613,614,-1,586,614,585,-1,585,615,533,-1,533,615,616,-1,533,616,617,-1,618,619,609,-1,609,619,620,-1,609,620,607,-1,612,586,621,-1,621,586,622,-1,621,622,623,-1,617,624,533,-1,533,624,625,-1,533,625,531,-1,591,626,533,-1,533,626,627,-1,533,627,628,-1,628,627,629,-1,556,630,557,-1,557,630,631,-1,557,631,609,-1,609,631,632,-1,609,632,618,-1,633,634,635,-1,635,634,636,-1,635,636,637,-1,638,639,603,-1,633,635,603,-1,603,635,640,-1,603,640,638,-1,639,641,603,-1,603,641,642,-1,603,642,567,-1,643,644,645,-1,629,627,645,-1,645,627,646,-1,645,646,643,-1,644,647,645,-1,645,647,648,-1,645,648,649,-1,529,475,408,-1,529,408,526,-1,526,408,407,-1,526,407,527,-1,527,407,397,-1,527,397,553,-1,553,397,396,-1,553,396,554,-1,554,396,427,-1,554,427,556,-1,556,427,429,-1,556,429,630,-1,630,429,513,-1,630,513,631,-1,529,582,475,-1,475,582,474,-1,541,448,399,-1,541,399,539,-1,539,399,401,-1,539,401,537,-1,537,401,403,-1,537,403,545,-1,545,403,444,-1,545,444,543,-1,543,444,446,-1,543,446,550,-1,550,446,472,-1,550,472,548,-1,548,472,474,-1,548,474,582,-1,541,579,448,-1,448,579,449,-1,525,416,418,-1,525,418,534,-1,534,418,417,-1,534,417,535,-1,535,417,412,-1,535,412,536,-1,536,412,411,-1,536,411,578,-1,578,411,449,-1,578,449,579,-1,562,414,413,-1,562,413,564,-1,564,413,486,-1,564,486,596,-1,596,486,485,-1,596,485,597,-1,597,485,483,-1,597,483,599,-1,599,483,482,-1,599,482,600,-1,600,482,484,-1,600,484,598,-1,598,484,415,-1,598,415,563,-1,563,415,416,-1,563,416,525,-1,562,561,414,-1,414,561,405,-1,530,410,419,-1,530,419,523,-1,523,419,404,-1,523,404,524,-1,524,404,458,-1,524,458,573,-1,573,458,457,-1,573,457,574,-1,574,457,456,-1,574,456,575,-1,575,456,455,-1,575,455,559,-1,559,455,454,-1,559,454,560,-1,560,454,453,-1,560,453,576,-1,576,453,406,-1,576,406,577,-1,577,406,405,-1,577,405,561,-1,530,580,410,-1,410,580,447,-1,583,409,473,-1,583,473,584,-1,584,473,471,-1,584,471,549,-1,549,471,470,-1,549,470,551,-1,551,470,445,-1,551,445,552,-1,552,445,443,-1,552,443,544,-1,544,443,442,-1,544,442,546,-1,546,442,402,-1,546,402,547,-1,547,402,400,-1,547,400,538,-1,538,400,452,-1,538,452,540,-1,540,452,451,-1,540,451,542,-1,542,451,450,-1,542,450,581,-1,581,450,447,-1,581,447,580,-1,583,528,409,-1,409,528,463,-1,531,437,436,-1,531,436,532,-1,532,436,420,-1,532,420,588,-1,588,420,430,-1,588,430,595,-1,595,430,461,-1,595,461,594,-1,594,461,463,-1,594,463,528,-1,615,477,476,-1,615,476,616,-1,616,476,491,-1,616,491,617,-1,617,491,490,-1,617,490,624,-1,624,490,438,-1,624,438,625,-1,625,438,437,-1,625,437,531,-1,615,585,477,-1,477,585,478,-1,586,479,494,-1,586,494,622,-1,622,494,495,-1,622,495,623,-1,623,495,493,-1,623,493,621,-1,621,493,492,-1,621,492,612,-1,612,492,481,-1,612,481,613,-1,613,481,480,-1,613,480,614,-1,614,480,478,-1,614,478,585,-1,586,533,479,-1,479,533,433,-1,627,431,516,-1,627,516,646,-1,646,516,515,-1,646,515,643,-1,643,515,514,-1,643,514,644,-1,644,514,522,-1,644,522,647,-1,647,522,521,-1,647,521,648,-1,648,521,520,-1,648,520,649,-1,649,520,489,-1,649,489,645,-1,645,489,488,-1,645,488,629,-1,629,488,487,-1,629,487,628,-1,628,487,433,-1,628,433,533,-1,627,626,431,-1,431,626,432,-1,606,422,421,-1,606,421,589,-1,589,421,435,-1,589,435,590,-1,590,435,434,-1,590,434,591,-1,591,434,432,-1,591,432,626,-1,606,605,422,-1,422,605,459,-1,609,498,428,-1,609,428,557,-1,557,428,398,-1,557,398,555,-1,555,398,465,-1,555,465,558,-1,558,465,464,-1,558,464,592,-1,592,464,462,-1,592,462,593,-1,593,462,460,-1,593,460,604,-1,604,460,459,-1,604,459,605,-1,609,567,498,-1,498,567,424,-1,603,439,510,-1,603,510,633,-1,633,510,509,-1,633,509,634,-1,634,509,508,-1,634,508,636,-1,636,508,507,-1,636,507,637,-1,637,507,506,-1,637,506,635,-1,635,506,519,-1,635,519,640,-1,640,519,518,-1,640,518,638,-1,638,518,505,-1,638,505,639,-1,639,505,504,-1,639,504,641,-1,641,504,517,-1,641,517,642,-1,642,517,424,-1,642,424,567,-1,603,602,439,-1,439,602,440,-1,602,601,440,-1,440,601,441,-1,572,468,469,-1,572,469,587,-1,587,469,441,-1,587,441,601,-1,572,571,468,-1,468,571,466,-1,571,570,466,-1,466,570,467,-1,620,502,501,-1,620,501,607,-1,607,501,500,-1,607,500,608,-1,608,500,499,-1,608,499,610,-1,610,499,497,-1,610,497,611,-1,611,497,496,-1,611,496,565,-1,565,496,423,-1,565,423,566,-1,566,423,425,-1,566,425,568,-1,568,425,426,-1,568,426,569,-1,569,426,467,-1,569,467,570,-1,632,512,511,-1,632,511,618,-1,618,511,503,-1,618,503,619,-1,619,503,502,-1,619,502,620,-1,632,631,512,-1,512,631,513,-1,
        ]
    }
}
Shape{
    appearance Appearance {
        material  Material 	{
            diffuseColor 1.0 1.0 1.0
            specularColor 0.5019607843137255 0.5019607843137255 0.5019607843137255
            ambientIntensity 1.0
            transparency 0.0
            shininess 0.5
        }
    }
    geometry IndexedFaceSet {
        ccw TRUE
        solid FALSE
        coord DEF co Coordinate {
            point [
                1.6949 0.0712 0.5626, 1.6949 0.0712 0.5584, 1.691 0.0712 0.5626, 1.691 0.0712 0.5584, 1.6949 0.0564 0.5626, 1.691 0.0564 0.5626, 1.6949 0.0564 0.5954, 1.691 0.0564 0.5954, 1.6949 0.0516 0.5954, 1.691 0.0516 0.5954, 1.6949 0.0516 0.5584, 1.691 0.0516 0.5584, 1.6949 0.0902 0.5577, 1.691 0.0902 0.5577, 1.691 0.0925 0.5578, 1.6949 0.0925 0.5578, 1.691 0.0946 0.558, 1.6949 0.0946 0.558, 1.691 0.0965 0.5584, 1.6949 0.0965 0.5584, 1.691 0.0982 0.5589, 1.6949 0.0982 0.5589, 1.691 0.0997 0.5595, 1.6949 0.0997 0.5595, 1.691 0.1004 0.5599, 1.6949 0.1004 0.5599, 1.6949 0.1004 0.5645, 1.691 0.1004 0.5645, 1.691 0.099 0.5637, 1.6949 0.099 0.5637, 1.691 0.0976 0.5631, 1.6949 0.0976 0.5631, 1.691 0.096 0.5626, 1.6949 0.096 0.5626, 1.691 0.0943 0.5623, 1.6949 0.0943 0.5623, 1.691 0.0926 0.5621, 1.6949 0.0926 0.5621, 1.691 0.0909 0.562, 1.6949 0.0909 0.562, 1.691 0.0893 0.5621, 1.6949 0.0893 0.5621, 1.691 0.0877 0.5623, 1.6949 0.0877 0.5623, 1.691 0.0863 0.5627, 1.6949 0.0863 0.5627, 1.691 0.085 0.5632, 1.6949 0.085 0.5632, 1.691 0.0838 0.5638, 1.6949 0.0838 0.5638, 1.691 0.0827 0.5646, 1.6949 0.0827 0.5646, 1.691 0.0817 0.5655, 1.6949 0.0817 0.5655, 1.691 0.0814 0.5659, 1.6949 0.0814 0.5659, 1.691 0.0805 0.567, 1.6949 0.0805 0.567, 1.691 0.0797 0.5682, 1.6949 0.0797 0.5682, 1.691 0.079 0.5694, 1.6949 0.079 0.5694, 1.691 0.0785 0.5708, 1.6949 0.0785 0.5708, 1.691 0.0781 0.5723, 1.6949 0.0781 0.5723, 1.691 0.0779 0.5739, 1.6949 0.0779 0.5739, 1.691 0.0777 0.5757, 1.6949 0.0777 0.5757, 1.691 0.0777 0.5765, 1.6949 0.0777 0.5765, 1.691 0.0778 0.5784, 1.6949 0.0778 0.5784, 1.691 0.078 0.5802, 1.6949 0.078 0.5802, 1.691 0.0784 0.5818, 1.6949 0.0784 0.5818, 1.691 0.0789 0.5833, 1.6949 0.0789 0.5833, 1.691 0.0795 0.5847, 1.6949 0.0795 0.5847, 1.691 0.0803 0.586, 1.6949 0.0803 0.586, 1.691 0.0812 0.5871, 1.6949 0.0812 0.5871, 1.691 0.0816 0.5876, 1.6949 0.0816 0.5876, 1.691 0.0827 0.5886, 1.6949 0.0827 0.5886, 1.691 0.0838 0.5895, 1.6949 0.0838 0.5895, 1.691 0.085 0.5902, 1.6949 0.085 0.5902, 1.691 0.0863 0.5908, 1.6949 0.0863 0.5908, 1.691 0.0877 0.5912, 1.6949 0.0877 0.5912, 1.691 0.0891 0.5915, 1.6949 0.0891 0.5915, 1.691 0.0907 0.5917, 1.6949 0.0907 0.5917, 1.691 0.0917 0.5917, 1.6949 0.0917 0.5917, 1.691 0.0935 0.5916, 1.6949 0.0935 0.5916, 1.691 0.0952 0.5914, 1.6949 0.0952 0.5914, 1.691 0.0968 0.591, 1.6949 0.0968 0.591, 1.691 0.0984 0.5905, 1.6949 0.0984 0.5905, 1.691 0.0999 0.5898, 1.6949 0.0999 0.5898, 1.691 0.1004 0.5895, 1.6949 0.1004 0.5895, 1.6949 0.1004 0.5945, 1.691 0.1004 0.5945, 1.691 0.099 0.5951, 1.6949 0.099 0.5951, 1.691 0.0974 0.5955, 1.6949 0.0974 0.5955, 1.691 0.0956 0.5958, 1.6949 0.0956 0.5958, 1.691 0.0936 0.596, 1.6949 0.0936 0.596, 1.691 0.0917 0.596, 1.6949 0.0917 0.596, 1.691 0.0897 0.596, 1.6949 0.0897 0.596, 1.691 0.0879 0.5957, 1.6949 0.0879 0.5957, 1.691 0.0861 0.5954, 1.6949 0.0861 0.5954, 1.691 0.0845 0.5948, 1.6949 0.0845 0.5948, 1.691 0.083 0.5942, 1.6949 0.083 0.5942, 1.691 0.0815 0.5934, 1.6949 0.0815 0.5934, 1.691 0.0802 0.5924, 1.6949 0.0802 0.5924, 1.691 0.0788 0.5914, 1.6949 0.0788 0.5914, 1.691 0.078 0.5906, 1.6949 0.078 0.5906, 1.691 0.0769 0.5893, 1.6949 0.0769 0.5893, 1.691 0.0759 0.588, 1.6949 0.0759 0.588, 1.691 0.0751 0.5865, 1.6949 0.0751 0.5865, 1.691 0.0743 0.585, 1.6949 0.0743 0.585, 1.691 0.0737 0.5834, 1.6949 0.0737 0.5834, 1.691 0.0733 0.5817, 1.6949 0.0733 0.5817, 1.691 0.0729 0.5799, 1.6949 0.0729 0.5799, 1.691 0.0727 0.5779, 1.6949 0.0727 0.5779, 1.691 0.0727 0.5762, 1.6949 0.0727 0.5762, 1.691 0.0728 0.5741, 1.6949 0.0728 0.5741, 1.691 0.073 0.5721, 1.6949 0.073 0.5721, 1.691 0.0734 0.5703, 1.6949 0.0734 0.5703, 1.691 0.0739 0.5686, 1.6949 0.0739 0.5686, 1.691 0.0745 0.5671, 1.6949 0.0745 0.5671, 1.691 0.0753 0.5656, 1.6949 0.0753 0.5656, 1.691 0.0762 0.5643, 1.6949 0.0762 0.5643, 1.691 0.0772 0.5631, 1.6949 0.0772 0.5631, 1.691 0.0774 0.5628, 1.6949 0.0774 0.5628, 1.691 0.0786 0.5617, 1.6949 0.0786 0.5617, 1.691 0.0798 0.5607, 1.6949 0.0798 0.5607, 1.691 0.0812 0.5599, 1.6949 0.0812 0.5599, 1.691 0.0825 0.5592, 1.6949 0.0825 0.5592, 1.691 0.084 0.5586, 1.6949 0.084 0.5586, 1.691 0.0856 0.5582, 1.6949 0.0856 0.5582, 1.691 0.0873 0.5579, 1.6949 0.0873 0.5579, 1.691 0.0891 0.5577, 1.6949 0.0891 0.5577, 1.6949 0.1278 0.5626, 1.6949 0.1278 0.5584, 1.691 0.1278 0.5626, 1.691 0.1278 0.5584, 1.6949 0.1127 0.5626, 1.691 0.1127 0.5626, 1.6949 0.1127 0.575, 1.691 0.1127 0.575, 1.6949 0.1259 0.575, 1.691 0.1259 0.575, 1.6949 0.1259 0.5793, 1.691 0.1259 0.5793, 1.6949 0.1127 0.5793, 1.691 0.1127 0.5793, 1.6949 0.1127 0.5912, 1.691 0.1127 0.5912, 1.6949 0.127 0.5912, 1.691 0.127 0.5912, 1.6949 0.127 0.5954, 1.691 0.127 0.5954, 1.6949 0.1079 0.5954, 1.691 0.1079 0.5954, 1.6949 0.1079 0.5584, 1.691 0.1079 0.5584, 1.6949 0.1519 0.5638, 1.6949 0.1544 0.5602, 1.6949 0.1532 0.5644, 1.6949 0.156 0.561, 1.6949 0.1544 0.5652, 1.6949 0.1574 0.5619, 1.6949 0.1555 0.566, 1.6949 0.1588 0.563, 1.6949 0.156 0.5664, 1.6949 0.1594 0.5635, 1.6949 0.1569 0.5675, 1.6949 0.1606 0.5648, 1.6949 0.1577 0.5686, 1.6949 0.1616 0.5661, 1.6949 0.1584 0.5698, 1.6949 0.1625 0.5674, 1.6949 0.159 0.5711, 1.6949 0.1596 0.5808, 1.6949 0.1643 0.5828, 1.6949 0.1593 0.5823, 1.6949 0.1638 0.5843, 1.6949 0.1588 0.5837, 1.6949 0.1631 0.5858, 1.6949 0.1581 0.585, 1.6949 0.1623 0.5871, 1.6949 0.1574 0.5861, 1.6949 0.1614 0.5884, 1.6949 0.1603 0.5896, 1.6949 0.1566 0.587, 1.6949 0.1594 0.5905, 1.6949 0.1559 0.5877, 1.6949 0.158 0.5916, 1.6949 0.1547 0.5886, 1.6949 0.1566 0.5926, 1.6949 0.1535 0.5893, 1.6949 0.155 0.5934, 1.6949 0.1522 0.5899, 1.6949 0.1534 0.5941, 1.6949 0.1507 0.5904, 1.6949 0.1517 0.5946, 1.6949 0.1491 0.5908, 1.6949 0.1499 0.595, 1.6949 0.1474 0.591, 1.6949 0.148 0.5953, 1.6949 0.1456 0.5912, 1.6949 0.146 0.5954, 1.6949 0.1452 0.5912, 1.6949 0.1454 0.5954, 1.6949 0.1396 0.5912, 1.6949 0.1348 0.5954, 1.6949 0.1396 0.5626, 1.6949 0.1348 0.5584, 1.6949 0.145 0.5626, 1.6949 0.145 0.5584, 1.6949 0.1469 0.5627, 1.6949 0.1471 0.5584, 1.6949 0.1487 0.5629, 1.6949 0.1491 0.5587, 1.6949 0.1504 0.5633, 1.6949 0.151 0.559, 1.6949 0.1528 0.5596, 1.6949 0.1633 0.5689, 1.6949 0.1639 0.5704, 1.6949 0.1594 0.5726, 1.6949 0.1644 0.572, 1.6949 0.1597 0.5741, 1.6949 0.1647 0.5738, 1.6949 0.1599 0.5758, 1.6949 0.1649 0.5756, 1.6949 0.16 0.5772, 1.6949 0.165 0.5774, 1.6949 0.1599 0.5791, 1.6949 0.1649 0.5793, 1.6949 0.1647 0.5811, 1.691 0.1547 0.5886, 1.691 0.158 0.5916, 1.691 0.1559 0.5877, 1.691 0.1594 0.5905, 1.691 0.1566 0.587, 1.691 0.1603 0.5896, 1.691 0.1574 0.5861, 1.691 0.1614 0.5884, 1.691 0.1581 0.585, 1.691 0.1623 0.5871, 1.691 0.1588 0.5837, 1.691 0.1631 0.5858, 1.691 0.1593 0.5823, 1.691 0.1532 0.5644, 1.691 0.1544 0.5602, 1.691 0.1519 0.5638, 1.691 0.1528 0.5596, 1.691 0.1504 0.5633, 1.691 0.151 0.559, 1.691 0.1487 0.5629, 1.691 0.1491 0.5587, 1.691 0.1469 0.5627, 1.691 0.1471 0.5584, 1.691 0.145 0.5626, 1.691 0.145 0.5584, 1.691 0.1396 0.5626, 1.691 0.1348 0.5584, 1.691 0.1396 0.5912, 1.691 0.1348 0.5954, 1.691 0.1452 0.5912, 1.691 0.1454 0.5954, 1.691 0.1456 0.5912, 1.691 0.146 0.5954, 1.691 0.1474 0.591, 1.691 0.148 0.5953, 1.691 0.1491 0.5908, 1.691 0.1499 0.595, 1.691 0.1507 0.5904, 1.691 0.1517 0.5946, 1.691 0.1522 0.5899, 1.691 0.1534 0.5941, 1.691 0.1535 0.5893, 1.691 0.155 0.5934, 1.691 0.1566 0.5926, 1.691 0.1594 0.5726, 1.691 0.1639 0.5704, 1.691 0.159 0.5711, 1.691 0.1633 0.5689, 1.691 0.1584 0.5698, 1.691 0.1625 0.5674, 1.691 0.1577 0.5686, 1.691 0.1616 0.5661, 1.691 0.1569 0.5675, 1.691 0.1606 0.5648, 1.691 0.156 0.5664, 1.691 0.1594 0.5635, 1.691 0.1555 0.566, 1.691 0.1588 0.563, 1.691 0.1544 0.5652, 1.691 0.1574 0.5619, 1.691 0.156 0.561, 1.691 0.1638 0.5843, 1.691 0.1643 0.5828, 1.691 0.1596 0.5808, 1.691 0.1647 0.5811, 1.691 0.1599 0.5791, 1.691 0.1649 0.5793, 1.691 0.16 0.5772, 1.691 0.165 0.5774, 1.691 0.1599 0.5758, 1.691 0.1649 0.5756, 1.691 0.1597 0.5741, 1.691 0.1647 0.5738, 1.691 0.1644 0.572, 1.6949 0.1774 0.5727, 1.6949 0.1759 0.5685, 1.6949 0.1898 0.5727, 1.6949 0.1913 0.5685, 1.6949 0.183 0.5881, 1.6949 0.1812 0.5954, 1.6949 0.167 0.5584, 1.6949 0.1723 0.5584, 1.6949 0.1833 0.5892, 1.6949 0.1836 0.5907, 1.6949 0.1863 0.5954, 1.6949 0.1837 0.5907, 1.6949 0.184 0.5891, 1.6949 0.1842 0.5881, 1.6949 0.2004 0.5584, 1.6949 0.1951 0.5584, 1.691 0.1898 0.5727, 1.691 0.1842 0.5881, 1.691 0.1863 0.5954, 1.691 0.184 0.5891, 1.691 0.1837 0.5907, 1.691 0.1812 0.5954, 1.691 0.1836 0.5907, 1.691 0.1833 0.5892, 1.691 0.183 0.5881, 1.691 0.1774 0.5727, 1.691 0.167 0.5584, 1.691 0.2004 0.5584, 1.691 0.1951 0.5584, 1.691 0.1913 0.5685, 1.691 0.1723 0.5584, 1.691 0.1759 0.5685, 1.6949 0.0716 0.5038, 1.6949 0.0716 0.4995, 1.691 0.0716 0.5038, 1.691 0.0716 0.4995, 1.6949 0.0564 0.5038, 1.691 0.0564 0.5038, 1.6949 0.0564 0.5162, 1.691 0.0564 0.5162, 1.6949 0.0697 0.5162, 1.691 0.0697 0.5162, 1.6949 0.0697 0.5205, 1.691 0.0697 0.5205, 1.6949 0.0564 0.5205, 1.691 0.0564 0.5205, 1.6949 0.0564 0.5323, 1.691 0.0564 0.5323, 1.6949 0.0707 0.5323, 1.691 0.0707 0.5323, 1.6949 0.0707 0.5366, 1.691 0.0707 0.5366, 1.6949 0.0516 0.5366, 1.691 0.0516 0.5366, 1.6949 0.0516 0.4995, 1.691 0.0516 0.4995, 1.6949 0.0926 0.4995, 1.6949 0.0973 0.4995, 1.6949 0.0926 0.5036, 1.6949 0.0973 0.5166, 1.6949 0.0891 0.5226, 1.6949 0.0898 0.5224, 1.6949 0.0917 0.5261, 1.6949 0.0808 0.5142, 1.6949 0.0798 0.5137, 1.6949 0.0825 0.5108, 1.6949 0.0819 0.5104, 1.6949 0.0926 0.5257, 1.6949 0.0905 0.522, 1.6949 0.0935 0.5253, 1.6949 0.091 0.5216, 1.6949 0.0942 0.5247, 1.6949 0.0949 0.5241, 1.6949 0.0915 0.521, 1.6949 0.0955 0.5234, 1.6949 0.0816 0.5044, 1.6949 0.0812 0.505, 1.6949 0.0774 0.502, 1.6949 0.079 0.5132, 1.6949 0.0782 0.5125, 1.6949 0.0815 0.5099, 1.6949 0.082 0.5147, 1.6949 0.0831 0.5111, 1.6949 0.0833 0.515, 1.6949 0.0839 0.5114, 1.6949 0.0848 0.5153, 1.6949 0.0781 0.5124, 1.6949 0.0775 0.5117, 1.6949 0.0812 0.5093, 1.6949 0.077 0.511, 1.6949 0.0809 0.5086, 1.6949 0.0917 0.5064, 1.6949 0.0925 0.5036, 1.6949 0.0912 0.5056, 1.6949 0.0923 0.5033, 1.6949 0.0866 0.5028, 1.6949 0.0876 0.4994, 1.6949 0.0875 0.503, 1.6949 0.0886 0.4998, 1.6949 0.0883 0.5032, 1.6949 0.0894 0.5003, 1.6949 0.0891 0.5036, 1.6949 0.0926 0.5101, 1.6949 0.0926 0.5091, 1.6949 0.0924 0.5081, 1.6949 0.0921 0.5072, 1.6949 0.096 0.5226, 1.6949 0.0918 0.5204, 1.6949 0.0964 0.5217, 1.6949 0.0922 0.5197, 1.6949 0.0968 0.5206, 1.6949 0.0924 0.5188, 1.6949 0.0971 0.5194, 1.6949 0.0821 0.5039, 1.6949 0.0798 0.4999, 1.6949 0.0826 0.5035, 1.6949 0.0807 0.4995, 1.6949 0.0833 0.5032, 1.6949 0.0816 0.4992, 1.6949 0.084 0.5029, 1.6949 0.0779 0.5014, 1.6949 0.0783 0.501, 1.6949 0.079 0.5004, 1.6949 0.0808 0.5063, 1.6949 0.0762 0.5045, 1.6949 0.0809 0.5056, 1.6949 0.0765 0.5036, 1.6949 0.0769 0.5028, 1.6949 0.0926 0.5128, 1.6949 0.0926 0.5164, 1.6949 0.0864 0.512, 1.6949 0.085 0.5117, 1.6949 0.0902 0.5009, 1.6949 0.091 0.5016, 1.6949 0.0898 0.5041, 1.6949 0.0917 0.5024, 1.6949 0.0905 0.5047, 1.6949 0.0906 0.5049, 1.6949 0.0972 0.5181, 1.6949 0.0926 0.5178, 1.6949 0.0926 0.5167, 1.6949 0.0926 0.5103, 1.6949 0.0826 0.499, 1.6949 0.0838 0.4989, 1.6949 0.0848 0.5028, 1.6949 0.0844 0.4989, 1.6949 0.0856 0.5027, 1.6949 0.0856 0.499, 1.6949 0.0866 0.4991, 1.6949 0.0766 0.5102, 1.6949 0.0763 0.5093, 1.6949 0.0808 0.5079, 1.6949 0.0761 0.5083, 1.6949 0.0807 0.507, 1.6949 0.0907 0.5263, 1.6949 0.0895 0.5265, 1.6949 0.0882 0.5228, 1.6949 0.0883 0.5266, 1.6949 0.0873 0.5229, 1.6949 0.0877 0.5266, 1.6949 0.0868 0.5228, 1.6949 0.0861 0.5266, 1.6949 0.0856 0.5227, 1.6949 0.0846 0.5264, 1.6949 0.0844 0.5225, 1.6949 0.0832 0.5261, 1.6949 0.0832 0.5222, 1.6949 0.0819 0.5257, 1.6949 0.082 0.5218, 1.6949 0.0806 0.5252, 1.6949 0.0809 0.5212, 1.6949 0.0794 0.5246, 1.6949 0.0797 0.5205, 1.6949 0.0786 0.5242, 1.6949 0.0786 0.5197, 1.6949 0.076 0.5072, 1.6949 0.076 0.5066, 1.6949 0.0761 0.5055, 1.691 0.0797 0.5205, 1.691 0.0786 0.5197, 1.691 0.0786 0.5242, 1.691 0.0935 0.5253, 1.691 0.091 0.5216, 1.691 0.0905 0.522, 1.691 0.0924 0.5081, 1.691 0.0926 0.5091, 1.691 0.0973 0.5166, 1.691 0.0816 0.5044, 1.691 0.0774 0.502, 1.691 0.0812 0.505, 1.691 0.0769 0.5028, 1.691 0.0809 0.5056, 1.691 0.0942 0.5247, 1.691 0.0949 0.5241, 1.691 0.0915 0.521, 1.691 0.0955 0.5234, 1.691 0.0918 0.5204, 1.691 0.096 0.5226, 1.691 0.0922 0.5197, 1.691 0.0882 0.5228, 1.691 0.0895 0.5265, 1.691 0.0891 0.5226, 1.691 0.0907 0.5263, 1.691 0.0898 0.5224, 1.691 0.0917 0.5261, 1.691 0.0926 0.5257, 1.691 0.0921 0.5072, 1.691 0.0926 0.5036, 1.691 0.0926 0.4995, 1.691 0.0973 0.4995, 1.691 0.0819 0.5104, 1.691 0.0798 0.5137, 1.691 0.0825 0.5108, 1.691 0.0808 0.5142, 1.691 0.0831 0.5111, 1.691 0.082 0.5147, 1.691 0.0839 0.5114, 1.691 0.0833 0.515, 1.691 0.085 0.5117, 1.691 0.0848 0.5153, 1.691 0.0815 0.5099, 1.691 0.0782 0.5125, 1.691 0.079 0.5132, 1.691 0.0821 0.5039, 1.691 0.0783 0.501, 1.691 0.0779 0.5014, 1.691 0.0826 0.5035, 1.691 0.0798 0.4999, 1.691 0.079 0.5004, 1.691 0.0926 0.5128, 1.691 0.0972 0.5181, 1.691 0.0926 0.5103, 1.691 0.0926 0.5101, 1.691 0.0812 0.5093, 1.691 0.0775 0.5117, 1.691 0.0781 0.5124, 1.691 0.0964 0.5217, 1.691 0.0968 0.5206, 1.691 0.0924 0.5188, 1.691 0.0971 0.5194, 1.691 0.0926 0.5178, 1.691 0.0926 0.5167, 1.691 0.0765 0.5036, 1.691 0.0762 0.5045, 1.691 0.0808 0.5063, 1.691 0.0926 0.5164, 1.691 0.0864 0.512, 1.691 0.0809 0.5212, 1.691 0.0794 0.5246, 1.691 0.082 0.5218, 1.691 0.0806 0.5252, 1.691 0.0832 0.5222, 1.691 0.0819 0.5257, 1.691 0.0844 0.5225, 1.691 0.0832 0.5261, 1.691 0.0856 0.5227, 1.691 0.0846 0.5264, 1.691 0.0868 0.5228, 1.691 0.0861 0.5266, 1.691 0.0873 0.5229, 1.691 0.0877 0.5266, 1.691 0.0883 0.5266, 1.691 0.0808 0.5079, 1.691 0.0763 0.5093, 1.691 0.0809 0.5086, 1.691 0.0766 0.5102, 1.691 0.077 0.511, 1.691 0.0761 0.5055, 1.691 0.076 0.5066, 1.691 0.0807 0.507, 1.691 0.076 0.5072, 1.691 0.0761 0.5083, 1.691 0.0923 0.5033, 1.691 0.0917 0.5024, 1.691 0.0898 0.5041, 1.691 0.091 0.5016, 1.691 0.0891 0.5036, 1.691 0.0902 0.5009, 1.691 0.0883 0.5032, 1.691 0.0894 0.5003, 1.691 0.0875 0.503, 1.691 0.0848 0.5028, 1.691 0.0838 0.4989, 1.691 0.084 0.5029, 1.691 0.0826 0.499, 1.691 0.0833 0.5032, 1.691 0.0816 0.4992, 1.691 0.0807 0.4995, 1.691 0.0886 0.4998, 1.691 0.0876 0.4994, 1.691 0.0866 0.5028, 1.691 0.0866 0.4991, 1.691 0.0856 0.5027, 1.691 0.0856 0.499, 1.691 0.0844 0.4989, 1.691 0.0905 0.5047, 1.691 0.0906 0.5049, 1.691 0.0925 0.5036, 1.691 0.0912 0.5056, 1.691 0.0917 0.5064, 1.6949 0.1112 0.5027, 1.691 0.1112 0.5027, 1.691 0.11 0.5028, 1.6949 0.11 0.5028, 1.691 0.1089 0.5029, 1.6949 0.1089 0.5029, 1.691 0.1077 0.5032, 1.6949 0.1077 0.5032, 1.691 0.1066 0.5036, 1.6949 0.1066 0.5036, 1.691 0.1055 0.5041, 1.6949 0.1055 0.5041, 1.691 0.1044 0.5047, 1.6949 0.1044 0.5047, 1.691 0.1036 0.5053, 1.6949 0.1036 0.5053, 1.6949 0.1036 0.5005, 1.691 0.1036 0.5005, 1.691 0.1047 0.5, 1.6949 0.1047 0.5, 1.691 0.1059 0.4996, 1.6949 0.1059 0.4996, 1.691 0.1071 0.4993, 1.6949 0.1071 0.4993, 1.691 0.1084 0.4991, 1.6949 0.1084 0.4991, 1.691 0.1099 0.4989, 1.6949 0.1099 0.4989, 1.691 0.1108 0.4989, 1.6949 0.1108 0.4989, 1.691 0.1122 0.499, 1.6949 0.1122 0.499, 1.691 0.1136 0.4991, 1.6949 0.1136 0.4991, 1.691 0.1149 0.4994, 1.6949 0.1149 0.4994, 1.691 0.116 0.4997, 1.6949 0.116 0.4997, 1.691 0.117 0.5002, 1.6949 0.117 0.5002, 1.691 0.118 0.5007, 1.6949 0.118 0.5007, 1.691 0.1185 0.501, 1.6949 0.1185 0.501, 1.691 0.1192 0.5016, 1.6949 0.1192 0.5016, 1.691 0.1199 0.5023, 1.6949 0.1199 0.5023, 1.691 0.1204 0.5029, 1.6949 0.1204 0.5029, 1.691 0.1208 0.5037, 1.6949 0.1208 0.5037, 1.691 0.1211 0.5044, 1.6949 0.1211 0.5044, 1.691 0.1213 0.5053, 1.6949 0.1213 0.5053, 1.691 0.1214 0.5061, 1.6949 0.1214 0.5061, 1.691 0.1215 0.5067, 1.6949 0.1215 0.5067, 1.691 0.1214 0.5077, 1.6949 0.1214 0.5077, 1.691 0.1212 0.5086, 1.6949 0.1212 0.5086, 1.691 0.121 0.5094, 1.6949 0.121 0.5094, 1.691 0.1206 0.5101, 1.6949 0.1206 0.5101, 1.691 0.1202 0.5108, 1.6949 0.1202 0.5108, 1.691 0.1199 0.5111, 1.6949 0.1199 0.5111, 1.691 0.1193 0.5117, 1.6949 0.1193 0.5117, 1.691 0.1186 0.5123, 1.6949 0.1186 0.5123, 1.691 0.1176 0.5129, 1.6949 0.1176 0.5129, 1.691 0.1164 0.5135, 1.6949 0.1164 0.5135, 1.691 0.1149 0.5142, 1.6949 0.1149 0.5142, 1.691 0.1139 0.5146, 1.6949 0.1139 0.5146, 1.691 0.1119 0.5154, 1.6949 0.1119 0.5154, 1.691 0.1106 0.516, 1.6949 0.1106 0.516, 1.691 0.1098 0.5165, 1.6949 0.1098 0.5165, 1.691 0.1094 0.5168, 1.6949 0.1094 0.5168, 1.691 0.109 0.5172, 1.6949 0.109 0.5172, 1.691 0.1087 0.5177, 1.6949 0.1087 0.5177, 1.691 0.1085 0.5183, 1.6949 0.1085 0.5183, 1.691 0.1084 0.5189, 1.6949 0.1084 0.5189, 1.691 0.1084 0.5193, 1.6949 0.1084 0.5193, 1.691 0.1084 0.5199, 1.6949 0.1084 0.5199, 1.691 0.1086 0.5204, 1.6949 0.1086 0.5204, 1.691 0.1089 0.5209, 1.6949 0.1089 0.5209, 1.691 0.1092 0.5214, 1.6949 0.1092 0.5214, 1.691 0.1097 0.5218, 1.6949 0.1097 0.5218, 1.691 0.1098 0.5219, 1.6949 0.1098 0.5219, 1.691 0.1104 0.5222, 1.6949 0.1104 0.5222, 1.691 0.1111 0.5225, 1.6949 0.1111 0.5225, 1.691 0.1119 0.5227, 1.6949 0.1119 0.5227, 1.691 0.1128 0.5228, 1.6949 0.1128 0.5228, 1.691 0.1135 0.5229, 1.6949 0.1135 0.5229, 1.691 0.1147 0.5228, 1.6949 0.1147 0.5228, 1.691 0.1159 0.5226, 1.6949 0.1159 0.5226, 1.691 0.117 0.5224, 1.6949 0.117 0.5224, 1.691 0.1181 0.522, 1.6949 0.1181 0.522, 1.691 0.1192 0.5215, 1.6949 0.1192 0.5215, 1.691 0.1202 0.5209, 1.6949 0.1202 0.5209, 1.6949 0.1202 0.5255, 1.691 0.1202 0.5255, 1.691 0.119 0.5259, 1.6949 0.119 0.5259, 1.691 0.1177 0.5262, 1.6949 0.1177 0.5262, 1.691 0.1164 0.5265, 1.6949 0.1164 0.5265, 1.691 0.1151 0.5266, 1.6949 0.1151 0.5266, 1.691 0.1139 0.5266, 1.6949 0.1139 0.5266, 1.691 0.1125 0.5266, 1.6949 0.1125 0.5266, 1.691 0.1113 0.5264, 1.6949 0.1113 0.5264, 1.691 0.1101 0.5261, 1.6949 0.1101 0.5261, 1.691 0.109 0.5258, 1.6949 0.109 0.5258, 1.691 0.1079 0.5253, 1.6949 0.1079 0.5253, 1.691 0.107 0.5248, 1.6949 0.107 0.5248, 1.691 0.1066 0.5245, 1.6949 0.1066 0.5245, 1.691 0.1058 0.5239, 1.6949 0.1058 0.5239, 1.691 0.1052 0.5232, 1.6949 0.1052 0.5232, 1.691 0.1046 0.5225, 1.6949 0.1046 0.5225, 1.691 0.1042 0.5218, 1.6949 0.1042 0.5218, 1.691 0.1039 0.521, 1.6949 0.1039 0.521, 1.691 0.1037 0.5202, 1.6949 0.1037 0.5202, 1.691 0.1036 0.5193, 1.6949 0.1036 0.5193, 1.691 0.1036 0.5189, 1.6949 0.1036 0.5189, 1.691 0.1037 0.5179, 1.6949 0.1037 0.5179, 1.691 0.1038 0.517, 1.6949 0.1038 0.517, 1.691 0.1041 0.5162, 1.6949 0.1041 0.5162, 1.691 0.1044 0.5154, 1.6949 0.1044 0.5154, 1.691 0.1049 0.5148, 1.6949 0.1049 0.5148, 1.691 0.1049 0.5147, 1.6949 0.1049 0.5147, 1.691 0.1054 0.5142, 1.6949 0.1054 0.5142, 1.691 0.106 0.5136, 1.6949 0.106 0.5136, 1.691 0.1069 0.513, 1.6949 0.1069 0.513, 1.691 0.108 0.5124, 1.6949 0.108 0.5124, 1.691 0.1094 0.5117, 1.6949 0.1094 0.5117, 1.691 0.1106 0.5112, 1.6949 0.1106 0.5112, 1.691 0.1127 0.5104, 1.6949 0.1127 0.5104, 1.691 0.114 0.5097, 1.6949 0.114 0.5097, 1.691 0.1149 0.5092, 1.6949 0.1149 0.5092, 1.691 0.1155 0.5088, 1.6949 0.1155 0.5088, 1.691 0.116 0.5084, 1.6949 0.116 0.5084, 1.691 0.1163 0.5079, 1.6949 0.1163 0.5079, 1.691 0.1165 0.5073, 1.6949 0.1165 0.5073, 1.691 0.1167 0.5068, 1.6949 0.1167 0.5068, 1.691 0.1167 0.5063, 1.6949 0.1167 0.5063, 1.691 0.1166 0.5056, 1.6949 0.1166 0.5056, 1.691 0.1165 0.505, 1.6949 0.1165 0.505, 1.691 0.1162 0.5045, 1.6949 0.1162 0.5045, 1.691 0.1159 0.5041, 1.6949 0.1159 0.5041, 1.691 0.1154 0.5037, 1.6949 0.1154 0.5037, 1.691 0.1149 0.5034, 1.6949 0.1149 0.5034, 1.691 0.1142 0.5031, 1.6949 0.1142 0.5031, 1.691 0.1134 0.5029, 1.6949 0.1134 0.5029, 1.691 0.1125 0.5028, 1.6949 0.1125 0.5028, 1.6949 0.1445 0.526, 1.6949 0.1493 0.526, 1.691 0.1445 0.526, 1.691 0.1493 0.526, 1.6949 0.1372 0.5061, 1.691 0.1372 0.5061, 1.691 0.1369 0.5048, 1.6949 0.1369 0.5048, 1.691 0.1367 0.5039, 1.6949 0.1367 0.5039, 1.6949 0.1365 0.5039, 1.691 0.1365 0.5039, 1.6949 0.136 0.5061, 1.691 0.136 0.5061, 1.6949 0.1291 0.526, 1.691 0.1291 0.526, 1.6949 0.1239 0.526, 1.691 0.1239 0.526, 1.6949 0.1343 0.4996, 1.691 0.1343 0.4996, 1.6949 0.1322 0.4948, 1.691 0.1322 0.4948, 1.691 0.1317 0.4937, 1.6949 0.1317 0.4937, 1.691 0.1311 0.4929, 1.6949 0.1311 0.4929, 1.691 0.1305 0.4922, 1.6949 0.1305 0.4922, 1.691 0.1298 0.4917, 1.6949 0.1298 0.4917, 1.691 0.129 0.4913, 1.6949 0.129 0.4913, 1.691 0.1283 0.4911, 1.6949 0.1283 0.4911, 1.691 0.1275 0.4911, 1.6949 0.1275 0.4911, 1.691 0.1265 0.4911, 1.6949 0.1265 0.4911, 1.691 0.1254 0.4914, 1.6949 0.1254 0.4914, 1.691 0.1248 0.4916, 1.6949 0.1248 0.4916, 1.6949 0.1248 0.4875, 1.691 0.1248 0.4875, 1.691 0.1259 0.4872, 1.6949 0.1259 0.4872, 1.691 0.1272 0.4871, 1.6949 0.1272 0.4871, 1.691 0.1278 0.4871, 1.6949 0.1278 0.4871, 1.691 0.129 0.4872, 1.6949 0.129 0.4872, 1.691 0.13 0.4874, 1.6949 0.13 0.4874, 1.691 0.1311 0.4878, 1.6949 0.1311 0.4878, 1.691 0.132 0.4883, 1.6949 0.132 0.4883, 1.691 0.133 0.489, 1.6949 0.133 0.489, 1.691 0.1339 0.4898, 1.6949 0.1339 0.4898, 1.691 0.1347 0.4909, 1.6949 0.1347 0.4909, 1.691 0.1356 0.4921, 1.6949 0.1356 0.4921, 1.691 0.1364 0.4936, 1.6949 0.1364 0.4936, 1.691 0.1372 0.4953, 1.6949 0.1372 0.4953, 1.691 0.1373 0.4955, 1.6949 0.1373 0.4955, 1.6949 0.1742 0.5038, 1.6949 0.1742 0.4995, 1.691 0.1742 0.5038, 1.691 0.1742 0.4995, 1.6949 0.1591 0.5038, 1.691 0.1591 0.5038, 1.6949 0.1591 0.5162, 1.691 0.1591 0.5162, 1.6949 0.1723 0.5162, 1.691 0.1723 0.5162, 1.6949 0.1723 0.5205, 1.691 0.1723 0.5205, 1.6949 0.1591 0.5205, 1.691 0.1591 0.5205, 1.6949 0.1591 0.5323, 1.691 0.1591 0.5323, 1.6949 0.1734 0.5323, 1.691 0.1734 0.5323, 1.6949 0.1734 0.5366, 1.691 0.1734 0.5366, 1.6949 0.1543 0.5366, 1.691 0.1543 0.5366, 1.6949 0.1543 0.4995, 1.691 0.1543 0.4995, 1.6949 0.1983 0.505, 1.6949 0.2009 0.5014, 1.6949 0.1996 0.5056, 1.6949 0.2024 0.5022, 1.6949 0.2009 0.5063, 1.6949 0.2038 0.5031, 1.6949 0.202 0.5072, 1.6949 0.2052 0.5042, 1.6949 0.2024 0.5076, 1.6949 0.2058 0.5047, 1.6949 0.2034 0.5087, 1.6949 0.207 0.5059, 1.6949 0.2042 0.5098, 1.6949 0.208 0.5072, 1.6949 0.2048 0.511, 1.6949 0.2089 0.5086, 1.6949 0.2054 0.5123, 1.6949 0.2061 0.522, 1.6949 0.2107 0.524, 1.6949 0.2057 0.5235, 1.6949 0.2102 0.5255, 1.6949 0.2052 0.5249, 1.6949 0.2095 0.527, 1.6949 0.2046 0.5262, 1.6949 0.2087 0.5283, 1.6949 0.2038 0.5273, 1.6949 0.2078 0.5296, 1.6949 0.2067 0.5308, 1.6949 0.203 0.5282, 1.6949 0.2058 0.5317, 1.6949 0.2023 0.5289, 1.6949 0.2044 0.5328, 1.6949 0.2012 0.5297, 1.6949 0.203 0.5338, 1.6949 0.1999 0.5305, 1.6949 0.2015 0.5346, 1.6949 0.1986 0.5311, 1.6949 0.1999 0.5353, 1.6949 0.1971 0.5316, 1.6949 0.1982 0.5358, 1.6949 0.1956 0.532, 1.6949 0.1964 0.5362, 1.6949 0.1939 0.5322, 1.6949 0.1945 0.5365, 1.6949 0.1921 0.5323, 1.6949 0.1925 0.5366, 1.6949 0.1916 0.5323, 1.6949 0.1918 0.5366, 1.6949 0.186 0.5323, 1.6949 0.1812 0.5366, 1.6949 0.186 0.5038, 1.6949 0.1812 0.4995, 1.6949 0.1914 0.5038, 1.6949 0.1914 0.4995, 1.6949 0.1933 0.5038, 1.6949 0.1935 0.4996, 1.6949 0.1952 0.5041, 1.6949 0.1956 0.4999, 1.6949 0.1968 0.5045, 1.6949 0.1975 0.5002, 1.6949 0.1992 0.5008, 1.6949 0.2097 0.5101, 1.6949 0.2103 0.5116, 1.6949 0.2058 0.5137, 1.6949 0.2108 0.5132, 1.6949 0.2062 0.5153, 1.6949 0.2111 0.5149, 1.6949 0.2063 0.517, 1.6949 0.2113 0.5168, 1.6949 0.2064 0.5184, 1.6949 0.2114 0.5186, 1.6949 0.2063 0.5203, 1.6949 0.2113 0.5205, 1.6949 0.2111 0.5223, 1.691 0.2012 0.5297, 1.691 0.2044 0.5328, 1.691 0.2023 0.5289, 1.691 0.2058 0.5317, 1.691 0.203 0.5282, 1.691 0.2067 0.5308, 1.691 0.2038 0.5273, 1.691 0.2078 0.5296, 1.691 0.2046 0.5262, 1.691 0.2087 0.5283, 1.691 0.2052 0.5249, 1.691 0.2095 0.527, 1.691 0.2057 0.5235, 1.691 0.1996 0.5056, 1.691 0.2009 0.5014, 1.691 0.1983 0.505, 1.691 0.1992 0.5008, 1.691 0.1968 0.5045, 1.691 0.1975 0.5002, 1.691 0.1952 0.5041, 1.691 0.1956 0.4999, 1.691 0.1933 0.5038, 1.691 0.1935 0.4996, 1.691 0.1914 0.5038, 1.691 0.1914 0.4995, 1.691 0.186 0.5038, 1.691 0.1812 0.4995, 1.691 0.186 0.5323, 1.691 0.1812 0.5366, 1.691 0.1916 0.5323, 1.691 0.1918 0.5366, 1.691 0.1921 0.5323, 1.691 0.1925 0.5366, 1.691 0.1939 0.5322, 1.691 0.1945 0.5365, 1.691 0.1956 0.532, 1.691 0.1964 0.5362, 1.691 0.1971 0.5316, 1.691 0.1982 0.5358, 1.691 0.1986 0.5311, 1.691 0.1999 0.5353, 1.691 0.1999 0.5305, 1.691 0.2015 0.5346, 1.691 0.203 0.5338, 1.691 0.2058 0.5137, 1.691 0.2103 0.5116, 1.691 0.2054 0.5123, 1.691 0.2097 0.5101, 1.691 0.2048 0.511, 1.691 0.2089 0.5086, 1.691 0.2042 0.5098, 1.691 0.208 0.5072, 1.691 0.2034 0.5087, 1.691 0.207 0.5059, 1.691 0.2024 0.5076, 1.691 0.2058 0.5047, 1.691 0.202 0.5072, 1.691 0.2052 0.5042, 1.691 0.2009 0.5063, 1.691 0.2038 0.5031, 1.691 0.2024 0.5022, 1.691 0.2102 0.5255, 1.691 0.2107 0.524, 1.691 0.2061 0.522, 1.691 0.2111 0.5223, 1.691 0.2063 0.5203, 1.691 0.2113 0.5205, 1.691 0.2064 0.5184, 1.691 0.2114 0.5186, 1.691 0.2063 0.517, 1.691 0.2113 0.5168, 1.691 0.2062 0.5153, 1.691 0.2111 0.5149, 1.691 0.2108 0.5132, 1.6949 0.2238 0.5139, 1.6949 0.2223 0.5097, 1.6949 0.2363 0.5139, 1.6949 0.2377 0.5097, 1.6949 0.2294 0.5293, 1.6949 0.2276 0.5366, 1.6949 0.2135 0.4995, 1.6949 0.2188 0.4995, 1.6949 0.2297 0.5304, 1.6949 0.23 0.5319, 1.6949 0.2327 0.5366, 1.6949 0.2301 0.5319, 1.6949 0.2304 0.5303, 1.6949 0.2307 0.5293, 1.6949 0.2468 0.4995, 1.6949 0.2415 0.4995, 1.691 0.2363 0.5139, 1.691 0.2307 0.5293, 1.691 0.2327 0.5366, 1.691 0.2304 0.5303, 1.691 0.2301 0.5319, 1.691 0.2276 0.5366, 1.691 0.23 0.5319, 1.691 0.2297 0.5304, 1.691 0.2294 0.5293, 1.691 0.2238 0.5139, 1.691 0.2135 0.4995, 1.691 0.2468 0.4995, 1.691 0.2415 0.4995, 1.691 0.2377 0.5097, 1.691 0.2188 0.4995, 1.691 0.2223 0.5097, 1.6949 -0.1082 0.4894, 1.6949 -0.1053 0.487, 1.6949 -0.1145 0.5176, 1.6949 -0.0919 0.5653, 1.6949 -0.09 0.5643, 1.6949 -0.0981 0.5835, 1.6949 -0.0746 0.5839, 1.6949 -0.0701 0.5863, 1.6949 -0.0783 0.6, 1.6949 -0.0221 0.5703, 1.6949 -0.02 0.5657, 1.6949 -0.0048 0.5708, 1.6949 -0.0185 0.5608, 1.6949 -0.0177 0.5566, 1.6949 -0.0882 0.5182, 1.6949 -0.0857 0.5175, 1.6949 -0.0802 0.5332, 1.6949 -0.0077 0.517, 1.6949 -0.0114 0.5159, 1.6949 -0.0075 0.5002, 1.6949 -0.1147 0.4999, 1.6949 -0.1131 0.4961, 1.6949 -0.1109 0.4926, 1.6949 -0.0264 0.5305, 1.6949 -0.0346 0.5445, 1.6949 -0.0633 0.511, 1.6949 -0.0699 0.526, 1.6949 -0.0633 0.5084, 1.6949 -0.0776 0.485, 1.6949 -0.0635 0.505, 1.6949 -0.074 0.4872, 1.6949 -0.0711 0.4898, 1.6949 -0.0923 0.4981, 1.6949 -0.0933 0.4823, 1.6949 -0.09 0.4978, 1.6949 -0.0897 0.482, 1.6949 -0.0874 0.4981, 1.6949 -0.0968 0.5005, 1.6949 -0.0947 0.499, 1.6949 -0.1016 0.4848, 1.6949 -0.0976 0.4832, 1.6949 -0.0805 0.5122, 1.6949 -0.0798 0.5098, 1.6949 -0.0797 0.5072, 1.6949 -0.0803 0.5047, 1.6949 -0.0814 0.5024, 1.6949 -0.1115 0.5671, 1.6949 -0.1149 0.5826, 1.6949 -0.12 0.581, 1.6949 -0.0125 0.4994, 1.6949 -0.014 0.5155, 1.6949 -0.028 0.4994, 1.6949 -0.0259 0.5155, 1.6949 -0.0293 0.4996, 1.6949 -0.0727 0.6023, 1.6949 -0.0653 0.588, 1.6949 -0.0669 0.604, 1.6949 -0.1183 0.5197, 1.6949 -0.1227 0.5029, 1.6949 -0.1177 0.5008, 1.6949 -0.1155 0.5655, 1.6949 -0.125 0.5786, 1.6949 -0.1193 0.5633, 1.6949 -0.1296 0.5756, 1.6949 -0.1225 0.5605, 1.6949 -0.0683 0.493, 1.6949 -0.0661 0.4967, 1.6949 -0.0645 0.5008, 1.6949 -0.1002 0.507, 1.6949 -0.0996 0.5046, 1.6949 -0.0985 0.5024, 1.6949 -0.0763 0.5314, 1.6949 -0.0835 0.5161, 1.6949 -0.0729 0.529, 1.6949 0.0041 0.542, 1.6949 0.018 0.5506, 1.6949 0.0026 0.5455, 1.6949 0.0156 0.555, 1.6949 0.0006 0.5487, 1.6949 0.0126 0.5591, 1.6949 -0.002 0.5515, 1.6949 0.0091 0.5628, 1.6949 -0.0051 0.5537, 1.6949 -0.1246 0.5256, 1.6949 -0.1358 0.5126, 1.6949 -0.1217 0.5224, 1.6949 -0.1318 0.5087, 1.6949 -0.1274 0.5055, 1.6949 -0.1096 0.5837, 1.6949 -0.1073 0.568, 1.6949 -0.1042 0.584, 1.6949 -0.1039 0.5682, 1.6949 -0.1012 0.5839, 1.6949 -0.0998 0.5679, 1.6949 -0.0958 0.5669, 1.6949 -0.1001 0.5096, 1.6949 -0.0994 0.5121, 1.6949 -0.1133 0.5203, 1.6949 -0.0981 0.5143, 1.6949 -0.09 0.5184, 1.6949 -0.0939 0.5347, 1.6949 -0.0924 0.5181, 1.6949 -0.0979 0.5337, 1.6949 -0.0947 0.5172, 1.6949 -0.0843 0.5345, 1.6949 -0.0883 0.535, 1.6949 -0.0897 0.535, 1.6949 -0.0831 0.5004, 1.6949 -0.0851 0.499, 1.6949 -0.0814 0.4834, 1.6949 -0.0855 0.4824, 1.6949 -0.0027 0.5016, 1.6949 0.0018 0.5037, 1.6949 -0.0044 0.5187, 1.6949 0.0061 0.5064, 1.6949 -0.0014 0.5211, 1.6949 0.01 0.5097, 1.6949 -0.0002 0.5223, 1.6949 0.0115 0.5113, 1.6949 0.002 0.5254, 1.6949 -0.0837 0.597, 1.6949 -0.0865 0.5951, 1.6949 -0.0787 0.5809, 1.6949 -0.0907 0.5917, 1.6949 -0.0823 0.5773, 1.6949 -0.0945 0.5879, 1.6949 -0.0854 0.5733, 1.6949 -0.088 0.569, 1.6949 -0.0071 0.5761, 1.6949 -0.0101 0.5812, 1.6949 -0.0249 0.5746, 1.6949 -0.0136 0.586, 1.6949 -0.0283 0.5785, 1.6949 -0.1298 0.5371, 1.6949 -0.1455 0.5306, 1.6949 -0.1287 0.5329, 1.6949 -0.1438 0.5255, 1.6949 -0.1269 0.529, 1.6949 -0.1415 0.5205, 1.6949 -0.1385 0.5159, 1.6949 -0.0817 0.5143, 1.6949 0.0046 0.5323, 1.6949 0.0212 0.534, 1.6949 0.0049 0.5361, 1.6949 0.0213 0.5363, 1.6949 0.0048 0.5382, 1.6949 0.0208 0.5412, 1.6949 0.0198 0.546, 1.6949 0.0147 0.5152, 1.6949 0.0172 0.5195, 1.6949 0.0036 0.5287, 1.6949 0.0192 0.5241, 1.6949 0.0205 0.529, 1.6949 -0.1017 0.532, 1.6949 -0.1049 0.5301, 1.6949 -0.0968 0.5158, 1.6949 -0.1082 0.5273, 1.6949 -0.111 0.524, 1.6949 -0.0272 0.5157, 1.6949 -0.0336 0.5022, 1.6949 -0.0328 0.5014, 1.6949 -0.0549 0.6054, 1.6949 -0.0546 0.5896, 1.6949 -0.0531 0.6053, 1.6949 -0.0496 0.5892, 1.6949 -0.1273 0.5539, 1.6949 -0.1435 0.558, 1.6949 -0.1289 0.5501, 1.6949 -0.1453 0.5529, 1.6949 -0.1299 0.5461, 1.6949 -0.1464 0.5476, 1.6949 -0.1303 0.5418, 1.6949 -0.1469 0.5424, 1.6949 -0.1303 0.5411, 1.6949 -0.1469 0.5413, 1.6949 -0.1465 0.5359, 1.6949 -0.0156 0.5566, 1.6949 -0.0119 0.5563, 1.6949 -0.0038 0.5705, 1.6949 -0.0084 0.5553, 1.6949 0.0006 0.5687, 1.6949 0.005 0.566, 1.6949 -0.0357 0.5076, 1.6949 -0.0354 0.5057, 1.6949 -0.0347 0.5039, 1.6949 -0.0264 0.5156, 1.6949 -0.0311 0.5003, 1.6949 -0.061 0.605, 1.6949 -0.0602 0.5891, 1.6949 -0.0554 0.5895, 1.6949 -0.0295 0.5155, 1.6949 -0.0313 0.5148, 1.6949 -0.0356 0.5084, 1.6949 -0.0329 0.5137, 1.6949 -0.0342 0.5122, 1.6949 -0.0352 0.5104, 1.6949 -0.1336 0.5723, 1.6949 -0.1345 0.5714, 1.6949 -0.1251 0.5575, 1.6949 -0.1381 0.5673, 1.6949 -0.141 0.5629, 1.6949 -0.0275 0.5158, 1.6949 -0.0178 0.5905, 1.6949 -0.0191 0.5917, 1.6949 -0.0315 0.5814, 1.6949 -0.0241 0.5956, 1.6949 -0.0357 0.5843, 1.6949 -0.0294 0.5988, 1.6949 -0.0401 0.5866, 1.6949 -0.0351 0.6015, 1.6949 -0.0448 0.5882, 1.6949 -0.041 0.6035, 1.6949 -0.047 0.6048, 1.691 -0.0346 0.5445, 1.691 -0.0264 0.5305, 1.691 -0.0699 0.526, 1.691 -0.0633 0.511, 1.691 -0.0776 0.485, 1.691 -0.0633 0.5084, 1.691 -0.0635 0.505, 1.691 -0.074 0.4872, 1.691 -0.0711 0.4898, 1.691 -0.0924 0.5181, 1.691 -0.0947 0.5172, 1.691 -0.1145 0.5176, 1.691 -0.0968 0.5158, 1.691 -0.0701 0.5863, 1.691 -0.0746 0.5839, 1.691 -0.0837 0.597, 1.691 -0.1082 0.4894, 1.691 -0.1109 0.4926, 1.691 -0.0994 0.5121, 1.691 -0.1131 0.4961, 1.691 -0.1147 0.4999, 1.691 -0.0814 0.5024, 1.691 -0.0803 0.5047, 1.691 -0.0797 0.5072, 1.691 -0.0798 0.5098, 1.691 -0.1287 0.5329, 1.691 -0.1269 0.529, 1.691 -0.1415 0.5205, 1.691 -0.0645 0.5008, 1.691 -0.0661 0.4967, 1.691 -0.0683 0.493, 1.691 -0.09 0.4978, 1.691 -0.0874 0.4981, 1.691 -0.0855 0.4824, 1.691 -0.1155 0.5655, 1.691 -0.12 0.581, 1.691 -0.1115 0.5671, 1.691 -0.1149 0.5826, 1.691 -0.1073 0.568, 1.691 -0.1096 0.5837, 1.691 -0.1039 0.5682, 1.691 -0.1385 0.5159, 1.691 -0.1246 0.5256, 1.691 -0.1358 0.5126, 1.691 -0.1217 0.5224, 1.691 -0.1318 0.5087, 1.691 -0.1274 0.5055, 1.691 -0.1183 0.5197, 1.691 -0.1227 0.5029, 1.691 -0.1177 0.5008, 1.691 -0.0981 0.5143, 1.691 -0.0249 0.5746, 1.691 -0.0101 0.5812, 1.691 -0.0221 0.5703, 1.691 -0.0071 0.5761, 1.691 -0.02 0.5657, 1.691 -0.0048 0.5708, 1.691 -0.0185 0.5608, 1.691 -0.0865 0.5951, 1.691 -0.0787 0.5809, 1.691 -0.0907 0.5917, 1.691 -0.0084 0.5553, 1.691 -0.0119 0.5563, 1.691 -0.1001 0.5096, 1.691 -0.1002 0.507, 1.691 -0.0996 0.5046, 1.691 -0.0945 0.5879, 1.691 -0.0823 0.5773, 1.691 -0.0981 0.5835, 1.691 -0.0854 0.5733, 1.691 -0.088 0.569, 1.691 0.0036 0.5287, 1.691 0.0172 0.5195, 1.691 0.002 0.5254, 1.691 0.0147 0.5152, 1.691 -0.0002 0.5223, 1.691 0.0115 0.5113, 1.691 -0.0014 0.5211, 1.691 0.01 0.5097, 1.691 -0.0044 0.5187, 1.691 0.0026 0.5455, 1.691 0.018 0.5506, 1.691 0.0041 0.542, 1.691 0.0198 0.546, 1.691 0.0048 0.5382, 1.691 0.0208 0.5412, 1.691 0.0049 0.5361, 1.691 -0.0156 0.5566, 1.691 -0.0177 0.5566, 1.691 -0.0947 0.499, 1.691 -0.1053 0.487, 1.691 -0.0968 0.5005, 1.691 -0.0985 0.5024, 1.691 -0.09 0.5184, 1.691 -0.0883 0.535, 1.691 -0.0882 0.5182, 1.691 -0.0843 0.5345, 1.691 -0.0857 0.5175, 1.691 -0.1042 0.584, 1.691 -0.1012 0.5839, 1.691 -0.0998 0.5679, 1.691 -0.0958 0.5669, 1.691 -0.0814 0.4834, 1.691 -0.0851 0.499, 1.691 -0.0831 0.5004, 1.691 -0.0802 0.5332, 1.691 -0.0763 0.5314, 1.691 -0.0835 0.5161, 1.691 -0.0729 0.529, 1.691 -0.0817 0.5143, 1.691 -0.0805 0.5122, 1.691 -0.1017 0.532, 1.691 -0.0979 0.5337, 1.691 -0.0919 0.5653, 1.691 -0.09 0.5643, 1.691 -0.0328 0.5014, 1.691 -0.0336 0.5022, 1.691 -0.0272 0.5157, 1.691 -0.0347 0.5039, 1.691 0.0213 0.5363, 1.691 0.0212 0.534, 1.691 0.0046 0.5323, 1.691 0.0205 0.529, 1.691 0.0192 0.5241, 1.691 -0.0038 0.5705, 1.691 0.0006 0.5687, 1.691 -0.0051 0.5537, 1.691 0.005 0.566, 1.691 -0.002 0.5515, 1.691 0.0091 0.5628, 1.691 0.0006 0.5487, 1.691 0.0126 0.5591, 1.691 0.0156 0.555, 1.691 -0.0897 0.482, 1.691 -0.0933 0.4823, 1.691 -0.0923 0.4981, 1.691 -0.0976 0.4832, 1.691 -0.1016 0.4848, 1.691 -0.111 0.524, 1.691 -0.1082 0.5273, 1.691 -0.1049 0.5301, 1.691 -0.0939 0.5347, 1.691 -0.0897 0.535, 1.691 -0.1289 0.5501, 1.691 -0.1435 0.558, 1.691 -0.1273 0.5539, 1.691 -0.141 0.5629, 1.691 -0.1251 0.5575, 1.691 -0.1438 0.5255, 1.691 -0.1455 0.5306, 1.691 -0.1298 0.5371, 1.691 -0.1465 0.5359, 1.691 -0.1303 0.5411, 1.691 -0.1469 0.5413, 1.691 -0.1303 0.5418, 1.691 -0.1469 0.5424, 1.691 -0.1299 0.5461, 1.691 -0.1464 0.5476, 1.691 -0.1453 0.5529, 1.691 0.0061 0.5064, 1.691 0.0018 0.5037, 1.691 -0.0077 0.517, 1.691 -0.0027 0.5016, 1.691 -0.0114 0.5159, 1.691 -0.0075 0.5002, 1.691 -0.014 0.5155, 1.691 -0.0125 0.4994, 1.691 -0.0259 0.5155, 1.691 -0.028 0.4994, 1.691 -0.0264 0.5156, 1.691 -0.0293 0.4996, 1.691 -0.0311 0.5003, 1.691 -0.0354 0.5057, 1.691 -0.0357 0.5076, 1.691 -0.0356 0.5084, 1.691 -0.1133 0.5203, 1.691 -0.1381 0.5673, 1.691 -0.1345 0.5714, 1.691 -0.1225 0.5605, 1.691 -0.1336 0.5723, 1.691 -0.1193 0.5633, 1.691 -0.1296 0.5756, 1.691 -0.125 0.5786, 1.691 -0.0352 0.5104, 1.691 -0.0342 0.5122, 1.691 -0.0329 0.5137, 1.691 -0.0313 0.5148, 1.691 -0.0315 0.5814, 1.691 -0.0191 0.5917, 1.691 -0.0283 0.5785, 1.691 -0.0178 0.5905, 1.691 -0.0136 0.586, 1.691 -0.0783 0.6, 1.691 -0.0727 0.6023, 1.691 -0.0653 0.588, 1.691 -0.0669 0.604, 1.691 -0.0602 0.5891, 1.691 -0.061 0.605, 1.691 -0.0554 0.5895, 1.691 -0.0549 0.6054, 1.691 -0.0546 0.5896, 1.691 -0.0531 0.6053, 1.691 -0.0496 0.5892, 1.691 -0.047 0.6048, 1.691 -0.0448 0.5882, 1.691 -0.041 0.6035, 1.691 -0.0401 0.5866, 1.691 -0.0351 0.6015, 1.691 -0.0357 0.5843, 1.691 -0.0294 0.5988, 1.691 -0.0241 0.5956, 1.691 -0.0295 0.5155, 1.691 -0.0275 0.5158
            ]
        }
        coordIndex [
            0,1,2,-1,2,1,3,-1,4,0,5,-1,5,0,2,-1,6,4,7,-1,7,4,5,-1,8,6,9,-1,9,6,7,-1,10,8,11,-1,11,8,9,-1,1,10,3,-1,3,10,11,-1,6,8,4,-1,4,8,10,-1,4,10,0,-1,0,10,1,-1,2,3,5,-1,5,3,11,-1,5,11,7,-1,7,11,9,-1,12,13,14,-1,12,14,15,-1,15,14,16,-1,15,16,17,-1,17,16,18,-1,17,18,19,-1,19,18,20,-1,19,20,21,-1,21,20,22,-1,21,22,23,-1,23,22,24,-1,23,24,25,-1,26,25,27,-1,27,25,24,-1,26,27,28,-1,26,28,29,-1,29,28,30,-1,29,30,31,-1,31,30,32,-1,31,32,33,-1,33,32,34,-1,33,34,35,-1,35,34,36,-1,35,36,37,-1,37,36,38,-1,37,38,39,-1,39,38,40,-1,39,40,41,-1,41,40,42,-1,41,42,43,-1,43,42,44,-1,43,44,45,-1,45,44,46,-1,45,46,47,-1,47,46,48,-1,47,48,49,-1,49,48,50,-1,49,50,51,-1,51,50,52,-1,51,52,53,-1,53,52,54,-1,53,54,55,-1,55,54,56,-1,55,56,57,-1,57,56,58,-1,57,58,59,-1,59,58,60,-1,59,60,61,-1,61,60,62,-1,61,62,63,-1,63,62,64,-1,63,64,65,-1,65,64,66,-1,65,66,67,-1,67,66,68,-1,67,68,69,-1,69,68,70,-1,69,70,71,-1,71,70,72,-1,71,72,73,-1,73,72,74,-1,73,74,75,-1,75,74,76,-1,75,76,77,-1,77,76,78,-1,77,78,79,-1,79,78,80,-1,79,80,81,-1,81,80,82,-1,81,82,83,-1,83,82,84,-1,83,84,85,-1,85,84,86,-1,85,86,87,-1,87,86,88,-1,87,88,89,-1,89,88,90,-1,89,90,91,-1,91,90,92,-1,91,92,93,-1,93,92,94,-1,93,94,95,-1,95,94,96,-1,95,96,97,-1,97,96,98,-1,97,98,99,-1,99,98,100,-1,99,100,101,-1,101,100,102,-1,101,102,103,-1,103,102,104,-1,103,104,105,-1,105,104,106,-1,105,106,107,-1,107,106,108,-1,107,108,109,-1,109,108,110,-1,109,110,111,-1,111,110,112,-1,111,112,113,-1,113,112,114,-1,113,114,115,-1,116,115,117,-1,117,115,114,-1,116,117,118,-1,116,118,119,-1,119,118,120,-1,119,120,121,-1,121,120,122,-1,121,122,123,-1,123,122,124,-1,123,124,125,-1,125,124,126,-1,125,126,127,-1,127,126,128,-1,127,128,129,-1,129,128,130,-1,129,130,131,-1,131,130,132,-1,131,132,133,-1,133,132,134,-1,133,134,135,-1,135,134,136,-1,135,136,137,-1,137,136,138,-1,137,138,139,-1,139,138,140,-1,139,140,141,-1,141,140,142,-1,141,142,143,-1,143,142,144,-1,143,144,145,-1,145,144,146,-1,145,146,147,-1,147,146,148,-1,147,148,149,-1,149,148,150,-1,149,150,151,-1,151,150,152,-1,151,152,153,-1,153,152,154,-1,153,154,155,-1,155,154,156,-1,155,156,157,-1,157,156,158,-1,157,158,159,-1,159,158,160,-1,159,160,161,-1,161,160,162,-1,161,162,163,-1,163,162,164,-1,163,164,165,-1,165,164,166,-1,165,166,167,-1,167,166,168,-1,167,168,169,-1,169,168,170,-1,169,170,171,-1,171,170,172,-1,171,172,173,-1,173,172,174,-1,173,174,175,-1,175,174,176,-1,175,176,177,-1,177,176,178,-1,177,178,179,-1,179,178,180,-1,179,180,181,-1,181,180,182,-1,181,182,183,-1,183,182,184,-1,183,184,185,-1,185,184,186,-1,185,186,187,-1,187,186,188,-1,187,188,189,-1,189,188,190,-1,189,190,191,-1,191,190,192,-1,191,192,193,-1,193,192,194,-1,193,194,195,-1,195,194,196,-1,195,196,197,-1,197,196,13,-1,197,13,12,-1,113,115,116,-1,57,177,179,-1,33,21,31,-1,31,21,23,-1,31,23,29,-1,29,23,25,-1,29,25,26,-1,57,179,55,-1,55,179,181,-1,55,181,53,-1,53,181,183,-1,53,183,51,-1,51,183,185,-1,51,185,49,-1,49,185,187,-1,49,187,47,-1,187,189,47,-1,47,189,191,-1,47,191,45,-1,45,191,193,-1,45,193,43,-1,43,193,195,-1,43,195,41,-1,41,195,197,-1,41,197,39,-1,39,197,12,-1,39,12,37,-1,37,12,15,-1,37,15,35,-1,35,15,17,-1,35,17,33,-1,33,17,19,-1,33,19,21,-1,89,143,87,-1,87,143,145,-1,87,145,85,-1,85,145,147,-1,85,147,83,-1,83,147,149,-1,83,149,81,-1,81,149,151,-1,81,151,79,-1,79,151,153,-1,79,153,77,-1,77,153,155,-1,77,155,75,-1,113,116,111,-1,111,116,119,-1,111,119,109,-1,109,119,121,-1,109,121,107,-1,107,121,123,-1,107,123,105,-1,105,123,125,-1,105,125,103,-1,103,125,127,-1,103,127,101,-1,101,127,129,-1,101,129,99,-1,99,129,131,-1,99,131,97,-1,97,131,133,-1,97,133,95,-1,95,133,135,-1,95,135,93,-1,93,135,137,-1,93,137,91,-1,91,137,139,-1,91,139,89,-1,89,139,141,-1,89,141,143,-1,177,57,175,-1,175,57,59,-1,175,59,173,-1,173,59,61,-1,173,61,171,-1,171,61,63,-1,171,63,169,-1,169,63,65,-1,169,65,167,-1,167,65,165,-1,165,65,67,-1,165,67,163,-1,155,157,75,-1,75,157,159,-1,75,159,73,-1,73,159,161,-1,73,161,71,-1,71,161,163,-1,71,163,69,-1,69,163,67,-1,28,27,24,-1,28,24,30,-1,44,190,46,-1,46,190,188,-1,46,188,48,-1,48,188,186,-1,48,186,50,-1,50,186,184,-1,50,184,52,-1,52,184,182,-1,52,182,54,-1,114,112,117,-1,117,112,110,-1,117,110,118,-1,118,110,108,-1,182,180,54,-1,54,180,178,-1,54,178,56,-1,56,178,176,-1,56,176,58,-1,58,176,174,-1,58,174,60,-1,60,174,172,-1,60,172,62,-1,24,22,30,-1,30,22,20,-1,30,20,32,-1,32,20,18,-1,32,18,34,-1,34,18,16,-1,34,16,36,-1,36,16,14,-1,36,14,38,-1,38,14,13,-1,38,13,40,-1,40,13,196,-1,40,196,42,-1,42,196,194,-1,42,194,44,-1,44,194,192,-1,44,192,190,-1,82,146,84,-1,84,146,144,-1,84,144,86,-1,86,144,142,-1,86,142,88,-1,88,142,140,-1,88,140,90,-1,90,140,138,-1,90,138,92,-1,92,138,136,-1,92,136,94,-1,94,136,134,-1,94,134,96,-1,96,134,132,-1,96,132,98,-1,98,132,130,-1,98,130,100,-1,100,130,128,-1,100,128,102,-1,102,128,126,-1,102,126,104,-1,104,126,124,-1,104,124,106,-1,106,124,122,-1,106,122,108,-1,108,122,120,-1,108,120,118,-1,162,160,72,-1,72,160,158,-1,72,158,74,-1,74,158,156,-1,74,156,76,-1,76,156,154,-1,76,154,78,-1,78,154,152,-1,78,152,80,-1,80,152,150,-1,80,150,82,-1,82,150,148,-1,82,148,146,-1,172,170,62,-1,62,170,168,-1,62,168,64,-1,64,168,166,-1,64,166,66,-1,66,166,164,-1,66,164,68,-1,68,164,162,-1,68,162,70,-1,70,162,72,-1,198,199,200,-1,200,199,201,-1,202,198,203,-1,203,198,200,-1,204,202,205,-1,205,202,203,-1,206,204,207,-1,207,204,205,-1,208,206,209,-1,209,206,207,-1,210,208,211,-1,211,208,209,-1,212,210,213,-1,213,210,211,-1,214,212,215,-1,215,212,213,-1,216,214,217,-1,217,214,215,-1,218,216,219,-1,219,216,217,-1,220,218,221,-1,221,218,219,-1,199,220,201,-1,201,220,221,-1,220,199,198,-1,198,202,220,-1,220,202,204,-1,220,204,218,-1,214,216,212,-1,212,216,218,-1,212,218,210,-1,210,218,204,-1,210,204,208,-1,208,204,206,-1,217,215,219,-1,219,215,213,-1,209,207,211,-1,211,207,205,-1,200,201,203,-1,203,201,221,-1,203,221,205,-1,205,221,219,-1,205,219,211,-1,211,219,213,-1,222,223,224,-1,224,223,225,-1,224,225,226,-1,226,225,227,-1,226,227,228,-1,228,227,229,-1,228,229,230,-1,230,229,231,-1,230,231,232,-1,232,231,233,-1,232,233,234,-1,234,233,235,-1,234,235,236,-1,236,235,237,-1,236,237,238,-1,239,240,241,-1,241,240,242,-1,241,242,243,-1,243,242,244,-1,243,244,245,-1,245,244,246,-1,245,246,247,-1,246,248,247,-1,247,248,249,-1,247,249,250,-1,250,249,251,-1,250,251,252,-1,252,251,253,-1,252,253,254,-1,254,253,255,-1,254,255,256,-1,256,255,257,-1,256,257,258,-1,258,257,259,-1,258,259,260,-1,260,259,261,-1,260,261,262,-1,262,261,263,-1,262,263,264,-1,264,263,265,-1,264,265,266,-1,266,265,267,-1,266,267,268,-1,268,267,269,-1,268,269,270,-1,270,269,271,-1,270,271,272,-1,272,271,273,-1,272,273,274,-1,274,273,275,-1,274,275,276,-1,276,275,277,-1,276,277,278,-1,278,277,279,-1,278,279,280,-1,280,279,281,-1,280,281,222,-1,222,281,282,-1,222,282,223,-1,237,283,238,-1,238,283,284,-1,238,284,285,-1,285,284,286,-1,285,286,287,-1,287,286,288,-1,287,288,289,-1,289,288,290,-1,289,290,291,-1,291,290,292,-1,291,292,293,-1,293,292,294,-1,293,294,239,-1,239,294,295,-1,239,295,240,-1,296,297,298,-1,298,297,299,-1,298,299,300,-1,300,299,301,-1,300,301,302,-1,302,301,303,-1,302,303,304,-1,304,303,305,-1,304,305,306,-1,306,305,307,-1,306,307,308,-1,309,310,311,-1,311,310,312,-1,311,312,313,-1,313,312,314,-1,313,314,315,-1,315,314,316,-1,315,316,317,-1,317,316,318,-1,317,318,319,-1,319,318,320,-1,319,320,321,-1,321,320,322,-1,321,322,323,-1,323,322,324,-1,323,324,325,-1,325,324,326,-1,325,326,327,-1,327,326,328,-1,327,328,329,-1,329,328,330,-1,329,330,331,-1,331,330,332,-1,331,332,333,-1,333,332,334,-1,333,334,335,-1,335,334,336,-1,335,336,337,-1,337,336,338,-1,337,338,296,-1,296,338,339,-1,296,339,297,-1,340,341,342,-1,342,341,343,-1,342,343,344,-1,344,343,345,-1,344,345,346,-1,346,345,347,-1,346,347,348,-1,348,347,349,-1,348,349,350,-1,350,349,351,-1,350,351,352,-1,352,351,353,-1,352,353,354,-1,354,353,355,-1,354,355,309,-1,309,355,356,-1,309,356,310,-1,307,357,308,-1,308,357,358,-1,308,358,359,-1,359,358,360,-1,359,360,361,-1,361,360,362,-1,361,362,363,-1,363,362,364,-1,363,364,365,-1,365,364,366,-1,365,366,367,-1,367,366,368,-1,367,368,340,-1,340,368,369,-1,340,369,341,-1,275,273,320,-1,320,273,322,-1,275,320,318,-1,275,318,277,-1,277,318,316,-1,277,316,279,-1,279,316,314,-1,279,314,281,-1,281,314,312,-1,281,312,282,-1,282,312,310,-1,282,310,223,-1,223,310,356,-1,223,356,225,-1,225,356,355,-1,225,355,227,-1,227,355,353,-1,227,353,229,-1,229,353,351,-1,229,351,231,-1,231,351,349,-1,231,349,233,-1,233,349,347,-1,233,347,235,-1,235,347,345,-1,235,345,237,-1,237,345,343,-1,237,343,283,-1,283,343,341,-1,283,341,284,-1,284,341,369,-1,284,369,286,-1,286,369,368,-1,286,368,288,-1,288,368,366,-1,288,366,290,-1,290,366,364,-1,290,364,292,-1,292,364,362,-1,292,362,294,-1,294,362,360,-1,294,360,295,-1,295,360,358,-1,295,358,240,-1,240,358,357,-1,240,357,242,-1,242,357,307,-1,242,307,244,-1,244,307,305,-1,244,305,246,-1,246,305,303,-1,246,303,248,-1,248,303,301,-1,248,301,249,-1,249,301,299,-1,249,299,251,-1,251,299,297,-1,251,297,253,-1,253,297,339,-1,253,339,255,-1,255,339,338,-1,255,338,257,-1,257,338,336,-1,257,336,259,-1,259,336,334,-1,259,334,261,-1,261,334,332,-1,261,332,263,-1,263,332,330,-1,263,330,265,-1,265,330,328,-1,265,328,267,-1,267,328,326,-1,267,326,269,-1,271,269,324,-1,324,269,326,-1,273,271,322,-1,322,271,324,-1,268,270,325,-1,325,270,323,-1,270,272,323,-1,323,272,321,-1,272,274,321,-1,321,274,319,-1,230,350,352,-1,230,352,228,-1,228,352,354,-1,228,354,226,-1,226,354,309,-1,226,309,224,-1,224,309,311,-1,224,311,222,-1,222,311,313,-1,222,313,280,-1,280,313,315,-1,280,315,278,-1,278,315,317,-1,278,317,276,-1,276,317,319,-1,276,319,274,-1,291,363,365,-1,291,365,289,-1,289,365,367,-1,289,367,287,-1,287,367,340,-1,287,340,285,-1,285,340,342,-1,285,342,238,-1,238,342,344,-1,238,344,236,-1,236,344,346,-1,236,346,234,-1,234,346,348,-1,234,348,232,-1,232,348,350,-1,232,350,230,-1,252,298,300,-1,252,300,250,-1,250,300,302,-1,250,302,247,-1,247,302,304,-1,247,304,245,-1,245,304,306,-1,245,306,243,-1,243,306,308,-1,243,308,241,-1,241,308,359,-1,241,359,239,-1,239,359,361,-1,239,361,293,-1,293,361,363,-1,293,363,291,-1,268,325,327,-1,268,327,266,-1,266,327,329,-1,266,329,264,-1,264,329,331,-1,264,331,262,-1,262,331,333,-1,262,333,260,-1,260,333,335,-1,260,335,258,-1,258,335,337,-1,258,337,256,-1,256,337,296,-1,256,296,254,-1,254,296,298,-1,254,298,252,-1,370,371,372,-1,372,371,373,-1,374,375,370,-1,370,375,376,-1,370,376,371,-1,371,376,377,-1,374,378,375,-1,375,378,379,-1,375,379,380,-1,380,379,381,-1,380,381,382,-1,382,383,380,-1,380,383,372,-1,380,372,384,-1,384,372,373,-1,384,373,385,-1,386,387,388,-1,387,389,388,-1,388,389,390,-1,388,390,391,-1,391,390,392,-1,391,392,393,-1,393,394,391,-1,391,394,395,-1,391,395,396,-1,397,398,399,-1,400,396,401,-1,401,396,395,-1,401,395,399,-1,399,395,386,-1,399,386,397,-1,397,386,388,-1,380,384,388,-1,388,384,397,-1,375,380,391,-1,391,380,388,-1,376,375,396,-1,396,375,391,-1,377,376,400,-1,400,376,396,-1,371,377,401,-1,401,377,400,-1,373,371,399,-1,399,371,401,-1,385,373,398,-1,398,373,399,-1,384,385,397,-1,397,385,398,-1,370,372,395,-1,395,372,386,-1,372,383,386,-1,386,383,387,-1,381,390,389,-1,381,389,382,-1,382,389,387,-1,382,387,383,-1,381,379,390,-1,390,379,392,-1,374,394,393,-1,374,393,378,-1,378,393,392,-1,378,392,379,-1,374,370,394,-1,394,370,395,-1,402,403,404,-1,404,403,405,-1,406,402,407,-1,407,402,404,-1,408,406,409,-1,409,406,407,-1,410,408,411,-1,411,408,409,-1,412,410,413,-1,413,410,411,-1,414,412,415,-1,415,412,413,-1,416,414,417,-1,417,414,415,-1,418,416,419,-1,419,416,417,-1,420,418,421,-1,421,418,419,-1,422,420,423,-1,423,420,421,-1,424,422,425,-1,425,422,423,-1,403,424,405,-1,405,424,425,-1,418,420,416,-1,416,420,422,-1,416,422,414,-1,403,402,424,-1,424,402,406,-1,424,406,408,-1,410,412,408,-1,408,412,414,-1,408,414,424,-1,424,414,422,-1,423,421,419,-1,419,417,423,-1,423,417,415,-1,423,415,425,-1,404,405,407,-1,407,405,425,-1,407,425,409,-1,409,425,415,-1,409,415,411,-1,411,415,413,-1,426,427,428,-1,428,427,429,-1,430,431,432,-1,433,434,435,-1,435,434,436,-1,432,431,437,-1,437,431,438,-1,437,438,439,-1,439,438,440,-1,439,440,441,-1,441,440,442,-1,442,440,443,-1,442,443,444,-1,445,446,447,-1,434,448,436,-1,436,448,449,-1,436,449,450,-1,433,435,451,-1,451,435,452,-1,451,452,453,-1,453,452,454,-1,453,454,455,-1,449,456,450,-1,450,456,457,-1,450,457,458,-1,458,457,459,-1,458,459,460,-1,428,461,462,-1,462,461,463,-1,462,463,464,-1,465,466,467,-1,467,466,468,-1,467,468,469,-1,469,468,470,-1,469,470,471,-1,472,473,429,-1,429,473,474,-1,429,474,428,-1,428,474,475,-1,428,475,461,-1,444,443,476,-1,476,443,477,-1,476,477,478,-1,478,477,479,-1,478,479,480,-1,480,479,481,-1,480,481,482,-1,483,484,485,-1,485,484,486,-1,485,486,487,-1,487,486,488,-1,487,488,489,-1,447,490,445,-1,445,490,491,-1,445,491,483,-1,483,491,492,-1,483,492,484,-1,493,494,495,-1,495,494,496,-1,495,496,446,-1,446,496,497,-1,446,497,447,-1,498,499,500,-1,500,499,455,-1,500,455,501,-1,501,455,454,-1,470,502,471,-1,471,502,503,-1,471,503,504,-1,504,503,505,-1,504,505,506,-1,506,505,464,-1,506,464,507,-1,507,464,463,-1,482,481,508,-1,508,481,509,-1,508,509,510,-1,510,499,508,-1,508,499,498,-1,508,498,429,-1,429,498,511,-1,429,511,472,-1,488,512,489,-1,489,512,513,-1,489,513,514,-1,514,513,515,-1,514,515,516,-1,516,515,517,-1,516,517,465,-1,465,517,518,-1,465,518,466,-1,459,519,460,-1,460,519,520,-1,460,520,521,-1,521,520,522,-1,521,522,523,-1,432,524,430,-1,430,524,525,-1,430,525,526,-1,526,525,527,-1,526,527,528,-1,528,527,529,-1,528,529,530,-1,530,529,531,-1,530,531,532,-1,532,531,533,-1,532,533,534,-1,534,533,535,-1,534,535,536,-1,536,535,537,-1,536,537,538,-1,538,537,539,-1,538,539,540,-1,540,539,541,-1,540,541,542,-1,542,541,543,-1,542,543,544,-1,522,545,523,-1,523,545,546,-1,523,546,493,-1,493,546,547,-1,493,547,494,-1,548,549,550,-1,551,552,553,-1,554,555,556,-1,557,558,559,-1,559,558,560,-1,559,560,561,-1,551,562,552,-1,552,562,563,-1,552,563,564,-1,564,563,565,-1,564,565,566,-1,566,565,567,-1,566,567,568,-1,569,570,571,-1,571,570,572,-1,571,572,573,-1,573,572,574,-1,573,574,553,-1,553,574,575,-1,553,575,551,-1,576,554,577,-1,577,554,556,-1,577,556,578,-1,578,556,579,-1,580,581,582,-1,582,581,583,-1,582,583,584,-1,584,583,585,-1,584,585,586,-1,586,585,587,-1,586,587,588,-1,588,587,589,-1,590,591,580,-1,580,591,592,-1,580,592,581,-1,593,594,557,-1,557,594,595,-1,557,595,558,-1,596,597,593,-1,593,597,598,-1,593,598,594,-1,599,600,601,-1,601,600,556,-1,601,556,602,-1,602,556,555,-1,603,604,590,-1,590,604,605,-1,590,605,591,-1,567,606,568,-1,568,606,607,-1,568,607,608,-1,608,607,609,-1,608,609,610,-1,610,609,600,-1,610,600,611,-1,560,612,561,-1,561,612,613,-1,561,613,614,-1,611,600,615,-1,615,600,599,-1,615,599,589,-1,589,599,616,-1,589,616,588,-1,548,550,617,-1,617,550,618,-1,617,618,619,-1,619,618,620,-1,619,620,621,-1,621,620,622,-1,621,622,623,-1,623,622,624,-1,623,624,625,-1,625,624,626,-1,625,626,627,-1,627,626,628,-1,627,628,629,-1,629,628,630,-1,629,630,569,-1,569,630,631,-1,569,631,570,-1,632,633,634,-1,634,633,635,-1,634,635,603,-1,603,635,636,-1,603,636,604,-1,613,637,614,-1,614,637,638,-1,614,638,639,-1,639,638,640,-1,639,640,632,-1,632,640,641,-1,632,641,633,-1,642,643,644,-1,644,643,645,-1,644,645,646,-1,646,645,647,-1,646,647,648,-1,648,647,649,-1,648,649,650,-1,651,652,653,-1,653,652,654,-1,653,654,655,-1,655,654,656,-1,655,656,596,-1,596,656,657,-1,596,657,597,-1,649,658,650,-1,650,658,659,-1,650,659,660,-1,660,659,661,-1,660,661,662,-1,662,661,663,-1,662,663,651,-1,651,663,664,-1,651,664,652,-1,644,665,642,-1,642,665,666,-1,642,666,667,-1,667,666,668,-1,667,668,577,-1,577,668,669,-1,577,669,576,-1,529,630,628,-1,529,628,531,-1,531,628,626,-1,531,626,533,-1,533,626,624,-1,533,624,535,-1,535,624,622,-1,535,622,537,-1,537,622,620,-1,537,620,539,-1,539,620,618,-1,539,618,541,-1,541,618,550,-1,541,550,543,-1,544,543,549,-1,549,543,550,-1,544,549,548,-1,544,548,542,-1,542,548,617,-1,542,617,540,-1,540,617,619,-1,540,619,538,-1,538,619,621,-1,538,621,536,-1,536,621,623,-1,536,623,534,-1,534,623,625,-1,534,625,532,-1,532,625,627,-1,532,627,530,-1,530,627,629,-1,530,629,528,-1,528,629,569,-1,528,569,526,-1,526,569,571,-1,526,571,430,-1,430,571,573,-1,430,573,431,-1,431,573,553,-1,431,553,438,-1,438,553,552,-1,438,552,440,-1,440,552,564,-1,440,564,443,-1,443,564,566,-1,443,566,477,-1,477,566,568,-1,477,568,479,-1,479,568,608,-1,479,608,481,-1,481,608,610,-1,481,610,509,-1,509,610,611,-1,509,611,510,-1,510,611,615,-1,510,615,499,-1,455,499,589,-1,589,499,615,-1,455,589,587,-1,455,587,453,-1,453,587,585,-1,453,585,451,-1,451,585,583,-1,451,583,433,-1,433,583,581,-1,433,581,434,-1,434,581,592,-1,434,592,448,-1,448,592,591,-1,448,591,449,-1,449,591,605,-1,449,605,456,-1,456,605,604,-1,456,604,457,-1,457,604,636,-1,457,636,459,-1,459,636,635,-1,459,635,519,-1,519,635,633,-1,519,633,520,-1,520,633,641,-1,520,641,522,-1,522,641,640,-1,522,640,545,-1,545,640,638,-1,545,638,546,-1,546,638,637,-1,546,637,547,-1,547,637,613,-1,547,613,494,-1,494,613,612,-1,494,612,496,-1,496,612,560,-1,496,560,497,-1,497,560,558,-1,497,558,447,-1,447,558,595,-1,447,595,490,-1,490,595,594,-1,490,594,491,-1,491,594,598,-1,491,598,492,-1,492,598,597,-1,492,597,484,-1,484,597,657,-1,484,657,486,-1,486,657,656,-1,486,656,488,-1,488,656,654,-1,488,654,512,-1,512,654,652,-1,512,652,513,-1,513,652,664,-1,513,664,515,-1,515,664,663,-1,515,663,517,-1,517,663,661,-1,517,661,518,-1,518,661,659,-1,518,659,466,-1,466,659,658,-1,466,658,468,-1,468,658,649,-1,468,649,470,-1,470,649,647,-1,470,647,502,-1,502,647,645,-1,502,645,503,-1,503,645,643,-1,503,643,505,-1,505,643,642,-1,505,642,464,-1,464,642,667,-1,464,667,462,-1,428,462,577,-1,577,462,667,-1,426,428,578,-1,578,428,577,-1,427,426,579,-1,579,426,578,-1,429,427,556,-1,556,427,579,-1,429,556,600,-1,429,600,508,-1,508,600,609,-1,508,609,482,-1,482,609,607,-1,482,607,480,-1,480,607,606,-1,480,606,478,-1,478,606,567,-1,478,567,476,-1,476,567,565,-1,476,565,444,-1,444,565,563,-1,444,563,442,-1,442,563,562,-1,442,562,441,-1,441,562,551,-1,441,551,439,-1,439,551,575,-1,439,575,437,-1,437,575,574,-1,437,574,432,-1,432,574,572,-1,432,572,524,-1,524,572,570,-1,524,570,525,-1,525,570,631,-1,525,631,527,-1,527,631,630,-1,527,630,529,-1,436,580,582,-1,436,582,435,-1,435,582,584,-1,435,584,452,-1,452,584,586,-1,452,586,454,-1,454,586,588,-1,454,588,501,-1,501,588,616,-1,501,616,500,-1,523,639,632,-1,523,632,521,-1,521,632,634,-1,521,634,460,-1,460,634,603,-1,460,603,458,-1,458,603,590,-1,458,590,450,-1,450,590,580,-1,450,580,436,-1,483,593,557,-1,483,557,445,-1,445,557,559,-1,445,559,446,-1,446,559,561,-1,446,561,495,-1,495,561,614,-1,495,614,493,-1,493,614,639,-1,493,639,523,-1,516,662,651,-1,516,651,514,-1,514,651,653,-1,514,653,489,-1,489,653,655,-1,489,655,487,-1,487,655,596,-1,487,596,485,-1,485,596,593,-1,485,593,483,-1,507,666,665,-1,507,665,506,-1,506,665,644,-1,506,644,504,-1,504,644,646,-1,504,646,471,-1,471,646,648,-1,471,648,469,-1,469,648,650,-1,469,650,467,-1,467,650,660,-1,467,660,465,-1,465,660,662,-1,465,662,516,-1,511,601,602,-1,511,602,472,-1,472,602,555,-1,472,555,473,-1,473,555,554,-1,473,554,474,-1,474,554,576,-1,474,576,475,-1,475,576,669,-1,475,669,461,-1,461,669,668,-1,461,668,463,-1,463,668,666,-1,463,666,507,-1,511,498,601,-1,601,498,599,-1,498,500,599,-1,599,500,616,-1,670,671,672,-1,670,672,673,-1,673,672,674,-1,673,674,675,-1,675,674,676,-1,675,676,677,-1,677,676,678,-1,677,678,679,-1,679,678,680,-1,679,680,681,-1,681,680,682,-1,681,682,683,-1,683,682,684,-1,683,684,685,-1,686,685,687,-1,687,685,684,-1,686,687,688,-1,686,688,689,-1,689,688,690,-1,689,690,691,-1,691,690,692,-1,691,692,693,-1,693,692,694,-1,693,694,695,-1,695,694,696,-1,695,696,697,-1,697,696,698,-1,697,698,699,-1,699,698,700,-1,699,700,701,-1,701,700,702,-1,701,702,703,-1,703,702,704,-1,703,704,705,-1,705,704,706,-1,705,706,707,-1,707,706,708,-1,707,708,709,-1,709,708,710,-1,709,710,711,-1,711,710,712,-1,711,712,713,-1,713,712,714,-1,713,714,715,-1,715,714,716,-1,715,716,717,-1,717,716,718,-1,717,718,719,-1,719,718,720,-1,719,720,721,-1,721,720,722,-1,721,722,723,-1,723,722,724,-1,723,724,725,-1,725,724,726,-1,725,726,727,-1,727,726,728,-1,727,728,729,-1,729,728,730,-1,729,730,731,-1,731,730,732,-1,731,732,733,-1,733,732,734,-1,733,734,735,-1,735,734,736,-1,735,736,737,-1,737,736,738,-1,737,738,739,-1,739,738,740,-1,739,740,741,-1,741,740,742,-1,741,742,743,-1,743,742,744,-1,743,744,745,-1,745,744,746,-1,745,746,747,-1,747,746,748,-1,747,748,749,-1,749,748,750,-1,749,750,751,-1,751,750,752,-1,751,752,753,-1,753,752,754,-1,753,754,755,-1,755,754,756,-1,755,756,757,-1,757,756,758,-1,757,758,759,-1,759,758,760,-1,759,760,761,-1,761,760,762,-1,761,762,763,-1,763,762,764,-1,763,764,765,-1,765,764,766,-1,765,766,767,-1,767,766,768,-1,767,768,769,-1,769,768,770,-1,769,770,771,-1,771,770,772,-1,771,772,773,-1,773,772,774,-1,773,774,775,-1,775,774,776,-1,775,776,777,-1,777,776,778,-1,777,778,779,-1,779,778,780,-1,779,780,781,-1,781,780,782,-1,781,782,783,-1,783,782,784,-1,783,784,785,-1,785,784,786,-1,785,786,787,-1,787,786,788,-1,787,788,789,-1,789,788,790,-1,789,790,791,-1,791,790,792,-1,791,792,793,-1,793,792,794,-1,793,794,795,-1,795,794,796,-1,795,796,797,-1,797,796,798,-1,797,798,799,-1,799,798,800,-1,799,800,801,-1,801,800,802,-1,801,802,803,-1,803,802,804,-1,803,804,805,-1,806,805,807,-1,807,805,804,-1,806,807,808,-1,806,808,809,-1,809,808,810,-1,809,810,811,-1,811,810,812,-1,811,812,813,-1,813,812,814,-1,813,814,815,-1,815,814,816,-1,815,816,817,-1,817,816,818,-1,817,818,819,-1,819,818,820,-1,819,820,821,-1,821,820,822,-1,821,822,823,-1,823,822,824,-1,823,824,825,-1,825,824,826,-1,825,826,827,-1,827,826,828,-1,827,828,829,-1,829,828,830,-1,829,830,831,-1,831,830,832,-1,831,832,833,-1,833,832,834,-1,833,834,835,-1,835,834,836,-1,835,836,837,-1,837,836,838,-1,837,838,839,-1,839,838,840,-1,839,840,841,-1,841,840,842,-1,841,842,843,-1,843,842,844,-1,843,844,845,-1,845,844,846,-1,845,846,847,-1,847,846,848,-1,847,848,849,-1,849,848,850,-1,849,850,851,-1,851,850,852,-1,851,852,853,-1,853,852,854,-1,853,854,855,-1,855,854,856,-1,855,856,857,-1,857,856,858,-1,857,858,859,-1,859,858,860,-1,859,860,861,-1,861,860,862,-1,861,862,863,-1,863,862,864,-1,863,864,865,-1,865,864,866,-1,865,866,867,-1,867,866,868,-1,867,868,869,-1,869,868,870,-1,869,870,871,-1,871,870,872,-1,871,872,873,-1,873,872,874,-1,873,874,875,-1,875,874,876,-1,875,876,877,-1,877,876,878,-1,877,878,879,-1,879,878,880,-1,879,880,881,-1,881,880,882,-1,881,882,883,-1,883,882,884,-1,883,884,885,-1,885,884,886,-1,885,886,887,-1,887,886,888,-1,887,888,889,-1,889,888,890,-1,889,890,891,-1,891,890,892,-1,891,892,893,-1,893,892,894,-1,893,894,895,-1,895,894,896,-1,895,896,897,-1,897,896,898,-1,897,898,899,-1,899,898,900,-1,899,900,901,-1,901,900,902,-1,901,902,903,-1,903,902,904,-1,903,904,905,-1,905,904,906,-1,905,906,907,-1,907,906,671,-1,907,671,670,-1,683,685,686,-1,803,805,806,-1,713,715,897,-1,897,715,895,-1,777,837,775,-1,775,837,839,-1,775,839,773,-1,715,717,895,-1,895,717,719,-1,895,719,893,-1,893,719,721,-1,893,721,891,-1,779,833,777,-1,777,833,835,-1,777,835,837,-1,713,897,711,-1,711,897,899,-1,711,899,709,-1,709,899,901,-1,709,901,707,-1,707,901,903,-1,707,903,705,-1,855,765,853,-1,853,765,767,-1,737,883,735,-1,735,883,885,-1,839,841,773,-1,773,841,843,-1,773,843,771,-1,843,845,771,-1,771,845,847,-1,771,847,769,-1,769,847,849,-1,769,849,767,-1,767,849,851,-1,767,851,853,-1,855,857,765,-1,765,857,859,-1,765,859,763,-1,763,859,861,-1,763,861,761,-1,761,861,863,-1,761,863,759,-1,759,863,865,-1,759,865,757,-1,889,729,887,-1,887,729,731,-1,887,731,885,-1,885,731,733,-1,885,733,735,-1,721,723,891,-1,891,723,725,-1,891,725,889,-1,889,725,727,-1,889,727,729,-1,705,903,703,-1,703,903,905,-1,703,905,701,-1,701,905,907,-1,701,907,699,-1,699,907,670,-1,699,670,697,-1,697,670,673,-1,697,673,695,-1,695,673,675,-1,695,675,693,-1,693,675,677,-1,693,677,691,-1,691,677,679,-1,691,679,689,-1,689,679,686,-1,686,679,681,-1,686,681,683,-1,737,739,883,-1,883,739,741,-1,883,741,881,-1,881,741,743,-1,881,743,879,-1,879,743,745,-1,879,745,877,-1,877,745,747,-1,877,747,875,-1,875,747,749,-1,875,749,873,-1,803,806,801,-1,801,806,809,-1,801,809,799,-1,799,809,811,-1,799,811,797,-1,797,811,813,-1,797,813,795,-1,795,813,815,-1,795,815,793,-1,793,815,817,-1,793,817,791,-1,791,817,819,-1,791,819,789,-1,789,819,821,-1,789,821,787,-1,787,821,823,-1,787,823,785,-1,785,823,825,-1,785,825,783,-1,783,825,827,-1,783,827,781,-1,781,827,829,-1,781,829,779,-1,779,829,831,-1,779,831,833,-1,865,867,757,-1,757,867,869,-1,757,869,755,-1,755,869,871,-1,755,871,753,-1,753,871,873,-1,753,873,751,-1,751,873,749,-1,894,714,896,-1,896,714,712,-1,896,712,898,-1,898,712,710,-1,898,710,900,-1,776,774,836,-1,856,764,858,-1,858,764,762,-1,892,718,894,-1,894,718,716,-1,894,716,714,-1,886,884,732,-1,732,884,734,-1,734,884,882,-1,734,882,736,-1,856,854,764,-1,764,854,852,-1,764,852,766,-1,766,852,850,-1,766,850,768,-1,880,740,882,-1,882,740,738,-1,882,738,736,-1,770,842,772,-1,772,842,840,-1,772,840,774,-1,774,840,838,-1,774,838,836,-1,850,848,768,-1,768,848,846,-1,768,846,770,-1,770,846,844,-1,770,844,842,-1,710,708,900,-1,900,708,706,-1,900,706,902,-1,902,706,704,-1,902,704,904,-1,904,704,702,-1,904,702,906,-1,906,702,700,-1,906,700,671,-1,671,700,698,-1,671,698,672,-1,672,698,696,-1,672,696,674,-1,674,696,694,-1,674,694,676,-1,888,724,890,-1,890,724,722,-1,890,722,892,-1,892,722,720,-1,892,720,718,-1,732,730,886,-1,886,730,728,-1,886,728,888,-1,888,728,726,-1,888,726,724,-1,694,692,676,-1,676,692,690,-1,676,690,678,-1,678,690,688,-1,678,688,680,-1,680,688,687,-1,680,687,682,-1,682,687,684,-1,836,834,776,-1,776,834,832,-1,776,832,778,-1,778,832,830,-1,778,830,780,-1,780,830,828,-1,780,828,782,-1,782,828,826,-1,782,826,784,-1,784,826,824,-1,784,824,786,-1,786,824,822,-1,786,822,788,-1,788,822,820,-1,788,820,790,-1,790,820,818,-1,790,818,792,-1,792,818,816,-1,792,816,794,-1,794,816,814,-1,794,814,796,-1,796,814,812,-1,796,812,798,-1,798,812,810,-1,798,810,800,-1,800,810,808,-1,800,808,802,-1,802,808,807,-1,802,807,804,-1,872,870,754,-1,754,870,868,-1,754,868,756,-1,756,868,866,-1,756,866,758,-1,758,866,864,-1,758,864,760,-1,760,864,862,-1,760,862,762,-1,762,862,860,-1,762,860,858,-1,754,752,872,-1,872,752,750,-1,872,750,874,-1,874,750,748,-1,874,748,876,-1,876,748,746,-1,876,746,878,-1,878,746,744,-1,878,744,880,-1,880,744,742,-1,880,742,740,-1,908,909,910,-1,910,909,911,-1,912,908,913,-1,913,908,910,-1,912,913,914,-1,912,914,915,-1,915,914,916,-1,915,916,917,-1,918,917,919,-1,919,917,916,-1,920,918,921,-1,921,918,919,-1,922,920,923,-1,923,920,921,-1,924,922,925,-1,925,922,923,-1,926,924,927,-1,927,924,925,-1,928,926,929,-1,929,926,927,-1,928,929,930,-1,928,930,931,-1,931,930,932,-1,931,932,933,-1,933,932,934,-1,933,934,935,-1,935,934,936,-1,935,936,937,-1,937,936,938,-1,937,938,939,-1,939,938,940,-1,939,940,941,-1,941,940,942,-1,941,942,943,-1,943,942,944,-1,943,944,945,-1,945,944,946,-1,945,946,947,-1,947,946,948,-1,947,948,949,-1,950,949,951,-1,951,949,948,-1,950,951,952,-1,950,952,953,-1,953,952,954,-1,953,954,955,-1,955,954,956,-1,955,956,957,-1,957,956,958,-1,957,958,959,-1,959,958,960,-1,959,960,961,-1,961,960,962,-1,961,962,963,-1,963,962,964,-1,963,964,965,-1,965,964,966,-1,965,966,967,-1,967,966,968,-1,967,968,969,-1,969,968,970,-1,969,970,971,-1,971,970,972,-1,971,972,973,-1,973,972,974,-1,973,974,975,-1,975,974,976,-1,975,976,977,-1,977,976,978,-1,977,978,979,-1,909,979,911,-1,911,979,978,-1,915,917,979,-1,909,908,979,-1,979,908,912,-1,979,912,915,-1,922,924,920,-1,920,924,926,-1,920,926,918,-1,933,935,967,-1,967,935,965,-1,965,935,937,-1,965,937,963,-1,963,937,939,-1,963,939,961,-1,961,939,959,-1,959,939,941,-1,959,941,957,-1,957,941,943,-1,957,943,955,-1,967,969,933,-1,933,969,971,-1,933,971,931,-1,931,971,973,-1,931,973,928,-1,955,943,953,-1,953,943,945,-1,953,945,950,-1,950,945,947,-1,950,947,949,-1,973,975,928,-1,928,975,977,-1,928,977,926,-1,926,977,979,-1,926,979,918,-1,918,979,917,-1,940,938,960,-1,927,925,923,-1,910,911,913,-1,913,911,978,-1,960,938,962,-1,962,938,936,-1,962,936,964,-1,960,958,940,-1,940,958,956,-1,940,956,942,-1,942,956,954,-1,942,954,944,-1,944,954,952,-1,944,952,946,-1,946,952,951,-1,946,951,948,-1,964,936,966,-1,966,936,934,-1,966,934,968,-1,968,934,932,-1,968,932,970,-1,970,932,930,-1,970,930,972,-1,972,930,974,-1,974,930,929,-1,974,929,976,-1,919,916,978,-1,978,916,914,-1,978,914,913,-1,923,921,927,-1,927,921,919,-1,927,919,929,-1,929,919,978,-1,929,978,976,-1,980,981,982,-1,982,981,983,-1,984,980,985,-1,985,980,982,-1,986,984,987,-1,987,984,985,-1,988,986,989,-1,989,986,987,-1,990,988,991,-1,991,988,989,-1,992,990,993,-1,993,990,991,-1,994,992,995,-1,995,992,993,-1,996,994,997,-1,997,994,995,-1,998,996,999,-1,999,996,997,-1,1000,998,1001,-1,1001,998,999,-1,1002,1000,1003,-1,1003,1000,1001,-1,981,1002,983,-1,983,1002,1003,-1,988,990,986,-1,986,990,992,-1,981,980,1002,-1,1002,980,984,-1,996,998,994,-1,994,998,1000,-1,994,1000,992,-1,992,1000,1002,-1,992,1002,986,-1,986,1002,984,-1,1001,999,997,-1,997,995,1001,-1,1001,995,993,-1,1001,993,1003,-1,982,983,985,-1,985,983,1003,-1,985,1003,987,-1,987,1003,993,-1,987,993,989,-1,989,993,991,-1,1004,1005,1006,-1,1006,1005,1007,-1,1006,1007,1008,-1,1008,1007,1009,-1,1008,1009,1010,-1,1010,1009,1011,-1,1010,1011,1012,-1,1012,1011,1013,-1,1012,1013,1014,-1,1014,1013,1015,-1,1014,1015,1016,-1,1016,1015,1017,-1,1016,1017,1018,-1,1018,1017,1019,-1,1018,1019,1020,-1,1021,1022,1023,-1,1023,1022,1024,-1,1023,1024,1025,-1,1025,1024,1026,-1,1025,1026,1027,-1,1027,1026,1028,-1,1027,1028,1029,-1,1028,1030,1029,-1,1029,1030,1031,-1,1029,1031,1032,-1,1032,1031,1033,-1,1032,1033,1034,-1,1034,1033,1035,-1,1034,1035,1036,-1,1036,1035,1037,-1,1036,1037,1038,-1,1038,1037,1039,-1,1038,1039,1040,-1,1040,1039,1041,-1,1040,1041,1042,-1,1042,1041,1043,-1,1042,1043,1044,-1,1044,1043,1045,-1,1044,1045,1046,-1,1046,1045,1047,-1,1046,1047,1048,-1,1048,1047,1049,-1,1048,1049,1050,-1,1050,1049,1051,-1,1050,1051,1052,-1,1052,1051,1053,-1,1052,1053,1054,-1,1054,1053,1055,-1,1054,1055,1056,-1,1056,1055,1057,-1,1056,1057,1058,-1,1058,1057,1059,-1,1058,1059,1060,-1,1060,1059,1061,-1,1060,1061,1062,-1,1062,1061,1063,-1,1062,1063,1004,-1,1004,1063,1064,-1,1004,1064,1005,-1,1019,1065,1020,-1,1020,1065,1066,-1,1020,1066,1067,-1,1067,1066,1068,-1,1067,1068,1069,-1,1069,1068,1070,-1,1069,1070,1071,-1,1071,1070,1072,-1,1071,1072,1073,-1,1073,1072,1074,-1,1073,1074,1075,-1,1075,1074,1076,-1,1075,1076,1021,-1,1021,1076,1077,-1,1021,1077,1022,-1,1078,1079,1080,-1,1080,1079,1081,-1,1080,1081,1082,-1,1082,1081,1083,-1,1082,1083,1084,-1,1084,1083,1085,-1,1084,1085,1086,-1,1086,1085,1087,-1,1086,1087,1088,-1,1088,1087,1089,-1,1088,1089,1090,-1,1091,1092,1093,-1,1093,1092,1094,-1,1093,1094,1095,-1,1095,1094,1096,-1,1095,1096,1097,-1,1097,1096,1098,-1,1097,1098,1099,-1,1099,1098,1100,-1,1099,1100,1101,-1,1101,1100,1102,-1,1101,1102,1103,-1,1103,1102,1104,-1,1103,1104,1105,-1,1105,1104,1106,-1,1105,1106,1107,-1,1107,1106,1108,-1,1107,1108,1109,-1,1109,1108,1110,-1,1109,1110,1111,-1,1111,1110,1112,-1,1111,1112,1113,-1,1113,1112,1114,-1,1113,1114,1115,-1,1115,1114,1116,-1,1115,1116,1117,-1,1117,1116,1118,-1,1117,1118,1119,-1,1119,1118,1120,-1,1119,1120,1078,-1,1078,1120,1121,-1,1078,1121,1079,-1,1122,1123,1124,-1,1124,1123,1125,-1,1124,1125,1126,-1,1126,1125,1127,-1,1126,1127,1128,-1,1128,1127,1129,-1,1128,1129,1130,-1,1130,1129,1131,-1,1130,1131,1132,-1,1132,1131,1133,-1,1132,1133,1134,-1,1134,1133,1135,-1,1134,1135,1136,-1,1136,1135,1137,-1,1136,1137,1091,-1,1091,1137,1138,-1,1091,1138,1092,-1,1089,1139,1090,-1,1090,1139,1140,-1,1090,1140,1141,-1,1141,1140,1142,-1,1141,1142,1143,-1,1143,1142,1144,-1,1143,1144,1145,-1,1145,1144,1146,-1,1145,1146,1147,-1,1147,1146,1148,-1,1147,1148,1149,-1,1149,1148,1150,-1,1149,1150,1122,-1,1122,1150,1151,-1,1122,1151,1123,-1,1057,1055,1102,-1,1102,1055,1104,-1,1057,1102,1100,-1,1057,1100,1059,-1,1059,1100,1098,-1,1059,1098,1061,-1,1061,1098,1096,-1,1061,1096,1063,-1,1063,1096,1094,-1,1063,1094,1064,-1,1064,1094,1092,-1,1064,1092,1005,-1,1005,1092,1138,-1,1005,1138,1007,-1,1007,1138,1137,-1,1007,1137,1009,-1,1009,1137,1135,-1,1009,1135,1011,-1,1011,1135,1133,-1,1011,1133,1013,-1,1013,1133,1131,-1,1013,1131,1015,-1,1015,1131,1129,-1,1015,1129,1017,-1,1017,1129,1127,-1,1017,1127,1019,-1,1019,1127,1125,-1,1019,1125,1065,-1,1065,1125,1123,-1,1065,1123,1066,-1,1066,1123,1151,-1,1066,1151,1068,-1,1068,1151,1150,-1,1068,1150,1070,-1,1070,1150,1148,-1,1070,1148,1072,-1,1072,1148,1146,-1,1072,1146,1074,-1,1074,1146,1144,-1,1074,1144,1076,-1,1076,1144,1142,-1,1076,1142,1077,-1,1077,1142,1140,-1,1077,1140,1022,-1,1022,1140,1139,-1,1022,1139,1024,-1,1024,1139,1089,-1,1024,1089,1026,-1,1026,1089,1087,-1,1026,1087,1028,-1,1028,1087,1085,-1,1028,1085,1030,-1,1030,1085,1083,-1,1030,1083,1031,-1,1031,1083,1081,-1,1031,1081,1033,-1,1033,1081,1079,-1,1033,1079,1035,-1,1035,1079,1121,-1,1035,1121,1037,-1,1037,1121,1120,-1,1037,1120,1039,-1,1039,1120,1118,-1,1039,1118,1041,-1,1041,1118,1116,-1,1041,1116,1043,-1,1043,1116,1114,-1,1043,1114,1045,-1,1045,1114,1112,-1,1045,1112,1047,-1,1047,1112,1110,-1,1047,1110,1049,-1,1049,1110,1108,-1,1049,1108,1051,-1,1053,1051,1106,-1,1106,1051,1108,-1,1055,1053,1104,-1,1104,1053,1106,-1,1050,1052,1107,-1,1107,1052,1105,-1,1052,1054,1105,-1,1105,1054,1103,-1,1054,1056,1103,-1,1103,1056,1101,-1,1012,1132,1134,-1,1012,1134,1010,-1,1010,1134,1136,-1,1010,1136,1008,-1,1008,1136,1091,-1,1008,1091,1006,-1,1006,1091,1093,-1,1006,1093,1004,-1,1004,1093,1095,-1,1004,1095,1062,-1,1062,1095,1097,-1,1062,1097,1060,-1,1060,1097,1099,-1,1060,1099,1058,-1,1058,1099,1101,-1,1058,1101,1056,-1,1073,1145,1147,-1,1073,1147,1071,-1,1071,1147,1149,-1,1071,1149,1069,-1,1069,1149,1122,-1,1069,1122,1067,-1,1067,1122,1124,-1,1067,1124,1020,-1,1020,1124,1126,-1,1020,1126,1018,-1,1018,1126,1128,-1,1018,1128,1016,-1,1016,1128,1130,-1,1016,1130,1014,-1,1014,1130,1132,-1,1014,1132,1012,-1,1034,1080,1082,-1,1034,1082,1032,-1,1032,1082,1084,-1,1032,1084,1029,-1,1029,1084,1086,-1,1029,1086,1027,-1,1027,1086,1088,-1,1027,1088,1025,-1,1025,1088,1090,-1,1025,1090,1023,-1,1023,1090,1141,-1,1023,1141,1021,-1,1021,1141,1143,-1,1021,1143,1075,-1,1075,1143,1145,-1,1075,1145,1073,-1,1050,1107,1109,-1,1050,1109,1048,-1,1048,1109,1111,-1,1048,1111,1046,-1,1046,1111,1113,-1,1046,1113,1044,-1,1044,1113,1115,-1,1044,1115,1042,-1,1042,1115,1117,-1,1042,1117,1040,-1,1040,1117,1119,-1,1040,1119,1038,-1,1038,1119,1078,-1,1038,1078,1036,-1,1036,1078,1080,-1,1036,1080,1034,-1,1152,1153,1154,-1,1154,1153,1155,-1,1156,1157,1152,-1,1152,1157,1158,-1,1152,1158,1153,-1,1153,1158,1159,-1,1156,1160,1157,-1,1157,1160,1161,-1,1157,1161,1162,-1,1162,1161,1163,-1,1162,1163,1164,-1,1164,1165,1162,-1,1162,1165,1154,-1,1162,1154,1166,-1,1166,1154,1155,-1,1166,1155,1167,-1,1168,1169,1170,-1,1169,1171,1170,-1,1170,1171,1172,-1,1170,1172,1173,-1,1173,1172,1174,-1,1173,1174,1175,-1,1175,1176,1173,-1,1173,1176,1177,-1,1173,1177,1178,-1,1179,1180,1181,-1,1182,1178,1183,-1,1183,1178,1177,-1,1183,1177,1181,-1,1181,1177,1168,-1,1181,1168,1179,-1,1179,1168,1170,-1,1162,1166,1170,-1,1170,1166,1179,-1,1157,1162,1173,-1,1173,1162,1170,-1,1158,1157,1178,-1,1178,1157,1173,-1,1159,1158,1182,-1,1182,1158,1178,-1,1153,1159,1183,-1,1183,1159,1182,-1,1155,1153,1181,-1,1181,1153,1183,-1,1167,1155,1180,-1,1180,1155,1181,-1,1166,1167,1179,-1,1179,1167,1180,-1,1152,1154,1177,-1,1177,1154,1168,-1,1154,1165,1168,-1,1168,1165,1169,-1,1163,1172,1171,-1,1163,1171,1164,-1,1164,1171,1169,-1,1164,1169,1165,-1,1163,1161,1172,-1,1172,1161,1174,-1,1156,1176,1175,-1,1156,1175,1160,-1,1160,1175,1174,-1,1160,1174,1161,-1,1156,1152,1176,-1,1176,1152,1177,-1,1184,1185,1186,-1,1187,1188,1189,-1,1190,1191,1192,-1,1193,1194,1195,-1,1195,1194,1196,-1,1195,1196,1197,-1,1198,1199,1200,-1,1201,1202,1203,-1,1204,1205,1186,-1,1186,1205,1206,-1,1186,1206,1184,-1,1207,1208,1209,-1,1209,1208,1210,-1,1209,1210,1211,-1,1211,1210,1212,-1,1211,1212,1213,-1,1213,1212,1214,-1,1213,1214,1215,-1,1216,1217,1218,-1,1218,1217,1219,-1,1218,1219,1220,-1,1221,1185,1222,-1,1222,1185,1223,-1,1222,1223,1216,-1,1216,1223,1224,-1,1216,1224,1217,-1,1225,1226,1210,-1,1210,1226,1227,-1,1210,1227,1212,-1,1212,1227,1228,-1,1212,1228,1229,-1,1230,1231,1232,-1,1203,1202,1233,-1,1233,1202,1234,-1,1233,1234,1235,-1,1235,1234,1236,-1,1235,1236,1237,-1,1192,1191,1238,-1,1238,1191,1239,-1,1238,1239,1240,-1,1241,1242,1186,-1,1186,1242,1243,-1,1186,1243,1204,-1,1230,1232,1244,-1,1244,1232,1245,-1,1244,1245,1246,-1,1246,1245,1247,-1,1246,1247,1248,-1,1215,1249,1213,-1,1213,1249,1250,-1,1213,1250,1251,-1,1252,1186,1253,-1,1253,1186,1185,-1,1253,1185,1254,-1,1254,1185,1221,-1,1200,1199,1255,-1,1255,1199,1256,-1,1255,1256,1257,-1,1258,1259,1260,-1,1260,1259,1261,-1,1260,1261,1262,-1,1262,1261,1263,-1,1262,1263,1264,-1,1264,1263,1265,-1,1264,1265,1266,-1,1267,1268,1269,-1,1269,1268,1270,-1,1269,1270,1241,-1,1241,1270,1271,-1,1241,1271,1242,-1,1231,1230,1272,-1,1272,1230,1273,-1,1272,1273,1274,-1,1274,1273,1275,-1,1274,1275,1276,-1,1276,1275,1277,-1,1276,1277,1189,-1,1189,1277,1278,-1,1189,1278,1187,-1,1252,1279,1186,-1,1186,1279,1280,-1,1186,1280,1281,-1,1281,1280,1282,-1,1283,1284,1285,-1,1285,1284,1286,-1,1285,1286,1287,-1,1200,1288,1198,-1,1198,1288,1289,-1,1198,1289,1283,-1,1283,1289,1290,-1,1283,1290,1284,-1,1229,1291,1212,-1,1212,1291,1292,-1,1212,1292,1293,-1,1293,1292,1220,-1,1293,1220,1294,-1,1294,1220,1219,-1,1203,1295,1201,-1,1201,1295,1296,-1,1201,1296,1297,-1,1297,1296,1298,-1,1297,1298,1299,-1,1299,1298,1300,-1,1299,1300,1301,-1,1301,1300,1302,-1,1301,1302,1303,-1,1192,1304,1190,-1,1190,1304,1305,-1,1190,1305,1306,-1,1306,1305,1307,-1,1306,1307,1308,-1,1308,1307,1309,-1,1308,1309,1310,-1,1310,1309,1189,-1,1310,1189,1311,-1,1311,1189,1188,-1,1195,1312,1193,-1,1193,1312,1313,-1,1193,1313,1314,-1,1314,1313,1315,-1,1314,1315,1316,-1,1317,1318,1319,-1,1319,1318,1320,-1,1319,1320,1321,-1,1321,1320,1322,-1,1321,1322,1267,-1,1267,1322,1323,-1,1267,1323,1268,-1,1257,1256,1210,-1,1210,1256,1324,-1,1210,1324,1225,-1,1325,1326,1327,-1,1327,1326,1328,-1,1327,1328,1329,-1,1329,1328,1330,-1,1329,1330,1258,-1,1258,1330,1331,-1,1258,1331,1259,-1,1302,1332,1303,-1,1303,1332,1333,-1,1303,1333,1334,-1,1334,1333,1335,-1,1334,1335,1325,-1,1325,1335,1336,-1,1325,1336,1326,-1,1286,1337,1287,-1,1287,1337,1338,-1,1287,1338,1339,-1,1339,1338,1340,-1,1339,1340,1282,-1,1282,1340,1341,-1,1282,1341,1281,-1,1342,1343,1344,-1,1345,1346,1347,-1,1347,1346,1348,-1,1349,1350,1351,-1,1351,1350,1352,-1,1351,1352,1353,-1,1353,1352,1354,-1,1353,1354,1355,-1,1355,1354,1356,-1,1355,1356,1357,-1,1357,1356,1358,-1,1357,1358,1317,-1,1317,1358,1359,-1,1317,1359,1318,-1,1197,1360,1195,-1,1195,1360,1361,-1,1195,1361,1362,-1,1362,1361,1363,-1,1362,1363,1364,-1,1364,1363,1266,-1,1364,1266,1365,-1,1365,1266,1265,-1,1366,1367,1342,-1,1342,1367,1368,-1,1342,1368,1343,-1,1236,1369,1237,-1,1237,1369,1342,-1,1237,1342,1370,-1,1370,1342,1344,-1,1240,1239,1371,-1,1371,1239,1372,-1,1371,1372,1345,-1,1345,1372,1373,-1,1345,1373,1346,-1,1374,1375,1376,-1,1375,1377,1376,-1,1376,1377,1378,-1,1376,1378,1379,-1,1247,1380,1248,-1,1248,1380,1381,-1,1248,1381,1382,-1,1382,1381,1383,-1,1382,1383,1349,-1,1349,1383,1384,-1,1349,1384,1350,-1,1366,1342,1376,-1,1376,1342,1385,-1,1376,1385,1374,-1,1315,1386,1316,-1,1316,1386,1387,-1,1316,1387,1388,-1,1388,1387,1389,-1,1388,1389,1390,-1,1390,1389,1391,-1,1390,1391,1392,-1,1392,1391,1393,-1,1392,1393,1394,-1,1394,1393,1395,-1,1394,1395,1348,-1,1348,1395,1396,-1,1348,1396,1347,-1,1397,1398,1399,-1,1399,1398,1400,-1,1399,1400,1401,-1,1400,1402,1401,-1,1401,1402,1403,-1,1401,1403,1404,-1,1404,1403,1405,-1,1406,1407,1408,-1,1408,1407,1409,-1,1410,1411,1412,-1,1413,1414,1415,-1,1415,1414,1416,-1,1415,1416,1417,-1,1418,1419,1401,-1,1401,1419,1420,-1,1401,1420,1399,-1,1399,1420,1421,-1,1422,1423,1424,-1,1425,1426,1403,-1,1403,1426,1427,-1,1403,1427,1405,-1,1428,1429,1430,-1,1431,1432,1433,-1,1433,1432,1434,-1,1433,1434,1435,-1,1435,1434,1436,-1,1435,1436,1437,-1,1424,1423,1438,-1,1438,1423,1439,-1,1438,1439,1440,-1,1440,1439,1441,-1,1440,1441,1442,-1,1442,1441,1443,-1,1443,1441,1444,-1,1443,1444,1445,-1,1445,1444,1408,-1,1445,1408,1446,-1,1446,1408,1409,-1,1446,1409,1417,-1,1417,1409,1447,-1,1417,1447,1415,-1,1448,1449,1450,-1,1450,1449,1451,-1,1450,1451,1452,-1,1452,1451,1453,-1,1452,1453,1454,-1,1412,1411,1455,-1,1455,1411,1456,-1,1455,1456,1457,-1,1458,1459,1453,-1,1415,1460,1413,-1,1413,1460,1461,-1,1413,1461,1462,-1,1457,1456,1463,-1,1463,1456,1464,-1,1463,1464,1465,-1,1465,1464,1466,-1,1465,1466,1467,-1,1468,1469,1470,-1,1470,1469,1471,-1,1470,1471,1472,-1,1472,1471,1473,-1,1472,1473,1474,-1,1474,1473,1475,-1,1474,1475,1476,-1,1477,1478,1479,-1,1479,1478,1480,-1,1479,1480,1481,-1,1481,1480,1482,-1,1481,1482,1483,-1,1459,1484,1453,-1,1453,1484,1485,-1,1453,1485,1454,-1,1486,1487,1488,-1,1488,1487,1413,-1,1488,1413,1489,-1,1489,1413,1462,-1,1490,1491,1492,-1,1492,1491,1493,-1,1492,1493,1494,-1,1436,1495,1437,-1,1437,1495,1496,-1,1437,1496,1497,-1,1497,1496,1465,-1,1497,1465,1498,-1,1430,1429,1499,-1,1499,1429,1500,-1,1499,1500,1401,-1,1401,1500,1501,-1,1401,1501,1418,-1,1493,1502,1494,-1,1494,1502,1503,-1,1494,1503,1504,-1,1504,1503,1505,-1,1504,1505,1506,-1,1506,1505,1399,-1,1506,1399,1507,-1,1507,1399,1421,-1,1490,1508,1509,-1,1498,1465,1510,-1,1510,1465,1467,-1,1510,1467,1511,-1,1512,1513,1514,-1,1514,1513,1515,-1,1482,1516,1483,-1,1483,1516,1517,-1,1483,1517,1518,-1,1518,1517,1519,-1,1518,1519,1468,-1,1468,1519,1520,-1,1468,1520,1469,-1,1453,1521,1458,-1,1458,1521,1522,-1,1458,1522,1523,-1,1523,1522,1524,-1,1523,1524,1525,-1,1525,1524,1526,-1,1525,1526,1527,-1,1527,1526,1528,-1,1527,1528,1477,-1,1477,1528,1529,-1,1477,1529,1478,-1,1430,1530,1428,-1,1428,1530,1531,-1,1428,1531,1532,-1,1532,1531,1533,-1,1532,1533,1486,-1,1486,1533,1534,-1,1486,1534,1487,-1,1535,1536,1490,-1,1490,1536,1537,-1,1490,1537,1508,-1,1509,1538,1490,-1,1490,1538,1539,-1,1490,1539,1491,-1,1540,1541,1542,-1,1542,1541,1543,-1,1542,1543,1544,-1,1424,1545,1422,-1,1422,1545,1546,-1,1422,1546,1547,-1,1547,1546,1548,-1,1547,1548,1549,-1,1549,1548,1550,-1,1549,1550,1551,-1,1551,1550,1552,-1,1551,1552,1553,-1,1553,1552,1554,-1,1553,1554,1540,-1,1540,1554,1555,-1,1540,1555,1541,-1,1475,1556,1476,-1,1476,1556,1557,-1,1476,1557,1558,-1,1558,1557,1559,-1,1558,1559,1560,-1,1560,1559,1561,-1,1560,1561,1562,-1,1562,1561,1563,-1,1562,1563,1564,-1,1564,1563,1565,-1,1564,1565,1566,-1,1566,1565,1567,-1,1566,1567,1514,-1,1514,1567,1568,-1,1514,1568,1512,-1,1515,1569,1514,-1,1514,1569,1570,-1,1514,1570,1571,-1,1406,1408,1490,-1,1490,1408,1572,-1,1490,1572,1535,-1,1543,1573,1544,-1,1544,1573,1574,-1,1544,1574,1575,-1,1575,1574,1576,-1,1575,1576,1577,-1,1577,1576,1578,-1,1577,1578,1431,-1,1431,1578,1579,-1,1431,1579,1432,-1,1580,1581,1571,-1,1571,1581,1582,-1,1571,1582,1583,-1,1584,1585,1586,-1,1586,1585,1587,-1,1586,1587,1448,-1,1448,1587,1588,-1,1448,1588,1449,-1,1412,1589,1410,-1,1410,1589,1590,-1,1410,1590,1591,-1,1591,1590,1592,-1,1591,1592,1593,-1,1593,1592,1594,-1,1593,1594,1595,-1,1595,1594,1596,-1,1595,1596,1597,-1,1597,1596,1598,-1,1597,1598,1599,-1,1599,1598,1600,-1,1599,1600,1601,-1,1601,1600,1602,-1,1601,1602,1603,-1,1603,1602,1604,-1,1603,1604,1605,-1,1605,1604,1606,-1,1605,1606,1584,-1,1584,1606,1607,-1,1584,1607,1585,-1,1583,1608,1571,-1,1571,1608,1609,-1,1571,1609,1514,-1,1328,1516,1482,-1,1328,1482,1330,-1,1330,1482,1480,-1,1330,1480,1331,-1,1331,1480,1478,-1,1331,1478,1259,-1,1259,1478,1529,-1,1259,1529,1261,-1,1261,1529,1528,-1,1261,1528,1263,-1,1263,1528,1526,-1,1263,1526,1265,-1,1265,1526,1524,-1,1265,1524,1365,-1,1365,1524,1522,-1,1365,1522,1364,-1,1364,1522,1521,-1,1364,1521,1362,-1,1362,1521,1453,-1,1362,1453,1195,-1,1195,1453,1451,-1,1195,1451,1312,-1,1312,1451,1449,-1,1312,1449,1313,-1,1313,1449,1588,-1,1313,1588,1315,-1,1315,1588,1587,-1,1315,1587,1386,-1,1386,1587,1585,-1,1386,1585,1387,-1,1387,1585,1607,-1,1387,1607,1389,-1,1389,1607,1606,-1,1389,1606,1391,-1,1391,1606,1604,-1,1391,1604,1393,-1,1393,1604,1602,-1,1393,1602,1395,-1,1395,1602,1600,-1,1395,1600,1396,-1,1396,1600,1598,-1,1396,1598,1347,-1,1347,1598,1596,-1,1347,1596,1345,-1,1345,1596,1594,-1,1345,1594,1371,-1,1371,1594,1592,-1,1371,1592,1240,-1,1240,1592,1590,-1,1240,1590,1238,-1,1238,1590,1589,-1,1238,1589,1192,-1,1192,1589,1412,-1,1192,1412,1304,-1,1304,1412,1455,-1,1304,1455,1305,-1,1305,1455,1457,-1,1305,1457,1307,-1,1307,1457,1463,-1,1307,1463,1309,-1,1309,1463,1465,-1,1309,1465,1189,-1,1189,1465,1496,-1,1189,1496,1276,-1,1276,1496,1495,-1,1276,1495,1274,-1,1274,1495,1436,-1,1274,1436,1272,-1,1272,1436,1434,-1,1272,1434,1231,-1,1231,1434,1432,-1,1231,1432,1232,-1,1232,1432,1579,-1,1232,1579,1245,-1,1245,1579,1578,-1,1245,1578,1247,-1,1247,1578,1576,-1,1247,1576,1380,-1,1380,1576,1574,-1,1380,1574,1381,-1,1381,1574,1573,-1,1381,1573,1383,-1,1383,1573,1543,-1,1383,1543,1384,-1,1384,1543,1541,-1,1384,1541,1350,-1,1350,1541,1555,-1,1350,1555,1352,-1,1352,1555,1554,-1,1352,1554,1354,-1,1354,1554,1552,-1,1354,1552,1356,-1,1356,1552,1550,-1,1356,1550,1358,-1,1358,1550,1548,-1,1358,1548,1359,-1,1359,1548,1546,-1,1359,1546,1318,-1,1318,1546,1545,-1,1318,1545,1320,-1,1320,1545,1424,-1,1320,1424,1322,-1,1322,1424,1438,-1,1322,1438,1323,-1,1323,1438,1440,-1,1323,1440,1268,-1,1268,1440,1442,-1,1268,1442,1270,-1,1270,1442,1443,-1,1270,1443,1271,-1,1271,1443,1445,-1,1271,1445,1242,-1,1242,1445,1446,-1,1242,1446,1243,-1,1243,1446,1417,-1,1243,1417,1204,-1,1204,1417,1416,-1,1204,1416,1205,-1,1205,1416,1414,-1,1205,1414,1206,-1,1206,1414,1413,-1,1206,1413,1184,-1,1184,1413,1487,-1,1184,1487,1185,-1,1185,1487,1534,-1,1185,1534,1223,-1,1223,1534,1533,-1,1223,1533,1224,-1,1224,1533,1531,-1,1224,1531,1217,-1,1217,1531,1530,-1,1217,1530,1219,-1,1219,1530,1430,-1,1219,1430,1294,-1,1294,1430,1499,-1,1294,1499,1293,-1,1293,1499,1401,-1,1293,1401,1212,-1,1212,1401,1404,-1,1212,1404,1214,-1,1214,1404,1405,-1,1214,1405,1215,-1,1215,1405,1427,-1,1215,1427,1249,-1,1249,1427,1426,-1,1249,1426,1250,-1,1250,1426,1425,-1,1250,1425,1251,-1,1251,1425,1403,-1,1251,1403,1213,-1,1213,1403,1402,-1,1213,1402,1211,-1,1209,1211,1400,-1,1400,1211,1402,-1,1207,1209,1398,-1,1398,1209,1400,-1,1208,1207,1397,-1,1397,1207,1398,-1,1210,1208,1399,-1,1399,1208,1397,-1,1210,1399,1505,-1,1210,1505,1257,-1,1257,1505,1503,-1,1257,1503,1255,-1,1255,1503,1502,-1,1255,1502,1200,-1,1200,1502,1493,-1,1200,1493,1288,-1,1288,1493,1491,-1,1288,1491,1289,-1,1289,1491,1539,-1,1289,1539,1290,-1,1290,1539,1538,-1,1290,1538,1284,-1,1284,1538,1509,-1,1284,1509,1286,-1,1286,1509,1508,-1,1286,1508,1337,-1,1337,1508,1537,-1,1337,1537,1338,-1,1338,1537,1536,-1,1338,1536,1340,-1,1340,1536,1535,-1,1340,1535,1341,-1,1341,1535,1572,-1,1341,1572,1281,-1,1281,1572,1408,-1,1281,1408,1186,-1,1186,1408,1444,-1,1186,1444,1241,-1,1241,1444,1441,-1,1241,1441,1269,-1,1269,1441,1439,-1,1269,1439,1267,-1,1267,1439,1423,-1,1267,1423,1321,-1,1321,1423,1422,-1,1321,1422,1319,-1,1319,1422,1547,-1,1319,1547,1317,-1,1317,1547,1549,-1,1317,1549,1357,-1,1357,1549,1551,-1,1357,1551,1355,-1,1355,1551,1553,-1,1355,1553,1353,-1,1353,1553,1540,-1,1353,1540,1351,-1,1351,1540,1542,-1,1351,1542,1349,-1,1349,1542,1544,-1,1349,1544,1382,-1,1382,1544,1575,-1,1382,1575,1248,-1,1248,1575,1577,-1,1248,1577,1246,-1,1246,1577,1431,-1,1246,1431,1244,-1,1244,1431,1433,-1,1244,1433,1230,-1,1230,1433,1435,-1,1230,1435,1273,-1,1273,1435,1437,-1,1273,1437,1275,-1,1275,1437,1497,-1,1275,1497,1277,-1,1277,1497,1498,-1,1277,1498,1278,-1,1278,1498,1510,-1,1278,1510,1187,-1,1187,1510,1511,-1,1187,1511,1188,-1,1188,1511,1467,-1,1188,1467,1311,-1,1311,1467,1466,-1,1311,1466,1310,-1,1310,1466,1464,-1,1310,1464,1308,-1,1308,1464,1456,-1,1308,1456,1306,-1,1306,1456,1411,-1,1306,1411,1190,-1,1190,1411,1410,-1,1190,1410,1191,-1,1191,1410,1591,-1,1191,1591,1239,-1,1239,1591,1593,-1,1239,1593,1372,-1,1372,1593,1595,-1,1372,1595,1373,-1,1373,1595,1597,-1,1373,1597,1346,-1,1346,1597,1599,-1,1346,1599,1348,-1,1348,1599,1601,-1,1348,1601,1394,-1,1394,1601,1603,-1,1394,1603,1392,-1,1392,1603,1605,-1,1392,1605,1390,-1,1390,1605,1584,-1,1390,1584,1388,-1,1388,1584,1586,-1,1388,1586,1316,-1,1316,1586,1448,-1,1316,1448,1314,-1,1314,1448,1450,-1,1314,1450,1193,-1,1193,1450,1452,-1,1193,1452,1194,-1,1194,1452,1454,-1,1194,1454,1196,-1,1196,1454,1485,-1,1196,1485,1197,-1,1360,1197,1484,-1,1484,1197,1485,-1,1360,1484,1459,-1,1360,1459,1361,-1,1361,1459,1458,-1,1361,1458,1363,-1,1363,1458,1523,-1,1363,1523,1266,-1,1266,1523,1525,-1,1266,1525,1264,-1,1264,1525,1527,-1,1264,1527,1262,-1,1262,1527,1477,-1,1262,1477,1260,-1,1260,1477,1479,-1,1260,1479,1258,-1,1258,1479,1481,-1,1258,1481,1329,-1,1329,1481,1483,-1,1329,1483,1327,-1,1327,1483,1518,-1,1327,1518,1325,-1,1325,1518,1468,-1,1325,1468,1334,-1,1334,1468,1470,-1,1334,1470,1303,-1,1303,1470,1472,-1,1303,1472,1301,-1,1301,1472,1474,-1,1301,1474,1299,-1,1299,1474,1476,-1,1299,1476,1297,-1,1297,1476,1558,-1,1297,1558,1201,-1,1201,1558,1560,-1,1201,1560,1202,-1,1202,1560,1562,-1,1202,1562,1234,-1,1236,1234,1564,-1,1564,1234,1562,-1,1236,1564,1566,-1,1236,1566,1369,-1,1369,1566,1514,-1,1369,1514,1342,-1,1342,1514,1609,-1,1342,1609,1385,-1,1385,1609,1608,-1,1385,1608,1374,-1,1374,1608,1583,-1,1374,1583,1375,-1,1375,1583,1582,-1,1375,1582,1377,-1,1377,1582,1581,-1,1377,1581,1378,-1,1378,1581,1580,-1,1378,1580,1379,-1,1379,1580,1571,-1,1379,1571,1376,-1,1376,1571,1570,-1,1376,1570,1366,-1,1366,1570,1569,-1,1366,1569,1367,-1,1367,1569,1515,-1,1367,1515,1368,-1,1368,1515,1513,-1,1368,1513,1343,-1,1343,1513,1512,-1,1343,1512,1344,-1,1344,1512,1568,-1,1344,1568,1370,-1,1370,1568,1567,-1,1370,1567,1237,-1,1237,1567,1565,-1,1237,1565,1235,-1,1233,1235,1563,-1,1563,1235,1565,-1,1233,1563,1561,-1,1233,1561,1203,-1,1203,1561,1559,-1,1203,1559,1295,-1,1295,1559,1557,-1,1295,1557,1296,-1,1296,1557,1556,-1,1296,1556,1298,-1,1298,1556,1475,-1,1298,1475,1300,-1,1300,1475,1473,-1,1300,1473,1302,-1,1302,1473,1471,-1,1302,1471,1332,-1,1332,1471,1469,-1,1332,1469,1333,-1,1333,1469,1520,-1,1333,1520,1335,-1,1335,1520,1519,-1,1335,1519,1336,-1,1336,1519,1517,-1,1336,1517,1326,-1,1326,1517,1516,-1,1326,1516,1328,-1,1283,1490,1492,-1,1283,1492,1198,-1,1198,1492,1494,-1,1198,1494,1199,-1,1199,1494,1504,-1,1199,1504,1256,-1,1256,1504,1506,-1,1256,1506,1324,-1,1324,1506,1507,-1,1324,1507,1225,-1,1225,1507,1421,-1,1225,1421,1226,-1,1226,1421,1420,-1,1226,1420,1227,-1,1227,1420,1419,-1,1227,1419,1228,-1,1228,1419,1418,-1,1228,1418,1229,-1,1229,1418,1501,-1,1229,1501,1291,-1,1291,1501,1500,-1,1291,1500,1292,-1,1292,1500,1429,-1,1292,1429,1220,-1,1220,1429,1428,-1,1220,1428,1218,-1,1218,1428,1532,-1,1218,1532,1216,-1,1216,1532,1486,-1,1216,1486,1222,-1,1222,1486,1488,-1,1222,1488,1221,-1,1221,1488,1489,-1,1221,1489,1254,-1,1254,1489,1462,-1,1254,1462,1253,-1,1253,1462,1461,-1,1253,1461,1252,-1,1252,1461,1460,-1,1252,1460,1279,-1,1279,1460,1415,-1,1279,1415,1280,-1,1280,1415,1447,-1,1280,1447,1282,-1,1282,1447,1409,-1,1282,1409,1339,-1,1339,1409,1407,-1,1339,1407,1287,-1,1287,1407,1406,-1,1287,1406,1285,-1,1285,1406,1490,-1,1285,1490,1283,-1,
        ]
    }
}