#VRML V2.0 utf8
# 3D model generated by easyeda2kicad.py (https://github.com/uPesy/easyeda2kicad.py)

Shape{
    appearance Appearance {
        material  Material 	{
            diffuseColor 0.9490196078431372 0.7607843137254902 0.1803921568627451
            specularColor 0.7607843137254902 0.6078431372549019 0.1450980392156863
            ambientIntensity 0.7509
            transparency 0.0
            shininess 0.5
        }
    }
    geometry IndexedFaceSet {
        ccw TRUE
        solid FALSE
        coord DEF co Coordinate {
            point [
                0.1358 -0.4685 -0.4264, 0.1358 -0.4696 -0.4167, 0.1358 -0.5424 -0.4477, 0.1358 -0.4697 -0.5191, 0.1358 -0.4697 -0.4819, 0.1358 -0.5021 -0.4819, 0.1358 -0.5021 -0.5167, 0.1358 -0.5129 -0.5167, 0.1358 -0.558 -0.5311, 0.1358 -0.549 -0.3928, 0.1358 -0.5412 -0.3854, 0.1358 -0.5574 -0.3679, 0.1358 -0.558 -0.4166, 0.1358 -0.5574 -0.3175, 0.1358 -0.4701 -0.4384, 0.1358 -0.5414 -0.4495, 0.1358 -0.4748 -0.4495, 0.1358 -0.4589 -0.5191, 0.1358 -0.3622 -0.5311, 0.1358 -0.4589 -0.4687, 0.1358 -0.3622 0.1969, 0.1358 -0.4589 -0.3175, 0.1358 -0.4589 -0.3307, 0.1358 -0.4849 -0.3815, 0.1358 -0.4756 -0.3872, 0.1358 -0.4671 -0.3961, 0.1358 -0.4617 -0.4055, 0.1358 -0.5465 -0.3679, 0.1358 -0.5318 -0.3802, 0.1358 -0.5465 -0.3307, 0.1358 -0.4585 -0.4164, 0.1358 -0.4577 -0.4263, 0.1358 -0.4585 -0.4381, 0.1358 -0.4616 -0.4495, 0.1358 -0.5574 -0.4687, 0.1358 -0.5523 -0.4495, 0.1358 -0.5573 -0.4103, 0.1358 -0.554 -0.4007, 0.1358 -0.4723 -0.4094, 0.1358 -0.4768 -0.4026, 0.1358 -0.4834 -0.3966, 0.1358 -0.5092 -0.3895, 0.1358 -0.5198 -0.3905, 0.1358 -0.5283 -0.3931, 0.1358 -0.5467 -0.415, 0.1358 -0.5477 -0.4242, 0.1358 -0.5441 -0.4079, 0.1358 -0.54 -0.4018, 0.1358 -0.5351 -0.3972, 0.1358 -0.5463 -0.4373, 0.1358 -0.5214 -0.3772, 0.1358 -0.51 -0.3763, 0.1358 -0.496 -0.3777, 0.1358 -0.491 -0.3926, 0.1358 -0.5015 -0.3899, 0.1358 -0.5129 -0.4819, 0.1358 -0.5465 -0.4819, 0.1358 -0.5465 -0.5215, 0.1358 -0.5574 -0.5215, 0.1358 -0.558 -0.4291, 0.1358 -0.5585 -0.4251, 0.1358 -0.6378 -0.5311, 0.1358 -0.5586 -0.4224, 0.1358 -0.558 0.1969, 0.1358 -0.6378 0.1969, 0.1358 -0.4589 -0.6643, 0.1358 -0.4589 -0.6775, 0.1358 -0.5574 -0.7016, 0.1358 -0.5574 -0.716, 0.1358 -0.558 -1.0236, 0.1358 -0.3622 -1.0236, 0.1358 -0.5574 -0.5675, 0.1358 -0.5574 -0.5407, 0.1358 -0.4589 -0.5407, 0.1358 -0.4589 -0.5685, 0.1358 -0.4718 -0.605, 0.1358 -0.4795 -0.612, 0.1358 -0.4879 -0.6166, 0.1358 -0.5574 -0.6271, 0.1358 -0.5304 -0.615, 0.1358 -0.5392 -0.6094, 0.1358 -0.4604 -0.5827, 0.1358 -0.4645 -0.5942, 0.1358 -0.4717 -0.6049, 0.1358 -0.5469 -0.6013, 0.1358 -0.5529 -0.591, 0.1358 -0.5563 -0.5797, 0.1358 -0.5574 -0.6415, 0.1358 -0.5297 -0.6509, 0.1358 -0.5297 -0.6916, 0.1358 -0.4976 -0.6192, 0.1358 -0.5069 -0.6199, 0.1358 -0.5201 -0.6186, 0.1358 -0.5566 -0.439, 0.1358 -0.6378 -1.0236, 0.1358 0.5467 -0.4247, 0.1358 0.5456 -0.415, 0.1358 0.4728 -0.446, 0.1358 0.5563 -0.5174, 0.1358 0.6378 -0.5294, 0.1358 0.5563 -0.467, 0.1358 0.6378 0.1969, 0.1358 0.4663 -0.3911, 0.1358 0.4741 -0.3837, 0.1358 0.4579 -0.3661, 0.1358 0.4573 -0.4149, 0.1358 0.4579 -0.3157, 0.1358 0.5452 -0.4367, 0.1358 0.4738 -0.4477, 0.1358 0.5404 -0.4477, 0.1358 0.5023 -0.515, 0.1358 0.4573 -0.5294, 0.1358 0.5131 -0.515, 0.1358 0.5455 -0.5174, 0.1358 0.5131 -0.4802, 0.1358 0.5455 -0.4802, 0.1358 0.5563 -0.3157, 0.1358 0.5563 -0.3289, 0.1358 0.5304 -0.3797, 0.1358 0.5396 -0.3855, 0.1358 0.5481 -0.3944, 0.1358 0.5535 -0.4037, 0.1358 0.4687 -0.3661, 0.1358 0.4834 -0.3784, 0.1358 0.4687 -0.3289, 0.1358 0.5567 -0.4147, 0.1358 0.5575 -0.4246, 0.1358 0.5567 -0.4364, 0.1358 0.5536 -0.4477, 0.1358 0.4579 -0.467, 0.1358 0.463 -0.4477, 0.1358 0.458 -0.4085, 0.1358 0.4612 -0.399, 0.1358 0.543 -0.4076, 0.1358 0.5384 -0.4008, 0.1358 0.5319 -0.3949, 0.1358 0.5061 -0.3877, 0.1358 0.4954 -0.3887, 0.1358 0.4869 -0.3914, 0.1358 0.4685 -0.4133, 0.1358 0.4675 -0.4225, 0.1358 0.4712 -0.4061, 0.1358 0.4752 -0.4001, 0.1358 0.4801 -0.3955, 0.1358 0.4689 -0.4356, 0.1358 0.4939 -0.3755, 0.1358 0.5053 -0.3745, 0.1358 0.5192 -0.3759, 0.1358 0.5243 -0.3908, 0.1358 0.5137 -0.3882, 0.1358 0.5023 -0.4802, 0.1358 0.4687 -0.4802, 0.1358 0.4687 -0.5198, 0.1358 0.4579 -0.5198, 0.1358 0.4573 -0.4273, 0.1358 0.4567 -0.4234, 0.1358 0.3622 -0.5294, 0.1358 0.4567 -0.4207, 0.1358 0.4573 0.1969, 0.1358 0.3622 0.1969, 0.1358 0.5563 -0.6626, 0.1358 0.5563 -0.6758, 0.1358 0.4579 -0.5657, 0.1358 0.4579 -0.539, 0.1358 0.5563 -0.539, 0.1358 0.4579 -0.6998, 0.1358 0.4579 -0.7142, 0.1358 0.4573 -1.0236, 0.1358 0.6378 -1.0236, 0.1358 0.5563 -0.5667, 0.1358 0.5548 -0.581, 0.1358 0.5508 -0.5925, 0.1358 0.5436 -0.6032, 0.1358 0.4579 -0.6254, 0.1358 0.4849 -0.6133, 0.1358 0.4761 -0.6076, 0.1358 0.5435 -0.6033, 0.1358 0.5358 -0.6103, 0.1358 0.5273 -0.6148, 0.1358 0.4683 -0.5995, 0.1358 0.4623 -0.5893, 0.1358 0.459 -0.5779, 0.1358 0.4579 -0.6398, 0.1358 0.4855 -0.6492, 0.1358 0.4855 -0.6899, 0.1358 0.5176 -0.6175, 0.1358 0.5083 -0.6182, 0.1358 0.4952 -0.6168, 0.1358 0.4587 -0.4373, 0.1358 0.3622 -1.0236
            ]
        }
        coordIndex [
            0,1,2,-1,3,4,5,-1,6,7,8,-1,9,10,11,-1,12,11,13,-1,0,2,14,-1,14,2,15,-1,14,15,16,-1,5,6,3,-1,3,6,8,-1,3,8,17,-1,17,8,18,-1,17,18,19,-1,19,18,20,-1,20,21,22,-1,23,24,22,-1,22,24,25,-1,22,25,26,-1,11,10,27,-1,27,10,28,-1,27,28,29,-1,26,30,22,-1,22,30,31,-1,22,31,20,-1,20,31,32,-1,20,32,19,-1,32,33,19,-1,19,33,16,-1,19,16,34,-1,34,16,15,-1,34,15,35,-1,12,36,11,-1,11,36,37,-1,11,37,9,-1,1,38,2,-1,2,38,39,-1,2,39,40,-1,41,42,2,-1,2,42,43,-1,44,45,46,-1,46,45,47,-1,43,48,2,-1,2,48,47,-1,2,47,49,-1,49,47,45,-1,28,50,29,-1,29,50,51,-1,29,51,22,-1,22,51,52,-1,22,52,23,-1,40,53,2,-1,2,53,54,-1,2,54,41,-1,55,56,7,-1,7,56,57,-1,7,57,8,-1,8,57,58,-1,8,58,34,-1,59,60,61,-1,61,60,62,-1,61,62,12,-1,21,20,13,-1,13,20,63,-1,13,63,12,-1,12,63,64,-1,12,64,61,-1,18,65,66,-1,67,8,68,-1,68,8,69,-1,68,69,66,-1,66,69,70,-1,66,70,18,-1,71,72,8,-1,8,72,73,-1,8,73,18,-1,18,73,74,-1,75,76,65,-1,65,76,77,-1,78,79,80,-1,74,81,18,-1,18,81,82,-1,18,82,65,-1,65,82,83,-1,65,83,75,-1,80,84,78,-1,78,84,85,-1,78,85,86,-1,86,71,78,-1,78,71,8,-1,78,8,87,-1,87,8,67,-1,87,67,88,-1,88,67,89,-1,77,90,65,-1,65,90,91,-1,65,91,78,-1,78,91,92,-1,78,92,79,-1,35,93,34,-1,34,93,59,-1,34,59,8,-1,8,59,61,-1,8,61,69,-1,69,61,94,-1,95,96,97,-1,98,99,100,-1,100,99,101,-1,102,103,104,-1,105,104,106,-1,95,97,107,-1,107,97,108,-1,107,108,109,-1,110,111,112,-1,112,111,113,-1,112,113,114,-1,114,113,115,-1,101,116,117,-1,118,119,117,-1,117,119,120,-1,117,120,121,-1,104,103,122,-1,122,103,123,-1,122,123,124,-1,121,125,117,-1,117,125,126,-1,117,126,101,-1,101,126,127,-1,101,127,100,-1,127,128,100,-1,100,128,109,-1,100,109,129,-1,129,109,108,-1,129,108,130,-1,105,131,104,-1,104,131,132,-1,104,132,102,-1,96,133,97,-1,97,133,134,-1,97,134,135,-1,136,137,97,-1,97,137,138,-1,139,140,141,-1,141,140,142,-1,138,143,97,-1,97,143,142,-1,97,142,144,-1,144,142,140,-1,123,145,124,-1,124,145,146,-1,124,146,117,-1,117,146,147,-1,117,147,118,-1,135,148,97,-1,97,148,149,-1,97,149,136,-1,150,151,110,-1,110,151,152,-1,110,152,111,-1,111,152,153,-1,111,153,129,-1,154,155,156,-1,156,155,157,-1,156,157,105,-1,116,101,106,-1,106,101,158,-1,106,158,105,-1,105,158,159,-1,105,159,156,-1,99,160,161,-1,162,163,111,-1,98,113,99,-1,99,113,111,-1,99,111,164,-1,164,111,163,-1,165,111,166,-1,166,111,167,-1,166,167,161,-1,161,167,168,-1,161,168,99,-1,164,169,99,-1,99,169,170,-1,99,170,160,-1,160,170,171,-1,160,171,172,-1,173,174,175,-1,172,176,160,-1,160,176,177,-1,160,177,178,-1,175,179,173,-1,173,179,180,-1,173,180,181,-1,181,162,173,-1,173,162,111,-1,173,111,182,-1,182,111,165,-1,182,165,183,-1,183,165,184,-1,178,185,160,-1,160,185,186,-1,160,186,173,-1,173,186,187,-1,173,187,174,-1,130,188,129,-1,129,188,154,-1,129,154,111,-1,111,154,156,-1,111,156,167,-1,167,156,189,-1,
        ]
    }
}
Shape{
    appearance Appearance {
        material  Material 	{
            diffuseColor 0.17647058823529413 0.17647058823529413 0.17647058823529413
            specularColor 0.050980392156862744 0.050980392156862744 0.050980392156862744
            ambientIntensity 0.251
            transparency 0.0
            shininess 0.5
        }
    }
    geometry IndexedFaceSet {
        ccw TRUE
        solid FALSE
        coord DEF co Coordinate {
            point [
                0.1358 -0.6378 0.1969, 0.498 -0.8031 0.1969, -0.1398 -0.6378 0.1969, -0.502 -0.8031 0.1969, -0.1398 -0.3622 0.1969, 0.1358 -0.558 0.1969, 0.1358 -0.3622 0.1969, 0.498 0.8031 0.1969, 0.1358 0.6378 0.1969, -0.502 0.8031 0.1969, -0.1398 0.6378 0.1969, -0.1398 0.3622 0.1969, 0.1358 0.3622 0.1969, 0.1358 0.4573 0.1969, -0.3839 -1.0 0.0079, -0.3839 -1.0 0.9843, -0.502 -0.8819 0.0079, -0.502 -0.8819 0.9843, 0.3799 -1.0 0.0079, 0.3799 -1.0 0.9843, 0.498 -0.8819 0.0079, 0.498 -0.8819 0.9843, 0.498 -0.8031 0.0079, 0.498 0.8031 0.0079, 0.498 0.8819 0.0079, 0.498 0.8819 0.9843, 0.3799 1.0 0.0079, 0.3799 1.0 0.9843, -0.3839 1.0 0.0079, -0.3839 1.0 0.9843, -0.502 0.8819 0.0079, -0.502 0.8819 0.9843, -0.502 0.8031 0.0079, -0.502 -0.8031 0.0079, -0.1398 0.3622 0.9843, 0.1358 0.3622 0.9843, -0.1398 -0.3622 0.9843, 0.1358 -0.3622 0.9843, 0.1358 0.6378 0.9843, -0.1398 0.6378 0.9843, 0.1358 -0.6378 0.9843, -0.1398 -0.6378 0.9843
            ]
        }
        coordIndex [
            0,1,2,-1,2,1,3,-1,2,3,4,-1,0,5,1,-1,1,5,6,-1,1,6,7,-1,7,8,9,-1,9,8,10,-1,9,10,11,-1,3,9,4,-1,4,9,11,-1,4,11,6,-1,6,11,12,-1,6,12,7,-1,7,12,13,-1,7,13,8,-1,14,15,16,-1,16,15,17,-1,18,19,14,-1,14,19,15,-1,20,21,18,-1,18,21,19,-1,20,22,1,-1,23,24,7,-1,7,24,25,-1,7,25,1,-1,1,25,21,-1,1,21,20,-1,26,27,24,-1,24,27,25,-1,28,29,26,-1,26,29,27,-1,30,31,28,-1,28,31,29,-1,30,32,9,-1,33,16,3,-1,3,16,17,-1,3,17,9,-1,9,17,31,-1,9,31,30,-1,15,19,21,-1,31,17,34,-1,31,34,29,-1,35,36,37,-1,25,27,38,-1,38,27,29,-1,38,29,39,-1,39,29,34,-1,38,35,25,-1,25,35,37,-1,25,37,21,-1,21,37,40,-1,21,40,15,-1,15,40,41,-1,15,41,17,-1,17,41,36,-1,17,36,34,-1,34,36,35,-1,1,22,3,-1,3,22,33,-1,14,16,18,-1,18,16,33,-1,18,33,20,-1,20,33,22,-1,32,23,9,-1,9,23,7,-1,24,23,32,-1,30,28,32,-1,32,28,26,-1,32,26,24,-1,
        ]
    }
}
Shape{
    appearance Appearance {
        material  Material 	{
            diffuseColor 0.9490196078431372 0.7607843137254902 0.1803921568627451
            specularColor 0.7607843137254902 0.6078431372549019 0.1450980392156863
            ambientIntensity 0.7509
            transparency 0.0
            shininess 0.5
        }
    }
    geometry IndexedFaceSet {
        ccw TRUE
        solid FALSE
        coord DEF co Coordinate {
            point [
                0.0965 0.4016 3.3465, 0.0965 0.5984 3.3465, -0.1004 0.4016 3.3465, -0.1004 0.5984 3.3465, 0.1358 0.6378 3.189, 0.1358 0.6378 0.9843, -0.1398 0.6378 3.189, -0.1398 0.6378 0.9843, -0.1398 0.3622 3.189, -0.1398 0.3622 0.9843, 0.1358 0.3622 3.189, 0.1358 0.3622 0.9843, 0.1358 0.3622 0.1969, -0.1398 0.3622 0.1969, 0.1358 0.3622 -0.5294, -0.1398 0.3622 -1.0236, 0.1358 0.3622 -1.0236, -0.1398 0.6378 -1.0236, -0.1398 0.6378 0.1969, 0.1358 0.6378 0.1969, 0.1358 0.6378 -0.5294, 0.1358 0.6378 -1.0236, 0.0965 0.5984 -1.1811, 0.0965 0.4016 -1.1811, -0.1004 0.5984 -1.1811, -0.1004 0.4016 -1.1811, 0.0965 -0.5984 3.3465, 0.0965 -0.4016 3.3465, -0.1004 -0.5984 3.3465, -0.1004 -0.4016 3.3465, 0.1358 -0.3622 3.189, 0.1358 -0.3622 0.9843, -0.1398 -0.3622 3.189, -0.1398 -0.3622 0.9843, -0.1398 -0.6378 3.189, -0.1398 -0.6378 0.9843, 0.1358 -0.6378 3.189, 0.1358 -0.6378 0.9843, 0.1358 -0.6378 0.1969, -0.1398 -0.6378 0.1969, 0.1358 -0.6378 -0.5311, -0.1398 -0.6378 -1.0236, 0.1358 -0.6378 -1.0236, -0.1398 -0.3622 -1.0236, -0.1398 -0.3622 0.1969, 0.1358 -0.3622 0.1969, 0.1358 -0.3622 -0.5311, 0.1358 -0.3622 -1.0236, 0.0965 -0.4016 -1.1811, 0.0965 -0.5984 -1.1811, -0.1004 -0.4016 -1.1811, -0.1004 -0.5984 -1.1811, 0.1358 -0.558 -1.0236, 0.1358 0.4573 -1.0236
            ]
        }
        coordIndex [
            0,1,2,-1,2,1,3,-1,4,5,6,-1,6,5,7,-1,6,7,8,-1,8,7,9,-1,8,9,10,-1,10,9,11,-1,10,11,4,-1,4,11,5,-1,12,13,14,-1,14,13,15,-1,14,15,16,-1,15,13,17,-1,17,13,18,-1,18,19,17,-1,17,19,20,-1,17,20,21,-1,22,23,24,-1,24,23,25,-1,26,27,28,-1,28,27,29,-1,30,31,32,-1,32,31,33,-1,32,33,34,-1,34,33,35,-1,34,35,36,-1,36,35,37,-1,36,37,30,-1,30,37,31,-1,38,39,40,-1,40,39,41,-1,40,41,42,-1,41,39,43,-1,43,39,44,-1,44,45,43,-1,43,45,46,-1,43,46,47,-1,48,49,50,-1,50,49,51,-1,32,29,30,-1,30,29,27,-1,34,28,32,-1,32,28,29,-1,26,36,27,-1,27,36,30,-1,36,26,34,-1,34,26,28,-1,6,3,4,-1,4,3,1,-1,8,2,6,-1,6,2,3,-1,0,10,1,-1,1,10,4,-1,10,0,8,-1,8,0,2,-1,49,42,51,-1,51,42,41,-1,42,49,52,-1,52,49,48,-1,52,48,47,-1,43,50,41,-1,41,50,51,-1,50,43,48,-1,48,43,47,-1,23,16,25,-1,25,16,15,-1,16,23,53,-1,53,23,22,-1,53,22,21,-1,17,24,15,-1,15,24,25,-1,24,17,22,-1,22,17,21,-1,
        ]
    }
}
Shape{
    appearance Appearance {
        material  Material 	{
            diffuseColor 0.0 0.0 0.0
            specularColor 0.0 0.0 0.0
            ambientIntensity 0.0
            transparency 0.0
            shininess 0.5
        }
    }
    geometry IndexedFaceSet {
        ccw TRUE
        solid FALSE
        coord DEF co Coordinate {
            point [
                0.1319 0.5563 -0.6758, 0.1319 0.4579 -0.7142, 0.1358 0.5563 -0.6758, 0.1358 0.4579 -0.7142, 0.1319 0.4579 -0.6998, 0.1358 0.4579 -0.6998, 0.1319 0.4855 -0.6899, 0.1358 0.4855 -0.6899, 0.1319 0.4855 -0.6492, 0.1358 0.4855 -0.6492, 0.1319 0.4579 -0.6398, 0.1358 0.4579 -0.6398, 0.1319 0.4579 -0.6254, 0.1358 0.4579 -0.6254, 0.1319 0.5563 -0.6626, 0.1358 0.5563 -0.6626, 0.1319 0.4963 -0.6525, 0.1319 0.4963 -0.6854, 0.1319 0.5374 -0.6672, 0.1319 0.5408 -0.6681, 0.1319 0.5443 -0.6688, 0.1319 0.5443 -0.6691, 0.1319 0.5408 -0.6697, 0.1319 0.5374 -0.6706, 0.1358 0.4963 -0.6525, 0.1358 0.4963 -0.6854, 0.1358 0.5374 -0.6672, 0.1358 0.5408 -0.6681, 0.1358 0.5443 -0.6688, 0.1358 0.5443 -0.6691, 0.1358 0.5408 -0.6697, 0.1358 0.5374 -0.6706, 0.1319 0.4579 -0.5657, 0.1319 0.4579 -0.539, 0.1358 0.4579 -0.5657, 0.1358 0.4579 -0.539, 0.1319 0.5563 -0.539, 0.1358 0.5563 -0.539, 0.1319 0.5563 -0.5667, 0.1358 0.5563 -0.5667, 0.1319 0.5083 -0.6182, 0.1358 0.5083 -0.6182, 0.1358 0.5176 -0.6175, 0.1319 0.5176 -0.6175, 0.1358 0.5273 -0.6148, 0.1319 0.5273 -0.6148, 0.1358 0.5358 -0.6103, 0.1319 0.5358 -0.6103, 0.1358 0.5435 -0.6033, 0.1319 0.5435 -0.6033, 0.1358 0.5436 -0.6032, 0.1319 0.5436 -0.6032, 0.1358 0.5508 -0.5925, 0.1319 0.5508 -0.5925, 0.1358 0.5548 -0.581, 0.1319 0.5548 -0.581, 0.1358 0.459 -0.5779, 0.1319 0.459 -0.5779, 0.1358 0.4623 -0.5893, 0.1319 0.4623 -0.5893, 0.1358 0.4683 -0.5995, 0.1319 0.4683 -0.5995, 0.1358 0.4761 -0.6076, 0.1319 0.4761 -0.6076, 0.1358 0.4849 -0.6133, 0.1319 0.4849 -0.6133, 0.1358 0.4952 -0.6168, 0.1319 0.4952 -0.6168, 0.1319 0.5317 -0.5984, 0.1319 0.5368 -0.5937, 0.1319 0.5414 -0.5865, 0.1319 0.5443 -0.5783, 0.1319 0.5455 -0.5667, 0.1319 0.5455 -0.5522, 0.1319 0.4687 -0.5522, 0.1319 0.4687 -0.5661, 0.1319 0.4697 -0.5765, 0.1319 0.4723 -0.5848, 0.1319 0.4762 -0.5915, 0.1319 0.4817 -0.597, 0.1319 0.4885 -0.6012, 0.1319 0.4977 -0.6041, 0.1319 0.5081 -0.605, 0.1319 0.5179 -0.6042, 0.1319 0.5256 -0.6019, 0.1358 0.5455 -0.5667, 0.1358 0.5455 -0.5522, 0.1358 0.5443 -0.5783, 0.1358 0.5414 -0.5865, 0.1358 0.5368 -0.5937, 0.1358 0.5317 -0.5984, 0.1358 0.5256 -0.6019, 0.1358 0.5179 -0.6042, 0.1358 0.5081 -0.605, 0.1358 0.4977 -0.6041, 0.1358 0.4885 -0.6012, 0.1358 0.4817 -0.597, 0.1358 0.4762 -0.5915, 0.1358 0.4723 -0.5848, 0.1358 0.4697 -0.5765, 0.1358 0.4687 -0.5661, 0.1358 0.4687 -0.5522, 0.1319 0.4687 -0.5198, 0.1319 0.4579 -0.5198, 0.1358 0.4687 -0.5198, 0.1358 0.4579 -0.5198, 0.1319 0.4579 -0.467, 0.1358 0.4579 -0.467, 0.1319 0.5563 -0.467, 0.1358 0.5563 -0.467, 0.1319 0.5563 -0.5174, 0.1358 0.5563 -0.5174, 0.1319 0.5455 -0.5174, 0.1358 0.5455 -0.5174, 0.1319 0.5455 -0.4802, 0.1358 0.5455 -0.4802, 0.1319 0.5131 -0.4802, 0.1358 0.5131 -0.4802, 0.1319 0.5131 -0.515, 0.1358 0.5131 -0.515, 0.1319 0.5023 -0.515, 0.1358 0.5023 -0.515, 0.1319 0.5023 -0.4802, 0.1358 0.5023 -0.4802, 0.1319 0.4687 -0.4802, 0.1358 0.4687 -0.4802, 0.1319 0.4738 -0.4477, 0.1319 0.463 -0.4477, 0.1358 0.4738 -0.4477, 0.1358 0.463 -0.4477, 0.1319 0.4587 -0.4373, 0.1319 0.4567 -0.4207, 0.1358 0.4567 -0.4207, 0.1358 0.4567 -0.4234, 0.1319 0.4567 -0.4234, 0.1358 0.4573 -0.4273, 0.1358 0.4587 -0.4373, 0.1319 0.5053 -0.3745, 0.1358 0.5053 -0.3745, 0.1358 0.4939 -0.3755, 0.1319 0.4939 -0.3755, 0.1358 0.4834 -0.3784, 0.1319 0.4834 -0.3784, 0.1358 0.4741 -0.3837, 0.1319 0.4741 -0.3837, 0.1358 0.4663 -0.3911, 0.1319 0.4663 -0.3911, 0.1358 0.4612 -0.399, 0.1319 0.4612 -0.399, 0.1358 0.458 -0.4085, 0.1319 0.458 -0.4085, 0.1358 0.4573 -0.4149, 0.1319 0.5575 -0.4246, 0.1358 0.5575 -0.4246, 0.1358 0.5567 -0.4147, 0.1319 0.5567 -0.4147, 0.1358 0.5535 -0.4037, 0.1319 0.5535 -0.4037, 0.1358 0.5481 -0.3944, 0.1319 0.5481 -0.3944, 0.1358 0.5396 -0.3855, 0.1319 0.5396 -0.3855, 0.1358 0.5304 -0.3797, 0.1319 0.5304 -0.3797, 0.1358 0.5192 -0.3759, 0.1319 0.5192 -0.3759, 0.1319 0.5536 -0.4477, 0.1358 0.5536 -0.4477, 0.1358 0.5567 -0.4364, 0.1319 0.5567 -0.4364, 0.1319 0.5404 -0.4477, 0.1358 0.5404 -0.4477, 0.1319 0.5467 -0.4247, 0.1358 0.5467 -0.4247, 0.1358 0.5452 -0.4367, 0.1319 0.5452 -0.4367, 0.1319 0.5061 -0.3877, 0.1358 0.5061 -0.3877, 0.1358 0.5137 -0.3882, 0.1319 0.5137 -0.3882, 0.1358 0.5243 -0.3908, 0.1319 0.5243 -0.3908, 0.1358 0.5319 -0.3949, 0.1319 0.5319 -0.3949, 0.1358 0.5384 -0.4008, 0.1319 0.5384 -0.4008, 0.1358 0.543 -0.4076, 0.1319 0.543 -0.4076, 0.1358 0.5456 -0.415, 0.1319 0.5456 -0.415, 0.1319 0.4675 -0.4225, 0.1358 0.4675 -0.4225, 0.1358 0.4685 -0.4133, 0.1319 0.4685 -0.4133, 0.1358 0.4712 -0.4061, 0.1319 0.4712 -0.4061, 0.1358 0.4752 -0.4001, 0.1319 0.4752 -0.4001, 0.1358 0.4801 -0.3955, 0.1319 0.4801 -0.3955, 0.1358 0.4869 -0.3914, 0.1319 0.4869 -0.3914, 0.1358 0.4954 -0.3887, 0.1319 0.4954 -0.3887, 0.1358 0.4728 -0.446, 0.1319 0.4728 -0.446, 0.1358 0.4689 -0.4356, 0.1319 0.4689 -0.4356, 0.1319 0.4687 -0.3661, 0.1319 0.4579 -0.3661, 0.1358 0.4687 -0.3661, 0.1358 0.4579 -0.3661, 0.1319 0.4579 -0.3157, 0.1358 0.4579 -0.3157, 0.1319 0.5563 -0.3157, 0.1358 0.5563 -0.3157, 0.1319 0.5563 -0.3289, 0.1358 0.5563 -0.3289, 0.1319 0.4687 -0.3289, 0.1358 0.4687 -0.3289
            ]
        }
        coordIndex [
            0,1,2,-1,2,1,3,-1,1,4,3,-1,3,4,5,-1,4,6,5,-1,5,6,7,-1,6,8,7,-1,7,8,9,-1,8,10,9,-1,9,10,11,-1,10,12,11,-1,11,12,13,-1,12,14,13,-1,13,14,15,-1,14,0,15,-1,15,0,2,-1,16,8,17,-1,17,8,6,-1,18,14,16,-1,16,14,12,-1,16,12,8,-1,8,12,10,-1,18,19,14,-1,14,19,20,-1,14,20,0,-1,0,20,21,-1,0,21,22,-1,22,23,0,-1,0,23,17,-1,0,17,1,-1,1,17,6,-1,1,6,4,-1,16,17,24,-1,24,17,25,-1,18,16,26,-1,26,16,24,-1,18,26,27,-1,18,27,19,-1,19,27,28,-1,19,28,20,-1,21,20,29,-1,29,20,28,-1,21,29,30,-1,21,30,22,-1,22,30,31,-1,22,31,23,-1,17,23,25,-1,25,23,31,-1,32,33,34,-1,34,33,35,-1,33,36,35,-1,35,36,37,-1,36,38,37,-1,37,38,39,-1,40,41,42,-1,40,42,43,-1,43,42,44,-1,43,44,45,-1,45,44,46,-1,45,46,47,-1,47,46,48,-1,47,48,49,-1,49,48,50,-1,49,50,51,-1,51,50,52,-1,51,52,53,-1,53,52,54,-1,53,54,55,-1,55,54,39,-1,55,39,38,-1,32,34,56,-1,32,56,57,-1,57,56,58,-1,57,58,59,-1,59,58,60,-1,59,60,61,-1,61,60,62,-1,61,62,63,-1,63,62,64,-1,63,64,65,-1,65,64,66,-1,65,66,67,-1,67,66,41,-1,67,41,40,-1,45,47,68,-1,68,47,49,-1,68,49,69,-1,69,49,51,-1,69,51,70,-1,70,51,53,-1,70,53,71,-1,71,53,55,-1,71,55,72,-1,72,55,38,-1,72,38,73,-1,73,38,36,-1,73,36,74,-1,74,36,33,-1,74,33,75,-1,75,33,32,-1,75,32,76,-1,76,32,57,-1,76,57,77,-1,77,57,59,-1,77,59,78,-1,78,59,61,-1,78,61,79,-1,79,61,63,-1,79,63,80,-1,80,63,65,-1,80,65,81,-1,81,65,67,-1,81,67,82,-1,82,67,40,-1,82,40,83,-1,83,40,43,-1,83,43,84,-1,84,43,45,-1,84,45,68,-1,72,73,85,-1,85,73,86,-1,72,85,87,-1,72,87,71,-1,71,87,88,-1,71,88,70,-1,70,88,89,-1,70,89,69,-1,69,89,90,-1,69,90,68,-1,68,90,91,-1,68,91,84,-1,84,91,92,-1,84,92,83,-1,83,92,93,-1,83,93,82,-1,82,93,94,-1,82,94,81,-1,81,94,95,-1,81,95,80,-1,80,95,96,-1,80,96,79,-1,79,96,97,-1,79,97,78,-1,78,97,98,-1,78,98,77,-1,77,98,99,-1,77,99,76,-1,76,99,100,-1,76,100,75,-1,74,75,101,-1,101,75,100,-1,73,74,86,-1,86,74,101,-1,102,103,104,-1,104,103,105,-1,103,106,105,-1,105,106,107,-1,106,108,107,-1,107,108,109,-1,108,110,109,-1,109,110,111,-1,110,112,111,-1,111,112,113,-1,112,114,113,-1,113,114,115,-1,114,116,115,-1,115,116,117,-1,116,118,117,-1,117,118,119,-1,118,120,119,-1,119,120,121,-1,120,122,121,-1,121,122,123,-1,122,124,123,-1,123,124,125,-1,124,102,125,-1,125,102,104,-1,106,103,102,-1,102,124,106,-1,106,124,122,-1,106,122,108,-1,112,110,114,-1,114,110,108,-1,114,108,116,-1,116,108,122,-1,116,122,118,-1,118,122,120,-1,126,127,128,-1,128,127,129,-1,129,127,130,-1,131,132,133,-1,131,133,134,-1,134,133,135,-1,134,135,130,-1,130,135,136,-1,130,136,129,-1,137,138,139,-1,137,139,140,-1,140,139,141,-1,140,141,142,-1,142,141,143,-1,142,143,144,-1,144,143,145,-1,144,145,146,-1,146,145,147,-1,146,147,148,-1,148,147,149,-1,148,149,150,-1,150,149,131,-1,131,149,151,-1,131,151,132,-1,152,153,154,-1,152,154,155,-1,155,154,156,-1,155,156,157,-1,157,156,158,-1,157,158,159,-1,159,158,160,-1,159,160,161,-1,161,160,162,-1,161,162,163,-1,163,162,164,-1,163,164,165,-1,165,164,138,-1,165,138,137,-1,166,167,168,-1,166,168,169,-1,169,168,153,-1,169,153,152,-1,166,170,167,-1,167,170,171,-1,172,173,174,-1,172,174,175,-1,175,174,171,-1,175,171,170,-1,176,177,178,-1,176,178,179,-1,179,178,180,-1,179,180,181,-1,181,180,182,-1,181,182,183,-1,183,182,184,-1,183,184,185,-1,185,184,186,-1,185,186,187,-1,187,186,188,-1,187,188,189,-1,189,188,173,-1,189,173,172,-1,190,191,192,-1,190,192,193,-1,193,192,194,-1,193,194,195,-1,195,194,196,-1,195,196,197,-1,197,196,198,-1,197,198,199,-1,199,198,200,-1,199,200,201,-1,201,200,202,-1,201,202,203,-1,203,202,177,-1,203,177,176,-1,126,128,204,-1,126,204,205,-1,205,204,206,-1,205,206,207,-1,207,206,191,-1,207,191,190,-1,193,131,190,-1,190,131,134,-1,190,134,207,-1,207,134,130,-1,207,130,205,-1,205,130,127,-1,205,127,126,-1,170,166,175,-1,175,166,169,-1,175,169,172,-1,172,169,152,-1,172,152,189,-1,189,152,155,-1,189,155,187,-1,187,155,157,-1,187,157,185,-1,185,157,159,-1,185,159,183,-1,183,159,161,-1,183,161,181,-1,181,161,163,-1,181,163,179,-1,179,163,165,-1,179,165,176,-1,176,165,137,-1,176,137,203,-1,203,137,140,-1,203,140,201,-1,201,140,142,-1,201,142,199,-1,199,142,144,-1,199,144,197,-1,197,144,146,-1,197,146,195,-1,195,146,148,-1,195,148,193,-1,193,148,150,-1,193,150,131,-1,208,209,210,-1,210,209,211,-1,209,212,211,-1,211,212,213,-1,212,214,213,-1,213,214,215,-1,214,216,215,-1,215,216,217,-1,216,218,217,-1,217,218,219,-1,218,208,219,-1,219,208,210,-1,216,214,218,-1,218,214,212,-1,218,212,208,-1,208,212,209,-1,
        ]
    }
}
Shape{
    appearance Appearance {
        material  Material 	{
            diffuseColor 0.9490196078431372 0.7607843137254902 0.1803921568627451
            specularColor 0.7607843137254902 0.6078431372549019 0.1450980392156863
            ambientIntensity 0.7509
            transparency 0.0
            shininess 0.5
        }
    }
    geometry IndexedFaceSet {
        ccw TRUE
        solid FALSE
        coord DEF co Coordinate {
            point [
                0.1358 0.4963 -0.6525, 0.1358 0.4963 -0.6854, 0.1358 0.5374 -0.6672, 0.1358 0.5374 -0.6706, 0.1358 0.5408 -0.6681, 0.1358 0.5408 -0.6697, 0.1358 0.5443 -0.6688, 0.1358 0.5443 -0.6691, 0.1358 0.5455 -0.5522, 0.1358 0.4687 -0.5522, 0.1358 0.5455 -0.5667, 0.1358 0.4687 -0.5661, 0.1358 0.4697 -0.5765, 0.1358 0.5081 -0.605, 0.1358 0.5179 -0.6042, 0.1358 0.5256 -0.6019, 0.1358 0.5443 -0.5783, 0.1358 0.4723 -0.5848, 0.1358 0.4762 -0.5915, 0.1358 0.4817 -0.597, 0.1358 0.4885 -0.6012, 0.1358 0.4977 -0.6041, 0.1358 0.5317 -0.5984, 0.1358 0.5368 -0.5937, 0.1358 0.5414 -0.5865
            ]
        }
        coordIndex [
            0,1,2,-1,2,1,3,-1,2,3,4,-1,4,3,5,-1,4,5,6,-1,6,5,7,-1,8,9,10,-1,10,9,11,-1,10,11,12,-1,13,14,10,-1,10,14,15,-1,10,15,16,-1,12,17,10,-1,10,17,18,-1,10,18,19,-1,19,20,10,-1,10,20,21,-1,10,21,13,-1,22,23,15,-1,15,23,24,-1,15,24,16,-1,
        ]
    }
}
Shape{
    appearance Appearance {
        material  Material 	{
            diffuseColor 0.0 0.0 0.0
            specularColor 0.0 0.0 0.0
            ambientIntensity 0.0
            transparency 0.0
            shininess 0.5
        }
    }
    geometry IndexedFaceSet {
        ccw TRUE
        solid FALSE
        coord DEF co Coordinate {
            point [
                0.1319 -0.4589 -0.6775, 0.1319 -0.5574 -0.716, 0.1358 -0.4589 -0.6775, 0.1358 -0.5574 -0.716, 0.1319 -0.5574 -0.7016, 0.1358 -0.5574 -0.7016, 0.1319 -0.5297 -0.6916, 0.1358 -0.5297 -0.6916, 0.1319 -0.5297 -0.6509, 0.1358 -0.5297 -0.6509, 0.1319 -0.5574 -0.6415, 0.1358 -0.5574 -0.6415, 0.1319 -0.5574 -0.6271, 0.1358 -0.5574 -0.6271, 0.1319 -0.4589 -0.6643, 0.1358 -0.4589 -0.6643, 0.1319 -0.5189 -0.6543, 0.1319 -0.4778 -0.6689, 0.1319 -0.4744 -0.6699, 0.1319 -0.4709 -0.6705, 0.1319 -0.4709 -0.6708, 0.1319 -0.4744 -0.6715, 0.1319 -0.4778 -0.6724, 0.1319 -0.5189 -0.6872, 0.1358 -0.5189 -0.6543, 0.1358 -0.5189 -0.6872, 0.1358 -0.4778 -0.6689, 0.1358 -0.4744 -0.6699, 0.1358 -0.4709 -0.6705, 0.1358 -0.4709 -0.6708, 0.1358 -0.4744 -0.6715, 0.1358 -0.4778 -0.6724, 0.1319 -0.5574 -0.5675, 0.1319 -0.5574 -0.5407, 0.1358 -0.5574 -0.5675, 0.1358 -0.5574 -0.5407, 0.1319 -0.4589 -0.5407, 0.1358 -0.4589 -0.5407, 0.1319 -0.4589 -0.5685, 0.1358 -0.4589 -0.5685, 0.1319 -0.5069 -0.6199, 0.1358 -0.5069 -0.6199, 0.1358 -0.4976 -0.6192, 0.1319 -0.4976 -0.6192, 0.1358 -0.4879 -0.6166, 0.1319 -0.4879 -0.6166, 0.1358 -0.4795 -0.612, 0.1319 -0.4795 -0.612, 0.1358 -0.4718 -0.605, 0.1319 -0.4718 -0.605, 0.1358 -0.4717 -0.6049, 0.1319 -0.4717 -0.6049, 0.1358 -0.4645 -0.5942, 0.1319 -0.4645 -0.5942, 0.1358 -0.4604 -0.5827, 0.1319 -0.4604 -0.5827, 0.1358 -0.5563 -0.5797, 0.1319 -0.5563 -0.5797, 0.1358 -0.5529 -0.591, 0.1319 -0.5529 -0.591, 0.1358 -0.5469 -0.6013, 0.1319 -0.5469 -0.6013, 0.1358 -0.5392 -0.6094, 0.1319 -0.5392 -0.6094, 0.1358 -0.5304 -0.615, 0.1319 -0.5304 -0.615, 0.1358 -0.5201 -0.6186, 0.1319 -0.5201 -0.6186, 0.1319 -0.4835 -0.6002, 0.1319 -0.4785 -0.5954, 0.1319 -0.4738 -0.5882, 0.1319 -0.471 -0.5801, 0.1319 -0.4697 -0.5684, 0.1319 -0.4697 -0.5539, 0.1319 -0.5465 -0.5539, 0.1319 -0.5465 -0.5679, 0.1319 -0.5456 -0.5783, 0.1319 -0.543 -0.5866, 0.1319 -0.539 -0.5933, 0.1319 -0.5336 -0.5988, 0.1319 -0.5268 -0.6029, 0.1319 -0.5175 -0.6058, 0.1319 -0.5072 -0.6067, 0.1319 -0.4974 -0.6059, 0.1319 -0.4896 -0.6036, 0.1358 -0.4697 -0.5684, 0.1358 -0.4697 -0.5539, 0.1358 -0.471 -0.5801, 0.1358 -0.4738 -0.5882, 0.1358 -0.4785 -0.5954, 0.1358 -0.4835 -0.6002, 0.1358 -0.4896 -0.6036, 0.1358 -0.4974 -0.6059, 0.1358 -0.5072 -0.6067, 0.1358 -0.5175 -0.6058, 0.1358 -0.5268 -0.6029, 0.1358 -0.5336 -0.5988, 0.1358 -0.539 -0.5933, 0.1358 -0.543 -0.5866, 0.1358 -0.5456 -0.5783, 0.1358 -0.5465 -0.5679, 0.1358 -0.5465 -0.5539, 0.1319 -0.5465 -0.5215, 0.1319 -0.5574 -0.5215, 0.1358 -0.5465 -0.5215, 0.1358 -0.5574 -0.5215, 0.1319 -0.5574 -0.4687, 0.1358 -0.5574 -0.4687, 0.1319 -0.4589 -0.4687, 0.1358 -0.4589 -0.4687, 0.1319 -0.4589 -0.5191, 0.1358 -0.4589 -0.5191, 0.1319 -0.4697 -0.5191, 0.1358 -0.4697 -0.5191, 0.1319 -0.4697 -0.4819, 0.1358 -0.4697 -0.4819, 0.1319 -0.5021 -0.4819, 0.1358 -0.5021 -0.4819, 0.1319 -0.5021 -0.5167, 0.1358 -0.5021 -0.5167, 0.1319 -0.5129 -0.5167, 0.1358 -0.5129 -0.5167, 0.1319 -0.5129 -0.4819, 0.1358 -0.5129 -0.4819, 0.1319 -0.5465 -0.4819, 0.1358 -0.5465 -0.4819, 0.1319 -0.5414 -0.4495, 0.1319 -0.5523 -0.4495, 0.1358 -0.5414 -0.4495, 0.1358 -0.5523 -0.4495, 0.1319 -0.5566 -0.439, 0.1319 -0.5586 -0.4224, 0.1358 -0.5586 -0.4224, 0.1358 -0.5585 -0.4251, 0.1319 -0.5585 -0.4251, 0.1358 -0.558 -0.4291, 0.1358 -0.5566 -0.439, 0.1319 -0.51 -0.3763, 0.1358 -0.51 -0.3763, 0.1358 -0.5214 -0.3772, 0.1319 -0.5214 -0.3772, 0.1358 -0.5318 -0.3802, 0.1319 -0.5318 -0.3802, 0.1358 -0.5412 -0.3854, 0.1319 -0.5412 -0.3854, 0.1358 -0.549 -0.3928, 0.1319 -0.549 -0.3928, 0.1358 -0.554 -0.4007, 0.1319 -0.554 -0.4007, 0.1358 -0.5573 -0.4103, 0.1319 -0.5573 -0.4103, 0.1358 -0.558 -0.4166, 0.1319 -0.4577 -0.4263, 0.1358 -0.4577 -0.4263, 0.1358 -0.4585 -0.4164, 0.1319 -0.4585 -0.4164, 0.1358 -0.4617 -0.4055, 0.1319 -0.4617 -0.4055, 0.1358 -0.4671 -0.3961, 0.1319 -0.4671 -0.3961, 0.1358 -0.4756 -0.3872, 0.1319 -0.4756 -0.3872, 0.1358 -0.4849 -0.3815, 0.1319 -0.4849 -0.3815, 0.1358 -0.496 -0.3777, 0.1319 -0.496 -0.3777, 0.1319 -0.4616 -0.4495, 0.1358 -0.4616 -0.4495, 0.1358 -0.4585 -0.4381, 0.1319 -0.4585 -0.4381, 0.1319 -0.4748 -0.4495, 0.1358 -0.4748 -0.4495, 0.1319 -0.4685 -0.4264, 0.1358 -0.4685 -0.4264, 0.1358 -0.4701 -0.4384, 0.1319 -0.4701 -0.4384, 0.1319 -0.5092 -0.3895, 0.1358 -0.5092 -0.3895, 0.1358 -0.5015 -0.3899, 0.1319 -0.5015 -0.3899, 0.1358 -0.491 -0.3926, 0.1319 -0.491 -0.3926, 0.1358 -0.4834 -0.3966, 0.1319 -0.4834 -0.3966, 0.1358 -0.4768 -0.4026, 0.1319 -0.4768 -0.4026, 0.1358 -0.4723 -0.4094, 0.1319 -0.4723 -0.4094, 0.1358 -0.4696 -0.4167, 0.1319 -0.4696 -0.4167, 0.1319 -0.5477 -0.4242, 0.1358 -0.5477 -0.4242, 0.1358 -0.5467 -0.415, 0.1319 -0.5467 -0.415, 0.1358 -0.5441 -0.4079, 0.1319 -0.5441 -0.4079, 0.1358 -0.54 -0.4018, 0.1319 -0.54 -0.4018, 0.1358 -0.5351 -0.3972, 0.1319 -0.5351 -0.3972, 0.1358 -0.5283 -0.3931, 0.1319 -0.5283 -0.3931, 0.1358 -0.5198 -0.3905, 0.1319 -0.5198 -0.3905, 0.1358 -0.5424 -0.4477, 0.1319 -0.5424 -0.4477, 0.1358 -0.5463 -0.4373, 0.1319 -0.5463 -0.4373, 0.1319 -0.5465 -0.3679, 0.1319 -0.5574 -0.3679, 0.1358 -0.5465 -0.3679, 0.1358 -0.5574 -0.3679, 0.1319 -0.5574 -0.3175, 0.1358 -0.5574 -0.3175, 0.1319 -0.4589 -0.3175, 0.1358 -0.4589 -0.3175, 0.1319 -0.4589 -0.3307, 0.1358 -0.4589 -0.3307, 0.1319 -0.5465 -0.3307, 0.1358 -0.5465 -0.3307
            ]
        }
        coordIndex [
            0,1,2,-1,2,1,3,-1,1,4,3,-1,3,4,5,-1,4,6,5,-1,5,6,7,-1,6,8,7,-1,7,8,9,-1,8,10,9,-1,9,10,11,-1,10,12,11,-1,11,12,13,-1,12,14,13,-1,13,14,15,-1,14,0,15,-1,15,0,2,-1,16,17,14,-1,12,10,8,-1,17,18,14,-1,14,18,19,-1,14,19,0,-1,0,19,20,-1,0,20,21,-1,21,22,0,-1,0,22,23,-1,0,23,1,-1,4,1,6,-1,6,1,23,-1,6,23,8,-1,8,23,16,-1,8,16,12,-1,12,16,14,-1,16,23,24,-1,24,23,25,-1,17,16,26,-1,26,16,24,-1,17,26,27,-1,17,27,18,-1,18,27,28,-1,18,28,19,-1,20,19,29,-1,29,19,28,-1,20,29,30,-1,20,30,21,-1,21,30,31,-1,21,31,22,-1,23,22,25,-1,25,22,31,-1,32,33,34,-1,34,33,35,-1,33,36,35,-1,35,36,37,-1,36,38,37,-1,37,38,39,-1,40,41,42,-1,40,42,43,-1,43,42,44,-1,43,44,45,-1,45,44,46,-1,45,46,47,-1,47,46,48,-1,47,48,49,-1,49,48,50,-1,49,50,51,-1,51,50,52,-1,51,52,53,-1,53,52,54,-1,53,54,55,-1,55,54,39,-1,55,39,38,-1,32,34,56,-1,32,56,57,-1,57,56,58,-1,57,58,59,-1,59,58,60,-1,59,60,61,-1,61,60,62,-1,61,62,63,-1,63,62,64,-1,63,64,65,-1,65,64,66,-1,65,66,67,-1,67,66,41,-1,67,41,40,-1,45,47,68,-1,68,47,49,-1,68,49,69,-1,69,49,51,-1,69,51,70,-1,70,51,53,-1,70,53,71,-1,71,53,55,-1,71,55,72,-1,72,55,38,-1,72,38,73,-1,73,38,36,-1,73,36,74,-1,74,36,33,-1,74,33,75,-1,75,33,32,-1,75,32,76,-1,76,32,57,-1,76,57,77,-1,77,57,59,-1,77,59,78,-1,78,59,61,-1,78,61,79,-1,79,61,63,-1,79,63,80,-1,80,63,65,-1,80,65,81,-1,81,65,67,-1,81,67,82,-1,82,67,40,-1,82,40,83,-1,83,40,43,-1,83,43,84,-1,84,43,45,-1,84,45,68,-1,72,73,85,-1,85,73,86,-1,72,85,87,-1,72,87,71,-1,71,87,88,-1,71,88,70,-1,70,88,89,-1,70,89,69,-1,69,89,90,-1,69,90,68,-1,68,90,91,-1,68,91,84,-1,84,91,92,-1,84,92,83,-1,83,92,93,-1,83,93,82,-1,82,93,94,-1,82,94,81,-1,81,94,95,-1,81,95,80,-1,80,95,96,-1,80,96,79,-1,79,96,97,-1,79,97,78,-1,78,97,98,-1,78,98,77,-1,77,98,99,-1,77,99,76,-1,76,99,100,-1,76,100,75,-1,74,75,101,-1,101,75,100,-1,73,74,86,-1,86,74,101,-1,102,103,104,-1,104,103,105,-1,103,106,105,-1,105,106,107,-1,106,108,107,-1,107,108,109,-1,108,110,109,-1,109,110,111,-1,110,112,111,-1,111,112,113,-1,112,114,113,-1,113,114,115,-1,114,116,115,-1,115,116,117,-1,116,118,117,-1,117,118,119,-1,118,120,119,-1,119,120,121,-1,120,122,121,-1,121,122,123,-1,122,124,123,-1,123,124,125,-1,124,102,125,-1,125,102,104,-1,106,103,102,-1,102,124,106,-1,106,124,122,-1,106,122,108,-1,112,110,114,-1,114,110,108,-1,114,108,116,-1,116,108,122,-1,116,122,118,-1,118,122,120,-1,126,127,128,-1,128,127,129,-1,129,127,130,-1,131,132,133,-1,131,133,134,-1,134,133,135,-1,134,135,130,-1,130,135,136,-1,130,136,129,-1,137,138,139,-1,137,139,140,-1,140,139,141,-1,140,141,142,-1,142,141,143,-1,142,143,144,-1,144,143,145,-1,144,145,146,-1,146,145,147,-1,146,147,148,-1,148,147,149,-1,148,149,150,-1,150,149,131,-1,131,149,151,-1,131,151,132,-1,152,153,154,-1,152,154,155,-1,155,154,156,-1,155,156,157,-1,157,156,158,-1,157,158,159,-1,159,158,160,-1,159,160,161,-1,161,160,162,-1,161,162,163,-1,163,162,164,-1,163,164,165,-1,165,164,138,-1,165,138,137,-1,166,167,168,-1,166,168,169,-1,169,168,153,-1,169,153,152,-1,166,170,167,-1,167,170,171,-1,172,173,174,-1,172,174,175,-1,175,174,171,-1,175,171,170,-1,176,177,178,-1,176,178,179,-1,179,178,180,-1,179,180,181,-1,181,180,182,-1,181,182,183,-1,183,182,184,-1,183,184,185,-1,185,184,186,-1,185,186,187,-1,187,186,188,-1,187,188,189,-1,189,188,173,-1,189,173,172,-1,190,191,192,-1,190,192,193,-1,193,192,194,-1,193,194,195,-1,195,194,196,-1,195,196,197,-1,197,196,198,-1,197,198,199,-1,199,198,200,-1,199,200,201,-1,201,200,202,-1,201,202,203,-1,203,202,177,-1,203,177,176,-1,126,128,204,-1,126,204,205,-1,205,204,206,-1,205,206,207,-1,207,206,191,-1,207,191,190,-1,193,131,190,-1,190,131,134,-1,190,134,207,-1,207,134,130,-1,207,130,205,-1,205,130,127,-1,205,127,126,-1,170,166,175,-1,175,166,169,-1,175,169,172,-1,172,169,152,-1,172,152,189,-1,189,152,155,-1,189,155,187,-1,187,155,157,-1,187,157,185,-1,185,157,159,-1,185,159,183,-1,183,159,161,-1,183,161,181,-1,181,161,163,-1,181,163,179,-1,179,163,165,-1,179,165,176,-1,176,165,137,-1,176,137,203,-1,203,137,140,-1,203,140,201,-1,201,140,142,-1,201,142,199,-1,199,142,144,-1,199,144,197,-1,197,144,146,-1,197,146,195,-1,195,146,148,-1,195,148,193,-1,193,148,150,-1,193,150,131,-1,208,209,210,-1,210,209,211,-1,209,212,211,-1,211,212,213,-1,212,214,213,-1,213,214,215,-1,214,216,215,-1,215,216,217,-1,216,218,217,-1,217,218,219,-1,218,208,219,-1,219,208,210,-1,216,214,218,-1,218,214,212,-1,218,212,208,-1,208,212,209,-1,
        ]
    }
}
Shape{
    appearance Appearance {
        material  Material 	{
            diffuseColor 0.9490196078431372 0.7607843137254902 0.1803921568627451
            specularColor 0.7607843137254902 0.6078431372549019 0.1450980392156863
            ambientIntensity 0.7509
            transparency 0.0
            shininess 0.5
        }
    }
    geometry IndexedFaceSet {
        ccw TRUE
        solid FALSE
        coord DEF co Coordinate {
            point [
                0.1358 -0.5189 -0.6543, 0.1358 -0.5189 -0.6872, 0.1358 -0.4778 -0.6689, 0.1358 -0.4778 -0.6724, 0.1358 -0.4744 -0.6699, 0.1358 -0.4744 -0.6715, 0.1358 -0.4709 -0.6705, 0.1358 -0.4709 -0.6708, 0.1358 -0.4697 -0.5539, 0.1358 -0.5465 -0.5539, 0.1358 -0.4697 -0.5684, 0.1358 -0.5465 -0.5679, 0.1358 -0.5456 -0.5783, 0.1358 -0.5072 -0.6067, 0.1358 -0.4974 -0.6059, 0.1358 -0.4896 -0.6036, 0.1358 -0.471 -0.5801, 0.1358 -0.543 -0.5866, 0.1358 -0.539 -0.5933, 0.1358 -0.5336 -0.5988, 0.1358 -0.5268 -0.6029, 0.1358 -0.5175 -0.6058, 0.1358 -0.4835 -0.6002, 0.1358 -0.4785 -0.5954, 0.1358 -0.4738 -0.5882, -0.8642 -0.4685 -0.4264, -0.8642 -0.4696 -0.4167, -0.8642 -0.5424 -0.4477, -0.8642 -0.4697 -0.5191, -0.8642 -0.4697 -0.4819, -0.8642 -0.5021 -0.4819, -0.8642 -0.5021 -0.5167, -0.8642 -0.5129 -0.5167, -0.8642 -0.558 -0.5311, -0.8642 -0.549 -0.3928, -0.8642 -0.5412 -0.3854, -0.8642 -0.5574 -0.3679, -0.8642 -0.558 -0.4166, -0.8642 -0.5574 -0.3175, -0.8642 -0.4701 -0.4384, -0.8642 -0.5414 -0.4495, -0.8642 -0.4748 -0.4495, -0.8642 -0.4589 -0.5191, -0.8642 -0.3622 -0.5311, -0.8642 -0.4589 -0.4687, -0.8642 -0.3622 0.1969, -0.8642 -0.4589 -0.3175, -0.8642 -0.4589 -0.3307, -0.8642 -0.4849 -0.3815, -0.8642 -0.4756 -0.3872, -0.8642 -0.4671 -0.3961, -0.8642 -0.4617 -0.4055, -0.8642 -0.5465 -0.3679, -0.8642 -0.5318 -0.3802, -0.8642 -0.5465 -0.3307, -0.8642 -0.4585 -0.4164, -0.8642 -0.4577 -0.4263, -0.8642 -0.4585 -0.4381, -0.8642 -0.4616 -0.4495, -0.8642 -0.5574 -0.4687, -0.8642 -0.5523 -0.4495, -0.8642 -0.5573 -0.4103, -0.8642 -0.554 -0.4007, -0.8642 -0.4723 -0.4094, -0.8642 -0.4768 -0.4026, -0.8642 -0.4834 -0.3966, -0.8642 -0.5092 -0.3895, -0.8642 -0.5198 -0.3905, -0.8642 -0.5283 -0.3931, -0.8642 -0.5467 -0.415, -0.8642 -0.5477 -0.4242, -0.8642 -0.5441 -0.4079, -0.8642 -0.54 -0.4018, -0.8642 -0.5351 -0.3972, -0.8642 -0.5463 -0.4373, -0.8642 -0.5214 -0.3772, -0.8642 -0.51 -0.3763, -0.8642 -0.496 -0.3777, -0.8642 -0.491 -0.3926, -0.8642 -0.5015 -0.3899, -0.8642 -0.5129 -0.4819, -0.8642 -0.5465 -0.4819, -0.8642 -0.5465 -0.5215, -0.8642 -0.5574 -0.5215, -0.8642 -0.558 -0.4291, -0.8642 -0.5585 -0.4251, -0.8642 -0.6378 -0.5311, -0.8642 -0.5586 -0.4224, -0.8642 -0.558 0.1969, -0.8642 -0.6378 0.1969, -0.8642 -0.4589 -0.6643, -0.8642 -0.4589 -0.6775, -0.8642 -0.5574 -0.7016, -0.8642 -0.5574 -0.716, -0.8642 -0.558 -1.0236, -0.8642 -0.3622 -1.0236, -0.8642 -0.5574 -0.5675, -0.8642 -0.5574 -0.5407, -0.8642 -0.4589 -0.5407, -0.8642 -0.4589 -0.5685, -0.8642 -0.4718 -0.605, -0.8642 -0.4795 -0.612, -0.8642 -0.4879 -0.6166, -0.8642 -0.5574 -0.6271, -0.8642 -0.5304 -0.615, -0.8642 -0.5392 -0.6094, -0.8642 -0.4604 -0.5827, -0.8642 -0.4645 -0.5942, -0.8642 -0.4717 -0.6049, -0.8642 -0.5469 -0.6013, -0.8642 -0.5529 -0.591, -0.8642 -0.5563 -0.5797, -0.8642 -0.5574 -0.6415, -0.8642 -0.5297 -0.6509, -0.8642 -0.5297 -0.6916, -0.8642 -0.4976 -0.6192, -0.8642 -0.5069 -0.6199, -0.8642 -0.5201 -0.6186, -0.8642 -0.5566 -0.439, -0.8642 -0.6378 -1.0236, -0.8642 0.5467 -0.4247, -0.8642 0.5456 -0.415, -0.8642 0.4728 -0.446, -0.8642 0.5563 -0.5174, -0.8642 0.6378 -0.5294, -0.8642 0.5563 -0.467, -0.8642 0.6378 0.1969, -0.8642 0.4663 -0.3911, -0.8642 0.4741 -0.3837, -0.8642 0.4579 -0.3661, -0.8642 0.4573 -0.4149, -0.8642 0.4579 -0.3157, -0.8642 0.5452 -0.4367, -0.8642 0.4738 -0.4477, -0.8642 0.5404 -0.4477, -0.8642 0.5023 -0.515, -0.8642 0.4573 -0.5294, -0.8642 0.5131 -0.515, -0.8642 0.5455 -0.5174, -0.8642 0.5131 -0.4802, -0.8642 0.5455 -0.4802, -0.8642 0.5563 -0.3157, -0.8642 0.5563 -0.3289, -0.8642 0.5304 -0.3797, -0.8642 0.5396 -0.3855, -0.8642 0.5481 -0.3944, -0.8642 0.5535 -0.4037, -0.8642 0.4687 -0.3661, -0.8642 0.4834 -0.3784, -0.8642 0.4687 -0.3289, -0.8642 0.5567 -0.4147, -0.8642 0.5575 -0.4246, -0.8642 0.5567 -0.4364, -0.8642 0.5536 -0.4477, -0.8642 0.4579 -0.467, -0.8642 0.463 -0.4477, -0.8642 0.458 -0.4085, -0.8642 0.4612 -0.399, -0.8642 0.543 -0.4076, -0.8642 0.5384 -0.4008, -0.8642 0.5319 -0.3949, -0.8642 0.5061 -0.3877, -0.8642 0.4954 -0.3887, -0.8642 0.4869 -0.3914, -0.8642 0.4685 -0.4133, -0.8642 0.4675 -0.4225, -0.8642 0.4712 -0.4061, -0.8642 0.4752 -0.4001, -0.8642 0.4801 -0.3955, -0.8642 0.4689 -0.4356, -0.8642 0.4939 -0.3755, -0.8642 0.5053 -0.3745, -0.8642 0.5192 -0.3759, -0.8642 0.5243 -0.3908, -0.8642 0.5137 -0.3882, -0.8642 0.5023 -0.4802, -0.8642 0.4687 -0.4802, -0.8642 0.4687 -0.5198, -0.8642 0.4579 -0.5198, -0.8642 0.4573 -0.4273, -0.8642 0.4567 -0.4234, -0.8642 0.3622 -0.5294, -0.8642 0.4567 -0.4207, -0.8642 0.4573 0.1969, -0.8642 0.3622 0.1969, -0.8642 0.5563 -0.6626, -0.8642 0.5563 -0.6758, -0.8642 0.4579 -0.5657, -0.8642 0.4579 -0.539, -0.8642 0.5563 -0.539, -0.8642 0.4579 -0.6998, -0.8642 0.4579 -0.7142, -0.8642 0.4573 -1.0236, -0.8642 0.6378 -1.0236, -0.8642 0.5563 -0.5667, -0.8642 0.5548 -0.581, -0.8642 0.5508 -0.5925, -0.8642 0.5436 -0.6032, -0.8642 0.4579 -0.6254, -0.8642 0.4849 -0.6133, -0.8642 0.4761 -0.6076, -0.8642 0.5435 -0.6033, -0.8642 0.5358 -0.6103, -0.8642 0.5273 -0.6148, -0.8642 0.4683 -0.5995, -0.8642 0.4623 -0.5893, -0.8642 0.459 -0.5779, -0.8642 0.4579 -0.6398, -0.8642 0.4855 -0.6492, -0.8642 0.4855 -0.6899, -0.8642 0.5176 -0.6175, -0.8642 0.5083 -0.6182, -0.8642 0.4952 -0.6168, -0.8642 0.4587 -0.4373, -0.8642 0.3622 -1.0236
            ]
        }
        coordIndex [
            0,1,2,-1,2,1,3,-1,2,3,4,-1,4,3,5,-1,4,5,6,-1,6,5,7,-1,8,9,10,-1,10,9,11,-1,10,11,12,-1,13,14,10,-1,10,14,15,-1,10,15,16,-1,12,17,10,-1,10,17,18,-1,10,18,19,-1,19,20,10,-1,10,20,21,-1,10,21,13,-1,22,23,15,-1,15,23,24,-1,15,24,16,-1,25,26,27,-1,28,29,30,-1,31,32,33,-1,34,35,36,-1,37,36,38,-1,25,27,39,-1,39,27,40,-1,39,40,41,-1,30,31,28,-1,28,31,33,-1,28,33,42,-1,42,33,43,-1,42,43,44,-1,44,43,45,-1,45,46,47,-1,48,49,47,-1,47,49,50,-1,47,50,51,-1,36,35,52,-1,52,35,53,-1,52,53,54,-1,51,55,47,-1,47,55,56,-1,47,56,45,-1,45,56,57,-1,45,57,44,-1,57,58,44,-1,44,58,41,-1,44,41,59,-1,59,41,40,-1,59,40,60,-1,37,61,36,-1,36,61,62,-1,36,62,34,-1,26,63,27,-1,27,63,64,-1,27,64,65,-1,66,67,27,-1,27,67,68,-1,69,70,71,-1,71,70,72,-1,68,73,27,-1,27,73,72,-1,27,72,74,-1,74,72,70,-1,53,75,54,-1,54,75,76,-1,54,76,47,-1,47,76,77,-1,47,77,48,-1,65,78,27,-1,27,78,79,-1,27,79,66,-1,80,81,32,-1,32,81,82,-1,32,82,33,-1,33,82,83,-1,33,83,59,-1,84,85,86,-1,86,85,87,-1,86,87,37,-1,46,45,38,-1,38,45,88,-1,38,88,37,-1,37,88,89,-1,37,89,86,-1,43,90,91,-1,92,33,93,-1,93,33,94,-1,93,94,91,-1,91,94,95,-1,91,95,43,-1,96,97,33,-1,33,97,98,-1,33,98,43,-1,43,98,99,-1,100,101,90,-1,90,101,102,-1,103,104,105,-1,99,106,43,-1,43,106,107,-1,43,107,90,-1,90,107,108,-1,90,108,100,-1,105,109,103,-1,103,109,110,-1,103,110,111,-1,111,96,103,-1,103,96,33,-1,103,33,112,-1,112,33,92,-1,112,92,113,-1,113,92,114,-1,102,115,90,-1,90,115,116,-1,90,116,103,-1,103,116,117,-1,103,117,104,-1,60,118,59,-1,59,118,84,-1,59,84,33,-1,33,84,86,-1,33,86,94,-1,94,86,119,-1,120,121,122,-1,123,124,125,-1,125,124,126,-1,127,128,129,-1,130,129,131,-1,120,122,132,-1,132,122,133,-1,132,133,134,-1,135,136,137,-1,137,136,138,-1,137,138,139,-1,139,138,140,-1,126,141,142,-1,143,144,142,-1,142,144,145,-1,142,145,146,-1,129,128,147,-1,147,128,148,-1,147,148,149,-1,146,150,142,-1,142,150,151,-1,142,151,126,-1,126,151,152,-1,126,152,125,-1,152,153,125,-1,125,153,134,-1,125,134,154,-1,154,134,133,-1,154,133,155,-1,130,156,129,-1,129,156,157,-1,129,157,127,-1,121,158,122,-1,122,158,159,-1,122,159,160,-1,161,162,122,-1,122,162,163,-1,164,165,166,-1,166,165,167,-1,163,168,122,-1,122,168,167,-1,122,167,169,-1,169,167,165,-1,148,170,149,-1,149,170,171,-1,149,171,142,-1,142,171,172,-1,142,172,143,-1,160,173,122,-1,122,173,174,-1,122,174,161,-1,175,176,135,-1,135,176,177,-1,135,177,136,-1,136,177,178,-1,136,178,154,-1,179,180,181,-1,181,180,182,-1,181,182,130,-1,141,126,131,-1,131,126,183,-1,131,183,130,-1,130,183,184,-1,130,184,181,-1,124,185,186,-1,187,188,136,-1,123,138,124,-1,124,138,136,-1,124,136,189,-1,189,136,188,-1,190,136,191,-1,191,136,192,-1,191,192,186,-1,186,192,193,-1,186,193,124,-1,189,194,124,-1,124,194,195,-1,124,195,185,-1,185,195,196,-1,185,196,197,-1,198,199,200,-1,197,201,185,-1,185,201,202,-1,185,202,203,-1,200,204,198,-1,198,204,205,-1,198,205,206,-1,206,187,198,-1,198,187,136,-1,198,136,207,-1,207,136,190,-1,207,190,208,-1,208,190,209,-1,203,210,185,-1,185,210,211,-1,185,211,198,-1,198,211,212,-1,198,212,199,-1,155,213,154,-1,154,213,179,-1,154,179,136,-1,136,179,181,-1,136,181,192,-1,192,181,214,-1,
        ]
    }
}
Shape{
    appearance Appearance {
        material  Material 	{
            diffuseColor 0.17647058823529413 0.17647058823529413 0.17647058823529413
            specularColor 0.050980392156862744 0.050980392156862744 0.050980392156862744
            ambientIntensity 0.251
            transparency 0.0
            shininess 0.5
        }
    }
    geometry IndexedFaceSet {
        ccw TRUE
        solid FALSE
        coord DEF co Coordinate {
            point [
                -0.8642 -0.6378 0.1969, -0.502 -0.8031 0.1969, -1.1398 -0.6378 0.1969, -1.502 -0.8031 0.1969, -1.1398 -0.3622 0.1969, -0.8642 -0.558 0.1969, -0.8642 -0.3622 0.1969, -0.502 0.8031 0.1969, -0.8642 0.6378 0.1969, -1.502 0.8031 0.1969, -1.1398 0.6378 0.1969, -1.1398 0.3622 0.1969, -0.8642 0.3622 0.1969, -0.8642 0.4573 0.1969, -1.3839 -1.0 0.0079, -1.3839 -1.0 0.9843, -1.502 -0.8819 0.0079, -1.502 -0.8819 0.9843, -0.6201 -1.0 0.0079, -0.6201 -1.0 0.9843, -0.502 -0.8819 0.0079, -0.502 -0.8819 0.9843, -0.502 -0.8031 0.0079, -0.502 0.8031 0.0079, -0.502 0.8819 0.0079, -0.502 0.8819 0.9843, -0.6201 1.0 0.0079, -0.6201 1.0 0.9843, -1.3839 1.0 0.0079, -1.3839 1.0 0.9843, -1.502 0.8819 0.0079, -1.502 0.8819 0.9843, -1.502 0.8031 0.0079, -1.502 -0.8031 0.0079, -1.1398 0.3622 0.9843, -0.8642 0.3622 0.9843, -1.1398 -0.3622 0.9843, -0.8642 -0.3622 0.9843, -0.8642 0.6378 0.9843, -1.1398 0.6378 0.9843, -0.8642 -0.6378 0.9843, -1.1398 -0.6378 0.9843
            ]
        }
        coordIndex [
            0,1,2,-1,2,1,3,-1,2,3,4,-1,0,5,1,-1,1,5,6,-1,1,6,7,-1,7,8,9,-1,9,8,10,-1,9,10,11,-1,3,9,4,-1,4,9,11,-1,4,11,6,-1,6,11,12,-1,6,12,7,-1,7,12,13,-1,7,13,8,-1,14,15,16,-1,16,15,17,-1,18,19,14,-1,14,19,15,-1,20,21,18,-1,18,21,19,-1,20,22,1,-1,23,24,7,-1,7,24,25,-1,7,25,1,-1,1,25,21,-1,1,21,20,-1,26,27,24,-1,24,27,25,-1,28,29,26,-1,26,29,27,-1,30,31,28,-1,28,31,29,-1,30,32,9,-1,33,16,3,-1,3,16,17,-1,3,17,9,-1,9,17,31,-1,9,31,30,-1,15,19,21,-1,31,17,34,-1,31,34,29,-1,35,36,37,-1,25,27,38,-1,38,27,29,-1,38,29,39,-1,39,29,34,-1,38,35,25,-1,25,35,37,-1,25,37,21,-1,21,37,40,-1,21,40,15,-1,15,40,41,-1,15,41,17,-1,17,41,36,-1,17,36,34,-1,34,36,35,-1,1,22,3,-1,3,22,33,-1,14,16,18,-1,18,16,33,-1,18,33,20,-1,20,33,22,-1,32,23,9,-1,9,23,7,-1,24,23,32,-1,30,28,32,-1,32,28,26,-1,32,26,24,-1,
        ]
    }
}
Shape{
    appearance Appearance {
        material  Material 	{
            diffuseColor 0.9490196078431372 0.7607843137254902 0.1803921568627451
            specularColor 0.7607843137254902 0.6078431372549019 0.1450980392156863
            ambientIntensity 0.7509
            transparency 0.0
            shininess 0.5
        }
    }
    geometry IndexedFaceSet {
        ccw TRUE
        solid FALSE
        coord DEF co Coordinate {
            point [
                -0.9035 0.4016 3.3465, -0.9035 0.5984 3.3465, -1.1004 0.4016 3.3465, -1.1004 0.5984 3.3465, -0.8642 0.6378 3.189, -0.8642 0.6378 0.9843, -1.1398 0.6378 3.189, -1.1398 0.6378 0.9843, -1.1398 0.3622 3.189, -1.1398 0.3622 0.9843, -0.8642 0.3622 3.189, -0.8642 0.3622 0.9843, -0.8642 0.3622 0.1969, -1.1398 0.3622 0.1969, -0.8642 0.3622 -0.5294, -1.1398 0.3622 -1.0236, -0.8642 0.3622 -1.0236, -1.1398 0.6378 -1.0236, -1.1398 0.6378 0.1969, -0.8642 0.6378 0.1969, -0.8642 0.6378 -0.5294, -0.8642 0.6378 -1.0236, -0.9035 0.5984 -1.1811, -0.9035 0.4016 -1.1811, -1.1004 0.5984 -1.1811, -1.1004 0.4016 -1.1811, -0.9035 -0.5984 3.3465, -0.9035 -0.4016 3.3465, -1.1004 -0.5984 3.3465, -1.1004 -0.4016 3.3465, -0.8642 -0.3622 3.189, -0.8642 -0.3622 0.9843, -1.1398 -0.3622 3.189, -1.1398 -0.3622 0.9843, -1.1398 -0.6378 3.189, -1.1398 -0.6378 0.9843, -0.8642 -0.6378 3.189, -0.8642 -0.6378 0.9843, -0.8642 -0.6378 0.1969, -1.1398 -0.6378 0.1969, -0.8642 -0.6378 -0.5311, -1.1398 -0.6378 -1.0236, -0.8642 -0.6378 -1.0236, -1.1398 -0.3622 -1.0236, -1.1398 -0.3622 0.1969, -0.8642 -0.3622 0.1969, -0.8642 -0.3622 -0.5311, -0.8642 -0.3622 -1.0236, -0.9035 -0.4016 -1.1811, -0.9035 -0.5984 -1.1811, -1.1004 -0.4016 -1.1811, -1.1004 -0.5984 -1.1811, -0.8642 -0.558 -1.0236, -0.8642 0.4573 -1.0236
            ]
        }
        coordIndex [
            0,1,2,-1,2,1,3,-1,4,5,6,-1,6,5,7,-1,6,7,8,-1,8,7,9,-1,8,9,10,-1,10,9,11,-1,10,11,4,-1,4,11,5,-1,12,13,14,-1,14,13,15,-1,14,15,16,-1,15,13,17,-1,17,13,18,-1,18,19,17,-1,17,19,20,-1,17,20,21,-1,22,23,24,-1,24,23,25,-1,26,27,28,-1,28,27,29,-1,30,31,32,-1,32,31,33,-1,32,33,34,-1,34,33,35,-1,34,35,36,-1,36,35,37,-1,36,37,30,-1,30,37,31,-1,38,39,40,-1,40,39,41,-1,40,41,42,-1,41,39,43,-1,43,39,44,-1,44,45,43,-1,43,45,46,-1,43,46,47,-1,48,49,50,-1,50,49,51,-1,32,29,30,-1,30,29,27,-1,34,28,32,-1,32,28,29,-1,26,36,27,-1,27,36,30,-1,36,26,34,-1,34,26,28,-1,6,3,4,-1,4,3,1,-1,8,2,6,-1,6,2,3,-1,0,10,1,-1,1,10,4,-1,10,0,8,-1,8,0,2,-1,49,42,51,-1,51,42,41,-1,42,49,52,-1,52,49,48,-1,52,48,47,-1,43,50,41,-1,41,50,51,-1,50,43,48,-1,48,43,47,-1,23,16,25,-1,25,16,15,-1,16,23,53,-1,53,23,22,-1,53,22,21,-1,17,24,15,-1,15,24,25,-1,24,17,22,-1,22,17,21,-1,
        ]
    }
}
Shape{
    appearance Appearance {
        material  Material 	{
            diffuseColor 0.0 0.0 0.0
            specularColor 0.0 0.0 0.0
            ambientIntensity 0.0
            transparency 0.0
            shininess 0.5
        }
    }
    geometry IndexedFaceSet {
        ccw TRUE
        solid FALSE
        coord DEF co Coordinate {
            point [
                -0.8681 0.5563 -0.6758, -0.8681 0.4579 -0.7142, -0.8642 0.5563 -0.6758, -0.8642 0.4579 -0.7142, -0.8681 0.4579 -0.6998, -0.8642 0.4579 -0.6998, -0.8681 0.4855 -0.6899, -0.8642 0.4855 -0.6899, -0.8681 0.4855 -0.6492, -0.8642 0.4855 -0.6492, -0.8681 0.4579 -0.6398, -0.8642 0.4579 -0.6398, -0.8681 0.4579 -0.6254, -0.8642 0.4579 -0.6254, -0.8681 0.5563 -0.6626, -0.8642 0.5563 -0.6626, -0.8681 0.4963 -0.6525, -0.8681 0.4963 -0.6854, -0.8681 0.5374 -0.6672, -0.8681 0.5408 -0.6681, -0.8681 0.5443 -0.6688, -0.8681 0.5443 -0.6691, -0.8681 0.5408 -0.6697, -0.8681 0.5374 -0.6706, -0.8642 0.4963 -0.6525, -0.8642 0.4963 -0.6854, -0.8642 0.5374 -0.6672, -0.8642 0.5408 -0.6681, -0.8642 0.5443 -0.6688, -0.8642 0.5443 -0.6691, -0.8642 0.5408 -0.6697, -0.8642 0.5374 -0.6706, -0.8681 0.4579 -0.5657, -0.8681 0.4579 -0.539, -0.8642 0.4579 -0.5657, -0.8642 0.4579 -0.539, -0.8681 0.5563 -0.539, -0.8642 0.5563 -0.539, -0.8681 0.5563 -0.5667, -0.8642 0.5563 -0.5667, -0.8681 0.5083 -0.6182, -0.8642 0.5083 -0.6182, -0.8642 0.5176 -0.6175, -0.8681 0.5176 -0.6175, -0.8642 0.5273 -0.6148, -0.8681 0.5273 -0.6148, -0.8642 0.5358 -0.6103, -0.8681 0.5358 -0.6103, -0.8642 0.5435 -0.6033, -0.8681 0.5435 -0.6033, -0.8642 0.5436 -0.6032, -0.8681 0.5436 -0.6032, -0.8642 0.5508 -0.5925, -0.8681 0.5508 -0.5925, -0.8642 0.5548 -0.581, -0.8681 0.5548 -0.581, -0.8642 0.459 -0.5779, -0.8681 0.459 -0.5779, -0.8642 0.4623 -0.5893, -0.8681 0.4623 -0.5893, -0.8642 0.4683 -0.5995, -0.8681 0.4683 -0.5995, -0.8642 0.4761 -0.6076, -0.8681 0.4761 -0.6076, -0.8642 0.4849 -0.6133, -0.8681 0.4849 -0.6133, -0.8642 0.4952 -0.6168, -0.8681 0.4952 -0.6168, -0.8681 0.5317 -0.5984, -0.8681 0.5368 -0.5937, -0.8681 0.5414 -0.5865, -0.8681 0.5443 -0.5783, -0.8681 0.5455 -0.5667, -0.8681 0.5455 -0.5522, -0.8681 0.4687 -0.5522, -0.8681 0.4687 -0.5661, -0.8681 0.4697 -0.5765, -0.8681 0.4723 -0.5848, -0.8681 0.4762 -0.5915, -0.8681 0.4817 -0.597, -0.8681 0.4885 -0.6012, -0.8681 0.4977 -0.6041, -0.8681 0.5081 -0.605, -0.8681 0.5179 -0.6042, -0.8681 0.5256 -0.6019, -0.8642 0.5455 -0.5667, -0.8642 0.5455 -0.5522, -0.8642 0.5443 -0.5783, -0.8642 0.5414 -0.5865, -0.8642 0.5368 -0.5937, -0.8642 0.5317 -0.5984, -0.8642 0.5256 -0.6019, -0.8642 0.5179 -0.6042, -0.8642 0.5081 -0.605, -0.8642 0.4977 -0.6041, -0.8642 0.4885 -0.6012, -0.8642 0.4817 -0.597, -0.8642 0.4762 -0.5915, -0.8642 0.4723 -0.5848, -0.8642 0.4697 -0.5765, -0.8642 0.4687 -0.5661, -0.8642 0.4687 -0.5522, -0.8681 0.4687 -0.5198, -0.8681 0.4579 -0.5198, -0.8642 0.4687 -0.5198, -0.8642 0.4579 -0.5198, -0.8681 0.4579 -0.467, -0.8642 0.4579 -0.467, -0.8681 0.5563 -0.467, -0.8642 0.5563 -0.467, -0.8681 0.5563 -0.5174, -0.8642 0.5563 -0.5174, -0.8681 0.5455 -0.5174, -0.8642 0.5455 -0.5174, -0.8681 0.5455 -0.4802, -0.8642 0.5455 -0.4802, -0.8681 0.5131 -0.4802, -0.8642 0.5131 -0.4802, -0.8681 0.5131 -0.515, -0.8642 0.5131 -0.515, -0.8681 0.5023 -0.515, -0.8642 0.5023 -0.515, -0.8681 0.5023 -0.4802, -0.8642 0.5023 -0.4802, -0.8681 0.4687 -0.4802, -0.8642 0.4687 -0.4802, -0.8681 0.4738 -0.4477, -0.8681 0.463 -0.4477, -0.8642 0.4738 -0.4477, -0.8642 0.463 -0.4477, -0.8681 0.4587 -0.4373, -0.8681 0.4567 -0.4207, -0.8642 0.4567 -0.4207, -0.8642 0.4567 -0.4234, -0.8681 0.4567 -0.4234, -0.8642 0.4573 -0.4273, -0.8642 0.4587 -0.4373, -0.8681 0.5053 -0.3745, -0.8642 0.5053 -0.3745, -0.8642 0.4939 -0.3755, -0.8681 0.4939 -0.3755, -0.8642 0.4834 -0.3784, -0.8681 0.4834 -0.3784, -0.8642 0.4741 -0.3837, -0.8681 0.4741 -0.3837, -0.8642 0.4663 -0.3911, -0.8681 0.4663 -0.3911, -0.8642 0.4612 -0.399, -0.8681 0.4612 -0.399, -0.8642 0.458 -0.4085, -0.8681 0.458 -0.4085, -0.8642 0.4573 -0.4149, -0.8681 0.5575 -0.4246, -0.8642 0.5575 -0.4246, -0.8642 0.5567 -0.4147, -0.8681 0.5567 -0.4147, -0.8642 0.5535 -0.4037, -0.8681 0.5535 -0.4037, -0.8642 0.5481 -0.3944, -0.8681 0.5481 -0.3944, -0.8642 0.5396 -0.3855, -0.8681 0.5396 -0.3855, -0.8642 0.5304 -0.3797, -0.8681 0.5304 -0.3797, -0.8642 0.5192 -0.3759, -0.8681 0.5192 -0.3759, -0.8681 0.5536 -0.4477, -0.8642 0.5536 -0.4477, -0.8642 0.5567 -0.4364, -0.8681 0.5567 -0.4364, -0.8681 0.5404 -0.4477, -0.8642 0.5404 -0.4477, -0.8681 0.5467 -0.4247, -0.8642 0.5467 -0.4247, -0.8642 0.5452 -0.4367, -0.8681 0.5452 -0.4367, -0.8681 0.5061 -0.3877, -0.8642 0.5061 -0.3877, -0.8642 0.5137 -0.3882, -0.8681 0.5137 -0.3882, -0.8642 0.5243 -0.3908, -0.8681 0.5243 -0.3908, -0.8642 0.5319 -0.3949, -0.8681 0.5319 -0.3949, -0.8642 0.5384 -0.4008, -0.8681 0.5384 -0.4008, -0.8642 0.543 -0.4076, -0.8681 0.543 -0.4076, -0.8642 0.5456 -0.415, -0.8681 0.5456 -0.415, -0.8681 0.4675 -0.4225, -0.8642 0.4675 -0.4225, -0.8642 0.4685 -0.4133, -0.8681 0.4685 -0.4133, -0.8642 0.4712 -0.4061, -0.8681 0.4712 -0.4061, -0.8642 0.4752 -0.4001, -0.8681 0.4752 -0.4001, -0.8642 0.4801 -0.3955, -0.8681 0.4801 -0.3955, -0.8642 0.4869 -0.3914, -0.8681 0.4869 -0.3914, -0.8642 0.4954 -0.3887, -0.8681 0.4954 -0.3887, -0.8642 0.4728 -0.446, -0.8681 0.4728 -0.446, -0.8642 0.4689 -0.4356, -0.8681 0.4689 -0.4356, -0.8681 0.4687 -0.3661, -0.8681 0.4579 -0.3661, -0.8642 0.4687 -0.3661, -0.8642 0.4579 -0.3661, -0.8681 0.4579 -0.3157, -0.8642 0.4579 -0.3157, -0.8681 0.5563 -0.3157, -0.8642 0.5563 -0.3157, -0.8681 0.5563 -0.3289, -0.8642 0.5563 -0.3289, -0.8681 0.4687 -0.3289, -0.8642 0.4687 -0.3289
            ]
        }
        coordIndex [
            0,1,2,-1,2,1,3,-1,1,4,3,-1,3,4,5,-1,4,6,5,-1,5,6,7,-1,6,8,7,-1,7,8,9,-1,8,10,9,-1,9,10,11,-1,10,12,11,-1,11,12,13,-1,12,14,13,-1,13,14,15,-1,14,0,15,-1,15,0,2,-1,16,8,17,-1,17,8,6,-1,18,14,16,-1,16,14,12,-1,16,12,8,-1,8,12,10,-1,18,19,14,-1,14,19,20,-1,14,20,0,-1,0,20,21,-1,0,21,22,-1,22,23,0,-1,0,23,17,-1,0,17,1,-1,1,17,6,-1,1,6,4,-1,16,17,24,-1,24,17,25,-1,18,16,26,-1,26,16,24,-1,18,26,27,-1,18,27,19,-1,19,27,28,-1,19,28,20,-1,21,20,29,-1,29,20,28,-1,21,29,30,-1,21,30,22,-1,22,30,31,-1,22,31,23,-1,17,23,25,-1,25,23,31,-1,32,33,34,-1,34,33,35,-1,33,36,35,-1,35,36,37,-1,36,38,37,-1,37,38,39,-1,40,41,42,-1,40,42,43,-1,43,42,44,-1,43,44,45,-1,45,44,46,-1,45,46,47,-1,47,46,48,-1,47,48,49,-1,49,48,50,-1,49,50,51,-1,51,50,52,-1,51,52,53,-1,53,52,54,-1,53,54,55,-1,55,54,39,-1,55,39,38,-1,32,34,56,-1,32,56,57,-1,57,56,58,-1,57,58,59,-1,59,58,60,-1,59,60,61,-1,61,60,62,-1,61,62,63,-1,63,62,64,-1,63,64,65,-1,65,64,66,-1,65,66,67,-1,67,66,41,-1,67,41,40,-1,45,47,68,-1,68,47,49,-1,68,49,69,-1,69,49,51,-1,69,51,70,-1,70,51,53,-1,70,53,71,-1,71,53,55,-1,71,55,72,-1,72,55,38,-1,72,38,73,-1,73,38,36,-1,73,36,74,-1,74,36,33,-1,74,33,75,-1,75,33,32,-1,75,32,76,-1,76,32,57,-1,76,57,77,-1,77,57,59,-1,77,59,78,-1,78,59,61,-1,78,61,79,-1,79,61,63,-1,79,63,80,-1,80,63,65,-1,80,65,81,-1,81,65,67,-1,81,67,82,-1,82,67,40,-1,82,40,83,-1,83,40,43,-1,83,43,84,-1,84,43,45,-1,84,45,68,-1,72,73,85,-1,85,73,86,-1,72,85,87,-1,72,87,71,-1,71,87,88,-1,71,88,70,-1,70,88,89,-1,70,89,69,-1,69,89,90,-1,69,90,68,-1,68,90,91,-1,68,91,84,-1,84,91,92,-1,84,92,83,-1,83,92,93,-1,83,93,82,-1,82,93,94,-1,82,94,81,-1,81,94,95,-1,81,95,80,-1,80,95,96,-1,80,96,79,-1,79,96,97,-1,79,97,78,-1,78,97,98,-1,78,98,77,-1,77,98,99,-1,77,99,76,-1,76,99,100,-1,76,100,75,-1,74,75,101,-1,101,75,100,-1,73,74,86,-1,86,74,101,-1,102,103,104,-1,104,103,105,-1,103,106,105,-1,105,106,107,-1,106,108,107,-1,107,108,109,-1,108,110,109,-1,109,110,111,-1,110,112,111,-1,111,112,113,-1,112,114,113,-1,113,114,115,-1,114,116,115,-1,115,116,117,-1,116,118,117,-1,117,118,119,-1,118,120,119,-1,119,120,121,-1,120,122,121,-1,121,122,123,-1,122,124,123,-1,123,124,125,-1,124,102,125,-1,125,102,104,-1,106,103,102,-1,102,124,106,-1,106,124,122,-1,106,122,108,-1,112,110,114,-1,114,110,108,-1,114,108,116,-1,116,108,122,-1,116,122,118,-1,118,122,120,-1,126,127,128,-1,128,127,129,-1,129,127,130,-1,131,132,133,-1,131,133,134,-1,134,133,135,-1,134,135,130,-1,130,135,136,-1,130,136,129,-1,137,138,139,-1,137,139,140,-1,140,139,141,-1,140,141,142,-1,142,141,143,-1,142,143,144,-1,144,143,145,-1,144,145,146,-1,146,145,147,-1,146,147,148,-1,148,147,149,-1,148,149,150,-1,150,149,131,-1,131,149,151,-1,131,151,132,-1,152,153,154,-1,152,154,155,-1,155,154,156,-1,155,156,157,-1,157,156,158,-1,157,158,159,-1,159,158,160,-1,159,160,161,-1,161,160,162,-1,161,162,163,-1,163,162,164,-1,163,164,165,-1,165,164,138,-1,165,138,137,-1,166,167,168,-1,166,168,169,-1,169,168,153,-1,169,153,152,-1,166,170,167,-1,167,170,171,-1,172,173,174,-1,172,174,175,-1,175,174,171,-1,175,171,170,-1,176,177,178,-1,176,178,179,-1,179,178,180,-1,179,180,181,-1,181,180,182,-1,181,182,183,-1,183,182,184,-1,183,184,185,-1,185,184,186,-1,185,186,187,-1,187,186,188,-1,187,188,189,-1,189,188,173,-1,189,173,172,-1,190,191,192,-1,190,192,193,-1,193,192,194,-1,193,194,195,-1,195,194,196,-1,195,196,197,-1,197,196,198,-1,197,198,199,-1,199,198,200,-1,199,200,201,-1,201,200,202,-1,201,202,203,-1,203,202,177,-1,203,177,176,-1,126,128,204,-1,126,204,205,-1,205,204,206,-1,205,206,207,-1,207,206,191,-1,207,191,190,-1,193,131,190,-1,190,131,134,-1,190,134,207,-1,207,134,130,-1,207,130,205,-1,205,130,127,-1,205,127,126,-1,170,166,175,-1,175,166,169,-1,175,169,172,-1,172,169,152,-1,172,152,189,-1,189,152,155,-1,189,155,187,-1,187,155,157,-1,187,157,185,-1,185,157,159,-1,185,159,183,-1,183,159,161,-1,183,161,181,-1,181,161,163,-1,181,163,179,-1,179,163,165,-1,179,165,176,-1,176,165,137,-1,176,137,203,-1,203,137,140,-1,203,140,201,-1,201,140,142,-1,201,142,199,-1,199,142,144,-1,199,144,197,-1,197,144,146,-1,197,146,195,-1,195,146,148,-1,195,148,193,-1,193,148,150,-1,193,150,131,-1,208,209,210,-1,210,209,211,-1,209,212,211,-1,211,212,213,-1,212,214,213,-1,213,214,215,-1,214,216,215,-1,215,216,217,-1,216,218,217,-1,217,218,219,-1,218,208,219,-1,219,208,210,-1,216,214,218,-1,218,214,212,-1,218,212,208,-1,208,212,209,-1,
        ]
    }
}
Shape{
    appearance Appearance {
        material  Material 	{
            diffuseColor 0.9490196078431372 0.7607843137254902 0.1803921568627451
            specularColor 0.7607843137254902 0.6078431372549019 0.1450980392156863
            ambientIntensity 0.7509
            transparency 0.0
            shininess 0.5
        }
    }
    geometry IndexedFaceSet {
        ccw TRUE
        solid FALSE
        coord DEF co Coordinate {
            point [
                -0.8642 0.4963 -0.6525, -0.8642 0.4963 -0.6854, -0.8642 0.5374 -0.6672, -0.8642 0.5374 -0.6706, -0.8642 0.5408 -0.6681, -0.8642 0.5408 -0.6697, -0.8642 0.5443 -0.6688, -0.8642 0.5443 -0.6691, -0.8642 0.5455 -0.5522, -0.8642 0.4687 -0.5522, -0.8642 0.5455 -0.5667, -0.8642 0.4687 -0.5661, -0.8642 0.4697 -0.5765, -0.8642 0.5081 -0.605, -0.8642 0.5179 -0.6042, -0.8642 0.5256 -0.6019, -0.8642 0.5443 -0.5783, -0.8642 0.4723 -0.5848, -0.8642 0.4762 -0.5915, -0.8642 0.4817 -0.597, -0.8642 0.4885 -0.6012, -0.8642 0.4977 -0.6041, -0.8642 0.5317 -0.5984, -0.8642 0.5368 -0.5937, -0.8642 0.5414 -0.5865
            ]
        }
        coordIndex [
            0,1,2,-1,2,1,3,-1,2,3,4,-1,4,3,5,-1,4,5,6,-1,6,5,7,-1,8,9,10,-1,10,9,11,-1,10,11,12,-1,13,14,10,-1,10,14,15,-1,10,15,16,-1,12,17,10,-1,10,17,18,-1,10,18,19,-1,19,20,10,-1,10,20,21,-1,10,21,13,-1,22,23,15,-1,15,23,24,-1,15,24,16,-1,
        ]
    }
}
Shape{
    appearance Appearance {
        material  Material 	{
            diffuseColor 0.0 0.0 0.0
            specularColor 0.0 0.0 0.0
            ambientIntensity 0.0
            transparency 0.0
            shininess 0.5
        }
    }
    geometry IndexedFaceSet {
        ccw TRUE
        solid FALSE
        coord DEF co Coordinate {
            point [
                -0.8681 -0.4589 -0.6775, -0.8681 -0.5574 -0.716, -0.8642 -0.4589 -0.6775, -0.8642 -0.5574 -0.716, -0.8681 -0.5574 -0.7016, -0.8642 -0.5574 -0.7016, -0.8681 -0.5297 -0.6916, -0.8642 -0.5297 -0.6916, -0.8681 -0.5297 -0.6509, -0.8642 -0.5297 -0.6509, -0.8681 -0.5574 -0.6415, -0.8642 -0.5574 -0.6415, -0.8681 -0.5574 -0.6271, -0.8642 -0.5574 -0.6271, -0.8681 -0.4589 -0.6643, -0.8642 -0.4589 -0.6643, -0.8681 -0.5189 -0.6543, -0.8681 -0.4778 -0.6689, -0.8681 -0.4744 -0.6699, -0.8681 -0.4709 -0.6705, -0.8681 -0.4709 -0.6708, -0.8681 -0.4744 -0.6715, -0.8681 -0.4778 -0.6724, -0.8681 -0.5189 -0.6872, -0.8642 -0.5189 -0.6543, -0.8642 -0.5189 -0.6872, -0.8642 -0.4778 -0.6689, -0.8642 -0.4744 -0.6699, -0.8642 -0.4709 -0.6705, -0.8642 -0.4709 -0.6708, -0.8642 -0.4744 -0.6715, -0.8642 -0.4778 -0.6724, -0.8681 -0.5574 -0.5675, -0.8681 -0.5574 -0.5407, -0.8642 -0.5574 -0.5675, -0.8642 -0.5574 -0.5407, -0.8681 -0.4589 -0.5407, -0.8642 -0.4589 -0.5407, -0.8681 -0.4589 -0.5685, -0.8642 -0.4589 -0.5685, -0.8681 -0.5069 -0.6199, -0.8642 -0.5069 -0.6199, -0.8642 -0.4976 -0.6192, -0.8681 -0.4976 -0.6192, -0.8642 -0.4879 -0.6166, -0.8681 -0.4879 -0.6166, -0.8642 -0.4795 -0.612, -0.8681 -0.4795 -0.612, -0.8642 -0.4718 -0.605, -0.8681 -0.4718 -0.605, -0.8642 -0.4717 -0.6049, -0.8681 -0.4717 -0.6049, -0.8642 -0.4645 -0.5942, -0.8681 -0.4645 -0.5942, -0.8642 -0.4604 -0.5827, -0.8681 -0.4604 -0.5827, -0.8642 -0.5563 -0.5797, -0.8681 -0.5563 -0.5797, -0.8642 -0.5529 -0.591, -0.8681 -0.5529 -0.591, -0.8642 -0.5469 -0.6013, -0.8681 -0.5469 -0.6013, -0.8642 -0.5392 -0.6094, -0.8681 -0.5392 -0.6094, -0.8642 -0.5304 -0.615, -0.8681 -0.5304 -0.615, -0.8642 -0.5201 -0.6186, -0.8681 -0.5201 -0.6186, -0.8681 -0.4835 -0.6002, -0.8681 -0.4785 -0.5954, -0.8681 -0.4738 -0.5882, -0.8681 -0.471 -0.5801, -0.8681 -0.4697 -0.5684, -0.8681 -0.4697 -0.5539, -0.8681 -0.5465 -0.5539, -0.8681 -0.5465 -0.5679, -0.8681 -0.5456 -0.5783, -0.8681 -0.543 -0.5866, -0.8681 -0.539 -0.5933, -0.8681 -0.5336 -0.5988, -0.8681 -0.5268 -0.6029, -0.8681 -0.5175 -0.6058, -0.8681 -0.5072 -0.6067, -0.8681 -0.4974 -0.6059, -0.8681 -0.4896 -0.6036, -0.8642 -0.4697 -0.5684, -0.8642 -0.4697 -0.5539, -0.8642 -0.471 -0.5801, -0.8642 -0.4738 -0.5882, -0.8642 -0.4785 -0.5954, -0.8642 -0.4835 -0.6002, -0.8642 -0.4896 -0.6036, -0.8642 -0.4974 -0.6059, -0.8642 -0.5072 -0.6067, -0.8642 -0.5175 -0.6058, -0.8642 -0.5268 -0.6029, -0.8642 -0.5336 -0.5988, -0.8642 -0.539 -0.5933, -0.8642 -0.543 -0.5866, -0.8642 -0.5456 -0.5783, -0.8642 -0.5465 -0.5679, -0.8642 -0.5465 -0.5539, -0.8681 -0.5465 -0.5215, -0.8681 -0.5574 -0.5215, -0.8642 -0.5465 -0.5215, -0.8642 -0.5574 -0.5215, -0.8681 -0.5574 -0.4687, -0.8642 -0.5574 -0.4687, -0.8681 -0.4589 -0.4687, -0.8642 -0.4589 -0.4687, -0.8681 -0.4589 -0.5191, -0.8642 -0.4589 -0.5191, -0.8681 -0.4697 -0.5191, -0.8642 -0.4697 -0.5191, -0.8681 -0.4697 -0.4819, -0.8642 -0.4697 -0.4819, -0.8681 -0.5021 -0.4819, -0.8642 -0.5021 -0.4819, -0.8681 -0.5021 -0.5167, -0.8642 -0.5021 -0.5167, -0.8681 -0.5129 -0.5167, -0.8642 -0.5129 -0.5167, -0.8681 -0.5129 -0.4819, -0.8642 -0.5129 -0.4819, -0.8681 -0.5465 -0.4819, -0.8642 -0.5465 -0.4819, -0.8681 -0.5414 -0.4495, -0.8681 -0.5523 -0.4495, -0.8642 -0.5414 -0.4495, -0.8642 -0.5523 -0.4495, -0.8681 -0.5566 -0.439, -0.8681 -0.5586 -0.4224, -0.8642 -0.5586 -0.4224, -0.8642 -0.5585 -0.4251, -0.8681 -0.5585 -0.4251, -0.8642 -0.558 -0.4291, -0.8642 -0.5566 -0.439, -0.8681 -0.51 -0.3763, -0.8642 -0.51 -0.3763, -0.8642 -0.5214 -0.3772, -0.8681 -0.5214 -0.3772, -0.8642 -0.5318 -0.3802, -0.8681 -0.5318 -0.3802, -0.8642 -0.5412 -0.3854, -0.8681 -0.5412 -0.3854, -0.8642 -0.549 -0.3928, -0.8681 -0.549 -0.3928, -0.8642 -0.554 -0.4007, -0.8681 -0.554 -0.4007, -0.8642 -0.5573 -0.4103, -0.8681 -0.5573 -0.4103, -0.8642 -0.558 -0.4166, -0.8681 -0.4577 -0.4263, -0.8642 -0.4577 -0.4263, -0.8642 -0.4585 -0.4164, -0.8681 -0.4585 -0.4164, -0.8642 -0.4617 -0.4055, -0.8681 -0.4617 -0.4055, -0.8642 -0.4671 -0.3961, -0.8681 -0.4671 -0.3961, -0.8642 -0.4756 -0.3872, -0.8681 -0.4756 -0.3872, -0.8642 -0.4849 -0.3815, -0.8681 -0.4849 -0.3815, -0.8642 -0.496 -0.3777, -0.8681 -0.496 -0.3777, -0.8681 -0.4616 -0.4495, -0.8642 -0.4616 -0.4495, -0.8642 -0.4585 -0.4381, -0.8681 -0.4585 -0.4381, -0.8681 -0.4748 -0.4495, -0.8642 -0.4748 -0.4495, -0.8681 -0.4685 -0.4264, -0.8642 -0.4685 -0.4264, -0.8642 -0.4701 -0.4384, -0.8681 -0.4701 -0.4384, -0.8681 -0.5092 -0.3895, -0.8642 -0.5092 -0.3895, -0.8642 -0.5015 -0.3899, -0.8681 -0.5015 -0.3899, -0.8642 -0.491 -0.3926, -0.8681 -0.491 -0.3926, -0.8642 -0.4834 -0.3966, -0.8681 -0.4834 -0.3966, -0.8642 -0.4768 -0.4026, -0.8681 -0.4768 -0.4026, -0.8642 -0.4723 -0.4094, -0.8681 -0.4723 -0.4094, -0.8642 -0.4696 -0.4167, -0.8681 -0.4696 -0.4167, -0.8681 -0.5477 -0.4242, -0.8642 -0.5477 -0.4242, -0.8642 -0.5467 -0.415, -0.8681 -0.5467 -0.415, -0.8642 -0.5441 -0.4079, -0.8681 -0.5441 -0.4079, -0.8642 -0.54 -0.4018, -0.8681 -0.54 -0.4018, -0.8642 -0.5351 -0.3972, -0.8681 -0.5351 -0.3972, -0.8642 -0.5283 -0.3931, -0.8681 -0.5283 -0.3931, -0.8642 -0.5198 -0.3905, -0.8681 -0.5198 -0.3905, -0.8642 -0.5424 -0.4477, -0.8681 -0.5424 -0.4477, -0.8642 -0.5463 -0.4373, -0.8681 -0.5463 -0.4373, -0.8681 -0.5465 -0.3679, -0.8681 -0.5574 -0.3679, -0.8642 -0.5465 -0.3679, -0.8642 -0.5574 -0.3679, -0.8681 -0.5574 -0.3175, -0.8642 -0.5574 -0.3175, -0.8681 -0.4589 -0.3175, -0.8642 -0.4589 -0.3175, -0.8681 -0.4589 -0.3307, -0.8642 -0.4589 -0.3307, -0.8681 -0.5465 -0.3307, -0.8642 -0.5465 -0.3307
            ]
        }
        coordIndex [
            0,1,2,-1,2,1,3,-1,1,4,3,-1,3,4,5,-1,4,6,5,-1,5,6,7,-1,6,8,7,-1,7,8,9,-1,8,10,9,-1,9,10,11,-1,10,12,11,-1,11,12,13,-1,12,14,13,-1,13,14,15,-1,14,0,15,-1,15,0,2,-1,16,17,14,-1,12,10,8,-1,17,18,14,-1,14,18,19,-1,14,19,0,-1,0,19,20,-1,0,20,21,-1,21,22,0,-1,0,22,23,-1,0,23,1,-1,4,1,6,-1,6,1,23,-1,6,23,8,-1,8,23,16,-1,8,16,12,-1,12,16,14,-1,16,23,24,-1,24,23,25,-1,17,16,26,-1,26,16,24,-1,17,26,27,-1,17,27,18,-1,18,27,28,-1,18,28,19,-1,20,19,29,-1,29,19,28,-1,20,29,30,-1,20,30,21,-1,21,30,31,-1,21,31,22,-1,23,22,25,-1,25,22,31,-1,32,33,34,-1,34,33,35,-1,33,36,35,-1,35,36,37,-1,36,38,37,-1,37,38,39,-1,40,41,42,-1,40,42,43,-1,43,42,44,-1,43,44,45,-1,45,44,46,-1,45,46,47,-1,47,46,48,-1,47,48,49,-1,49,48,50,-1,49,50,51,-1,51,50,52,-1,51,52,53,-1,53,52,54,-1,53,54,55,-1,55,54,39,-1,55,39,38,-1,32,34,56,-1,32,56,57,-1,57,56,58,-1,57,58,59,-1,59,58,60,-1,59,60,61,-1,61,60,62,-1,61,62,63,-1,63,62,64,-1,63,64,65,-1,65,64,66,-1,65,66,67,-1,67,66,41,-1,67,41,40,-1,45,47,68,-1,68,47,49,-1,68,49,69,-1,69,49,51,-1,69,51,70,-1,70,51,53,-1,70,53,71,-1,71,53,55,-1,71,55,72,-1,72,55,38,-1,72,38,73,-1,73,38,36,-1,73,36,74,-1,74,36,33,-1,74,33,75,-1,75,33,32,-1,75,32,76,-1,76,32,57,-1,76,57,77,-1,77,57,59,-1,77,59,78,-1,78,59,61,-1,78,61,79,-1,79,61,63,-1,79,63,80,-1,80,63,65,-1,80,65,81,-1,81,65,67,-1,81,67,82,-1,82,67,40,-1,82,40,83,-1,83,40,43,-1,83,43,84,-1,84,43,45,-1,84,45,68,-1,72,73,85,-1,85,73,86,-1,72,85,87,-1,72,87,71,-1,71,87,88,-1,71,88,70,-1,70,88,89,-1,70,89,69,-1,69,89,90,-1,69,90,68,-1,68,90,91,-1,68,91,84,-1,84,91,92,-1,84,92,83,-1,83,92,93,-1,83,93,82,-1,82,93,94,-1,82,94,81,-1,81,94,95,-1,81,95,80,-1,80,95,96,-1,80,96,79,-1,79,96,97,-1,79,97,78,-1,78,97,98,-1,78,98,77,-1,77,98,99,-1,77,99,76,-1,76,99,100,-1,76,100,75,-1,74,75,101,-1,101,75,100,-1,73,74,86,-1,86,74,101,-1,102,103,104,-1,104,103,105,-1,103,106,105,-1,105,106,107,-1,106,108,107,-1,107,108,109,-1,108,110,109,-1,109,110,111,-1,110,112,111,-1,111,112,113,-1,112,114,113,-1,113,114,115,-1,114,116,115,-1,115,116,117,-1,116,118,117,-1,117,118,119,-1,118,120,119,-1,119,120,121,-1,120,122,121,-1,121,122,123,-1,122,124,123,-1,123,124,125,-1,124,102,125,-1,125,102,104,-1,106,103,102,-1,102,124,106,-1,106,124,122,-1,106,122,108,-1,112,110,114,-1,114,110,108,-1,114,108,116,-1,116,108,122,-1,116,122,118,-1,118,122,120,-1,126,127,128,-1,128,127,129,-1,129,127,130,-1,131,132,133,-1,131,133,134,-1,134,133,135,-1,134,135,130,-1,130,135,136,-1,130,136,129,-1,137,138,139,-1,137,139,140,-1,140,139,141,-1,140,141,142,-1,142,141,143,-1,142,143,144,-1,144,143,145,-1,144,145,146,-1,146,145,147,-1,146,147,148,-1,148,147,149,-1,148,149,150,-1,150,149,131,-1,131,149,151,-1,131,151,132,-1,152,153,154,-1,152,154,155,-1,155,154,156,-1,155,156,157,-1,157,156,158,-1,157,158,159,-1,159,158,160,-1,159,160,161,-1,161,160,162,-1,161,162,163,-1,163,162,164,-1,163,164,165,-1,165,164,138,-1,165,138,137,-1,166,167,168,-1,166,168,169,-1,169,168,153,-1,169,153,152,-1,166,170,167,-1,167,170,171,-1,172,173,174,-1,172,174,175,-1,175,174,171,-1,175,171,170,-1,176,177,178,-1,176,178,179,-1,179,178,180,-1,179,180,181,-1,181,180,182,-1,181,182,183,-1,183,182,184,-1,183,184,185,-1,185,184,186,-1,185,186,187,-1,187,186,188,-1,187,188,189,-1,189,188,173,-1,189,173,172,-1,190,191,192,-1,190,192,193,-1,193,192,194,-1,193,194,195,-1,195,194,196,-1,195,196,197,-1,197,196,198,-1,197,198,199,-1,199,198,200,-1,199,200,201,-1,201,200,202,-1,201,202,203,-1,203,202,177,-1,203,177,176,-1,126,128,204,-1,126,204,205,-1,205,204,206,-1,205,206,207,-1,207,206,191,-1,207,191,190,-1,193,131,190,-1,190,131,134,-1,190,134,207,-1,207,134,130,-1,207,130,205,-1,205,130,127,-1,205,127,126,-1,170,166,175,-1,175,166,169,-1,175,169,172,-1,172,169,152,-1,172,152,189,-1,189,152,155,-1,189,155,187,-1,187,155,157,-1,187,157,185,-1,185,157,159,-1,185,159,183,-1,183,159,161,-1,183,161,181,-1,181,161,163,-1,181,163,179,-1,179,163,165,-1,179,165,176,-1,176,165,137,-1,176,137,203,-1,203,137,140,-1,203,140,201,-1,201,140,142,-1,201,142,199,-1,199,142,144,-1,199,144,197,-1,197,144,146,-1,197,146,195,-1,195,146,148,-1,195,148,193,-1,193,148,150,-1,193,150,131,-1,208,209,210,-1,210,209,211,-1,209,212,211,-1,211,212,213,-1,212,214,213,-1,213,214,215,-1,214,216,215,-1,215,216,217,-1,216,218,217,-1,217,218,219,-1,218,208,219,-1,219,208,210,-1,216,214,218,-1,218,214,212,-1,218,212,208,-1,208,212,209,-1,
        ]
    }
}
Shape{
    appearance Appearance {
        material  Material 	{
            diffuseColor 0.9490196078431372 0.7607843137254902 0.1803921568627451
            specularColor 0.7607843137254902 0.6078431372549019 0.1450980392156863
            ambientIntensity 0.7509
            transparency 0.0
            shininess 0.5
        }
    }
    geometry IndexedFaceSet {
        ccw TRUE
        solid FALSE
        coord DEF co Coordinate {
            point [
                -0.8642 -0.5189 -0.6543, -0.8642 -0.5189 -0.6872, -0.8642 -0.4778 -0.6689, -0.8642 -0.4778 -0.6724, -0.8642 -0.4744 -0.6699, -0.8642 -0.4744 -0.6715, -0.8642 -0.4709 -0.6705, -0.8642 -0.4709 -0.6708, -0.8642 -0.4697 -0.5539, -0.8642 -0.5465 -0.5539, -0.8642 -0.4697 -0.5684, -0.8642 -0.5465 -0.5679, -0.8642 -0.5456 -0.5783, -0.8642 -0.5072 -0.6067, -0.8642 -0.4974 -0.6059, -0.8642 -0.4896 -0.6036, -0.8642 -0.471 -0.5801, -0.8642 -0.543 -0.5866, -0.8642 -0.539 -0.5933, -0.8642 -0.5336 -0.5988, -0.8642 -0.5268 -0.6029, -0.8642 -0.5175 -0.6058, -0.8642 -0.4835 -0.6002, -0.8642 -0.4785 -0.5954, -0.8642 -0.4738 -0.5882
            ]
        }
        coordIndex [
            0,1,2,-1,2,1,3,-1,2,3,4,-1,4,3,5,-1,4,5,6,-1,6,5,7,-1,8,9,10,-1,10,9,11,-1,10,11,12,-1,13,14,10,-1,10,14,15,-1,10,15,16,-1,12,17,10,-1,10,17,18,-1,10,18,19,-1,19,20,10,-1,10,20,21,-1,10,21,13,-1,22,23,15,-1,15,23,24,-1,15,24,16,-1,
        ]
    }
}
Shape{
    appearance Appearance {
        material  Material 	{
            diffuseColor 0.17647058823529413 0.17647058823529413 0.17647058823529413
            specularColor 0.050980392156862744 0.050980392156862744 0.050980392156862744
            ambientIntensity 0.251
            transparency 0.0
            shininess 0.5
        }
    }
    geometry IndexedFaceSet {
        ccw TRUE
        solid FALSE
        coord DEF co Coordinate {
            point [
                1.498 -0.0326 0.6965, 1.498 -0.0326 0.6255, 1.498 -0.0007 0.6255, 1.498 0.0074 0.6335, 1.498 0.0062 0.6367, 1.498 0.0062 0.6157, 1.498 0.2295 0.1969, 1.498 0.3044 0.1969, 1.498 0.3044 0.457, 1.498 0.6303 0.1969, 1.498 0.6303 0.457, 1.498 0.0925 0.4888, 1.498 0.0917 0.4887, 1.498 0.1105 0.4887, 1.498 0.1788 0.5694, 1.498 0.2042 0.5694, 1.498 0.2042 0.5922, 1.498 -0.1451 0.634, 1.498 -0.1297 0.621, 1.498 -0.0757 0.6971, 1.498 -0.0757 0.6157, 1.498 -0.2183 0.704, 1.498 -0.2083 0.6971, 1.498 -0.1956 0.6883, 1.498 -0.1762 0.6657, 1.498 -0.1649 0.6434, 1.498 -0.1621 0.6424, 1.498 -0.3256 0.7053, 1.498 -0.2992 0.7149, 1.498 -0.8819 0.9843, 1.498 -0.0757 0.9843, 1.498 -0.273 0.7179, 1.498 -0.2466 0.7148, 1.498 -0.339 0.6971, 1.498 -0.8819 0.6971, 1.498 -0.3413 0.6957, 1.498 -0.8819 0.6157, 1.498 -0.4636 0.6157, 1.498 -0.4586 0.627, 1.498 -0.4449 0.6445, 1.498 -0.4019 0.6691, 1.498 -0.3795 0.6718, 1.498 -0.3547 0.6843, 1.498 -0.3729 0.6715, 1.498 -0.3664 0.6707, 1.498 -0.4411 0.6481, 1.498 -0.423 0.6609, 1.498 -0.43 0.5024, 1.498 -0.4478 0.5176, 1.498 -0.8819 0.4887, 1.498 -0.4094 0.4924, 1.498 -0.4608 0.5361, 1.498 -0.4689 0.5573, 1.498 -0.8819 0.5922, 1.498 -0.4717 0.5796, 1.498 -0.4715 0.5851, 1.498 -0.4703 0.5922, 1.498 -0.4677 0.6065, 1.498 -0.4022 0.4902, 1.498 -0.4015 0.4887, 1.498 -0.3965 0.478, 1.498 -0.3881 0.4676, 1.498 -0.8819 0.457, 1.498 -0.8819 0.0079, 1.498 -0.8031 0.1969, 1.498 -0.8031 0.0079, 1.498 -0.0757 0.1969, 1.498 -0.0757 0.457, 1.498 -0.3246 0.457, 1.498 -0.3344 0.4532, 1.498 -0.3482 0.4515, 1.498 -0.3504 0.4516, 1.498 -0.3638 0.4537, 1.498 -0.3717 0.457, 1.498 -0.3769 0.4592, 1.498 -0.0757 0.4887, 1.498 -0.2948 0.4887, 1.498 -0.2949 0.4885, 1.498 -0.3016 0.4758, 1.498 -0.3103 0.466, 1.498 -0.3217 0.4581, 1.498 -0.1111 0.5874, 1.498 -0.1085 0.5688, 1.498 -0.0757 0.5922, 1.498 -0.2221 0.5223, 1.498 -0.2182 0.5238, 1.498 -0.2115 0.5563, 1.498 -0.1296 0.5147, 1.498 -0.1451 0.5016, 1.498 -0.3055 0.5466, 1.498 -0.2292 0.5864, 1.498 -0.3154 0.5556, 1.498 -0.3275 0.5621, 1.498 -0.2256 0.5198, 1.498 -0.1183 0.5304, 1.498 -0.1441 0.5732, 1.498 -0.1467 0.5841, 1.498 -0.1511 0.5922, 1.498 -0.4344 0.5922, 1.498 -0.1111 0.5485, 1.498 -0.2138 0.5244, 1.498 -0.2133 0.5243, 1.498 -0.2116 0.524, 1.498 -0.4311 0.558, 1.498 -0.4243 0.5465, 1.498 -0.3954 0.5406, 1.498 -0.4141 0.536, 1.498 -0.4017 0.5284, 1.498 -0.3743 0.5595, 1.498 -0.386 0.5514, 1.498 -0.4358 0.5807, 1.498 -0.4352 0.572, 1.498 -0.3618 0.5643, 1.498 -0.3482 0.5659, 1.498 -0.3412 0.5655, 1.498 -0.2315 0.5067, 1.498 -0.2313 0.509, 1.498 -0.2912 0.5141, 1.498 -0.2302 0.5133, 1.498 -0.228 0.5172, 1.498 -0.1553 0.5381, 1.498 -0.1491 0.547, 1.498 -0.1452 0.5571, 1.498 -0.1438 0.5682, 1.498 -0.2182 0.4896, 1.498 -0.2219 0.4911, 1.498 -0.2256 0.4937, 1.498 -0.2269 0.4951, 1.498 -0.2294 0.4986, 1.498 -0.2309 0.5025, 1.498 -0.2915 0.5025, 1.498 -0.2912 0.5084, 1.498 -0.1624 0.4931, 1.498 -0.1814 0.4891, 1.498 -0.215 0.4891, 1.498 -0.2104 0.5238, 1.498 -0.1848 0.5238, 1.498 -0.1746 0.5258, 1.498 -0.1645 0.5304, 1.498 -0.1561 0.5373, 1.498 -0.1927 0.6126, 1.498 -0.4293 0.6072, 1.498 -0.4341 0.5945, 1.498 -0.1882 0.6126, 1.498 -0.152 0.594, 1.498 -0.1586 0.6013, 1.498 -0.1674 0.6075, 1.498 -0.1774 0.6113, 1.498 -0.205 0.6468, 1.498 -0.2179 0.6622, 1.498 -0.3487 0.6291, 1.498 -0.2193 0.6635, 1.498 -0.2353 0.6746, 1.498 -0.34 0.6471, 1.498 -0.4233 0.6157, 1.498 -0.3528 0.6313, 1.498 -0.1934 0.6157, 1.498 -0.1962 0.6285, 1.498 -0.3656 0.636, 1.498 -0.3789 0.6377, 1.498 -0.3848 0.6374, 1.498 -0.3273 0.6624, 1.498 -0.2531 0.6814, 1.498 -0.312 0.6735, 1.498 -0.2724 0.6838, 1.498 -0.2934 0.6811, 1.498 -0.3989 0.634, 1.498 -0.4116 0.6273, 1.498 -0.4214 0.6186, 1.498 -0.1259 0.6157, 1.498 -0.1181 0.6048, 1.498 -0.113 0.5922, 1.498 0.2219 0.4985, 1.498 0.2219 0.4894, 1.498 0.2295 0.4887, 1.498 0.2295 0.5922, 1.498 0.2201 0.5694, 1.498 0.2201 0.5602, 1.498 0.1892 0.5254, 1.498 0.1892 0.4985, 1.498 0.2042 0.5254, 1.498 0.2042 0.4985, 1.498 0.2178 0.5254, 1.498 0.2178 0.5346, 1.498 0.1892 0.5602, 1.498 0.1892 0.5346, 1.498 0.2042 0.5602, 1.498 0.2042 0.5346, 1.498 0.2042 0.4887, 1.498 0.2042 0.4894, 1.498 0.1788 0.4894, 1.498 0.1393 0.5036, 1.498 0.1405 0.4989, 1.498 0.1408 0.4989, 1.498 0.168 0.5466, 1.498 0.1292 0.5922, 1.498 0.1576 0.5466, 1.498 0.1292 0.5326, 1.498 0.142 0.5035, 1.498 0.1412 0.5008, 1.498 0.0693 0.5017, 1.498 0.0591 0.5922, 1.498 0.0591 0.4887, 1.498 0.0732 0.4993, 1.498 0.0739 0.499, 1.498 0.0739 0.5203, 1.498 0.0722 0.5221, 1.498 0.0709 0.5242, 1.498 0.0698 0.5272, 1.498 0.0693 0.5311, 1.498 0.0697 0.5347, 1.498 0.0738 0.5204, 1.498 0.079 0.4887, 1.498 0.0755 0.4891, 1.498 0.0739 0.4887, 1.498 0.0739 0.4897, 1.498 0.0693 0.4914, 1.498 0.1052 0.5453, 1.498 0.1052 0.5356, 1.498 0.0758 0.5433, 1.498 0.0789 0.5452, 1.498 0.0739 0.5922, 1.498 0.1074 0.5009, 1.498 0.1062 0.4977, 1.498 0.1043 0.4951, 1.498 0.0709 0.5379, 1.498 0.0728 0.5406, 1.498 0.0739 0.5417, 1.498 0.0845 0.5471, 1.498 0.0916 0.5479, 1.498 0.1105 0.5922, 1.498 0.0985 0.5473, 1.498 0.1046 0.5144, 1.498 0.1064 0.5116, 1.498 0.1075 0.5087, 1.498 0.1079 0.5049, 1.498 0.1015 0.4926, 1.498 0.0981 0.4906, 1.498 0.0906 0.5397, 1.498 0.0877 0.5395, 1.498 0.0797 0.532, 1.498 0.085 0.5388, 1.498 0.0827 0.5376, 1.498 0.0798 0.5307, 1.498 0.0802 0.5291, 1.498 0.0809 0.5278, 1.498 0.0819 0.5267, 1.498 0.0854 0.5245, 1.498 0.0972 0.539, 1.498 0.0916 0.5218, 1.498 0.1028 0.5369, 1.498 0.0955 0.5202, 1.498 0.1022 0.5165, 1.498 0.0812 0.5363, 1.498 0.0804 0.535, 1.498 0.0799 0.5336, 1.498 0.0795 0.4969, 1.498 0.0845 0.5145, 1.498 0.0786 0.5172, 1.498 0.0858 0.4962, 1.498 0.0862 0.4962, 1.498 0.0911 0.5117, 1.498 0.0914 0.4968, 1.498 0.0976 0.5039, 1.498 0.0975 0.5052, 1.498 0.094 0.4977, 1.498 0.0949 0.4983, 1.498 0.096 0.4993, 1.498 0.0969 0.5006, 1.498 0.0974 0.502, 1.498 0.0971 0.5068, 1.498 0.0963 0.5081, 1.498 0.095 0.5094, 1.498 0.3044 0.6157, 1.498 0.2784 0.6164, 1.498 0.267 0.6164, 1.498 0.2588 0.6383, 1.498 0.2295 0.6383, 1.498 0.2295 0.6157, 1.498 0.2479 0.6965, 1.498 0.3044 0.6971, 1.498 0.2295 0.6971, 1.498 0.2255 0.6383, 1.498 0.2178 0.6164, 1.498 0.2042 0.6157, 1.498 0.2064 0.6164, 1.498 0.2042 0.6971, 1.498 0.2295 0.677, 1.498 0.2369 0.6965, 1.498 0.1292 0.6971, 1.498 0.1105 0.6971, 1.498 0.1198 0.6965, 1.498 0.1105 0.6965, 1.498 0.0889 0.6525, 1.498 0.0889 0.6255, 1.498 0.1105 0.6525, 1.498 0.1105 0.6255, 1.498 0.1175 0.6525, 1.498 0.1216 0.6255, 1.498 0.1175 0.6616, 1.498 0.1198 0.6872, 1.498 0.1105 0.6616, 1.498 0.1105 0.6872, 1.498 0.0889 0.6616, 1.498 0.0889 0.6872, 1.498 0.0786 0.6164, 1.498 0.0739 0.6157, 1.498 0.1105 0.6157, 1.498 0.1292 0.6157, 1.498 0.1216 0.6164, 1.498 0.1105 0.6164, 1.498 0.0786 0.6965, 1.498 0.0739 0.6971, 1.498 0.8031 0.0079, 1.498 0.8819 0.0079, 1.498 0.8031 0.1969, 1.498 0.8819 0.457, 1.498 0.2295 0.457, 1.498 0.2042 0.1969, 1.498 0.2042 0.457, 1.498 0.1292 0.1969, 1.498 0.1292 0.457, 1.498 0.1105 0.1969, 1.498 0.1105 0.457, 1.498 0.0739 0.1969, 1.498 0.0739 0.457, 1.498 0.0591 0.1969, 1.498 0.0591 0.457, 1.498 0.0437 0.6885, 1.498 0.04 0.6883, 1.498 0.0591 0.6281, 1.498 0.0535 0.6873, 1.498 0.0625 0.6837, 1.498 0.0625 0.6296, 1.498 0.0616 0.6842, 1.498 0.0591 0.6852, 1.498 0.0331 0.6869, 1.498 0.0269 0.6838, 1.498 0.0218 0.6796, 1.498 0.0213 0.679, 1.498 0.0174 0.6734, 1.498 0.0147 0.6665, 1.498 0.0134 0.6555, 1.498 0.0135 0.6521, 1.498 0.0546 0.6261, 1.498 0.0456 0.6244, 1.498 0.0419 0.6242, 1.498 0.0149 0.6442, 1.498 0.0176 0.6378, 1.498 0.0213 0.6327, 1.498 0.0235 0.6306, 1.498 0.0347 0.625, 1.498 0.0289 0.627, 1.498 0.0522 0.6971, 1.498 0.054 0.697, 1.498 0.0591 0.6971, 1.498 0.0591 0.6955, 1.498 0.0625 0.6945, 1.498 0.0436 0.6978, 1.498 0.0591 0.9843, 1.498 0.038 0.6971, 1.498 0.0062 0.9843, 1.498 0.0062 0.6971, 1.498 0.0083 0.6784, 1.498 0.0141 0.686, 1.498 0.0161 0.6879, 1.498 0.0236 0.6932, 1.498 0.032 0.6964, 1.498 0.0014 0.6971, 1.498 0.0045 0.6695, 1.498 0.0062 0.6733, 1.498 0.0041 0.6419, 1.498 0.0014 0.6157, 1.498 0.0026 0.6549, 1.498 0.0027 0.6591, 1.498 0.0257 0.6175, 1.498 0.0183 0.6213, 1.498 0.0129 0.626, 1.498 0.0122 0.6267, 1.498 0.0329 0.6157, 1.498 0.0062 0.5922, 1.498 0.0341 0.6154, 1.498 0.0404 0.615, 1.498 0.0474 0.6157, 1.498 0.0625 0.6197, 1.498 0.0612 0.619, 1.498 0.0591 0.6157, 1.498 0.0591 0.6184, 1.498 0.0526 0.6162, 1.498 0.0139 0.5167, 1.498 0.0153 0.5328, 1.498 0.0119 0.5139, 1.498 0.0104 0.5104, 1.498 0.0062 0.4887, 1.498 0.0115 0.4967, 1.498 0.0102 0.5001, 1.498 0.0411 0.5473, 1.498 0.0453 0.546, 1.498 0.017 0.5194, 1.498 0.0214 0.5216, 1.498 0.0213 0.5367, 1.498 0.0287 0.5233, 1.498 0.0375 0.5394, 1.498 0.0341 0.5397, 1.498 0.0276 0.539, 1.498 0.018 0.4902, 1.498 0.0147 0.4925, 1.498 0.0135 0.4936, 1.498 0.0487 0.5441, 1.498 0.0513 0.5415, 1.498 0.0534 0.5383, 1.498 0.0457 0.4982, 1.498 0.0454 0.4982, 1.498 0.0457 0.4894, 1.498 0.0438 0.4957, 1.498 0.0406 0.4924, 1.498 0.0153 0.5425, 1.498 0.0174 0.5438, 1.498 0.0249 0.5466, 1.498 0.035 0.5479, 1.498 0.0097 0.5047, 1.498 0.0098 0.5061, 1.498 0.0457 0.5257, 1.498 0.0453 0.5302, 1.498 0.0443 0.5337, 1.498 0.0431 0.5358, 1.498 0.0549 0.5337, 1.498 0.0557 0.5262, 1.498 0.0557 0.4894, 1.498 0.0416 0.5374, 1.498 0.0398 0.5385, 1.498 0.0333 0.4887, 1.498 0.0331 0.4886, 1.498 0.0062 0.457, 1.498 0.0062 0.1969, 1.498 0.0279 0.488, 1.498 0.0221 0.4887, 1.498 0.0219 0.4887, 1.498 0.1292 0.4887, 1.498 0.1292 0.5057, 1.498 0.1131 0.5466, 1.498 0.1243 0.5466, 1.498 0.1356 0.4895, 1.498 0.1352 0.4887, 1.498 0.1312 0.4791, 1.498 0.1152 0.4632, 1.498 0.1152 0.4722, 1.498 0.1273 0.4734, 1.498 0.1292 0.4755, 1.498 0.1292 0.4755, 1.498 0.0848 0.488, 1.498 0.1172 0.4715, 1.498 0.1209 0.471, 1.498 0.1292 0.4642, 1.498 0.1257 0.4629, 1.498 0.1217 0.4624, 1.498 0.1194 0.4625, 1.498 0.1234 0.4713, 1.498 0.1256 0.4722, 1.498 0.1421 0.4807, 1.498 0.1375 0.4719, 1.498 0.1452 0.4887, 1.498 0.1339 0.4675, 1.498 0.1332 0.4669, 1.498 0.1297 0.4644, 1.498 0.0371 0.4901, 1.498 0.6303 0.4887, 1.498 0.3044 0.4887, 1.498 -0.0429 0.5694, 1.498 -0.0429 0.4894, 1.498 0.0014 0.4887, 1.498 0.0014 0.457, 1.498 0.0014 0.1969, 1.498 -0.0017 0.5694, 1.498 0.0014 0.5922, 1.498 -0.0017 0.5602, 1.498 0.0001 0.4985, 1.498 0.0001 0.4894, 1.498 -0.0326 0.5254, 1.498 -0.0326 0.4985, 1.498 -0.0039 0.5254, 1.498 -0.0039 0.5346, 1.498 -0.0326 0.5346, 1.498 -0.0326 0.5602, 1.498 0.237 0.4894, 1.498 0.3 0.5159, 1.498 0.2961 0.5077, 1.498 0.2901 0.5006, 1.498 0.2979 0.5491, 1.498 0.3009 0.5414, 1.498 0.3044 0.5922, 1.498 0.3022 0.5304, 1.498 0.302 0.5253, 1.498 0.2817 0.4946, 1.498 0.2726 0.491, 1.498 0.259 0.4894, 1.498 0.237 0.5694, 1.498 0.2599 0.5694, 1.498 0.2721 0.5681, 1.498 0.2817 0.5646, 1.498 0.2901 0.5588, 1.498 0.293 0.5561, 1.498 0.3181 0.4894, 1.498 0.3066 0.4894, 1.498 0.3673 0.4894, 1.498 0.3591 0.5113, 1.498 0.3258 0.5113, 1.498 0.3371 0.5694, 1.498 0.3482 0.5694, 1.498 -0.0429 0.6164, 1.498 -0.0429 0.6965, 1.498 -0.0007 0.6164, 1.498 0.1977 0.6761, 1.498 0.2006 0.6684, 1.498 0.2019 0.6574, 1.498 0.2017 0.6523, 1.498 0.1998 0.643, 1.498 0.1958 0.6347, 1.498 0.1899 0.6276, 1.498 0.1815 0.6216, 1.498 0.1596 0.6965, 1.498 0.1718 0.6951, 1.498 0.1815 0.6916, 1.498 0.1723 0.618, 1.498 0.1588 0.6164, 1.498 0.1367 0.6164, 1.498 0.1367 0.6965, 1.498 0.1899 0.6859, 1.498 0.1927 0.6831, 1.498 0.3787 0.4894, 1.498 0.6303 0.5922, 1.498 0.6303 0.6157, 1.498 0.6303 0.6971, 1.498 0.8819 0.4887, 1.498 0.8819 0.5922, 1.498 0.8819 0.6157, 1.498 0.8819 0.6971, 1.498 0.0014 0.9843, 1.498 0.8819 0.9843, 1.498 0.6303 0.9843, 1.498 0.3044 0.9843, 1.498 0.2295 0.9843, 1.498 0.2042 0.9843, 1.498 0.1292 0.9843, 1.498 0.1105 0.9843, 1.498 0.0739 0.9843
            ]
        }
        coordIndex [
            0,1,2,-1,3,4,5,-1,6,7,8,-1,7,9,10,-1,11,12,13,-1,14,15,16,-1,17,18,19,-1,19,18,20,-1,21,22,19,-1,19,22,23,-1,19,23,24,-1,24,25,19,-1,19,25,26,-1,19,26,17,-1,27,28,29,-1,29,28,30,-1,30,28,31,-1,30,31,32,-1,27,29,33,-1,33,29,34,-1,33,34,35,-1,36,37,34,-1,34,37,38,-1,34,38,39,-1,34,40,35,-1,35,40,41,-1,35,41,42,-1,42,41,43,-1,42,43,44,-1,39,45,34,-1,34,45,46,-1,34,46,40,-1,47,48,49,-1,47,49,50,-1,48,51,49,-1,49,51,52,-1,49,52,53,-1,53,52,54,-1,54,55,53,-1,53,55,56,-1,53,56,36,-1,36,56,57,-1,36,57,37,-1,58,50,59,-1,59,50,49,-1,59,49,60,-1,60,49,61,-1,62,63,64,-1,64,63,65,-1,66,67,68,-1,68,69,66,-1,66,69,70,-1,66,70,64,-1,70,71,64,-1,64,71,72,-1,64,72,62,-1,62,72,73,-1,62,73,49,-1,49,73,74,-1,49,74,61,-1,75,76,67,-1,67,76,77,-1,67,77,78,-1,78,79,67,-1,67,79,80,-1,67,80,68,-1,81,82,83,-1,84,85,86,-1,87,88,75,-1,89,90,91,-1,91,90,92,-1,84,86,93,-1,87,75,94,-1,95,96,90,-1,90,96,97,-1,90,97,98,-1,83,82,75,-1,75,82,99,-1,75,99,94,-1,85,100,86,-1,86,100,101,-1,86,101,102,-1,103,104,105,-1,105,104,106,-1,105,106,107,-1,108,98,109,-1,109,98,110,-1,109,110,105,-1,105,110,111,-1,105,111,103,-1,108,112,98,-1,98,112,113,-1,98,113,90,-1,90,113,114,-1,90,114,92,-1,115,116,117,-1,117,116,118,-1,117,118,86,-1,86,118,119,-1,86,119,93,-1,120,121,86,-1,86,121,122,-1,86,122,90,-1,90,122,123,-1,90,123,95,-1,124,125,76,-1,76,125,126,-1,76,126,127,-1,127,128,76,-1,76,128,129,-1,76,129,130,-1,130,129,115,-1,130,115,131,-1,131,115,117,-1,88,132,75,-1,75,132,133,-1,75,133,76,-1,76,133,134,-1,76,134,124,-1,102,135,86,-1,86,135,136,-1,86,136,137,-1,137,138,86,-1,86,138,139,-1,86,139,120,-1,140,141,142,-1,142,98,140,-1,140,98,97,-1,140,97,143,-1,143,97,144,-1,144,145,143,-1,143,145,146,-1,143,146,147,-1,148,149,150,-1,149,151,150,-1,150,151,152,-1,150,152,153,-1,154,150,155,-1,141,140,154,-1,154,140,156,-1,154,156,150,-1,150,156,157,-1,150,157,148,-1,155,158,154,-1,154,158,159,-1,154,159,160,-1,153,152,161,-1,161,152,162,-1,161,162,163,-1,163,162,164,-1,163,164,165,-1,166,167,160,-1,160,167,168,-1,160,168,154,-1,18,169,20,-1,20,169,170,-1,20,170,83,-1,83,170,171,-1,83,171,81,-1,172,173,174,-1,16,15,175,-1,175,15,176,-1,175,176,177,-1,178,179,180,-1,180,179,181,-1,180,181,182,-1,182,181,172,-1,182,172,183,-1,184,185,186,-1,186,185,187,-1,186,187,177,-1,174,173,188,-1,188,173,189,-1,188,189,190,-1,191,192,193,-1,194,195,196,-1,196,195,197,-1,196,197,198,-1,198,197,191,-1,198,191,199,-1,199,191,193,-1,200,201,202,-1,203,204,205,-1,206,207,200,-1,207,208,200,-1,200,208,209,-1,200,209,201,-1,201,209,210,-1,203,205,200,-1,200,205,211,-1,200,211,206,-1,212,213,214,-1,214,213,215,-1,214,215,202,-1,202,215,216,-1,202,216,200,-1,217,218,13,-1,219,220,221,-1,222,223,13,-1,13,223,224,-1,210,225,201,-1,201,225,226,-1,201,226,221,-1,221,226,227,-1,221,227,219,-1,220,228,221,-1,221,228,229,-1,221,229,230,-1,230,229,231,-1,230,231,217,-1,232,233,218,-1,218,233,234,-1,218,234,13,-1,13,234,235,-1,13,235,222,-1,224,236,13,-1,13,236,237,-1,13,237,11,-1,238,239,240,-1,240,239,241,-1,240,241,242,-1,240,243,238,-1,238,243,244,-1,238,244,245,-1,245,246,238,-1,238,246,247,-1,238,247,248,-1,248,247,249,-1,248,249,250,-1,250,249,251,-1,250,251,218,-1,218,251,252,-1,218,252,232,-1,253,254,242,-1,242,254,255,-1,242,255,240,-1,256,257,204,-1,204,257,258,-1,204,258,205,-1,256,259,257,-1,257,259,260,-1,257,260,261,-1,261,260,262,-1,261,263,264,-1,262,265,261,-1,261,265,266,-1,261,266,267,-1,267,268,261,-1,261,268,269,-1,261,269,263,-1,264,270,261,-1,261,270,271,-1,261,271,272,-1,273,274,275,-1,276,277,275,-1,275,277,278,-1,275,278,273,-1,274,273,279,-1,279,273,280,-1,279,280,281,-1,277,282,278,-1,278,282,283,-1,278,283,284,-1,284,283,285,-1,284,285,286,-1,286,285,287,-1,286,287,281,-1,281,287,288,-1,281,288,279,-1,289,290,291,-1,291,290,292,-1,293,294,295,-1,295,294,296,-1,295,296,297,-1,297,296,298,-1,297,298,299,-1,299,298,300,-1,299,300,301,-1,301,300,302,-1,301,302,303,-1,303,302,304,-1,305,306,307,-1,291,300,289,-1,289,300,298,-1,289,298,308,-1,308,298,309,-1,308,309,307,-1,307,309,310,-1,307,310,305,-1,292,290,311,-1,311,290,312,-1,311,312,305,-1,313,314,315,-1,315,314,316,-1,315,316,9,-1,6,317,318,-1,318,317,319,-1,318,319,320,-1,320,319,321,-1,320,321,322,-1,322,321,323,-1,322,323,324,-1,324,323,325,-1,324,325,326,-1,326,325,327,-1,328,329,330,-1,328,330,331,-1,305,312,306,-1,306,312,332,-1,306,332,333,-1,333,332,334,-1,333,334,330,-1,330,334,335,-1,330,335,331,-1,329,336,330,-1,330,336,337,-1,330,337,338,-1,338,339,330,-1,330,339,340,-1,330,340,341,-1,341,342,330,-1,330,342,343,-1,330,343,344,-1,344,343,345,-1,345,343,346,-1,346,343,347,-1,346,347,348,-1,348,349,346,-1,346,349,350,-1,346,350,351,-1,351,350,352,-1,353,354,355,-1,355,354,356,-1,355,356,312,-1,312,356,357,-1,312,357,332,-1,358,359,360,-1,360,359,361,-1,362,363,364,-1,364,365,362,-1,362,365,366,-1,362,366,367,-1,368,369,362,-1,362,369,370,-1,362,370,363,-1,4,371,372,-1,372,371,373,-1,372,373,368,-1,368,373,374,-1,368,374,369,-1,5,375,376,-1,376,377,5,-1,5,377,378,-1,5,378,3,-1,375,5,379,-1,379,5,380,-1,379,380,381,-1,381,380,382,-1,382,380,201,-1,382,201,383,-1,333,384,306,-1,306,384,385,-1,306,385,386,-1,386,385,387,-1,386,387,388,-1,389,390,391,-1,391,390,392,-1,393,394,395,-1,396,397,201,-1,389,398,390,-1,390,398,399,-1,390,399,400,-1,400,399,401,-1,402,403,401,-1,401,403,404,-1,401,404,400,-1,405,406,393,-1,393,406,407,-1,393,407,394,-1,397,408,201,-1,201,408,409,-1,201,409,410,-1,411,412,413,-1,413,412,414,-1,413,414,415,-1,416,417,380,-1,380,417,418,-1,380,418,201,-1,201,418,419,-1,201,419,396,-1,395,420,393,-1,393,420,421,-1,393,421,380,-1,380,421,392,-1,380,392,416,-1,416,392,390,-1,422,423,401,-1,401,423,424,-1,401,424,425,-1,410,426,201,-1,201,426,427,-1,201,427,202,-1,202,427,428,-1,202,428,413,-1,425,429,401,-1,401,429,430,-1,401,430,402,-1,431,432,327,-1,432,433,327,-1,327,433,434,-1,327,434,326,-1,432,435,433,-1,433,435,436,-1,433,436,393,-1,393,436,437,-1,393,437,405,-1,438,439,13,-1,13,439,440,-1,217,13,230,-1,230,13,440,-1,230,440,195,-1,195,440,441,-1,195,441,197,-1,442,439,443,-1,443,439,438,-1,443,438,444,-1,323,445,446,-1,447,448,438,-1,438,448,449,-1,438,449,444,-1,450,325,12,-1,12,325,323,-1,12,323,13,-1,13,323,446,-1,13,446,438,-1,438,446,451,-1,438,451,452,-1,453,454,321,-1,321,454,455,-1,321,455,323,-1,323,455,456,-1,323,456,445,-1,452,457,438,-1,438,457,458,-1,438,458,447,-1,459,460,319,-1,459,319,461,-1,460,462,319,-1,319,462,463,-1,319,463,321,-1,321,463,464,-1,321,464,453,-1,450,212,325,-1,325,212,214,-1,325,214,327,-1,327,214,202,-1,327,202,431,-1,431,202,413,-1,431,413,465,-1,465,413,415,-1,317,174,319,-1,319,174,188,-1,319,188,461,-1,461,188,190,-1,461,190,194,-1,194,190,14,-1,194,14,195,-1,195,14,16,-1,7,10,8,-1,8,10,466,-1,8,466,467,-1,468,83,469,-1,469,83,75,-1,469,75,470,-1,470,75,67,-1,470,67,471,-1,471,67,66,-1,471,66,472,-1,468,473,474,-1,473,475,474,-1,474,475,476,-1,474,476,470,-1,470,476,477,-1,470,477,469,-1,478,479,480,-1,480,479,476,-1,480,476,481,-1,481,476,475,-1,481,475,482,-1,482,475,483,-1,187,183,177,-1,177,183,172,-1,177,172,175,-1,175,172,174,-1,175,174,484,-1,485,486,467,-1,467,486,487,-1,488,489,490,-1,490,489,491,-1,490,491,467,-1,467,491,492,-1,467,492,485,-1,487,493,467,-1,467,493,494,-1,467,494,495,-1,6,8,317,-1,317,8,467,-1,317,467,174,-1,174,467,495,-1,174,495,484,-1,484,496,175,-1,175,496,497,-1,175,497,490,-1,490,497,498,-1,490,498,499,-1,499,500,490,-1,490,500,501,-1,490,501,488,-1,502,503,467,-1,504,505,506,-1,467,503,490,-1,490,503,507,-1,490,507,508,-1,4,372,5,-1,5,372,474,-1,5,474,380,-1,380,474,470,-1,380,470,393,-1,393,470,471,-1,393,471,433,-1,433,471,472,-1,433,472,434,-1,490,273,175,-1,175,273,278,-1,175,278,16,-1,16,278,284,-1,16,284,195,-1,195,284,308,-1,195,308,230,-1,230,308,307,-1,230,307,221,-1,221,307,306,-1,221,306,201,-1,201,306,386,-1,201,386,383,-1,383,386,388,-1,468,474,83,-1,83,474,372,-1,83,372,20,-1,20,372,509,-1,20,509,19,-1,509,510,19,-1,19,510,0,-1,19,0,368,-1,368,0,2,-1,368,2,372,-1,372,2,511,-1,372,511,509,-1,512,513,286,-1,286,513,514,-1,286,514,284,-1,284,514,515,-1,284,515,516,-1,516,517,284,-1,284,517,518,-1,284,518,519,-1,289,520,286,-1,286,520,521,-1,286,521,522,-1,519,523,284,-1,284,523,524,-1,284,524,308,-1,308,524,525,-1,308,525,289,-1,289,525,526,-1,289,526,520,-1,522,527,286,-1,286,527,528,-1,286,528,512,-1,506,502,504,-1,504,502,467,-1,504,467,529,-1,529,467,466,-1,529,466,508,-1,508,466,530,-1,508,530,490,-1,490,530,531,-1,490,531,273,-1,273,531,532,-1,273,532,280,-1,9,316,10,-1,10,316,533,-1,10,533,466,-1,466,533,534,-1,466,534,530,-1,530,534,535,-1,530,535,531,-1,531,535,536,-1,531,536,532,-1,367,360,362,-1,362,360,361,-1,362,361,368,-1,368,361,537,-1,368,537,19,-1,19,537,30,-1,19,30,21,-1,21,30,32,-1,536,538,532,-1,532,538,539,-1,532,539,280,-1,280,539,540,-1,280,540,281,-1,281,540,541,-1,281,541,286,-1,286,541,542,-1,286,542,289,-1,289,542,543,-1,289,543,290,-1,290,543,544,-1,290,544,312,-1,312,544,545,-1,312,545,355,-1,355,545,359,-1,355,359,353,-1,353,359,358,-1,
        ]
    }
}
Shape{
    appearance Appearance {
        material  Material 	{
            diffuseColor 0.9490196078431372 0.7607843137254902 0.1803921568627451
            specularColor 0.7607843137254902 0.6078431372549019 0.1450980392156863
            ambientIntensity 0.7509
            transparency 0.0
            shininess 0.5
        }
    }
    geometry IndexedFaceSet {
        ccw TRUE
        solid FALSE
        coord DEF co Coordinate {
            point [
                1.1358 -0.4685 -0.4264, 1.1358 -0.4696 -0.4167, 1.1358 -0.5424 -0.4477, 1.1358 -0.4697 -0.5191, 1.1358 -0.4697 -0.4819, 1.1358 -0.5021 -0.4819, 1.1358 -0.5021 -0.5167, 1.1358 -0.5129 -0.5167, 1.1358 -0.558 -0.5311, 1.1358 -0.549 -0.3928, 1.1358 -0.5412 -0.3854, 1.1358 -0.5574 -0.3679, 1.1358 -0.558 -0.4166, 1.1358 -0.5574 -0.3175, 1.1358 -0.4701 -0.4384, 1.1358 -0.5414 -0.4495, 1.1358 -0.4748 -0.4495, 1.1358 -0.4589 -0.5191, 1.1358 -0.3622 -0.5311, 1.1358 -0.4589 -0.4687, 1.1358 -0.3622 0.1969, 1.1358 -0.4589 -0.3175, 1.1358 -0.4589 -0.3307, 1.1358 -0.4849 -0.3815, 1.1358 -0.4756 -0.3872, 1.1358 -0.4671 -0.3961, 1.1358 -0.4617 -0.4055, 1.1358 -0.5465 -0.3679, 1.1358 -0.5318 -0.3802, 1.1358 -0.5465 -0.3307, 1.1358 -0.4585 -0.4164, 1.1358 -0.4577 -0.4263, 1.1358 -0.4585 -0.4381, 1.1358 -0.4616 -0.4495, 1.1358 -0.5574 -0.4687, 1.1358 -0.5523 -0.4495, 1.1358 -0.5573 -0.4103, 1.1358 -0.554 -0.4007, 1.1358 -0.4723 -0.4094, 1.1358 -0.4768 -0.4026, 1.1358 -0.4834 -0.3966, 1.1358 -0.5092 -0.3895, 1.1358 -0.5198 -0.3905, 1.1358 -0.5283 -0.3931, 1.1358 -0.5467 -0.415, 1.1358 -0.5477 -0.4242, 1.1358 -0.5441 -0.4079, 1.1358 -0.54 -0.4018, 1.1358 -0.5351 -0.3972, 1.1358 -0.5463 -0.4373, 1.1358 -0.5214 -0.3772, 1.1358 -0.51 -0.3763, 1.1358 -0.496 -0.3777, 1.1358 -0.491 -0.3926, 1.1358 -0.5015 -0.3899, 1.1358 -0.5129 -0.4819, 1.1358 -0.5465 -0.4819, 1.1358 -0.5465 -0.5215, 1.1358 -0.5574 -0.5215, 1.1358 -0.558 -0.4291, 1.1358 -0.5585 -0.4251, 1.1358 -0.6378 -0.5311, 1.1358 -0.5586 -0.4224, 1.1358 -0.558 0.1969, 1.1358 -0.6378 0.1969, 1.1358 -0.4589 -0.6643, 1.1358 -0.4589 -0.6775, 1.1358 -0.5574 -0.7016, 1.1358 -0.5574 -0.716, 1.1358 -0.558 -1.0236, 1.1358 -0.3622 -1.0236, 1.1358 -0.5574 -0.5675, 1.1358 -0.5574 -0.5407, 1.1358 -0.4589 -0.5407, 1.1358 -0.4589 -0.5685, 1.1358 -0.4718 -0.605, 1.1358 -0.4795 -0.612, 1.1358 -0.4879 -0.6166, 1.1358 -0.5574 -0.6271, 1.1358 -0.5304 -0.615, 1.1358 -0.5392 -0.6094, 1.1358 -0.4604 -0.5827, 1.1358 -0.4645 -0.5942, 1.1358 -0.4717 -0.6049, 1.1358 -0.5469 -0.6013, 1.1358 -0.5529 -0.591, 1.1358 -0.5563 -0.5797, 1.1358 -0.5574 -0.6415, 1.1358 -0.5297 -0.6509, 1.1358 -0.5297 -0.6916, 1.1358 -0.4976 -0.6192, 1.1358 -0.5069 -0.6199, 1.1358 -0.5201 -0.6186, 1.1358 -0.5566 -0.439, 1.1358 -0.6378 -1.0236, 1.1358 0.5467 -0.4247, 1.1358 0.5456 -0.415, 1.1358 0.4728 -0.446, 1.1358 0.5563 -0.5174, 1.1358 0.6378 -0.5294, 1.1358 0.5563 -0.467, 1.1358 0.6378 0.1969, 1.1358 0.4663 -0.3911, 1.1358 0.4741 -0.3837, 1.1358 0.4579 -0.3661, 1.1358 0.4573 -0.4149, 1.1358 0.4579 -0.3157, 1.1358 0.5452 -0.4367, 1.1358 0.4738 -0.4477, 1.1358 0.5404 -0.4477, 1.1358 0.5023 -0.515, 1.1358 0.4573 -0.5294, 1.1358 0.5131 -0.515, 1.1358 0.5455 -0.5174, 1.1358 0.5131 -0.4802, 1.1358 0.5455 -0.4802, 1.1358 0.5563 -0.3157, 1.1358 0.5563 -0.3289, 1.1358 0.5304 -0.3797, 1.1358 0.5396 -0.3855, 1.1358 0.5481 -0.3944, 1.1358 0.5535 -0.4037, 1.1358 0.4687 -0.3661, 1.1358 0.4834 -0.3784, 1.1358 0.4687 -0.3289, 1.1358 0.5567 -0.4147, 1.1358 0.5575 -0.4246, 1.1358 0.5567 -0.4364, 1.1358 0.5536 -0.4477, 1.1358 0.4579 -0.467, 1.1358 0.463 -0.4477, 1.1358 0.458 -0.4085, 1.1358 0.4612 -0.399, 1.1358 0.543 -0.4076, 1.1358 0.5384 -0.4008, 1.1358 0.5319 -0.3949, 1.1358 0.5061 -0.3877, 1.1358 0.4954 -0.3887, 1.1358 0.4869 -0.3914, 1.1358 0.4685 -0.4133, 1.1358 0.4675 -0.4225, 1.1358 0.4712 -0.4061, 1.1358 0.4752 -0.4001, 1.1358 0.4801 -0.3955, 1.1358 0.4689 -0.4356, 1.1358 0.4939 -0.3755, 1.1358 0.5053 -0.3745, 1.1358 0.5192 -0.3759, 1.1358 0.5243 -0.3908, 1.1358 0.5137 -0.3882, 1.1358 0.5023 -0.4802, 1.1358 0.4687 -0.4802, 1.1358 0.4687 -0.5198, 1.1358 0.4579 -0.5198, 1.1358 0.4573 -0.4273, 1.1358 0.4567 -0.4234, 1.1358 0.3622 -0.5294, 1.1358 0.4567 -0.4207, 1.1358 0.4573 0.1969, 1.1358 0.3622 0.1969, 1.1358 0.5563 -0.6626, 1.1358 0.5563 -0.6758, 1.1358 0.4579 -0.5657, 1.1358 0.4579 -0.539, 1.1358 0.5563 -0.539, 1.1358 0.4579 -0.6998, 1.1358 0.4579 -0.7142, 1.1358 0.4573 -1.0236, 1.1358 0.6378 -1.0236, 1.1358 0.5563 -0.5667, 1.1358 0.5548 -0.581, 1.1358 0.5508 -0.5925, 1.1358 0.5436 -0.6032, 1.1358 0.4579 -0.6254, 1.1358 0.4849 -0.6133, 1.1358 0.4761 -0.6076, 1.1358 0.5435 -0.6033, 1.1358 0.5358 -0.6103, 1.1358 0.5273 -0.6148, 1.1358 0.4683 -0.5995, 1.1358 0.4623 -0.5893, 1.1358 0.459 -0.5779, 1.1358 0.4579 -0.6398, 1.1358 0.4855 -0.6492, 1.1358 0.4855 -0.6899, 1.1358 0.5176 -0.6175, 1.1358 0.5083 -0.6182, 1.1358 0.4952 -0.6168, 1.1358 0.4587 -0.4373, 1.1358 0.3622 -1.0236
            ]
        }
        coordIndex [
            0,1,2,-1,3,4,5,-1,6,7,8,-1,9,10,11,-1,12,11,13,-1,0,2,14,-1,14,2,15,-1,14,15,16,-1,5,6,3,-1,3,6,8,-1,3,8,17,-1,17,8,18,-1,17,18,19,-1,19,18,20,-1,20,21,22,-1,23,24,22,-1,22,24,25,-1,22,25,26,-1,11,10,27,-1,27,10,28,-1,27,28,29,-1,26,30,22,-1,22,30,31,-1,22,31,20,-1,20,31,32,-1,20,32,19,-1,32,33,19,-1,19,33,16,-1,19,16,34,-1,34,16,15,-1,34,15,35,-1,12,36,11,-1,11,36,37,-1,11,37,9,-1,1,38,2,-1,2,38,39,-1,2,39,40,-1,41,42,2,-1,2,42,43,-1,44,45,46,-1,46,45,47,-1,43,48,2,-1,2,48,47,-1,2,47,49,-1,49,47,45,-1,28,50,29,-1,29,50,51,-1,29,51,22,-1,22,51,52,-1,22,52,23,-1,40,53,2,-1,2,53,54,-1,2,54,41,-1,55,56,7,-1,7,56,57,-1,7,57,8,-1,8,57,58,-1,8,58,34,-1,59,60,61,-1,61,60,62,-1,61,62,12,-1,21,20,13,-1,13,20,63,-1,13,63,12,-1,12,63,64,-1,12,64,61,-1,18,65,66,-1,67,8,68,-1,68,8,69,-1,68,69,66,-1,66,69,70,-1,66,70,18,-1,71,72,8,-1,8,72,73,-1,8,73,18,-1,18,73,74,-1,75,76,65,-1,65,76,77,-1,78,79,80,-1,74,81,18,-1,18,81,82,-1,18,82,65,-1,65,82,83,-1,65,83,75,-1,80,84,78,-1,78,84,85,-1,78,85,86,-1,86,71,78,-1,78,71,8,-1,78,8,87,-1,87,8,67,-1,87,67,88,-1,88,67,89,-1,77,90,65,-1,65,90,91,-1,65,91,78,-1,78,91,92,-1,78,92,79,-1,35,93,34,-1,34,93,59,-1,34,59,8,-1,8,59,61,-1,8,61,69,-1,69,61,94,-1,95,96,97,-1,98,99,100,-1,100,99,101,-1,102,103,104,-1,105,104,106,-1,95,97,107,-1,107,97,108,-1,107,108,109,-1,110,111,112,-1,112,111,113,-1,112,113,114,-1,114,113,115,-1,101,116,117,-1,118,119,117,-1,117,119,120,-1,117,120,121,-1,104,103,122,-1,122,103,123,-1,122,123,124,-1,121,125,117,-1,117,125,126,-1,117,126,101,-1,101,126,127,-1,101,127,100,-1,127,128,100,-1,100,128,109,-1,100,109,129,-1,129,109,108,-1,129,108,130,-1,105,131,104,-1,104,131,132,-1,104,132,102,-1,96,133,97,-1,97,133,134,-1,97,134,135,-1,136,137,97,-1,97,137,138,-1,139,140,141,-1,141,140,142,-1,138,143,97,-1,97,143,142,-1,97,142,144,-1,144,142,140,-1,123,145,124,-1,124,145,146,-1,124,146,117,-1,117,146,147,-1,117,147,118,-1,135,148,97,-1,97,148,149,-1,97,149,136,-1,150,151,110,-1,110,151,152,-1,110,152,111,-1,111,152,153,-1,111,153,129,-1,154,155,156,-1,156,155,157,-1,156,157,105,-1,116,101,106,-1,106,101,158,-1,106,158,105,-1,105,158,159,-1,105,159,156,-1,99,160,161,-1,162,163,111,-1,98,113,99,-1,99,113,111,-1,99,111,164,-1,164,111,163,-1,165,111,166,-1,166,111,167,-1,166,167,161,-1,161,167,168,-1,161,168,99,-1,164,169,99,-1,99,169,170,-1,99,170,160,-1,160,170,171,-1,160,171,172,-1,173,174,175,-1,172,176,160,-1,160,176,177,-1,160,177,178,-1,175,179,173,-1,173,179,180,-1,173,180,181,-1,181,162,173,-1,173,162,111,-1,173,111,182,-1,182,111,165,-1,182,165,183,-1,183,165,184,-1,178,185,160,-1,160,185,186,-1,160,186,173,-1,173,186,187,-1,173,187,174,-1,130,188,129,-1,129,188,154,-1,129,154,111,-1,111,154,156,-1,111,156,167,-1,167,156,189,-1,
        ]
    }
}
Shape{
    appearance Appearance {
        material  Material 	{
            diffuseColor 0.17647058823529413 0.17647058823529413 0.17647058823529413
            specularColor 0.050980392156862744 0.050980392156862744 0.050980392156862744
            ambientIntensity 0.251
            transparency 0.0
            shininess 0.5
        }
    }
    geometry IndexedFaceSet {
        ccw TRUE
        solid FALSE
        coord DEF co Coordinate {
            point [
                1.1358 -0.6378 0.1969, 1.498 -0.8031 0.1969, 0.8602 -0.6378 0.1969, 0.498 -0.8031 0.1969, 0.8602 -0.3622 0.1969, 1.1358 -0.558 0.1969, 1.1358 -0.3622 0.1969, 1.498 0.8031 0.1969, 1.1358 0.6378 0.1969, 0.498 0.8031 0.1969, 0.8602 0.6378 0.1969, 0.8602 0.3622 0.1969, 1.1358 0.3622 0.1969, 1.1358 0.4573 0.1969, 0.6161 -1.0 0.0079, 0.6161 -1.0 0.9843, 0.498 -0.8819 0.0079, 0.498 -0.8819 0.9843, 1.3799 -1.0 0.0079, 1.3799 -1.0 0.9843, 1.498 -0.8819 0.0079, 1.498 -0.8819 0.9843, 1.3799 1.0 0.0079, 1.3799 1.0 0.9843, 1.498 0.8819 0.0079, 1.498 0.8819 0.9843, 0.6161 1.0 0.0079, 0.6161 1.0 0.9843, 0.498 0.8819 0.0079, 0.498 0.8819 0.9843, 0.498 0.8031 0.0079, 0.498 -0.8031 0.0079, 1.1358 0.3622 0.9843, 0.8602 -0.3622 0.9843, 1.1358 -0.3622 0.9843, 0.8602 0.6378 0.9843, 0.8602 0.3622 0.9843, 1.1358 0.6378 0.9843, 1.1358 -0.6378 0.9843, 0.8602 -0.6378 0.9843, 1.498 -0.8031 0.0079, 1.498 0.8031 0.0079
            ]
        }
        coordIndex [
            0,1,2,-1,2,1,3,-1,2,3,4,-1,0,5,1,-1,1,5,6,-1,1,6,7,-1,7,8,9,-1,9,8,10,-1,9,10,11,-1,3,9,4,-1,4,9,11,-1,4,11,6,-1,6,11,12,-1,6,12,7,-1,7,12,13,-1,7,13,8,-1,14,15,16,-1,16,15,17,-1,18,19,14,-1,14,19,15,-1,20,21,18,-1,18,21,19,-1,22,23,24,-1,24,23,25,-1,26,27,22,-1,22,27,23,-1,28,29,26,-1,26,29,27,-1,28,30,9,-1,31,16,3,-1,3,16,17,-1,3,17,9,-1,9,17,29,-1,9,29,28,-1,15,19,21,-1,32,33,34,-1,35,29,36,-1,36,29,17,-1,37,25,35,-1,35,25,23,-1,35,23,29,-1,29,23,27,-1,37,32,25,-1,25,32,34,-1,25,34,21,-1,21,34,38,-1,21,38,15,-1,15,38,39,-1,15,39,17,-1,17,39,33,-1,17,33,36,-1,36,33,32,-1,1,40,3,-1,3,40,31,-1,31,40,20,-1,18,14,20,-1,20,14,16,-1,20,16,31,-1,30,41,9,-1,9,41,7,-1,26,22,28,-1,28,22,24,-1,28,24,30,-1,30,24,41,-1,
        ]
    }
}
Shape{
    appearance Appearance {
        material  Material 	{
            diffuseColor 0.9490196078431372 0.7607843137254902 0.1803921568627451
            specularColor 0.7607843137254902 0.6078431372549019 0.1450980392156863
            ambientIntensity 0.7509
            transparency 0.0
            shininess 0.5
        }
    }
    geometry IndexedFaceSet {
        ccw TRUE
        solid FALSE
        coord DEF co Coordinate {
            point [
                1.0965 0.4016 3.3465, 1.0965 0.5984 3.3465, 0.8996 0.4016 3.3465, 0.8996 0.5984 3.3465, 1.1358 0.6378 3.189, 1.1358 0.6378 0.9843, 0.8602 0.6378 3.189, 0.8602 0.6378 0.9843, 0.8602 0.3622 3.189, 0.8602 0.3622 0.9843, 1.1358 0.3622 3.189, 1.1358 0.3622 0.9843, 1.1358 0.3622 0.1969, 0.8602 0.3622 0.1969, 1.1358 0.3622 -0.5294, 0.8602 0.3622 -1.0236, 1.1358 0.3622 -1.0236, 0.8602 0.6378 -1.0236, 0.8602 0.6378 0.1969, 1.1358 0.6378 0.1969, 1.1358 0.6378 -0.5294, 1.1358 0.6378 -1.0236, 1.0965 0.5984 -1.1811, 1.0965 0.4016 -1.1811, 0.8996 0.5984 -1.1811, 0.8996 0.4016 -1.1811, 1.0965 -0.5984 3.3465, 1.0965 -0.4016 3.3465, 0.8996 -0.5984 3.3465, 0.8996 -0.4016 3.3465, 1.1358 -0.3622 3.189, 1.1358 -0.3622 0.9843, 0.8602 -0.3622 3.189, 0.8602 -0.3622 0.9843, 0.8602 -0.6378 3.189, 0.8602 -0.6378 0.9843, 1.1358 -0.6378 3.189, 1.1358 -0.6378 0.9843, 1.1358 -0.6378 0.1969, 0.8602 -0.6378 0.1969, 1.1358 -0.6378 -0.5311, 0.8602 -0.6378 -1.0236, 1.1358 -0.6378 -1.0236, 0.8602 -0.3622 -1.0236, 0.8602 -0.3622 0.1969, 1.1358 -0.3622 0.1969, 1.1358 -0.3622 -0.5311, 1.1358 -0.3622 -1.0236, 1.0965 -0.4016 -1.1811, 1.0965 -0.5984 -1.1811, 0.8996 -0.4016 -1.1811, 0.8996 -0.5984 -1.1811, 1.1358 -0.558 -1.0236, 1.1358 0.4573 -1.0236
            ]
        }
        coordIndex [
            0,1,2,-1,2,1,3,-1,4,5,6,-1,6,5,7,-1,6,7,8,-1,8,7,9,-1,8,9,10,-1,10,9,11,-1,10,11,4,-1,4,11,5,-1,12,13,14,-1,14,13,15,-1,14,15,16,-1,15,13,17,-1,17,13,18,-1,18,19,17,-1,17,19,20,-1,17,20,21,-1,22,23,24,-1,24,23,25,-1,26,27,28,-1,28,27,29,-1,30,31,32,-1,32,31,33,-1,32,33,34,-1,34,33,35,-1,34,35,36,-1,36,35,37,-1,36,37,30,-1,30,37,31,-1,38,39,40,-1,40,39,41,-1,40,41,42,-1,41,39,43,-1,43,39,44,-1,44,45,43,-1,43,45,46,-1,43,46,47,-1,48,49,50,-1,50,49,51,-1,32,29,30,-1,30,29,27,-1,34,28,32,-1,32,28,29,-1,26,36,27,-1,27,36,30,-1,36,26,34,-1,34,26,28,-1,6,3,4,-1,4,3,1,-1,8,2,6,-1,6,2,3,-1,0,10,1,-1,1,10,4,-1,10,0,8,-1,8,0,2,-1,49,42,51,-1,51,42,41,-1,42,49,52,-1,52,49,48,-1,52,48,47,-1,43,50,41,-1,41,50,51,-1,50,43,48,-1,48,43,47,-1,23,16,25,-1,25,16,15,-1,16,23,53,-1,53,23,22,-1,53,22,21,-1,17,24,15,-1,15,24,25,-1,24,17,22,-1,22,17,21,-1,
        ]
    }
}
Shape{
    appearance Appearance {
        material  Material 	{
            diffuseColor 0.0 0.0 0.0
            specularColor 0.0 0.0 0.0
            ambientIntensity 0.0
            transparency 0.0
            shininess 0.5
        }
    }
    geometry IndexedFaceSet {
        ccw TRUE
        solid FALSE
        coord DEF co Coordinate {
            point [
                1.1319 0.5563 -0.6758, 1.1319 0.4579 -0.7142, 1.1358 0.5563 -0.6758, 1.1358 0.4579 -0.7142, 1.1319 0.4579 -0.6998, 1.1358 0.4579 -0.6998, 1.1319 0.4855 -0.6899, 1.1358 0.4855 -0.6899, 1.1319 0.4855 -0.6492, 1.1358 0.4855 -0.6492, 1.1319 0.4579 -0.6398, 1.1358 0.4579 -0.6398, 1.1319 0.4579 -0.6254, 1.1358 0.4579 -0.6254, 1.1319 0.5563 -0.6626, 1.1358 0.5563 -0.6626, 1.1319 0.4963 -0.6525, 1.1319 0.4963 -0.6854, 1.1319 0.5374 -0.6672, 1.1319 0.5408 -0.6681, 1.1319 0.5443 -0.6688, 1.1319 0.5443 -0.6691, 1.1319 0.5408 -0.6697, 1.1319 0.5374 -0.6706, 1.1358 0.4963 -0.6525, 1.1358 0.4963 -0.6854, 1.1358 0.5374 -0.6672, 1.1358 0.5408 -0.6681, 1.1358 0.5443 -0.6688, 1.1358 0.5443 -0.6691, 1.1358 0.5408 -0.6697, 1.1358 0.5374 -0.6706, 1.1319 0.4579 -0.5657, 1.1319 0.4579 -0.539, 1.1358 0.4579 -0.5657, 1.1358 0.4579 -0.539, 1.1319 0.5563 -0.539, 1.1358 0.5563 -0.539, 1.1319 0.5563 -0.5667, 1.1358 0.5563 -0.5667, 1.1319 0.5083 -0.6182, 1.1358 0.5083 -0.6182, 1.1358 0.5176 -0.6175, 1.1319 0.5176 -0.6175, 1.1358 0.5273 -0.6148, 1.1319 0.5273 -0.6148, 1.1358 0.5358 -0.6103, 1.1319 0.5358 -0.6103, 1.1358 0.5435 -0.6033, 1.1319 0.5435 -0.6033, 1.1358 0.5436 -0.6032, 1.1319 0.5436 -0.6032, 1.1358 0.5508 -0.5925, 1.1319 0.5508 -0.5925, 1.1358 0.5548 -0.581, 1.1319 0.5548 -0.581, 1.1358 0.459 -0.5779, 1.1319 0.459 -0.5779, 1.1358 0.4623 -0.5893, 1.1319 0.4623 -0.5893, 1.1358 0.4683 -0.5995, 1.1319 0.4683 -0.5995, 1.1358 0.4761 -0.6076, 1.1319 0.4761 -0.6076, 1.1358 0.4849 -0.6133, 1.1319 0.4849 -0.6133, 1.1358 0.4952 -0.6168, 1.1319 0.4952 -0.6168, 1.1319 0.5317 -0.5984, 1.1319 0.5368 -0.5937, 1.1319 0.5414 -0.5865, 1.1319 0.5443 -0.5783, 1.1319 0.5455 -0.5667, 1.1319 0.5455 -0.5522, 1.1319 0.4687 -0.5522, 1.1319 0.4687 -0.5661, 1.1319 0.4697 -0.5765, 1.1319 0.4723 -0.5848, 1.1319 0.4762 -0.5915, 1.1319 0.4817 -0.597, 1.1319 0.4885 -0.6012, 1.1319 0.4977 -0.6041, 1.1319 0.5081 -0.605, 1.1319 0.5179 -0.6042, 1.1319 0.5256 -0.6019, 1.1358 0.5455 -0.5667, 1.1358 0.5455 -0.5522, 1.1358 0.5443 -0.5783, 1.1358 0.5414 -0.5865, 1.1358 0.5368 -0.5937, 1.1358 0.5317 -0.5984, 1.1358 0.5256 -0.6019, 1.1358 0.5179 -0.6042, 1.1358 0.5081 -0.605, 1.1358 0.4977 -0.6041, 1.1358 0.4885 -0.6012, 1.1358 0.4817 -0.597, 1.1358 0.4762 -0.5915, 1.1358 0.4723 -0.5848, 1.1358 0.4697 -0.5765, 1.1358 0.4687 -0.5661, 1.1358 0.4687 -0.5522, 1.1319 0.4687 -0.5198, 1.1319 0.4579 -0.5198, 1.1358 0.4687 -0.5198, 1.1358 0.4579 -0.5198, 1.1319 0.4579 -0.467, 1.1358 0.4579 -0.467, 1.1319 0.5563 -0.467, 1.1358 0.5563 -0.467, 1.1319 0.5563 -0.5174, 1.1358 0.5563 -0.5174, 1.1319 0.5455 -0.5174, 1.1358 0.5455 -0.5174, 1.1319 0.5455 -0.4802, 1.1358 0.5455 -0.4802, 1.1319 0.5131 -0.4802, 1.1358 0.5131 -0.4802, 1.1319 0.5131 -0.515, 1.1358 0.5131 -0.515, 1.1319 0.5023 -0.515, 1.1358 0.5023 -0.515, 1.1319 0.5023 -0.4802, 1.1358 0.5023 -0.4802, 1.1319 0.4687 -0.4802, 1.1358 0.4687 -0.4802, 1.1319 0.4738 -0.4477, 1.1319 0.463 -0.4477, 1.1358 0.4738 -0.4477, 1.1358 0.463 -0.4477, 1.1319 0.4587 -0.4373, 1.1319 0.4567 -0.4207, 1.1358 0.4567 -0.4207, 1.1358 0.4567 -0.4234, 1.1319 0.4567 -0.4234, 1.1358 0.4573 -0.4273, 1.1358 0.4587 -0.4373, 1.1319 0.5053 -0.3745, 1.1358 0.5053 -0.3745, 1.1358 0.4939 -0.3755, 1.1319 0.4939 -0.3755, 1.1358 0.4834 -0.3784, 1.1319 0.4834 -0.3784, 1.1358 0.4741 -0.3837, 1.1319 0.4741 -0.3837, 1.1358 0.4663 -0.3911, 1.1319 0.4663 -0.3911, 1.1358 0.4612 -0.399, 1.1319 0.4612 -0.399, 1.1358 0.458 -0.4085, 1.1319 0.458 -0.4085, 1.1358 0.4573 -0.4149, 1.1319 0.5575 -0.4246, 1.1358 0.5575 -0.4246, 1.1358 0.5567 -0.4147, 1.1319 0.5567 -0.4147, 1.1358 0.5535 -0.4037, 1.1319 0.5535 -0.4037, 1.1358 0.5481 -0.3944, 1.1319 0.5481 -0.3944, 1.1358 0.5396 -0.3855, 1.1319 0.5396 -0.3855, 1.1358 0.5304 -0.3797, 1.1319 0.5304 -0.3797, 1.1358 0.5192 -0.3759, 1.1319 0.5192 -0.3759, 1.1319 0.5536 -0.4477, 1.1358 0.5536 -0.4477, 1.1358 0.5567 -0.4364, 1.1319 0.5567 -0.4364, 1.1319 0.5404 -0.4477, 1.1358 0.5404 -0.4477, 1.1319 0.5467 -0.4247, 1.1358 0.5467 -0.4247, 1.1358 0.5452 -0.4367, 1.1319 0.5452 -0.4367, 1.1319 0.5061 -0.3877, 1.1358 0.5061 -0.3877, 1.1358 0.5137 -0.3882, 1.1319 0.5137 -0.3882, 1.1358 0.5243 -0.3908, 1.1319 0.5243 -0.3908, 1.1358 0.5319 -0.3949, 1.1319 0.5319 -0.3949, 1.1358 0.5384 -0.4008, 1.1319 0.5384 -0.4008, 1.1358 0.543 -0.4076, 1.1319 0.543 -0.4076, 1.1358 0.5456 -0.415, 1.1319 0.5456 -0.415, 1.1319 0.4675 -0.4225, 1.1358 0.4675 -0.4225, 1.1358 0.4685 -0.4133, 1.1319 0.4685 -0.4133, 1.1358 0.4712 -0.4061, 1.1319 0.4712 -0.4061, 1.1358 0.4752 -0.4001, 1.1319 0.4752 -0.4001, 1.1358 0.4801 -0.3955, 1.1319 0.4801 -0.3955, 1.1358 0.4869 -0.3914, 1.1319 0.4869 -0.3914, 1.1358 0.4954 -0.3887, 1.1319 0.4954 -0.3887, 1.1358 0.4728 -0.446, 1.1319 0.4728 -0.446, 1.1358 0.4689 -0.4356, 1.1319 0.4689 -0.4356, 1.1319 0.4687 -0.3661, 1.1319 0.4579 -0.3661, 1.1358 0.4687 -0.3661, 1.1358 0.4579 -0.3661, 1.1319 0.4579 -0.3157, 1.1358 0.4579 -0.3157, 1.1319 0.5563 -0.3157, 1.1358 0.5563 -0.3157, 1.1319 0.5563 -0.3289, 1.1358 0.5563 -0.3289, 1.1319 0.4687 -0.3289, 1.1358 0.4687 -0.3289
            ]
        }
        coordIndex [
            0,1,2,-1,2,1,3,-1,1,4,3,-1,3,4,5,-1,4,6,5,-1,5,6,7,-1,6,8,7,-1,7,8,9,-1,8,10,9,-1,9,10,11,-1,10,12,11,-1,11,12,13,-1,12,14,13,-1,13,14,15,-1,14,0,15,-1,15,0,2,-1,16,8,17,-1,17,8,6,-1,18,14,16,-1,16,14,12,-1,16,12,8,-1,8,12,10,-1,18,19,14,-1,14,19,20,-1,14,20,0,-1,0,20,21,-1,0,21,22,-1,22,23,0,-1,0,23,17,-1,0,17,1,-1,1,17,6,-1,1,6,4,-1,16,17,24,-1,24,17,25,-1,18,16,26,-1,26,16,24,-1,18,26,27,-1,18,27,19,-1,19,27,28,-1,19,28,20,-1,21,20,29,-1,29,20,28,-1,21,29,30,-1,21,30,22,-1,22,30,31,-1,22,31,23,-1,17,23,25,-1,25,23,31,-1,32,33,34,-1,34,33,35,-1,33,36,35,-1,35,36,37,-1,36,38,37,-1,37,38,39,-1,40,41,42,-1,40,42,43,-1,43,42,44,-1,43,44,45,-1,45,44,46,-1,45,46,47,-1,47,46,48,-1,47,48,49,-1,49,48,50,-1,49,50,51,-1,51,50,52,-1,51,52,53,-1,53,52,54,-1,53,54,55,-1,55,54,39,-1,55,39,38,-1,32,34,56,-1,32,56,57,-1,57,56,58,-1,57,58,59,-1,59,58,60,-1,59,60,61,-1,61,60,62,-1,61,62,63,-1,63,62,64,-1,63,64,65,-1,65,64,66,-1,65,66,67,-1,67,66,41,-1,67,41,40,-1,45,47,68,-1,68,47,49,-1,68,49,69,-1,69,49,51,-1,69,51,70,-1,70,51,53,-1,70,53,71,-1,71,53,55,-1,71,55,72,-1,72,55,38,-1,72,38,73,-1,73,38,36,-1,73,36,74,-1,74,36,33,-1,74,33,75,-1,75,33,32,-1,75,32,76,-1,76,32,57,-1,76,57,77,-1,77,57,59,-1,77,59,78,-1,78,59,61,-1,78,61,79,-1,79,61,63,-1,79,63,80,-1,80,63,65,-1,80,65,81,-1,81,65,67,-1,81,67,82,-1,82,67,40,-1,82,40,83,-1,83,40,43,-1,83,43,84,-1,84,43,45,-1,84,45,68,-1,72,73,85,-1,85,73,86,-1,72,85,87,-1,72,87,71,-1,71,87,88,-1,71,88,70,-1,70,88,89,-1,70,89,69,-1,69,89,90,-1,69,90,68,-1,68,90,91,-1,68,91,84,-1,84,91,92,-1,84,92,83,-1,83,92,93,-1,83,93,82,-1,82,93,94,-1,82,94,81,-1,81,94,95,-1,81,95,80,-1,80,95,96,-1,80,96,79,-1,79,96,97,-1,79,97,78,-1,78,97,98,-1,78,98,77,-1,77,98,99,-1,77,99,76,-1,76,99,100,-1,76,100,75,-1,74,75,101,-1,101,75,100,-1,73,74,86,-1,86,74,101,-1,102,103,104,-1,104,103,105,-1,103,106,105,-1,105,106,107,-1,106,108,107,-1,107,108,109,-1,108,110,109,-1,109,110,111,-1,110,112,111,-1,111,112,113,-1,112,114,113,-1,113,114,115,-1,114,116,115,-1,115,116,117,-1,116,118,117,-1,117,118,119,-1,118,120,119,-1,119,120,121,-1,120,122,121,-1,121,122,123,-1,122,124,123,-1,123,124,125,-1,124,102,125,-1,125,102,104,-1,106,103,102,-1,102,124,106,-1,106,124,122,-1,106,122,108,-1,112,110,114,-1,114,110,108,-1,114,108,116,-1,116,108,122,-1,116,122,118,-1,118,122,120,-1,126,127,128,-1,128,127,129,-1,129,127,130,-1,131,132,133,-1,131,133,134,-1,134,133,135,-1,134,135,130,-1,130,135,136,-1,130,136,129,-1,137,138,139,-1,137,139,140,-1,140,139,141,-1,140,141,142,-1,142,141,143,-1,142,143,144,-1,144,143,145,-1,144,145,146,-1,146,145,147,-1,146,147,148,-1,148,147,149,-1,148,149,150,-1,150,149,131,-1,131,149,151,-1,131,151,132,-1,152,153,154,-1,152,154,155,-1,155,154,156,-1,155,156,157,-1,157,156,158,-1,157,158,159,-1,159,158,160,-1,159,160,161,-1,161,160,162,-1,161,162,163,-1,163,162,164,-1,163,164,165,-1,165,164,138,-1,165,138,137,-1,166,167,168,-1,166,168,169,-1,169,168,153,-1,169,153,152,-1,166,170,167,-1,167,170,171,-1,172,173,174,-1,172,174,175,-1,175,174,171,-1,175,171,170,-1,176,177,178,-1,176,178,179,-1,179,178,180,-1,179,180,181,-1,181,180,182,-1,181,182,183,-1,183,182,184,-1,183,184,185,-1,185,184,186,-1,185,186,187,-1,187,186,188,-1,187,188,189,-1,189,188,173,-1,189,173,172,-1,190,191,192,-1,190,192,193,-1,193,192,194,-1,193,194,195,-1,195,194,196,-1,195,196,197,-1,197,196,198,-1,197,198,199,-1,199,198,200,-1,199,200,201,-1,201,200,202,-1,201,202,203,-1,203,202,177,-1,203,177,176,-1,126,128,204,-1,126,204,205,-1,205,204,206,-1,205,206,207,-1,207,206,191,-1,207,191,190,-1,193,131,190,-1,190,131,134,-1,190,134,207,-1,207,134,130,-1,207,130,205,-1,205,130,127,-1,205,127,126,-1,170,166,175,-1,175,166,169,-1,175,169,172,-1,172,169,152,-1,172,152,189,-1,189,152,155,-1,189,155,187,-1,187,155,157,-1,187,157,185,-1,185,157,159,-1,185,159,183,-1,183,159,161,-1,183,161,181,-1,181,161,163,-1,181,163,179,-1,179,163,165,-1,179,165,176,-1,176,165,137,-1,176,137,203,-1,203,137,140,-1,203,140,201,-1,201,140,142,-1,201,142,199,-1,199,142,144,-1,199,144,197,-1,197,144,146,-1,197,146,195,-1,195,146,148,-1,195,148,193,-1,193,148,150,-1,193,150,131,-1,208,209,210,-1,210,209,211,-1,209,212,211,-1,211,212,213,-1,212,214,213,-1,213,214,215,-1,214,216,215,-1,215,216,217,-1,216,218,217,-1,217,218,219,-1,218,208,219,-1,219,208,210,-1,216,214,218,-1,218,214,212,-1,218,212,208,-1,208,212,209,-1,
        ]
    }
}
Shape{
    appearance Appearance {
        material  Material 	{
            diffuseColor 0.9490196078431372 0.7607843137254902 0.1803921568627451
            specularColor 0.7607843137254902 0.6078431372549019 0.1450980392156863
            ambientIntensity 0.7509
            transparency 0.0
            shininess 0.5
        }
    }
    geometry IndexedFaceSet {
        ccw TRUE
        solid FALSE
        coord DEF co Coordinate {
            point [
                1.1358 0.4963 -0.6525, 1.1358 0.4963 -0.6854, 1.1358 0.5374 -0.6672, 1.1358 0.5374 -0.6706, 1.1358 0.5408 -0.6681, 1.1358 0.5408 -0.6697, 1.1358 0.5443 -0.6688, 1.1358 0.5443 -0.6691, 1.1358 0.5455 -0.5522, 1.1358 0.4687 -0.5522, 1.1358 0.5455 -0.5667, 1.1358 0.4687 -0.5661, 1.1358 0.4697 -0.5765, 1.1358 0.5081 -0.605, 1.1358 0.5179 -0.6042, 1.1358 0.5256 -0.6019, 1.1358 0.5443 -0.5783, 1.1358 0.4723 -0.5848, 1.1358 0.4762 -0.5915, 1.1358 0.4817 -0.597, 1.1358 0.4885 -0.6012, 1.1358 0.4977 -0.6041, 1.1358 0.5317 -0.5984, 1.1358 0.5368 -0.5937, 1.1358 0.5414 -0.5865
            ]
        }
        coordIndex [
            0,1,2,-1,2,1,3,-1,2,3,4,-1,4,3,5,-1,4,5,6,-1,6,5,7,-1,8,9,10,-1,10,9,11,-1,10,11,12,-1,13,14,10,-1,10,14,15,-1,10,15,16,-1,12,17,10,-1,10,17,18,-1,10,18,19,-1,19,20,10,-1,10,20,21,-1,10,21,13,-1,22,23,15,-1,15,23,24,-1,15,24,16,-1,
        ]
    }
}
Shape{
    appearance Appearance {
        material  Material 	{
            diffuseColor 0.0 0.0 0.0
            specularColor 0.0 0.0 0.0
            ambientIntensity 0.0
            transparency 0.0
            shininess 0.5
        }
    }
    geometry IndexedFaceSet {
        ccw TRUE
        solid FALSE
        coord DEF co Coordinate {
            point [
                1.1319 -0.4589 -0.6775, 1.1319 -0.5574 -0.716, 1.1358 -0.4589 -0.6775, 1.1358 -0.5574 -0.716, 1.1319 -0.5574 -0.7016, 1.1358 -0.5574 -0.7016, 1.1319 -0.5297 -0.6916, 1.1358 -0.5297 -0.6916, 1.1319 -0.5297 -0.6509, 1.1358 -0.5297 -0.6509, 1.1319 -0.5574 -0.6415, 1.1358 -0.5574 -0.6415, 1.1319 -0.5574 -0.6271, 1.1358 -0.5574 -0.6271, 1.1319 -0.4589 -0.6643, 1.1358 -0.4589 -0.6643, 1.1319 -0.5189 -0.6543, 1.1319 -0.4778 -0.6689, 1.1319 -0.4744 -0.6699, 1.1319 -0.4709 -0.6705, 1.1319 -0.4709 -0.6708, 1.1319 -0.4744 -0.6715, 1.1319 -0.4778 -0.6724, 1.1319 -0.5189 -0.6872, 1.1358 -0.5189 -0.6543, 1.1358 -0.5189 -0.6872, 1.1358 -0.4778 -0.6689, 1.1358 -0.4744 -0.6699, 1.1358 -0.4709 -0.6705, 1.1358 -0.4709 -0.6708, 1.1358 -0.4744 -0.6715, 1.1358 -0.4778 -0.6724, 1.1319 -0.5574 -0.5675, 1.1319 -0.5574 -0.5407, 1.1358 -0.5574 -0.5675, 1.1358 -0.5574 -0.5407, 1.1319 -0.4589 -0.5407, 1.1358 -0.4589 -0.5407, 1.1319 -0.4589 -0.5685, 1.1358 -0.4589 -0.5685, 1.1319 -0.5069 -0.6199, 1.1358 -0.5069 -0.6199, 1.1358 -0.4976 -0.6192, 1.1319 -0.4976 -0.6192, 1.1358 -0.4879 -0.6166, 1.1319 -0.4879 -0.6166, 1.1358 -0.4795 -0.612, 1.1319 -0.4795 -0.612, 1.1358 -0.4718 -0.605, 1.1319 -0.4718 -0.605, 1.1358 -0.4717 -0.6049, 1.1319 -0.4717 -0.6049, 1.1358 -0.4645 -0.5942, 1.1319 -0.4645 -0.5942, 1.1358 -0.4604 -0.5827, 1.1319 -0.4604 -0.5827, 1.1358 -0.5563 -0.5797, 1.1319 -0.5563 -0.5797, 1.1358 -0.5529 -0.591, 1.1319 -0.5529 -0.591, 1.1358 -0.5469 -0.6013, 1.1319 -0.5469 -0.6013, 1.1358 -0.5392 -0.6094, 1.1319 -0.5392 -0.6094, 1.1358 -0.5304 -0.615, 1.1319 -0.5304 -0.615, 1.1358 -0.5201 -0.6186, 1.1319 -0.5201 -0.6186, 1.1319 -0.4835 -0.6002, 1.1319 -0.4785 -0.5954, 1.1319 -0.4738 -0.5882, 1.1319 -0.471 -0.5801, 1.1319 -0.4697 -0.5684, 1.1319 -0.4697 -0.5539, 1.1319 -0.5465 -0.5539, 1.1319 -0.5465 -0.5679, 1.1319 -0.5456 -0.5783, 1.1319 -0.543 -0.5866, 1.1319 -0.539 -0.5933, 1.1319 -0.5336 -0.5988, 1.1319 -0.5268 -0.6029, 1.1319 -0.5175 -0.6058, 1.1319 -0.5072 -0.6067, 1.1319 -0.4974 -0.6059, 1.1319 -0.4896 -0.6036, 1.1358 -0.4697 -0.5684, 1.1358 -0.4697 -0.5539, 1.1358 -0.471 -0.5801, 1.1358 -0.4738 -0.5882, 1.1358 -0.4785 -0.5954, 1.1358 -0.4835 -0.6002, 1.1358 -0.4896 -0.6036, 1.1358 -0.4974 -0.6059, 1.1358 -0.5072 -0.6067, 1.1358 -0.5175 -0.6058, 1.1358 -0.5268 -0.6029, 1.1358 -0.5336 -0.5988, 1.1358 -0.539 -0.5933, 1.1358 -0.543 -0.5866, 1.1358 -0.5456 -0.5783, 1.1358 -0.5465 -0.5679, 1.1358 -0.5465 -0.5539, 1.1319 -0.5465 -0.5215, 1.1319 -0.5574 -0.5215, 1.1358 -0.5465 -0.5215, 1.1358 -0.5574 -0.5215, 1.1319 -0.5574 -0.4687, 1.1358 -0.5574 -0.4687, 1.1319 -0.4589 -0.4687, 1.1358 -0.4589 -0.4687, 1.1319 -0.4589 -0.5191, 1.1358 -0.4589 -0.5191, 1.1319 -0.4697 -0.5191, 1.1358 -0.4697 -0.5191, 1.1319 -0.4697 -0.4819, 1.1358 -0.4697 -0.4819, 1.1319 -0.5021 -0.4819, 1.1358 -0.5021 -0.4819, 1.1319 -0.5021 -0.5167, 1.1358 -0.5021 -0.5167, 1.1319 -0.5129 -0.5167, 1.1358 -0.5129 -0.5167, 1.1319 -0.5129 -0.4819, 1.1358 -0.5129 -0.4819, 1.1319 -0.5465 -0.4819, 1.1358 -0.5465 -0.4819, 1.1319 -0.5414 -0.4495, 1.1319 -0.5523 -0.4495, 1.1358 -0.5414 -0.4495, 1.1358 -0.5523 -0.4495, 1.1319 -0.5566 -0.439, 1.1319 -0.5586 -0.4224, 1.1358 -0.5586 -0.4224, 1.1358 -0.5585 -0.4251, 1.1319 -0.5585 -0.4251, 1.1358 -0.558 -0.4291, 1.1358 -0.5566 -0.439, 1.1319 -0.51 -0.3763, 1.1358 -0.51 -0.3763, 1.1358 -0.5214 -0.3772, 1.1319 -0.5214 -0.3772, 1.1358 -0.5318 -0.3802, 1.1319 -0.5318 -0.3802, 1.1358 -0.5412 -0.3854, 1.1319 -0.5412 -0.3854, 1.1358 -0.549 -0.3928, 1.1319 -0.549 -0.3928, 1.1358 -0.554 -0.4007, 1.1319 -0.554 -0.4007, 1.1358 -0.5573 -0.4103, 1.1319 -0.5573 -0.4103, 1.1358 -0.558 -0.4166, 1.1319 -0.4577 -0.4263, 1.1358 -0.4577 -0.4263, 1.1358 -0.4585 -0.4164, 1.1319 -0.4585 -0.4164, 1.1358 -0.4617 -0.4055, 1.1319 -0.4617 -0.4055, 1.1358 -0.4671 -0.3961, 1.1319 -0.4671 -0.3961, 1.1358 -0.4756 -0.3872, 1.1319 -0.4756 -0.3872, 1.1358 -0.4849 -0.3815, 1.1319 -0.4849 -0.3815, 1.1358 -0.496 -0.3777, 1.1319 -0.496 -0.3777, 1.1319 -0.4616 -0.4495, 1.1358 -0.4616 -0.4495, 1.1358 -0.4585 -0.4381, 1.1319 -0.4585 -0.4381, 1.1319 -0.4748 -0.4495, 1.1358 -0.4748 -0.4495, 1.1319 -0.4685 -0.4264, 1.1358 -0.4685 -0.4264, 1.1358 -0.4701 -0.4384, 1.1319 -0.4701 -0.4384, 1.1319 -0.5092 -0.3895, 1.1358 -0.5092 -0.3895, 1.1358 -0.5015 -0.3899, 1.1319 -0.5015 -0.3899, 1.1358 -0.491 -0.3926, 1.1319 -0.491 -0.3926, 1.1358 -0.4834 -0.3966, 1.1319 -0.4834 -0.3966, 1.1358 -0.4768 -0.4026, 1.1319 -0.4768 -0.4026, 1.1358 -0.4723 -0.4094, 1.1319 -0.4723 -0.4094, 1.1358 -0.4696 -0.4167, 1.1319 -0.4696 -0.4167, 1.1319 -0.5477 -0.4242, 1.1358 -0.5477 -0.4242, 1.1358 -0.5467 -0.415, 1.1319 -0.5467 -0.415, 1.1358 -0.5441 -0.4079, 1.1319 -0.5441 -0.4079, 1.1358 -0.54 -0.4018, 1.1319 -0.54 -0.4018, 1.1358 -0.5351 -0.3972, 1.1319 -0.5351 -0.3972, 1.1358 -0.5283 -0.3931, 1.1319 -0.5283 -0.3931, 1.1358 -0.5198 -0.3905, 1.1319 -0.5198 -0.3905, 1.1358 -0.5424 -0.4477, 1.1319 -0.5424 -0.4477, 1.1358 -0.5463 -0.4373, 1.1319 -0.5463 -0.4373, 1.1319 -0.5465 -0.3679, 1.1319 -0.5574 -0.3679, 1.1358 -0.5465 -0.3679, 1.1358 -0.5574 -0.3679, 1.1319 -0.5574 -0.3175, 1.1358 -0.5574 -0.3175, 1.1319 -0.4589 -0.3175, 1.1358 -0.4589 -0.3175, 1.1319 -0.4589 -0.3307, 1.1358 -0.4589 -0.3307, 1.1319 -0.5465 -0.3307, 1.1358 -0.5465 -0.3307
            ]
        }
        coordIndex [
            0,1,2,-1,2,1,3,-1,1,4,3,-1,3,4,5,-1,4,6,5,-1,5,6,7,-1,6,8,7,-1,7,8,9,-1,8,10,9,-1,9,10,11,-1,10,12,11,-1,11,12,13,-1,12,14,13,-1,13,14,15,-1,14,0,15,-1,15,0,2,-1,16,17,14,-1,12,10,8,-1,17,18,14,-1,14,18,19,-1,14,19,0,-1,0,19,20,-1,0,20,21,-1,21,22,0,-1,0,22,23,-1,0,23,1,-1,4,1,6,-1,6,1,23,-1,6,23,8,-1,8,23,16,-1,8,16,12,-1,12,16,14,-1,16,23,24,-1,24,23,25,-1,17,16,26,-1,26,16,24,-1,17,26,27,-1,17,27,18,-1,18,27,28,-1,18,28,19,-1,20,19,29,-1,29,19,28,-1,20,29,30,-1,20,30,21,-1,21,30,31,-1,21,31,22,-1,23,22,25,-1,25,22,31,-1,32,33,34,-1,34,33,35,-1,33,36,35,-1,35,36,37,-1,36,38,37,-1,37,38,39,-1,40,41,42,-1,40,42,43,-1,43,42,44,-1,43,44,45,-1,45,44,46,-1,45,46,47,-1,47,46,48,-1,47,48,49,-1,49,48,50,-1,49,50,51,-1,51,50,52,-1,51,52,53,-1,53,52,54,-1,53,54,55,-1,55,54,39,-1,55,39,38,-1,32,34,56,-1,32,56,57,-1,57,56,58,-1,57,58,59,-1,59,58,60,-1,59,60,61,-1,61,60,62,-1,61,62,63,-1,63,62,64,-1,63,64,65,-1,65,64,66,-1,65,66,67,-1,67,66,41,-1,67,41,40,-1,45,47,68,-1,68,47,49,-1,68,49,69,-1,69,49,51,-1,69,51,70,-1,70,51,53,-1,70,53,71,-1,71,53,55,-1,71,55,72,-1,72,55,38,-1,72,38,73,-1,73,38,36,-1,73,36,74,-1,74,36,33,-1,74,33,75,-1,75,33,32,-1,75,32,76,-1,76,32,57,-1,76,57,77,-1,77,57,59,-1,77,59,78,-1,78,59,61,-1,78,61,79,-1,79,61,63,-1,79,63,80,-1,80,63,65,-1,80,65,81,-1,81,65,67,-1,81,67,82,-1,82,67,40,-1,82,40,83,-1,83,40,43,-1,83,43,84,-1,84,43,45,-1,84,45,68,-1,72,73,85,-1,85,73,86,-1,72,85,87,-1,72,87,71,-1,71,87,88,-1,71,88,70,-1,70,88,89,-1,70,89,69,-1,69,89,90,-1,69,90,68,-1,68,90,91,-1,68,91,84,-1,84,91,92,-1,84,92,83,-1,83,92,93,-1,83,93,82,-1,82,93,94,-1,82,94,81,-1,81,94,95,-1,81,95,80,-1,80,95,96,-1,80,96,79,-1,79,96,97,-1,79,97,78,-1,78,97,98,-1,78,98,77,-1,77,98,99,-1,77,99,76,-1,76,99,100,-1,76,100,75,-1,74,75,101,-1,101,75,100,-1,73,74,86,-1,86,74,101,-1,102,103,104,-1,104,103,105,-1,103,106,105,-1,105,106,107,-1,106,108,107,-1,107,108,109,-1,108,110,109,-1,109,110,111,-1,110,112,111,-1,111,112,113,-1,112,114,113,-1,113,114,115,-1,114,116,115,-1,115,116,117,-1,116,118,117,-1,117,118,119,-1,118,120,119,-1,119,120,121,-1,120,122,121,-1,121,122,123,-1,122,124,123,-1,123,124,125,-1,124,102,125,-1,125,102,104,-1,106,103,102,-1,102,124,106,-1,106,124,122,-1,106,122,108,-1,112,110,114,-1,114,110,108,-1,114,108,116,-1,116,108,122,-1,116,122,118,-1,118,122,120,-1,126,127,128,-1,128,127,129,-1,129,127,130,-1,131,132,133,-1,131,133,134,-1,134,133,135,-1,134,135,130,-1,130,135,136,-1,130,136,129,-1,137,138,139,-1,137,139,140,-1,140,139,141,-1,140,141,142,-1,142,141,143,-1,142,143,144,-1,144,143,145,-1,144,145,146,-1,146,145,147,-1,146,147,148,-1,148,147,149,-1,148,149,150,-1,150,149,131,-1,131,149,151,-1,131,151,132,-1,152,153,154,-1,152,154,155,-1,155,154,156,-1,155,156,157,-1,157,156,158,-1,157,158,159,-1,159,158,160,-1,159,160,161,-1,161,160,162,-1,161,162,163,-1,163,162,164,-1,163,164,165,-1,165,164,138,-1,165,138,137,-1,166,167,168,-1,166,168,169,-1,169,168,153,-1,169,153,152,-1,166,170,167,-1,167,170,171,-1,172,173,174,-1,172,174,175,-1,175,174,171,-1,175,171,170,-1,176,177,178,-1,176,178,179,-1,179,178,180,-1,179,180,181,-1,181,180,182,-1,181,182,183,-1,183,182,184,-1,183,184,185,-1,185,184,186,-1,185,186,187,-1,187,186,188,-1,187,188,189,-1,189,188,173,-1,189,173,172,-1,190,191,192,-1,190,192,193,-1,193,192,194,-1,193,194,195,-1,195,194,196,-1,195,196,197,-1,197,196,198,-1,197,198,199,-1,199,198,200,-1,199,200,201,-1,201,200,202,-1,201,202,203,-1,203,202,177,-1,203,177,176,-1,126,128,204,-1,126,204,205,-1,205,204,206,-1,205,206,207,-1,207,206,191,-1,207,191,190,-1,193,131,190,-1,190,131,134,-1,190,134,207,-1,207,134,130,-1,207,130,205,-1,205,130,127,-1,205,127,126,-1,170,166,175,-1,175,166,169,-1,175,169,172,-1,172,169,152,-1,172,152,189,-1,189,152,155,-1,189,155,187,-1,187,155,157,-1,187,157,185,-1,185,157,159,-1,185,159,183,-1,183,159,161,-1,183,161,181,-1,181,161,163,-1,181,163,179,-1,179,163,165,-1,179,165,176,-1,176,165,137,-1,176,137,203,-1,203,137,140,-1,203,140,201,-1,201,140,142,-1,201,142,199,-1,199,142,144,-1,199,144,197,-1,197,144,146,-1,197,146,195,-1,195,146,148,-1,195,148,193,-1,193,148,150,-1,193,150,131,-1,208,209,210,-1,210,209,211,-1,209,212,211,-1,211,212,213,-1,212,214,213,-1,213,214,215,-1,214,216,215,-1,215,216,217,-1,216,218,217,-1,217,218,219,-1,218,208,219,-1,219,208,210,-1,216,214,218,-1,218,214,212,-1,218,212,208,-1,208,212,209,-1,
        ]
    }
}
Shape{
    appearance Appearance {
        material  Material 	{
            diffuseColor 0.9490196078431372 0.7607843137254902 0.1803921568627451
            specularColor 0.7607843137254902 0.6078431372549019 0.1450980392156863
            ambientIntensity 0.7509
            transparency 0.0
            shininess 0.5
        }
    }
    geometry IndexedFaceSet {
        ccw TRUE
        solid FALSE
        coord DEF co Coordinate {
            point [
                1.1358 -0.5189 -0.6543, 1.1358 -0.5189 -0.6872, 1.1358 -0.4778 -0.6689, 1.1358 -0.4778 -0.6724, 1.1358 -0.4744 -0.6699, 1.1358 -0.4744 -0.6715, 1.1358 -0.4709 -0.6705, 1.1358 -0.4709 -0.6708, 1.1358 -0.4697 -0.5539, 1.1358 -0.5465 -0.5539, 1.1358 -0.4697 -0.5684, 1.1358 -0.5465 -0.5679, 1.1358 -0.5456 -0.5783, 1.1358 -0.5072 -0.6067, 1.1358 -0.4974 -0.6059, 1.1358 -0.4896 -0.6036, 1.1358 -0.471 -0.5801, 1.1358 -0.543 -0.5866, 1.1358 -0.539 -0.5933, 1.1358 -0.5336 -0.5988, 1.1358 -0.5268 -0.6029, 1.1358 -0.5175 -0.6058, 1.1358 -0.4835 -0.6002, 1.1358 -0.4785 -0.5954, 1.1358 -0.4738 -0.5882
            ]
        }
        coordIndex [
            0,1,2,-1,2,1,3,-1,2,3,4,-1,4,3,5,-1,4,5,6,-1,6,5,7,-1,8,9,10,-1,10,9,11,-1,10,11,12,-1,13,14,10,-1,10,14,15,-1,10,15,16,-1,12,17,10,-1,10,17,18,-1,10,18,19,-1,19,20,10,-1,10,20,21,-1,10,21,13,-1,22,23,15,-1,15,23,24,-1,15,24,16,-1,
        ]
    }
}
Shape{
    appearance Appearance {
        material  Material 	{
            diffuseColor 1.0 1.0 1.0
            specularColor 0.5019607843137255 0.5019607843137255 0.5019607843137255
            ambientIntensity 1.0
            transparency 0.0
            shininess 0.5
        }
    }
    geometry IndexedFaceSet {
        ccw TRUE
        solid FALSE
        coord DEF co Coordinate {
            point [
                1.502 -0.0007 0.6255, 1.502 -0.0007 0.6164, 1.498 -0.0007 0.6255, 1.498 -0.0007 0.6164, 1.502 -0.0326 0.6255, 1.498 -0.0326 0.6255, 1.502 -0.0326 0.6965, 1.498 -0.0326 0.6965, 1.502 -0.0429 0.6965, 1.498 -0.0429 0.6965, 1.502 -0.0429 0.6164, 1.498 -0.0429 0.6164, 1.498 0.0625 0.6197, 1.502 0.0625 0.6197, 1.502 0.0612 0.619, 1.502 0.0404 0.615, 1.498 0.0404 0.615, 1.502 0.0526 0.6162, 1.498 0.0474 0.6157, 1.498 0.0526 0.6162, 1.498 0.0591 0.6184, 1.498 0.0612 0.619, 1.502 0.0625 0.6296, 1.498 0.0625 0.6296, 1.498 0.0591 0.6281, 1.502 0.0546 0.6261, 1.498 0.0546 0.6261, 1.498 0.0456 0.6244, 1.502 0.0456 0.6244, 1.498 0.0419 0.6242, 1.502 0.0419 0.6242, 1.498 0.0347 0.625, 1.502 0.0347 0.625, 1.498 0.0289 0.627, 1.502 0.0289 0.627, 1.498 0.0235 0.6306, 1.502 0.0235 0.6306, 1.498 0.0213 0.6327, 1.502 0.0213 0.6327, 1.498 0.0176 0.6378, 1.502 0.0176 0.6378, 1.498 0.0149 0.6442, 1.502 0.0149 0.6442, 1.498 0.0135 0.6521, 1.502 0.0135 0.6521, 1.498 0.0134 0.6555, 1.502 0.0134 0.6555, 1.498 0.0147 0.6665, 1.502 0.0147 0.6665, 1.498 0.0174 0.6734, 1.502 0.0174 0.6734, 1.498 0.0213 0.679, 1.502 0.0213 0.679, 1.498 0.0218 0.6796, 1.502 0.0218 0.6796, 1.498 0.0269 0.6838, 1.502 0.0269 0.6838, 1.498 0.0331 0.6869, 1.502 0.0331 0.6869, 1.498 0.04 0.6883, 1.502 0.04 0.6883, 1.498 0.0437 0.6885, 1.502 0.0437 0.6885, 1.498 0.0535 0.6873, 1.498 0.0591 0.6852, 1.502 0.0616 0.6842, 1.502 0.0535 0.6873, 1.498 0.0616 0.6842, 1.498 0.0625 0.6837, 1.502 0.0625 0.6837, 1.502 0.0625 0.6945, 1.498 0.0625 0.6945, 1.498 0.0591 0.6955, 1.502 0.054 0.697, 1.498 0.0436 0.6978, 1.502 0.0436 0.6978, 1.498 0.0522 0.6971, 1.498 0.054 0.697, 1.498 0.038 0.6971, 1.502 0.032 0.6964, 1.498 0.032 0.6964, 1.498 0.0236 0.6932, 1.502 0.0236 0.6932, 1.498 0.0161 0.6879, 1.502 0.0161 0.6879, 1.498 0.0141 0.686, 1.502 0.0141 0.686, 1.498 0.0083 0.6784, 1.498 0.0062 0.6733, 1.502 0.0045 0.6695, 1.502 0.0083 0.6784, 1.498 0.0045 0.6695, 1.498 0.0027 0.6591, 1.502 0.0027 0.6591, 1.498 0.0026 0.6549, 1.502 0.0026 0.6549, 1.498 0.0041 0.6419, 1.498 0.0062 0.6367, 1.502 0.0074 0.6335, 1.502 0.0041 0.6419, 1.498 0.0074 0.6335, 1.498 0.0122 0.6267, 1.502 0.0122 0.6267, 1.498 0.0129 0.626, 1.502 0.0129 0.626, 1.502 0.0341 0.6154, 1.498 0.0183 0.6213, 1.502 0.0183 0.6213, 1.498 0.0257 0.6175, 1.502 0.0257 0.6175, 1.498 0.0329 0.6157, 1.498 0.0341 0.6154, 1.502 0.1216 0.6255, 1.502 0.1216 0.6164, 1.498 0.1216 0.6255, 1.498 0.1216 0.6164, 1.498 0.0889 0.6255, 1.502 0.0889 0.6255, 1.498 0.1105 0.6255, 1.502 0.0889 0.6525, 1.498 0.0889 0.6525, 1.502 0.1175 0.6525, 1.498 0.1105 0.6525, 1.498 0.1175 0.6525, 1.502 0.1175 0.6616, 1.498 0.1175 0.6616, 1.498 0.0889 0.6616, 1.502 0.0889 0.6616, 1.498 0.1105 0.6616, 1.502 0.0889 0.6872, 1.498 0.0889 0.6872, 1.502 0.1198 0.6872, 1.498 0.1105 0.6872, 1.498 0.1198 0.6872, 1.502 0.1198 0.6965, 1.498 0.1198 0.6965, 1.498 0.0786 0.6965, 1.502 0.0786 0.6965, 1.498 0.1105 0.6965, 1.502 0.0786 0.6164, 1.498 0.0786 0.6164, 1.498 0.1105 0.6164, 1.502 0.1899 0.6276, 1.502 0.1816 0.633, 1.502 0.1815 0.6216, 1.502 0.1764 0.6294, 1.502 0.1723 0.618, 1.502 0.1698 0.6268, 1.502 0.1588 0.6164, 1.502 0.1587 0.6255, 1.502 0.1367 0.6164, 1.502 0.1471 0.6255, 1.502 0.1367 0.6965, 1.502 0.1471 0.6872, 1.502 0.1596 0.6965, 1.502 0.1592 0.6872, 1.502 0.1598 0.6872, 1.502 0.1718 0.6951, 1.502 0.1701 0.686, 1.502 0.1815 0.6916, 1.502 0.1769 0.6833, 1.502 0.1899 0.6859, 1.502 0.1823 0.6797, 1.502 0.1927 0.6831, 1.502 0.1845 0.6775, 1.502 0.1977 0.6761, 1.502 0.1876 0.673, 1.502 0.2006 0.6684, 1.502 0.1899 0.6671, 1.502 0.2019 0.6574, 1.502 0.1911 0.6572, 1.502 0.2017 0.6523, 1.502 0.1908 0.6518, 1.502 0.1998 0.643, 1.502 0.1892 0.6445, 1.502 0.1958 0.6347, 1.502 0.1864 0.6386, 1.502 0.1825 0.6339, 1.498 0.1588 0.6164, 1.498 0.1367 0.6164, 1.498 0.1723 0.618, 1.498 0.1815 0.6216, 1.498 0.1899 0.6276, 1.498 0.1958 0.6347, 1.498 0.1998 0.643, 1.498 0.2017 0.6523, 1.498 0.2019 0.6574, 1.498 0.2006 0.6684, 1.498 0.1977 0.6761, 1.498 0.1927 0.6831, 1.498 0.1899 0.6859, 1.498 0.1815 0.6916, 1.498 0.1718 0.6951, 1.498 0.1596 0.6965, 1.498 0.1367 0.6965, 1.498 0.1592 0.6872, 1.498 0.1471 0.6872, 1.498 0.1471 0.6255, 1.498 0.1587 0.6255, 1.498 0.1825 0.6339, 1.498 0.1816 0.633, 1.498 0.1764 0.6294, 1.498 0.1698 0.6268, 1.498 0.1911 0.6572, 1.498 0.1908 0.6518, 1.498 0.1892 0.6445, 1.498 0.1864 0.6386, 1.498 0.1823 0.6797, 1.498 0.1845 0.6775, 1.498 0.1876 0.673, 1.498 0.1899 0.6671, 1.498 0.1598 0.6872, 1.498 0.1701 0.686, 1.498 0.1769 0.6833
            ]
        }
        coordIndex [
            0,1,2,-1,2,1,3,-1,4,0,5,-1,5,0,2,-1,6,4,7,-1,7,4,5,-1,8,6,9,-1,9,6,7,-1,10,8,11,-1,11,8,9,-1,1,10,3,-1,3,10,11,-1,6,8,4,-1,4,8,10,-1,4,10,0,-1,0,10,1,-1,12,13,14,-1,15,16,17,-1,17,16,18,-1,18,19,17,-1,17,19,20,-1,17,20,14,-1,14,20,21,-1,14,21,12,-1,22,13,23,-1,23,13,12,-1,22,23,24,-1,22,24,25,-1,24,26,25,-1,25,26,27,-1,25,27,28,-1,28,27,29,-1,28,29,30,-1,30,29,31,-1,30,31,32,-1,32,31,33,-1,32,33,34,-1,34,33,35,-1,34,35,36,-1,36,35,37,-1,36,37,38,-1,38,37,39,-1,38,39,40,-1,40,39,41,-1,40,41,42,-1,42,41,43,-1,42,43,44,-1,44,43,45,-1,44,45,46,-1,46,45,47,-1,46,47,48,-1,48,47,49,-1,48,49,50,-1,50,49,51,-1,50,51,52,-1,52,51,53,-1,52,53,54,-1,54,53,55,-1,54,55,56,-1,56,55,57,-1,56,57,58,-1,58,57,59,-1,58,59,60,-1,60,59,61,-1,60,61,62,-1,62,61,63,-1,64,65,63,-1,63,65,66,-1,63,66,62,-1,64,67,65,-1,65,67,68,-1,65,68,69,-1,70,69,71,-1,71,69,68,-1,70,71,72,-1,70,72,73,-1,74,75,76,-1,76,75,73,-1,76,73,77,-1,77,73,72,-1,75,74,78,-1,75,78,79,-1,78,80,79,-1,79,80,81,-1,79,81,82,-1,82,81,83,-1,82,83,84,-1,84,83,85,-1,84,85,86,-1,86,85,87,-1,88,89,87,-1,87,89,90,-1,87,90,86,-1,88,91,89,-1,89,91,92,-1,89,92,93,-1,93,92,94,-1,93,94,95,-1,95,94,96,-1,97,98,96,-1,96,98,99,-1,96,99,95,-1,97,100,98,-1,98,100,101,-1,98,101,102,-1,102,101,103,-1,102,103,104,-1,16,15,105,-1,104,103,106,-1,104,106,107,-1,107,106,108,-1,107,108,109,-1,109,108,110,-1,109,110,105,-1,105,110,111,-1,105,111,16,-1,48,50,90,-1,90,50,86,-1,95,46,93,-1,93,46,48,-1,93,48,89,-1,89,48,90,-1,50,52,86,-1,86,52,54,-1,86,54,84,-1,84,54,56,-1,84,56,82,-1,82,56,79,-1,79,56,58,-1,79,58,75,-1,13,22,14,-1,14,22,25,-1,14,25,17,-1,17,25,28,-1,17,28,15,-1,15,28,30,-1,15,30,105,-1,105,30,32,-1,105,32,109,-1,109,32,34,-1,109,34,107,-1,107,34,36,-1,107,36,104,-1,104,36,38,-1,104,38,102,-1,102,38,40,-1,102,40,98,-1,98,40,99,-1,99,40,42,-1,99,42,95,-1,95,42,44,-1,95,44,46,-1,58,60,75,-1,75,60,62,-1,75,62,73,-1,73,62,66,-1,73,66,70,-1,70,66,65,-1,70,65,69,-1,112,113,114,-1,114,113,115,-1,116,117,118,-1,118,117,112,-1,118,112,114,-1,119,117,120,-1,120,117,116,-1,119,120,121,-1,121,120,122,-1,121,122,123,-1,124,121,125,-1,125,121,123,-1,126,127,128,-1,128,127,124,-1,128,124,125,-1,129,127,130,-1,130,127,126,-1,129,130,131,-1,131,130,132,-1,131,132,133,-1,134,131,135,-1,135,131,133,-1,136,137,138,-1,138,137,134,-1,138,134,135,-1,139,137,140,-1,140,137,136,-1,139,140,113,-1,113,140,141,-1,113,141,115,-1,139,113,112,-1,112,117,139,-1,139,117,119,-1,139,119,137,-1,131,134,129,-1,129,134,137,-1,129,137,127,-1,127,137,119,-1,127,119,124,-1,124,119,121,-1,142,143,144,-1,144,143,145,-1,144,145,146,-1,146,145,147,-1,146,147,148,-1,148,147,149,-1,148,149,150,-1,150,149,151,-1,150,151,152,-1,152,151,153,-1,152,153,154,-1,153,155,154,-1,154,155,156,-1,154,156,157,-1,157,156,158,-1,157,158,159,-1,159,158,160,-1,159,160,161,-1,161,160,162,-1,161,162,163,-1,163,162,164,-1,163,164,165,-1,165,164,166,-1,165,166,167,-1,167,166,168,-1,167,168,169,-1,169,168,170,-1,169,170,171,-1,171,170,172,-1,171,172,173,-1,173,172,174,-1,173,174,175,-1,175,174,176,-1,175,176,142,-1,142,176,177,-1,142,177,143,-1,148,150,178,-1,178,150,179,-1,148,178,180,-1,148,180,146,-1,146,180,181,-1,146,181,144,-1,144,181,182,-1,144,182,142,-1,142,182,183,-1,142,183,175,-1,175,183,184,-1,175,184,173,-1,173,184,185,-1,173,185,171,-1,171,185,186,-1,171,186,169,-1,169,186,187,-1,169,187,167,-1,167,187,188,-1,167,188,165,-1,165,188,189,-1,165,189,163,-1,163,189,190,-1,163,190,161,-1,161,190,191,-1,161,191,159,-1,159,191,192,-1,159,192,157,-1,157,192,193,-1,157,193,154,-1,152,154,194,-1,194,154,193,-1,150,152,179,-1,179,152,194,-1,155,153,195,-1,195,153,196,-1,153,151,196,-1,196,151,197,-1,151,149,197,-1,197,149,198,-1,177,199,200,-1,177,200,143,-1,143,200,201,-1,143,201,145,-1,145,201,202,-1,145,202,147,-1,147,202,198,-1,147,198,149,-1,170,203,204,-1,170,204,172,-1,172,204,205,-1,172,205,174,-1,174,205,206,-1,174,206,176,-1,176,206,199,-1,176,199,177,-1,162,207,208,-1,162,208,164,-1,164,208,209,-1,164,209,166,-1,166,209,210,-1,166,210,168,-1,168,210,203,-1,168,203,170,-1,155,195,211,-1,155,211,156,-1,156,211,212,-1,156,212,158,-1,158,212,213,-1,158,213,160,-1,160,213,207,-1,160,207,162,-1,
        ]
    }
}
Shape{
    appearance Appearance {
        material  Material 	{
            diffuseColor 1.0 1.0 1.0
            specularColor 0.8784313725490196 0.8784313725490196 0.8784313725490196
            ambientIntensity 1.0
            transparency 0.0
            shininess 0.5
        }
    }
    geometry IndexedFaceSet {
        ccw TRUE
        solid FALSE
        coord DEF co Coordinate {
            point [
                1.498 0.1764 0.6294, 1.498 0.1816 0.633, 1.498 0.1598 0.6872, 1.498 0.1471 0.6872, 1.498 0.1471 0.6255, 1.498 0.1592 0.6872, 1.498 0.1587 0.6255, 1.498 0.1698 0.6268, 1.498 0.1825 0.6339, 1.498 0.1864 0.6386, 1.498 0.1892 0.6445, 1.498 0.1911 0.6572, 1.498 0.1823 0.6797, 1.498 0.1769 0.6833, 1.498 0.1899 0.6671, 1.498 0.1876 0.673, 1.498 0.1845 0.6775, 1.498 0.1908 0.6518, 1.498 0.1701 0.686
            ]
        }
        coordIndex [
            0,1,2,-1,3,4,5,-1,5,4,6,-1,5,6,2,-1,2,6,7,-1,2,7,0,-1,1,8,2,-1,2,8,9,-1,2,9,10,-1,11,12,13,-1,14,15,11,-1,11,15,16,-1,11,16,12,-1,10,17,2,-1,2,17,11,-1,2,11,18,-1,18,11,13,-1,
        ]
    }
}
Shape{
    appearance Appearance {
        material  Material 	{
            diffuseColor 1.0 1.0 1.0
            specularColor 0.5019607843137255 0.5019607843137255 0.5019607843137255
            ambientIntensity 1.0
            transparency 0.0
            shininess 0.5
        }
    }
    geometry IndexedFaceSet {
        ccw TRUE
        solid FALSE
        coord DEF co Coordinate {
            point [
                1.502 0.2288 0.6473, 1.502 0.2255 0.6383, 1.502 0.2556 0.6473, 1.502 0.2588 0.6383, 1.502 0.2407 0.6806, 1.502 0.2369 0.6965, 1.502 0.2064 0.6164, 1.502 0.2178 0.6164, 1.502 0.2414 0.683, 1.502 0.2421 0.6862, 1.502 0.2479 0.6965, 1.502 0.2423 0.6862, 1.502 0.2429 0.6828, 1.502 0.2435 0.6806, 1.502 0.2784 0.6164, 1.502 0.267 0.6164, 1.498 0.2479 0.6965, 1.498 0.2784 0.6164, 1.498 0.2369 0.6965, 1.498 0.2064 0.6164, 1.498 0.2295 0.677, 1.498 0.2178 0.6164, 1.498 0.2255 0.6383, 1.498 0.2588 0.6383, 1.498 0.2295 0.6383, 1.498 0.267 0.6164, 1.498 0.2288 0.6473, 1.498 0.2556 0.6473, 1.498 0.2435 0.6806, 1.498 0.2423 0.6862, 1.498 0.2429 0.6828, 1.498 0.2421 0.6862, 1.498 0.2407 0.6806, 1.498 0.2414 0.683
            ]
        }
        coordIndex [
            0,1,2,-1,2,1,3,-1,4,5,0,-1,0,5,6,-1,0,6,1,-1,1,6,7,-1,4,8,5,-1,5,8,9,-1,5,9,10,-1,10,9,11,-1,10,11,12,-1,12,13,10,-1,10,13,2,-1,10,2,14,-1,14,2,3,-1,14,3,15,-1,10,14,16,-1,16,14,17,-1,5,10,18,-1,18,10,16,-1,19,6,20,-1,20,6,5,-1,20,5,18,-1,7,6,21,-1,21,6,19,-1,1,7,22,-1,22,7,21,-1,23,3,24,-1,24,3,1,-1,24,1,22,-1,15,3,25,-1,25,3,23,-1,14,15,17,-1,17,15,25,-1,0,2,26,-1,26,2,27,-1,2,13,27,-1,27,13,28,-1,11,29,30,-1,11,30,12,-1,12,30,28,-1,12,28,13,-1,11,9,29,-1,29,9,31,-1,4,32,33,-1,4,33,8,-1,8,33,31,-1,8,31,9,-1,4,0,32,-1,32,0,26,-1,
        ]
    }
}
Shape{
    appearance Appearance {
        material  Material 	{
            diffuseColor 1.0 1.0 1.0
            specularColor 0.8784313725490196 0.8784313725490196 0.8784313725490196
            ambientIntensity 1.0
            transparency 0.0
            shininess 0.5
        }
    }
    geometry IndexedFaceSet {
        ccw TRUE
        solid FALSE
        coord DEF co Coordinate {
            point [
                1.498 0.2423 0.6862, 1.498 0.2421 0.6862, 1.498 0.2429 0.6828, 1.498 0.2414 0.683, 1.498 0.2435 0.6806, 1.498 0.2407 0.6806, 1.498 0.2556 0.6473, 1.498 0.2288 0.6473
            ]
        }
        coordIndex [
            0,1,2,-1,2,1,3,-1,2,3,4,-1,4,3,5,-1,4,5,6,-1,6,5,7,-1,
        ]
    }
}
Shape{
    appearance Appearance {
        material  Material 	{
            diffuseColor 1.0 1.0 1.0
            specularColor 0.5019607843137255 0.5019607843137255 0.5019607843137255
            ambientIntensity 1.0
            transparency 0.0
            shininess 0.5
        }
    }
    geometry IndexedFaceSet {
        ccw TRUE
        solid FALSE
        coord DEF co Coordinate {
            point [
                1.502 0.0001 0.4985, 1.502 0.0001 0.4894, 1.498 0.0001 0.4985, 1.498 0.0001 0.4894, 1.502 -0.0326 0.4985, 1.498 -0.0326 0.4985, 1.502 -0.0326 0.5254, 1.498 -0.0326 0.5254, 1.502 -0.0039 0.5254, 1.498 -0.0039 0.5254, 1.502 -0.0039 0.5346, 1.498 -0.0039 0.5346, 1.502 -0.0326 0.5346, 1.498 -0.0326 0.5346, 1.502 -0.0326 0.5602, 1.498 -0.0326 0.5602, 1.502 -0.0017 0.5602, 1.498 -0.0017 0.5602, 1.502 -0.0017 0.5694, 1.498 -0.0017 0.5694, 1.502 -0.0429 0.5694, 1.498 -0.0429 0.5694, 1.502 -0.0429 0.4894, 1.498 -0.0429 0.4894, 1.502 0.0454 0.4982, 1.502 0.0457 0.4982, 1.502 0.045 0.5074, 1.502 0.0457 0.5119, 1.502 0.0557 0.5262, 1.502 0.0457 0.5126, 1.502 0.0457 0.5181, 1.502 0.0457 0.4894, 1.502 0.0557 0.4894, 1.502 0.02 0.5071, 1.502 0.0205 0.5094, 1.502 0.0119 0.5139, 1.502 0.0435 0.5039, 1.502 0.0414 0.5009, 1.502 0.0438 0.4957, 1.502 0.0401 0.4997, 1.502 0.0406 0.4924, 1.502 0.0373 0.4978, 1.502 0.0371 0.4901, 1.502 0.0342 0.4967, 1.502 0.0331 0.4886, 1.502 0.0305 0.4962, 1.502 0.0279 0.488, 1.502 0.0271 0.4966, 1.502 0.0219 0.4887, 1.502 0.0248 0.4975, 1.502 0.018 0.4902, 1.502 0.0228 0.4988, 1.502 0.0147 0.4925, 1.502 0.022 0.4997, 1.502 0.0139 0.5167, 1.502 0.0214 0.5113, 1.502 0.017 0.5194, 1.502 0.0226 0.5127, 1.502 0.0214 0.5216, 1.502 0.0238 0.5137, 1.502 0.0261 0.5148, 1.502 0.0287 0.5233, 1.502 0.0323 0.5163, 1.502 0.0457 0.5257, 1.502 0.0104 0.5104, 1.502 0.0098 0.5061, 1.502 0.0199 0.5055, 1.502 0.0097 0.5047, 1.502 0.0202 0.5032, 1.502 0.0102 0.5001, 1.502 0.0208 0.5014, 1.502 0.0115 0.4967, 1.502 0.0135 0.4936, 1.502 0.0153 0.5425, 1.502 0.0153 0.5328, 1.502 0.0174 0.5438, 1.502 0.0213 0.5367, 1.502 0.0249 0.5466, 1.502 0.0276 0.539, 1.502 0.035 0.5479, 1.502 0.0341 0.5397, 1.502 0.0411 0.5473, 1.502 0.0375 0.5394, 1.502 0.0453 0.546, 1.502 0.0398 0.5385, 1.502 0.0487 0.5441, 1.502 0.0416 0.5374, 1.502 0.0513 0.5415, 1.502 0.0431 0.5358, 1.502 0.0534 0.5383, 1.502 0.0443 0.5337, 1.502 0.0549 0.5337, 1.502 0.0453 0.5302, 1.498 0.035 0.5479, 1.498 0.0249 0.5466, 1.498 0.0174 0.5438, 1.498 0.0153 0.5425, 1.498 0.0153 0.5328, 1.498 0.0213 0.5367, 1.498 0.0276 0.539, 1.498 0.0341 0.5397, 1.498 0.0375 0.5394, 1.498 0.0398 0.5385, 1.498 0.0416 0.5374, 1.498 0.0431 0.5358, 1.498 0.0443 0.5337, 1.498 0.0453 0.5302, 1.498 0.0457 0.5257, 1.498 0.0287 0.5233, 1.498 0.0214 0.5216, 1.498 0.017 0.5194, 1.498 0.0139 0.5167, 1.498 0.0119 0.5139, 1.498 0.0104 0.5104, 1.498 0.0098 0.5061, 1.498 0.0097 0.5047, 1.498 0.0102 0.5001, 1.498 0.0115 0.4967, 1.498 0.0135 0.4936, 1.498 0.0147 0.4925, 1.498 0.0279 0.488, 1.498 0.0221 0.4887, 1.498 0.0219 0.4887, 1.498 0.018 0.4902, 1.498 0.0331 0.4886, 1.498 0.0333 0.4887, 1.498 0.0371 0.4901, 1.498 0.0406 0.4924, 1.498 0.0438 0.4957, 1.498 0.0454 0.4982, 1.498 0.0457 0.4982, 1.498 0.0457 0.4894, 1.498 0.0557 0.4894, 1.498 0.0557 0.5262, 1.498 0.0549 0.5337, 1.498 0.0534 0.5383, 1.498 0.0513 0.5415, 1.498 0.0487 0.5441, 1.498 0.0453 0.546, 1.498 0.0411 0.5473, 1.498 0.0226 0.5127, 1.498 0.0238 0.5137, 1.498 0.0261 0.5148, 1.498 0.0323 0.5163, 1.498 0.0199 0.5055, 1.498 0.02 0.5071, 1.498 0.0205 0.5094, 1.498 0.0214 0.5113, 1.498 0.0228 0.4988, 1.498 0.022 0.4997, 1.498 0.0208 0.5014, 1.498 0.0202 0.5032, 1.498 0.0305 0.4962, 1.498 0.0271 0.4966, 1.498 0.0248 0.4975, 1.498 0.0414 0.5009, 1.498 0.0401 0.4997, 1.498 0.0373 0.4978, 1.498 0.0342 0.4967, 1.498 0.0457 0.5126, 1.498 0.0457 0.5119, 1.498 0.045 0.5074, 1.498 0.0435 0.5039, 1.498 0.0457 0.5181
            ]
        }
        coordIndex [
            0,1,2,-1,2,1,3,-1,4,0,5,-1,5,0,2,-1,6,4,7,-1,7,4,5,-1,8,6,9,-1,9,6,7,-1,10,8,11,-1,11,8,9,-1,12,10,13,-1,13,10,11,-1,14,12,15,-1,15,12,13,-1,16,14,17,-1,17,14,15,-1,18,16,19,-1,19,16,17,-1,20,18,21,-1,21,18,19,-1,22,20,23,-1,23,20,21,-1,1,22,3,-1,3,22,23,-1,22,1,0,-1,0,4,22,-1,22,4,6,-1,22,6,20,-1,16,18,14,-1,14,18,20,-1,14,20,12,-1,12,20,6,-1,12,6,10,-1,10,6,8,-1,24,25,26,-1,27,28,29,-1,29,28,30,-1,31,32,25,-1,25,32,28,-1,25,28,26,-1,26,28,27,-1,33,34,35,-1,26,36,24,-1,24,36,37,-1,24,37,38,-1,38,37,39,-1,38,39,40,-1,40,39,41,-1,40,41,42,-1,42,41,43,-1,42,43,44,-1,44,43,45,-1,44,45,46,-1,46,45,47,-1,46,47,48,-1,48,47,49,-1,48,49,50,-1,50,49,51,-1,50,51,52,-1,52,51,53,-1,35,34,54,-1,54,34,55,-1,54,55,56,-1,56,55,57,-1,56,57,58,-1,57,59,58,-1,58,59,60,-1,58,60,61,-1,61,60,62,-1,61,62,63,-1,35,64,33,-1,33,64,65,-1,33,65,66,-1,66,65,67,-1,66,67,68,-1,68,67,69,-1,68,69,70,-1,70,69,71,-1,70,71,53,-1,53,71,72,-1,53,72,52,-1,73,74,75,-1,75,74,76,-1,75,76,77,-1,77,76,78,-1,77,78,79,-1,79,78,80,-1,79,80,81,-1,81,80,82,-1,81,82,83,-1,83,82,84,-1,83,84,85,-1,85,84,86,-1,85,86,87,-1,87,86,88,-1,87,88,89,-1,89,88,90,-1,89,90,91,-1,91,90,92,-1,91,92,28,-1,28,92,63,-1,28,63,30,-1,30,63,62,-1,79,93,94,-1,79,94,77,-1,77,94,95,-1,77,95,75,-1,75,95,96,-1,75,96,73,-1,74,73,97,-1,97,73,96,-1,74,97,98,-1,74,98,76,-1,76,98,99,-1,76,99,78,-1,78,99,100,-1,78,100,80,-1,80,100,101,-1,80,101,82,-1,82,101,102,-1,82,102,84,-1,84,102,103,-1,84,103,86,-1,86,103,104,-1,86,104,88,-1,88,104,105,-1,88,105,90,-1,90,105,106,-1,90,106,92,-1,92,106,107,-1,92,107,63,-1,61,63,108,-1,108,63,107,-1,61,108,109,-1,61,109,58,-1,58,109,110,-1,58,110,56,-1,56,110,111,-1,56,111,54,-1,54,111,112,-1,54,112,35,-1,35,112,113,-1,35,113,64,-1,64,113,114,-1,64,114,65,-1,65,114,115,-1,65,115,67,-1,67,115,116,-1,67,116,69,-1,69,116,117,-1,69,117,71,-1,71,117,118,-1,71,118,72,-1,72,118,119,-1,72,119,52,-1,120,46,121,-1,121,46,48,-1,121,48,122,-1,122,48,50,-1,122,50,123,-1,123,50,52,-1,123,52,119,-1,46,120,124,-1,46,124,44,-1,44,124,125,-1,44,125,42,-1,125,126,42,-1,42,126,127,-1,42,127,40,-1,40,127,128,-1,40,128,38,-1,38,128,129,-1,38,129,24,-1,25,24,130,-1,130,24,129,-1,31,25,131,-1,131,25,130,-1,32,31,132,-1,132,31,131,-1,28,32,133,-1,133,32,132,-1,28,133,134,-1,28,134,91,-1,91,134,135,-1,91,135,89,-1,89,135,136,-1,89,136,87,-1,87,136,137,-1,87,137,85,-1,85,137,138,-1,85,138,83,-1,83,138,139,-1,83,139,81,-1,81,139,93,-1,81,93,79,-1,57,140,141,-1,57,141,59,-1,59,141,142,-1,59,142,60,-1,60,142,143,-1,60,143,62,-1,66,144,145,-1,66,145,33,-1,33,145,146,-1,33,146,34,-1,34,146,147,-1,34,147,55,-1,55,147,140,-1,55,140,57,-1,51,148,149,-1,51,149,53,-1,53,149,150,-1,53,150,70,-1,70,150,151,-1,70,151,68,-1,68,151,144,-1,68,144,66,-1,45,152,153,-1,45,153,47,-1,47,153,154,-1,47,154,49,-1,49,154,148,-1,49,148,51,-1,37,155,156,-1,37,156,39,-1,39,156,157,-1,39,157,41,-1,41,157,158,-1,41,158,43,-1,43,158,152,-1,43,152,45,-1,29,159,160,-1,29,160,27,-1,27,160,161,-1,27,161,26,-1,26,161,162,-1,26,162,36,-1,36,162,155,-1,36,155,37,-1,29,30,159,-1,159,30,163,-1,30,62,163,-1,163,62,143,-1,
        ]
    }
}
Shape{
    appearance Appearance {
        material  Material 	{
            diffuseColor 1.0 1.0 1.0
            specularColor 0.8784313725490196 0.8784313725490196 0.8784313725490196
            ambientIntensity 1.0
            transparency 0.0
            shininess 0.5
        }
    }
    geometry IndexedFaceSet {
        ccw TRUE
        solid FALSE
        coord DEF co Coordinate {
            point [
                1.498 0.0457 0.5119, 1.498 0.0457 0.5126, 1.498 0.0226 0.5127, 1.498 0.0457 0.5181, 1.498 0.0323 0.5163, 1.498 0.0261 0.5148, 1.498 0.0238 0.5137, 1.498 0.045 0.5074, 1.498 0.0214 0.5113, 1.498 0.0435 0.5039, 1.498 0.022 0.4997, 1.498 0.0228 0.4988, 1.498 0.0401 0.4997, 1.498 0.0208 0.5014, 1.498 0.0373 0.4978, 1.498 0.0342 0.4967, 1.498 0.0305 0.4962, 1.498 0.0205 0.5094, 1.498 0.02 0.5071, 1.498 0.0414 0.5009, 1.498 0.0199 0.5055, 1.498 0.0202 0.5032, 1.498 0.0248 0.4975, 1.498 0.0271 0.4966
            ]
        }
        coordIndex [
            0,1,2,-1,1,3,4,-1,4,5,1,-1,1,5,6,-1,1,6,2,-1,0,2,7,-1,7,2,8,-1,7,8,9,-1,10,11,12,-1,10,12,13,-1,14,12,15,-1,15,12,16,-1,8,17,9,-1,9,17,18,-1,9,18,19,-1,19,18,20,-1,19,20,12,-1,12,20,21,-1,12,21,13,-1,11,22,12,-1,12,22,23,-1,12,23,16,-1,
        ]
    }
}
Shape{
    appearance Appearance {
        material  Material 	{
            diffuseColor 1.0 1.0 1.0
            specularColor 0.5019607843137255 0.5019607843137255 0.5019607843137255
            ambientIntensity 1.0
            transparency 0.0
            shininess 0.5
        }
    }
    geometry IndexedFaceSet {
        ccw TRUE
        solid FALSE
        coord DEF co Coordinate {
            point [
                1.498 0.0693 0.5017, 1.502 0.0693 0.5017, 1.502 0.0732 0.4993, 1.502 0.0858 0.4962, 1.498 0.0858 0.4962, 1.498 0.0795 0.4969, 1.502 0.0795 0.4969, 1.498 0.0739 0.499, 1.498 0.0732 0.4993, 1.502 0.0693 0.4914, 1.498 0.0693 0.4914, 1.498 0.0739 0.4897, 1.502 0.0755 0.4891, 1.498 0.0848 0.488, 1.502 0.0848 0.488, 1.498 0.079 0.4887, 1.498 0.0755 0.4891, 1.498 0.0917 0.4887, 1.502 0.0925 0.4888, 1.498 0.0925 0.4888, 1.498 0.0981 0.4906, 1.502 0.0981 0.4906, 1.498 0.1015 0.4926, 1.502 0.1015 0.4926, 1.498 0.1043 0.4951, 1.502 0.1043 0.4951, 1.498 0.1062 0.4977, 1.502 0.1062 0.4977, 1.498 0.1074 0.5009, 1.502 0.1074 0.5009, 1.498 0.1079 0.5049, 1.502 0.1079 0.5049, 1.498 0.1075 0.5087, 1.502 0.1075 0.5087, 1.498 0.1064 0.5116, 1.502 0.1064 0.5116, 1.498 0.1046 0.5144, 1.502 0.1046 0.5144, 1.498 0.1022 0.5165, 1.502 0.1022 0.5165, 1.498 0.0955 0.5202, 1.502 0.0955 0.5202, 1.498 0.0916 0.5218, 1.502 0.0916 0.5218, 1.498 0.0854 0.5245, 1.502 0.0854 0.5245, 1.498 0.0819 0.5267, 1.502 0.0819 0.5267, 1.498 0.0809 0.5278, 1.502 0.0809 0.5278, 1.498 0.0802 0.5291, 1.502 0.0802 0.5291, 1.498 0.0798 0.5307, 1.502 0.0798 0.5307, 1.498 0.0797 0.532, 1.502 0.0797 0.532, 1.498 0.0799 0.5336, 1.502 0.0799 0.5336, 1.498 0.0804 0.535, 1.502 0.0804 0.535, 1.498 0.0812 0.5363, 1.502 0.0812 0.5363, 1.498 0.0827 0.5376, 1.502 0.0827 0.5376, 1.498 0.085 0.5388, 1.502 0.085 0.5388, 1.498 0.0877 0.5395, 1.502 0.0877 0.5395, 1.498 0.0906 0.5397, 1.502 0.0906 0.5397, 1.498 0.0972 0.539, 1.502 0.0972 0.539, 1.498 0.1028 0.5369, 1.502 0.1028 0.5369, 1.498 0.1052 0.5356, 1.502 0.1052 0.5356, 1.502 0.1052 0.5453, 1.498 0.1052 0.5453, 1.498 0.0985 0.5473, 1.502 0.0985 0.5473, 1.498 0.0916 0.5479, 1.502 0.0916 0.5479, 1.498 0.0845 0.5471, 1.502 0.0845 0.5471, 1.498 0.0789 0.5452, 1.502 0.0789 0.5452, 1.498 0.0758 0.5433, 1.502 0.0758 0.5433, 1.498 0.0739 0.5417, 1.502 0.0728 0.5406, 1.498 0.0728 0.5406, 1.498 0.0709 0.5379, 1.502 0.0709 0.5379, 1.498 0.0697 0.5347, 1.502 0.0697 0.5347, 1.498 0.0693 0.5311, 1.502 0.0693 0.5311, 1.498 0.0698 0.5272, 1.502 0.0698 0.5272, 1.498 0.0709 0.5242, 1.502 0.0709 0.5242, 1.498 0.0722 0.5221, 1.502 0.0722 0.5221, 1.498 0.0845 0.5145, 1.502 0.0845 0.5145, 1.502 0.0786 0.5172, 1.498 0.0738 0.5204, 1.502 0.0738 0.5204, 1.498 0.0739 0.5203, 1.498 0.0786 0.5172, 1.498 0.0911 0.5117, 1.502 0.0911 0.5117, 1.498 0.095 0.5094, 1.502 0.095 0.5094, 1.498 0.0963 0.5081, 1.502 0.0963 0.5081, 1.498 0.0971 0.5068, 1.502 0.0971 0.5068, 1.498 0.0975 0.5052, 1.502 0.0975 0.5052, 1.498 0.0976 0.5039, 1.502 0.0976 0.5039, 1.498 0.0974 0.502, 1.502 0.0974 0.502, 1.498 0.0969 0.5006, 1.502 0.0969 0.5006, 1.498 0.096 0.4993, 1.502 0.096 0.4993, 1.498 0.0949 0.4983, 1.502 0.0949 0.4983, 1.498 0.094 0.4977, 1.502 0.094 0.4977, 1.498 0.0914 0.4968, 1.502 0.0914 0.4968, 1.498 0.0862 0.4962, 1.502 0.0862 0.4962, 1.502 0.1576 0.5466, 1.502 0.168 0.5466, 1.498 0.1576 0.5466, 1.498 0.168 0.5466, 1.502 0.142 0.5035, 1.498 0.142 0.5035, 1.498 0.1412 0.5008, 1.502 0.1412 0.5008, 1.498 0.1408 0.4989, 1.502 0.1408 0.4989, 1.502 0.1405 0.4989, 1.498 0.1405 0.4989, 1.502 0.1393 0.5036, 1.498 0.1393 0.5036, 1.498 0.1243 0.5466, 1.502 0.1243 0.5466, 1.498 0.1292 0.5326, 1.502 0.1131 0.5466, 1.498 0.1131 0.5466, 1.498 0.1356 0.4895, 1.502 0.1356 0.4895, 1.498 0.1292 0.5057, 1.498 0.1312 0.4791, 1.502 0.1312 0.4791, 1.498 0.1352 0.4887, 1.498 0.1292 0.4755, 1.502 0.1292 0.4755, 1.498 0.1292 0.4755, 1.498 0.1273 0.4734, 1.502 0.1273 0.4734, 1.498 0.1256 0.4722, 1.502 0.1256 0.4722, 1.498 0.1234 0.4713, 1.502 0.1234 0.4713, 1.498 0.1209 0.471, 1.502 0.1209 0.471, 1.498 0.1172 0.4715, 1.502 0.1172 0.4715, 1.498 0.1152 0.4722, 1.502 0.1152 0.4722, 1.502 0.1152 0.4632, 1.498 0.1152 0.4632, 1.498 0.1194 0.4625, 1.502 0.1194 0.4625, 1.498 0.1217 0.4624, 1.502 0.1217 0.4624, 1.498 0.1257 0.4629, 1.502 0.1257 0.4629, 1.498 0.1292 0.4642, 1.502 0.1297 0.4644, 1.498 0.1297 0.4644, 1.498 0.1332 0.4669, 1.502 0.1332 0.4669, 1.498 0.1339 0.4675, 1.502 0.1339 0.4675, 1.498 0.1375 0.4719, 1.502 0.1375 0.4719, 1.498 0.1421 0.4807, 1.502 0.1421 0.4807, 1.498 0.1452 0.4887, 1.502 0.2219 0.4985, 1.502 0.2219 0.4894, 1.498 0.2219 0.4985, 1.498 0.2219 0.4894, 1.498 0.1892 0.4985, 1.502 0.1892 0.4985, 1.498 0.2042 0.4985, 1.502 0.1892 0.5254, 1.498 0.1892 0.5254, 1.498 0.2178 0.5254, 1.502 0.2178 0.5254, 1.498 0.2042 0.5254, 1.502 0.2178 0.5346, 1.498 0.2178 0.5346, 1.498 0.1892 0.5346, 1.502 0.1892 0.5346, 1.498 0.2042 0.5346, 1.502 0.1892 0.5602, 1.498 0.1892 0.5602, 1.498 0.2201 0.5602, 1.502 0.2201 0.5602, 1.498 0.2042 0.5602, 1.502 0.2201 0.5694, 1.498 0.2201 0.5694, 1.498 0.1788 0.5694, 1.502 0.1788 0.5694, 1.498 0.2042 0.5694, 1.502 0.1788 0.4894, 1.498 0.1788 0.4894, 1.498 0.2042 0.4894, 1.502 0.2901 0.5006, 1.502 0.2818 0.506, 1.502 0.2817 0.4946, 1.502 0.2767 0.5024, 1.502 0.2726 0.491, 1.502 0.27 0.4998, 1.502 0.259 0.4894, 1.502 0.259 0.4985, 1.502 0.237 0.4894, 1.502 0.2474 0.4985, 1.502 0.237 0.5694, 1.502 0.2474 0.5602, 1.502 0.2599 0.5694, 1.502 0.2594 0.5602, 1.502 0.2601 0.5602, 1.502 0.2721 0.5681, 1.502 0.2704 0.5589, 1.502 0.2817 0.5646, 1.502 0.2772 0.5563, 1.502 0.2901 0.5588, 1.502 0.2826 0.5527, 1.502 0.293 0.5561, 1.502 0.2848 0.5505, 1.502 0.2979 0.5491, 1.502 0.2879 0.546, 1.502 0.3009 0.5414, 1.502 0.2902 0.5401, 1.502 0.3022 0.5304, 1.502 0.2913 0.5301, 1.502 0.302 0.5253, 1.502 0.291 0.5248, 1.502 0.3 0.5159, 1.502 0.2895 0.5175, 1.502 0.2961 0.5077, 1.502 0.2867 0.5116, 1.502 0.2828 0.5068, 1.498 0.259 0.4894, 1.498 0.237 0.4894, 1.498 0.2726 0.491, 1.498 0.2817 0.4946, 1.498 0.2901 0.5006, 1.498 0.2961 0.5077, 1.498 0.3 0.5159, 1.498 0.302 0.5253, 1.498 0.3022 0.5304, 1.498 0.3009 0.5414, 1.498 0.2979 0.5491, 1.498 0.293 0.5561, 1.498 0.2901 0.5588, 1.498 0.2817 0.5646, 1.498 0.2721 0.5681, 1.498 0.2599 0.5694, 1.498 0.237 0.5694, 1.498 0.2594 0.5602, 1.498 0.2474 0.5602, 1.498 0.2474 0.4985, 1.498 0.259 0.4985, 1.498 0.2828 0.5068, 1.498 0.2818 0.506, 1.498 0.2767 0.5024, 1.498 0.27 0.4998, 1.498 0.2913 0.5301, 1.498 0.291 0.5248, 1.498 0.2895 0.5175, 1.498 0.2867 0.5116, 1.498 0.2826 0.5527, 1.498 0.2848 0.5505, 1.498 0.2879 0.546, 1.498 0.2902 0.5401, 1.498 0.2601 0.5602, 1.498 0.2704 0.5589, 1.498 0.2772 0.5563
            ]
        }
        coordIndex [
            0,1,2,-1,3,4,5,-1,3,5,6,-1,6,5,7,-1,6,7,2,-1,2,7,8,-1,2,8,0,-1,9,1,10,-1,10,1,0,-1,10,11,9,-1,9,11,12,-1,13,14,15,-1,15,14,12,-1,15,12,16,-1,16,12,11,-1,13,17,14,-1,14,17,18,-1,17,19,18,-1,18,19,20,-1,18,20,21,-1,21,20,22,-1,21,22,23,-1,23,22,24,-1,23,24,25,-1,25,24,26,-1,25,26,27,-1,27,26,28,-1,27,28,29,-1,29,28,30,-1,29,30,31,-1,31,30,32,-1,31,32,33,-1,33,32,34,-1,33,34,35,-1,35,34,36,-1,35,36,37,-1,37,36,38,-1,37,38,39,-1,39,38,40,-1,39,40,41,-1,41,40,42,-1,41,42,43,-1,43,42,44,-1,43,44,45,-1,45,44,46,-1,45,46,47,-1,47,46,48,-1,47,48,49,-1,49,48,50,-1,49,50,51,-1,51,50,52,-1,51,52,53,-1,53,52,54,-1,53,54,55,-1,55,54,56,-1,55,56,57,-1,57,56,58,-1,57,58,59,-1,59,58,60,-1,59,60,61,-1,61,60,62,-1,61,62,63,-1,63,62,64,-1,63,64,65,-1,65,64,66,-1,65,66,67,-1,67,66,68,-1,67,68,69,-1,69,68,70,-1,69,70,71,-1,71,70,72,-1,71,72,73,-1,73,72,74,-1,73,74,75,-1,76,75,77,-1,77,75,74,-1,76,77,78,-1,76,78,79,-1,79,78,80,-1,79,80,81,-1,81,80,82,-1,81,82,83,-1,83,82,84,-1,83,84,85,-1,85,84,86,-1,85,86,87,-1,86,88,87,-1,87,88,89,-1,88,90,89,-1,89,90,91,-1,89,91,92,-1,92,91,93,-1,92,93,94,-1,94,93,95,-1,94,95,96,-1,96,95,97,-1,96,97,98,-1,98,97,99,-1,98,99,100,-1,100,99,101,-1,100,101,102,-1,103,104,105,-1,102,101,106,-1,102,106,107,-1,107,106,108,-1,107,108,105,-1,105,108,109,-1,105,109,103,-1,104,103,110,-1,104,110,111,-1,111,110,112,-1,111,112,113,-1,113,112,114,-1,113,114,115,-1,115,114,116,-1,115,116,117,-1,117,116,118,-1,117,118,119,-1,119,118,120,-1,119,120,121,-1,121,120,122,-1,121,122,123,-1,123,122,124,-1,123,124,125,-1,125,124,126,-1,125,126,127,-1,127,126,128,-1,127,128,129,-1,129,128,130,-1,129,130,131,-1,131,130,132,-1,131,132,133,-1,133,132,134,-1,133,134,135,-1,135,134,4,-1,135,4,3,-1,61,63,85,-1,85,63,83,-1,45,104,43,-1,43,104,111,-1,43,111,41,-1,14,3,12,-1,12,3,6,-1,12,6,9,-1,9,6,2,-1,9,2,1,-1,63,65,83,-1,83,65,67,-1,83,67,81,-1,81,67,69,-1,81,69,79,-1,79,69,71,-1,79,71,76,-1,76,71,73,-1,76,73,75,-1,41,111,39,-1,39,111,113,-1,39,113,37,-1,37,113,115,-1,37,115,35,-1,35,115,117,-1,35,117,33,-1,33,117,119,-1,33,119,31,-1,31,119,121,-1,31,121,29,-1,29,121,123,-1,29,123,27,-1,27,123,125,-1,27,125,25,-1,25,125,127,-1,25,127,23,-1,23,127,129,-1,23,129,21,-1,21,129,131,-1,21,131,18,-1,18,131,133,-1,18,133,14,-1,14,133,135,-1,14,135,3,-1,85,87,61,-1,61,87,89,-1,61,89,59,-1,59,89,92,-1,59,92,57,-1,57,92,94,-1,57,94,55,-1,55,94,96,-1,55,96,53,-1,53,96,98,-1,53,98,51,-1,51,98,100,-1,51,100,49,-1,49,100,102,-1,49,102,47,-1,47,102,107,-1,47,107,45,-1,45,107,105,-1,45,105,104,-1,136,137,138,-1,138,137,139,-1,140,136,141,-1,141,136,138,-1,140,141,142,-1,140,142,143,-1,143,142,144,-1,143,144,145,-1,146,145,147,-1,147,145,144,-1,148,146,149,-1,149,146,147,-1,150,151,152,-1,152,151,148,-1,152,148,149,-1,153,151,154,-1,154,151,150,-1,155,156,157,-1,157,156,153,-1,157,153,154,-1,158,159,160,-1,160,159,156,-1,160,156,155,-1,158,161,159,-1,159,161,162,-1,161,163,162,-1,162,163,164,-1,162,164,165,-1,165,164,166,-1,165,166,167,-1,167,166,168,-1,167,168,169,-1,169,168,170,-1,169,170,171,-1,171,170,172,-1,171,172,173,-1,173,172,174,-1,173,174,175,-1,176,175,177,-1,177,175,174,-1,176,177,178,-1,176,178,179,-1,179,178,180,-1,179,180,181,-1,181,180,182,-1,181,182,183,-1,183,182,184,-1,183,184,185,-1,184,186,185,-1,185,186,187,-1,185,187,188,-1,188,187,189,-1,188,189,190,-1,190,189,191,-1,190,191,192,-1,192,191,193,-1,192,193,194,-1,139,137,195,-1,195,137,194,-1,195,194,193,-1,143,145,194,-1,137,136,194,-1,194,136,140,-1,194,140,143,-1,151,153,148,-1,148,153,156,-1,148,156,146,-1,175,176,173,-1,173,176,179,-1,173,179,171,-1,171,179,181,-1,171,181,169,-1,169,181,183,-1,169,183,167,-1,167,183,185,-1,167,185,165,-1,145,146,194,-1,194,146,156,-1,194,156,192,-1,156,159,192,-1,192,159,162,-1,192,162,190,-1,190,162,165,-1,190,165,188,-1,188,165,185,-1,196,197,198,-1,198,197,199,-1,200,201,202,-1,202,201,196,-1,202,196,198,-1,203,201,204,-1,204,201,200,-1,205,206,207,-1,207,206,203,-1,207,203,204,-1,208,206,209,-1,209,206,205,-1,210,211,212,-1,212,211,208,-1,212,208,209,-1,213,211,214,-1,214,211,210,-1,215,216,217,-1,217,216,213,-1,217,213,214,-1,218,216,219,-1,219,216,215,-1,220,221,222,-1,222,221,218,-1,222,218,219,-1,223,221,224,-1,224,221,220,-1,199,197,225,-1,225,197,223,-1,225,223,224,-1,216,218,213,-1,213,218,221,-1,213,221,211,-1,197,196,223,-1,223,196,201,-1,223,201,203,-1,206,208,203,-1,203,208,211,-1,203,211,223,-1,223,211,221,-1,226,227,228,-1,228,227,229,-1,228,229,230,-1,230,229,231,-1,230,231,232,-1,232,231,233,-1,232,233,234,-1,234,233,235,-1,234,235,236,-1,236,235,237,-1,236,237,238,-1,237,239,238,-1,238,239,240,-1,238,240,241,-1,241,240,242,-1,241,242,243,-1,243,242,244,-1,243,244,245,-1,245,244,246,-1,245,246,247,-1,247,246,248,-1,247,248,249,-1,249,248,250,-1,249,250,251,-1,251,250,252,-1,251,252,253,-1,253,252,254,-1,253,254,255,-1,255,254,256,-1,255,256,257,-1,257,256,258,-1,257,258,259,-1,259,258,260,-1,259,260,226,-1,226,260,261,-1,226,261,227,-1,232,234,262,-1,262,234,263,-1,232,262,264,-1,232,264,230,-1,230,264,265,-1,230,265,228,-1,228,265,266,-1,228,266,226,-1,226,266,267,-1,226,267,259,-1,259,267,268,-1,259,268,257,-1,257,268,269,-1,257,269,255,-1,255,269,270,-1,255,270,253,-1,253,270,271,-1,253,271,251,-1,251,271,272,-1,251,272,249,-1,249,272,273,-1,249,273,247,-1,247,273,274,-1,247,274,245,-1,245,274,275,-1,245,275,243,-1,243,275,276,-1,243,276,241,-1,241,276,277,-1,241,277,238,-1,236,238,278,-1,278,238,277,-1,234,236,263,-1,263,236,278,-1,239,237,279,-1,279,237,280,-1,237,235,280,-1,280,235,281,-1,235,233,281,-1,281,233,282,-1,261,283,284,-1,261,284,227,-1,227,284,285,-1,227,285,229,-1,229,285,286,-1,229,286,231,-1,231,286,282,-1,231,282,233,-1,254,287,288,-1,254,288,256,-1,256,288,289,-1,256,289,258,-1,258,289,290,-1,258,290,260,-1,260,290,283,-1,260,283,261,-1,246,291,292,-1,246,292,248,-1,248,292,293,-1,248,293,250,-1,250,293,294,-1,250,294,252,-1,252,294,287,-1,252,287,254,-1,239,279,295,-1,239,295,240,-1,240,295,296,-1,240,296,242,-1,242,296,297,-1,242,297,244,-1,244,297,291,-1,244,291,246,-1,
        ]
    }
}
Shape{
    appearance Appearance {
        material  Material 	{
            diffuseColor 1.0 1.0 1.0
            specularColor 0.8784313725490196 0.8784313725490196 0.8784313725490196
            ambientIntensity 1.0
            transparency 0.0
            shininess 0.5
        }
    }
    geometry IndexedFaceSet {
        ccw TRUE
        solid FALSE
        coord DEF co Coordinate {
            point [
                1.498 0.2767 0.5024, 1.498 0.2818 0.506, 1.498 0.2601 0.5602, 1.498 0.2474 0.5602, 1.498 0.2474 0.4985, 1.498 0.2594 0.5602, 1.498 0.259 0.4985, 1.498 0.27 0.4998, 1.498 0.2828 0.5068, 1.498 0.2867 0.5116, 1.498 0.2895 0.5175, 1.498 0.2913 0.5301, 1.498 0.2826 0.5527, 1.498 0.2772 0.5563, 1.498 0.2902 0.5401, 1.498 0.2879 0.546, 1.498 0.2848 0.5505, 1.498 0.291 0.5248, 1.498 0.2704 0.5589
            ]
        }
        coordIndex [
            0,1,2,-1,3,4,5,-1,5,4,6,-1,5,6,2,-1,2,6,7,-1,2,7,0,-1,1,8,2,-1,2,8,9,-1,2,9,10,-1,11,12,13,-1,14,15,11,-1,11,15,16,-1,11,16,12,-1,10,17,2,-1,2,17,11,-1,2,11,18,-1,18,11,13,-1,
        ]
    }
}
Shape{
    appearance Appearance {
        material  Material 	{
            diffuseColor 1.0 1.0 1.0
            specularColor 0.5019607843137255 0.5019607843137255 0.5019607843137255
            ambientIntensity 1.0
            transparency 0.0
            shininess 0.5
        }
    }
    geometry IndexedFaceSet {
        ccw TRUE
        solid FALSE
        coord DEF co Coordinate {
            point [
                1.502 0.329 0.5203, 1.502 0.3258 0.5113, 1.502 0.3559 0.5203, 1.502 0.3591 0.5113, 1.502 0.341 0.5536, 1.502 0.3371 0.5694, 1.502 0.3066 0.4894, 1.502 0.3181 0.4894, 1.502 0.3417 0.556, 1.502 0.3423 0.5592, 1.502 0.3482 0.5694, 1.502 0.3426 0.5592, 1.502 0.3432 0.5558, 1.502 0.3438 0.5536, 1.502 0.3787 0.4894, 1.502 0.3673 0.4894, 1.498 0.3482 0.5694, 1.498 0.3787 0.4894, 1.498 0.3371 0.5694, 1.498 0.3066 0.4894, 1.498 0.3181 0.4894, 1.498 0.3258 0.5113, 1.498 0.3591 0.5113, 1.498 0.3673 0.4894, 1.498 0.329 0.5203, 1.498 0.3559 0.5203, 1.498 0.3438 0.5536, 1.498 0.3426 0.5592, 1.498 0.3432 0.5558, 1.498 0.3423 0.5592, 1.498 0.341 0.5536, 1.498 0.3417 0.556
            ]
        }
        coordIndex [
            0,1,2,-1,2,1,3,-1,4,5,0,-1,0,5,6,-1,0,6,1,-1,1,6,7,-1,4,8,5,-1,5,8,9,-1,5,9,10,-1,10,9,11,-1,10,11,12,-1,12,13,10,-1,10,13,2,-1,10,2,14,-1,14,2,3,-1,14,3,15,-1,10,14,16,-1,16,14,17,-1,5,10,18,-1,18,10,16,-1,6,5,19,-1,19,5,18,-1,7,6,20,-1,20,6,19,-1,1,7,21,-1,21,7,20,-1,3,1,22,-1,22,1,21,-1,15,3,23,-1,23,3,22,-1,14,15,17,-1,17,15,23,-1,0,2,24,-1,24,2,25,-1,2,13,25,-1,25,13,26,-1,11,27,28,-1,11,28,12,-1,12,28,26,-1,12,26,13,-1,11,9,27,-1,27,9,29,-1,4,30,31,-1,4,31,8,-1,8,31,29,-1,8,29,9,-1,4,0,30,-1,30,0,24,-1,
        ]
    }
}
Shape{
    appearance Appearance {
        material  Material 	{
            diffuseColor 1.0 1.0 1.0
            specularColor 0.8784313725490196 0.8784313725490196 0.8784313725490196
            ambientIntensity 1.0
            transparency 0.0
            shininess 0.5
        }
    }
    geometry IndexedFaceSet {
        ccw TRUE
        solid FALSE
        coord DEF co Coordinate {
            point [
                1.498 0.3426 0.5592, 1.498 0.3423 0.5592, 1.498 0.3432 0.5558, 1.498 0.3417 0.556, 1.498 0.3438 0.5536, 1.498 0.341 0.5536, 1.498 0.3559 0.5203, 1.498 0.329 0.5203
            ]
        }
        coordIndex [
            0,1,2,-1,2,1,3,-1,2,3,4,-1,4,3,5,-1,4,5,6,-1,6,5,7,-1,
        ]
    }
}
Shape{
    appearance Appearance {
        material  Material 	{
            diffuseColor 1.0 1.0 1.0
            specularColor 0.5019607843137255 0.5019607843137255 0.5019607843137255
            ambientIntensity 1.0
            transparency 0.0
            shininess 0.5
        }
    }
    geometry IndexedFaceSet {
        ccw TRUE
        solid FALSE
        coord DEF co Coordinate {
            point [
                1.502 -0.4116 0.6273, 1.502 -0.3989 0.634, 1.502 -0.4019 0.6691, 1.502 -0.3016 0.4758, 1.502 -0.2949 0.4885, 1.502 -0.2915 0.5025, 1.502 -0.3664 0.6707, 1.502 -0.3487 0.6291, 1.502 -0.34 0.6471, 1.502 -0.3698 0.5007, 1.502 -0.3709 0.506, 1.502 -0.4017 0.5284, 1.502 -0.4022 0.4902, 1.502 -0.4094 0.4924, 1.502 -0.4141 0.536, 1.502 -0.3795 0.6718, 1.502 -0.2115 0.5563, 1.502 -0.2292 0.5864, 1.502 -0.2912 0.5141, 1.502 -0.3055 0.5466, 1.502 -0.2912 0.5084, 1.502 -0.3217 0.4581, 1.502 -0.3103 0.466, 1.502 -0.3283 0.5165, 1.502 -0.3268 0.5113, 1.502 -0.3266 0.5058, 1.502 -0.3279 0.5003, 1.502 -0.3304 0.4954, 1.502 -0.3675 0.4959, 1.502 -0.3881 0.4676, 1.502 -0.3965 0.478, 1.502 -0.1927 0.6126, 1.502 -0.1882 0.6126, 1.502 -0.1649 0.6434, 1.502 -0.1774 0.6113, 1.502 -0.1621 0.6424, 1.502 -0.1674 0.6075, 1.502 -0.1451 0.634, 1.502 -0.1297 0.621, 1.502 -0.3547 0.6843, 1.502 -0.3273 0.6624, 1.502 -0.3413 0.6957, 1.502 -0.312 0.6735, 1.502 -0.3256 0.7053, 1.502 -0.3848 0.6374, 1.502 -0.3789 0.6377, 1.502 -0.3729 0.6715, 1.502 -0.3656 0.636, 1.502 -0.3528 0.6313, 1.502 -0.3339 0.4914, 1.502 -0.3382 0.4883, 1.502 -0.3344 0.4532, 1.502 -0.3432 0.4864, 1.502 -0.3482 0.4515, 1.502 -0.3487 0.4857, 1.502 -0.3504 0.4516, 1.502 -0.3497 0.4857, 1.502 -0.3638 0.4537, 1.502 -0.3548 0.4865, 1.502 -0.3769 0.4592, 1.502 -0.36 0.4887, 1.502 -0.3643 0.4921, 1.502 -0.1296 0.5147, 1.502 -0.1561 0.5373, 1.502 -0.1451 0.5016, 1.502 -0.1645 0.5304, 1.502 -0.1624 0.4931, 1.502 -0.1746 0.5258, 1.502 -0.1814 0.4891, 1.502 -0.1848 0.5238, 1.502 -0.215 0.4891, 1.502 -0.2104 0.5238, 1.502 -0.2182 0.4896, 1.502 -0.1586 0.6013, 1.502 -0.152 0.594, 1.502 -0.1181 0.6048, 1.502 -0.1467 0.5841, 1.502 -0.1111 0.5874, 1.502 -0.1441 0.5732, 1.502 -0.1085 0.5688, 1.502 -0.1438 0.5682, 1.502 -0.1111 0.5485, 1.502 -0.1452 0.5571, 1.502 -0.1183 0.5304, 1.502 -0.1491 0.547, 1.502 -0.1553 0.5381, 1.502 -0.1956 0.6883, 1.502 -0.2179 0.6622, 1.502 -0.1762 0.6657, 1.502 -0.205 0.6468, 1.502 -0.1962 0.6285, 1.502 -0.4341 0.5945, 1.502 -0.4715 0.5851, 1.502 -0.4358 0.5807, 1.502 -0.4717 0.5796, 1.502 -0.4352 0.572, 1.502 -0.4689 0.5573, 1.502 -0.4311 0.558, 1.502 -0.4608 0.5361, 1.502 -0.4243 0.5465, 1.502 -0.4478 0.5176, 1.502 -0.43 0.5024, 1.502 -0.3706 0.5116, 1.502 -0.369 0.517, 1.502 -0.3954 0.5406, 1.502 -0.3661 0.5217, 1.502 -0.386 0.5514, 1.502 -0.3637 0.5243, 1.502 -0.3743 0.5595, 1.502 -0.3592 0.5274, 1.502 -0.3618 0.5643, 1.502 -0.3542 0.5294, 1.502 -0.3482 0.5659, 1.502 -0.3487 0.5301, 1.502 -0.3412 0.5655, 1.502 -0.3448 0.5297, 1.502 -0.3275 0.5621, 1.502 -0.3394 0.528, 1.502 -0.3154 0.5556, 1.502 -0.3347 0.5251, 1.502 -0.3309 0.5211, 1.502 -0.2992 0.7149, 1.502 -0.2934 0.6811, 1.502 -0.273 0.7179, 1.502 -0.2724 0.6838, 1.502 -0.2466 0.7148, 1.502 -0.2531 0.6814, 1.502 -0.2183 0.704, 1.502 -0.2353 0.6746, 1.502 -0.2193 0.6635, 1.502 -0.423 0.6609, 1.502 -0.4411 0.6481, 1.502 -0.4214 0.6186, 1.502 -0.4449 0.6445, 1.502 -0.4293 0.6072, 1.502 -0.4586 0.627, 1.502 -0.4677 0.6065, 1.502 -0.2133 0.5243, 1.502 -0.2269 0.4951, 1.502 -0.2256 0.4937, 1.502 -0.2116 0.524, 1.502 -0.2219 0.4911, 1.502 -0.2315 0.5067, 1.502 -0.2309 0.5025, 1.502 -0.2294 0.4986, 1.502 -0.2182 0.5238, 1.502 -0.2221 0.5223, 1.502 -0.2313 0.509, 1.502 -0.2256 0.5198, 1.502 -0.228 0.5172, 1.502 -0.2302 0.5133, 1.502 -0.2138 0.5244, 1.498 -0.1259 0.6157, 1.498 -0.1181 0.6048, 1.498 -0.113 0.5922, 1.498 -0.1111 0.5874, 1.498 -0.1085 0.5688, 1.498 -0.1297 0.621, 1.498 -0.1451 0.634, 1.498 -0.1621 0.6424, 1.498 -0.1649 0.6434, 1.498 -0.1762 0.6657, 1.498 -0.1956 0.6883, 1.498 -0.2083 0.6971, 1.498 -0.2183 0.704, 1.498 -0.2466 0.7148, 1.498 -0.273 0.7179, 1.498 -0.2992 0.7149, 1.498 -0.3256 0.7053, 1.498 -0.339 0.6971, 1.498 -0.3413 0.6957, 1.498 -0.3547 0.6843, 1.498 -0.3664 0.6707, 1.498 -0.3729 0.6715, 1.498 -0.3795 0.6718, 1.498 -0.4019 0.6691, 1.498 -0.423 0.6609, 1.498 -0.4411 0.6481, 1.498 -0.4449 0.6445, 1.498 -0.4586 0.627, 1.498 -0.4636 0.6157, 1.498 -0.4677 0.6065, 1.498 -0.4703 0.5922, 1.498 -0.4715 0.5851, 1.498 -0.4717 0.5796, 1.498 -0.4689 0.5573, 1.498 -0.4608 0.5361, 1.498 -0.4478 0.5176, 1.498 -0.43 0.5024, 1.498 -0.4094 0.4924, 1.498 -0.4022 0.4902, 1.498 -0.4015 0.4887, 1.498 -0.3965 0.478, 1.498 -0.3881 0.4676, 1.498 -0.3769 0.4592, 1.498 -0.3717 0.457, 1.498 -0.3638 0.4537, 1.498 -0.3504 0.4516, 1.498 -0.3482 0.4515, 1.498 -0.2912 0.5084, 1.498 -0.3344 0.4532, 1.498 -0.3246 0.457, 1.498 -0.3217 0.4581, 1.498 -0.3103 0.466, 1.498 -0.3016 0.4758, 1.498 -0.2949 0.4885, 1.498 -0.2948 0.4887, 1.498 -0.2915 0.5025, 1.498 -0.2912 0.5141, 1.498 -0.2115 0.5563, 1.498 -0.2292 0.5864, 1.498 -0.3055 0.5466, 1.498 -0.3154 0.5556, 1.498 -0.3275 0.5621, 1.498 -0.3412 0.5655, 1.498 -0.3482 0.5659, 1.498 -0.3618 0.5643, 1.498 -0.3743 0.5595, 1.498 -0.386 0.5514, 1.498 -0.3954 0.5406, 1.498 -0.4017 0.5284, 1.498 -0.4141 0.536, 1.498 -0.4243 0.5465, 1.498 -0.4311 0.558, 1.498 -0.4352 0.572, 1.498 -0.4358 0.5807, 1.498 -0.4344 0.5922, 1.498 -0.4341 0.5945, 1.498 -0.4293 0.6072, 1.498 -0.4233 0.6157, 1.498 -0.4214 0.6186, 1.498 -0.4116 0.6273, 1.498 -0.3989 0.634, 1.498 -0.3848 0.6374, 1.498 -0.3789 0.6377, 1.498 -0.3656 0.636, 1.498 -0.3528 0.6313, 1.498 -0.3487 0.6291, 1.498 -0.34 0.6471, 1.498 -0.3273 0.6624, 1.498 -0.312 0.6735, 1.498 -0.2934 0.6811, 1.498 -0.2724 0.6838, 1.498 -0.2531 0.6814, 1.498 -0.2353 0.6746, 1.498 -0.2193 0.6635, 1.498 -0.2179 0.6622, 1.498 -0.205 0.6468, 1.498 -0.1962 0.6285, 1.498 -0.1934 0.6157, 1.498 -0.1927 0.6126, 1.498 -0.1882 0.6126, 1.498 -0.1774 0.6113, 1.498 -0.1674 0.6075, 1.498 -0.1586 0.6013, 1.498 -0.152 0.594, 1.498 -0.1511 0.5922, 1.498 -0.1467 0.5841, 1.498 -0.1441 0.5732, 1.498 -0.1438 0.5682, 1.498 -0.1452 0.5571, 1.498 -0.1491 0.547, 1.498 -0.1553 0.5381, 1.498 -0.1561 0.5373, 1.498 -0.1645 0.5304, 1.498 -0.1746 0.5258, 1.498 -0.1848 0.5238, 1.498 -0.2104 0.5238, 1.498 -0.2116 0.524, 1.498 -0.2133 0.5243, 1.498 -0.2138 0.5244, 1.498 -0.2182 0.5238, 1.498 -0.2221 0.5223, 1.498 -0.2256 0.5198, 1.498 -0.228 0.5172, 1.498 -0.2302 0.5133, 1.498 -0.2313 0.509, 1.498 -0.2315 0.5067, 1.498 -0.2309 0.5025, 1.498 -0.2294 0.4986, 1.498 -0.2269 0.4951, 1.498 -0.2256 0.4937, 1.498 -0.2219 0.4911, 1.498 -0.2182 0.4896, 1.498 -0.215 0.4891, 1.498 -0.1814 0.4891, 1.498 -0.1624 0.4931, 1.498 -0.1451 0.5016, 1.498 -0.1296 0.5147, 1.498 -0.1183 0.5304, 1.498 -0.1111 0.5485, 1.498 -0.3487 0.5301, 1.498 -0.3448 0.5297, 1.498 -0.3394 0.528, 1.498 -0.3347 0.5251, 1.498 -0.3309 0.5211, 1.498 -0.3283 0.5165, 1.498 -0.3268 0.5113, 1.498 -0.3266 0.5058, 1.498 -0.3279 0.5003, 1.498 -0.3304 0.4954, 1.498 -0.3339 0.4914, 1.498 -0.3382 0.4883, 1.498 -0.3432 0.4864, 1.498 -0.3487 0.4857, 1.498 -0.3497 0.4857, 1.498 -0.3548 0.4865, 1.498 -0.36 0.4887, 1.498 -0.3643 0.4921, 1.498 -0.3675 0.4959, 1.498 -0.3698 0.5007, 1.498 -0.3709 0.506, 1.498 -0.3706 0.5116, 1.498 -0.369 0.517, 1.498 -0.3661 0.5217, 1.498 -0.3637 0.5243, 1.498 -0.3592 0.5274, 1.498 -0.3542 0.5294
            ]
        }
        coordIndex [
            0,1,2,-1,3,4,5,-1,6,7,8,-1,9,10,11,-1,12,11,13,-1,13,11,14,-1,2,1,15,-1,16,17,18,-1,18,17,19,-1,18,19,20,-1,20,19,21,-1,20,21,5,-1,5,21,22,-1,5,22,3,-1,23,24,19,-1,19,24,25,-1,19,25,21,-1,21,25,26,-1,21,26,27,-1,28,9,29,-1,29,9,11,-1,29,11,30,-1,30,11,12,-1,31,32,33,-1,33,32,34,-1,33,34,35,-1,35,34,36,-1,35,36,37,-1,37,36,38,-1,6,8,39,-1,39,8,40,-1,39,40,41,-1,41,40,42,-1,41,42,43,-1,1,44,15,-1,15,44,45,-1,15,45,46,-1,46,45,47,-1,46,47,6,-1,6,47,48,-1,6,48,7,-1,27,49,21,-1,21,49,50,-1,21,50,51,-1,51,50,52,-1,51,52,53,-1,53,52,54,-1,53,54,55,-1,55,54,56,-1,55,56,57,-1,57,56,58,-1,57,58,59,-1,59,58,60,-1,59,60,29,-1,29,60,61,-1,29,61,28,-1,62,63,64,-1,64,63,65,-1,64,65,66,-1,66,65,67,-1,66,67,68,-1,68,67,69,-1,68,69,70,-1,70,69,71,-1,70,71,72,-1,36,73,38,-1,38,73,74,-1,38,74,75,-1,75,74,76,-1,75,76,77,-1,77,76,78,-1,77,78,79,-1,79,78,80,-1,79,80,81,-1,81,80,82,-1,81,82,83,-1,83,82,84,-1,83,84,62,-1,62,84,85,-1,62,85,63,-1,86,87,88,-1,88,87,89,-1,88,89,33,-1,33,89,90,-1,33,90,31,-1,91,92,93,-1,93,92,94,-1,93,94,95,-1,95,94,96,-1,95,96,97,-1,97,96,98,-1,97,98,99,-1,99,98,100,-1,99,100,14,-1,14,100,101,-1,14,101,13,-1,10,102,11,-1,11,102,103,-1,11,103,104,-1,104,103,105,-1,104,105,106,-1,106,105,107,-1,106,107,108,-1,108,107,109,-1,108,109,110,-1,110,109,111,-1,110,111,112,-1,112,111,113,-1,112,113,114,-1,114,113,115,-1,114,115,116,-1,116,115,117,-1,116,117,118,-1,118,117,119,-1,118,119,19,-1,19,119,120,-1,19,120,23,-1,43,42,121,-1,121,42,122,-1,121,122,123,-1,123,122,124,-1,123,124,125,-1,125,124,126,-1,125,126,127,-1,127,126,128,-1,127,128,86,-1,86,128,129,-1,86,129,87,-1,2,130,0,-1,0,130,131,-1,0,131,132,-1,132,131,133,-1,132,133,134,-1,134,133,135,-1,134,135,91,-1,91,135,136,-1,91,136,92,-1,137,138,139,-1,71,140,72,-1,72,140,137,-1,72,137,141,-1,141,137,139,-1,142,143,137,-1,137,143,144,-1,137,144,138,-1,145,146,147,-1,146,148,147,-1,147,148,149,-1,147,149,150,-1,142,137,147,-1,147,137,151,-1,147,151,145,-1,152,38,153,-1,153,38,75,-1,153,75,154,-1,154,75,77,-1,154,77,155,-1,155,77,79,-1,155,79,156,-1,152,157,38,-1,38,157,158,-1,38,158,37,-1,37,158,159,-1,37,159,35,-1,35,159,160,-1,35,160,33,-1,33,160,161,-1,33,161,88,-1,88,161,162,-1,88,162,86,-1,86,162,127,-1,127,162,163,-1,163,164,127,-1,127,164,165,-1,127,165,125,-1,125,165,166,-1,125,166,123,-1,123,166,167,-1,123,167,121,-1,121,167,168,-1,121,168,43,-1,43,168,41,-1,41,168,169,-1,41,169,170,-1,41,170,171,-1,41,171,39,-1,39,171,172,-1,39,172,6,-1,6,172,173,-1,6,173,46,-1,46,173,174,-1,46,174,15,-1,15,174,175,-1,15,175,2,-1,2,175,176,-1,2,176,130,-1,130,176,177,-1,130,177,131,-1,131,177,178,-1,131,178,133,-1,136,135,179,-1,179,135,133,-1,179,133,178,-1,179,180,136,-1,136,180,181,-1,136,181,92,-1,92,181,182,-1,182,183,92,-1,92,183,184,-1,92,184,94,-1,94,184,185,-1,94,185,96,-1,96,185,186,-1,96,186,98,-1,98,186,187,-1,98,187,100,-1,100,187,188,-1,100,188,101,-1,101,188,189,-1,101,189,13,-1,13,189,190,-1,13,190,12,-1,12,190,191,-1,12,191,30,-1,191,192,30,-1,30,192,193,-1,30,193,29,-1,29,193,194,-1,29,194,59,-1,59,194,195,-1,59,195,57,-1,195,196,57,-1,57,196,197,-1,57,197,55,-1,55,197,198,-1,55,198,53,-1,199,20,5,-1,53,198,200,-1,201,21,200,-1,200,21,51,-1,200,51,53,-1,201,202,21,-1,21,202,203,-1,21,203,22,-1,22,203,204,-1,22,204,3,-1,3,204,205,-1,3,205,4,-1,4,205,206,-1,4,206,5,-1,5,206,207,-1,5,207,199,-1,18,20,208,-1,208,20,199,-1,16,18,209,-1,209,18,208,-1,17,16,210,-1,210,16,209,-1,19,17,211,-1,211,17,210,-1,19,211,212,-1,19,212,118,-1,118,212,213,-1,118,213,116,-1,116,213,214,-1,116,214,114,-1,114,214,215,-1,114,215,112,-1,112,215,216,-1,112,216,110,-1,110,216,217,-1,110,217,108,-1,108,217,218,-1,108,218,106,-1,106,218,219,-1,106,219,104,-1,104,219,220,-1,104,220,11,-1,11,220,221,-1,11,221,14,-1,14,221,222,-1,14,222,99,-1,99,222,223,-1,99,223,97,-1,97,223,224,-1,97,224,95,-1,95,224,225,-1,95,225,93,-1,91,93,225,-1,225,226,91,-1,91,226,227,-1,91,227,228,-1,229,132,228,-1,228,132,134,-1,228,134,91,-1,229,230,132,-1,132,230,231,-1,132,231,0,-1,0,231,232,-1,0,232,1,-1,1,232,233,-1,1,233,44,-1,44,233,234,-1,44,234,45,-1,45,234,235,-1,45,235,47,-1,47,235,236,-1,47,236,48,-1,48,236,237,-1,48,237,7,-1,7,237,238,-1,7,238,8,-1,8,238,239,-1,8,239,40,-1,40,239,240,-1,40,240,42,-1,42,240,241,-1,42,241,122,-1,122,241,242,-1,122,242,124,-1,124,242,243,-1,124,243,126,-1,126,243,244,-1,126,244,128,-1,128,244,245,-1,128,245,129,-1,129,245,246,-1,129,246,87,-1,87,246,247,-1,87,247,89,-1,89,247,248,-1,89,248,90,-1,90,248,31,-1,31,248,249,-1,31,249,250,-1,32,31,251,-1,251,31,250,-1,32,251,252,-1,32,252,34,-1,34,252,253,-1,34,253,36,-1,36,253,254,-1,36,254,73,-1,73,254,255,-1,73,255,74,-1,74,255,256,-1,74,256,76,-1,256,257,76,-1,76,257,258,-1,76,258,78,-1,78,258,259,-1,78,259,80,-1,80,259,260,-1,80,260,82,-1,82,260,261,-1,82,261,84,-1,84,261,262,-1,84,262,85,-1,85,262,263,-1,85,263,63,-1,63,263,264,-1,63,264,65,-1,65,264,265,-1,65,265,67,-1,67,265,266,-1,67,266,69,-1,71,69,267,-1,267,69,266,-1,71,267,268,-1,71,268,140,-1,140,268,269,-1,140,269,137,-1,137,269,270,-1,137,270,151,-1,151,270,271,-1,151,271,145,-1,145,271,272,-1,145,272,146,-1,146,272,273,-1,146,273,148,-1,148,273,274,-1,148,274,149,-1,149,274,275,-1,149,275,150,-1,150,275,276,-1,150,276,147,-1,147,276,277,-1,147,277,142,-1,142,277,278,-1,142,278,143,-1,143,278,279,-1,143,279,144,-1,144,279,280,-1,144,280,138,-1,138,280,281,-1,138,281,139,-1,139,281,282,-1,139,282,141,-1,141,282,283,-1,141,283,72,-1,72,283,284,-1,72,284,70,-1,68,70,285,-1,285,70,284,-1,68,285,286,-1,68,286,66,-1,66,286,287,-1,66,287,64,-1,64,287,288,-1,64,288,62,-1,62,288,289,-1,62,289,83,-1,83,289,290,-1,83,290,81,-1,81,290,156,-1,81,156,79,-1,113,291,292,-1,113,292,115,-1,115,292,293,-1,115,293,117,-1,117,293,294,-1,117,294,119,-1,119,294,295,-1,119,295,120,-1,120,295,296,-1,120,296,23,-1,23,296,297,-1,23,297,24,-1,24,297,298,-1,24,298,25,-1,25,298,299,-1,25,299,26,-1,26,299,300,-1,26,300,27,-1,27,300,301,-1,27,301,49,-1,49,301,302,-1,49,302,50,-1,50,302,303,-1,50,303,52,-1,52,303,304,-1,52,304,54,-1,54,304,305,-1,54,305,56,-1,56,305,306,-1,56,306,58,-1,58,306,307,-1,58,307,60,-1,60,307,308,-1,60,308,61,-1,61,308,309,-1,61,309,28,-1,28,309,310,-1,28,310,9,-1,9,310,311,-1,9,311,10,-1,10,311,312,-1,10,312,102,-1,102,312,313,-1,102,313,103,-1,103,313,314,-1,103,314,105,-1,105,314,315,-1,105,315,107,-1,107,315,316,-1,107,316,109,-1,109,316,317,-1,109,317,111,-1,111,317,291,-1,111,291,113,-1,
        ]
    }
}
Shape{
    appearance Appearance {
        material  Material 	{
            diffuseColor 1.0 1.0 1.0
            specularColor 0.8784313725490196 0.8784313725490196 0.8784313725490196
            ambientIntensity 1.0
            transparency 0.0
            shininess 0.5
        }
    }
    geometry IndexedFaceSet {
        ccw TRUE
        solid FALSE
        coord DEF co Coordinate {
            point [
                1.498 -0.3497 0.4857, 1.498 -0.3637 0.5243, 1.498 -0.3661 0.5217, 1.498 -0.3432 0.4864, 1.498 -0.3382 0.4883, 1.498 -0.3448 0.5297, 1.498 -0.3487 0.5301, 1.498 -0.3542 0.5294, 1.498 -0.3592 0.5274, 1.498 -0.3698 0.5007, 1.498 -0.3675 0.4959, 1.498 -0.3643 0.4921, 1.498 -0.3487 0.4857, 1.498 -0.3283 0.5165, 1.498 -0.3309 0.5211, 1.498 -0.3304 0.4954, 1.498 -0.3347 0.5251, 1.498 -0.369 0.517, 1.498 -0.3706 0.5116, 1.498 -0.3709 0.506, 1.498 -0.36 0.4887, 1.498 -0.3548 0.4865, 1.498 -0.3339 0.4914, 1.498 -0.3394 0.528, 1.498 -0.3279 0.5003, 1.498 -0.3266 0.5058, 1.498 -0.3268 0.5113
            ]
        }
        coordIndex [
            0,1,2,-1,3,4,5,-1,6,7,0,-1,0,7,8,-1,0,8,1,-1,9,10,2,-1,2,10,11,-1,6,0,5,-1,5,0,12,-1,5,12,3,-1,13,14,15,-1,15,14,16,-1,17,18,2,-1,2,18,19,-1,2,19,9,-1,11,20,2,-1,2,20,21,-1,2,21,0,-1,4,22,5,-1,5,22,15,-1,5,15,23,-1,23,15,16,-1,24,25,15,-1,15,25,26,-1,15,26,13,-1,
        ]
    }
}