#VRML V2.0 utf8
# 3D model generated by easyeda2kicad.py (https://github.com/uPesy/easyeda2kicad.py)

Shape{
    appearance Appearance {
        material  Material 	{
            diffuseColor 1.0 1.0 1.0
            specularColor 0.5019607843137255 0.5019607843137255 0.5019607843137255
            ambientIntensity 1.0
            transparency 0.0
            shininess 0.5
        }
    }
    geometry IndexedFaceSet {
        ccw TRUE
        solid FALSE
        coord DEF co Coordinate {
            point [
                1.0197 -0.4311 0.0, 0.5906 -0.4311 0.0, 1.0197 0.435 0.0, 0.5906 0.435 0.0, 1.0309 0.435 0.0015, 1.0309 -0.4311 0.0015, 1.0413 0.435 0.0058, 1.0413 -0.4311 0.0058, 1.0503 0.435 0.0127, 1.0503 -0.4311 0.0127, 1.0572 0.435 0.0217, 1.0572 -0.4311 0.0217, 1.0615 0.435 0.0321, 1.0615 -0.4311 0.0321, 1.063 0.435 0.0433, 1.063 -0.4311 0.0433, 1.063 -0.1949 0.3151, 1.063 -0.4311 0.3151, 1.063 -0.1949 0.2756, 1.063 0.1988 0.2756, 1.063 0.1988 0.3151, 1.063 0.435 0.3151, 0.9882 0.1988 0.3937, 0.9882 0.435 0.3937, 0.9882 0.1988 0.2756, 0.9882 0.435 0.0748, 0.9882 -0.1949 0.2756, 0.9882 -0.4311 0.0748, 0.9882 -0.1949 0.3937, 0.9882 -0.4311 0.3937, 0.5906 -0.4311 0.0748, 0.5906 0.435 0.0748, 1.0605 -0.4311 0.3348, 1.0531 -0.4311 0.3533, 1.0413 -0.4311 0.3693, 1.0259 -0.4311 0.3819, 1.0078 -0.4311 0.3902, 1.0078 0.435 0.3902, 1.0259 0.435 0.3819, 1.0413 0.435 0.3693, 1.0531 0.435 0.3533, 1.0605 0.435 0.3348, 1.0413 -0.1949 0.3693, 1.0531 -0.1949 0.3533, 1.0078 -0.1949 0.3902, 1.0259 -0.1949 0.3819, 1.0605 -0.1949 0.3348, 1.0605 0.1988 0.3348, 1.0531 0.1988 0.3533, 1.0413 0.1988 0.3693, 1.0259 0.1988 0.3819, 1.0078 0.1988 0.3902
            ]
        }
        coordIndex [
            0,1,2,-1,2,1,3,-1,0,2,4,-1,0,4,5,-1,5,4,6,-1,5,6,7,-1,7,6,8,-1,7,8,9,-1,9,8,10,-1,9,10,11,-1,11,10,12,-1,11,12,13,-1,13,12,14,-1,13,14,15,-1,16,17,18,-1,18,17,15,-1,18,15,19,-1,19,15,14,-1,19,14,20,-1,20,14,21,-1,22,23,24,-1,24,23,25,-1,24,25,26,-1,26,25,27,-1,26,27,28,-1,28,27,29,-1,30,27,31,-1,31,27,25,-1,1,30,3,-1,3,30,31,-1,30,1,27,-1,27,1,0,-1,27,0,5,-1,32,33,29,-1,33,34,29,-1,29,34,35,-1,29,35,36,-1,5,7,27,-1,27,7,9,-1,27,9,11,-1,11,13,27,-1,27,13,15,-1,27,15,29,-1,29,15,17,-1,29,17,32,-1,3,31,2,-1,2,31,25,-1,2,25,4,-1,4,25,6,-1,37,38,23,-1,23,38,39,-1,23,39,40,-1,40,41,23,-1,23,41,21,-1,23,21,25,-1,25,21,14,-1,25,14,12,-1,12,10,25,-1,25,10,8,-1,25,8,6,-1,19,24,18,-1,18,24,26,-1,26,42,43,-1,28,44,26,-1,26,44,45,-1,26,45,42,-1,43,46,26,-1,26,46,16,-1,26,16,18,-1,24,19,20,-1,20,47,24,-1,24,47,48,-1,24,48,49,-1,49,50,24,-1,24,50,51,-1,24,51,22,-1,
        ]
    }
}
Shape{
    appearance Appearance {
        material  Material 	{
            diffuseColor 0.7529411764705882 0.7529411764705882 0.7529411764705882
            specularColor 0.3764705882352941 0.3764705882352941 0.3764705882352941
            ambientIntensity 0.7529
            transparency 0.0
            shininess 0.5
        }
    }
    geometry IndexedFaceSet {
        ccw TRUE
        solid FALSE
        coord DEF co Coordinate {
            point [
                0.9882 0.435 0.3937, 0.9882 0.1988 0.3937, 1.0078 0.1988 0.3902, 1.0078 0.435 0.3902, 1.0259 0.1988 0.3819, 1.0259 0.435 0.3819, 1.0413 0.1988 0.3693, 1.0413 0.435 0.3693, 1.0531 0.1988 0.3533, 1.0531 0.435 0.3533, 1.0605 0.1988 0.3348, 1.0605 0.435 0.3348, 1.063 0.1988 0.3151, 1.063 0.435 0.3151
            ]
        }
        coordIndex [
            0,1,2,-1,0,2,3,-1,3,2,4,-1,3,4,5,-1,5,4,6,-1,5,6,7,-1,7,6,8,-1,7,8,9,-1,9,8,10,-1,9,10,11,-1,11,10,12,-1,11,12,13,-1,
        ]
    }
}
Shape{
    appearance Appearance {
        material  Material 	{
            diffuseColor 1.0 1.0 1.0
            specularColor 0.5019607843137255 0.5019607843137255 0.5019607843137255
            ambientIntensity 1.0
            transparency 0.0
            shininess 0.5
        }
    }
    geometry IndexedFaceSet {
        ccw TRUE
        solid FALSE
        coord DEF co Coordinate {
            point [
                0.9882 -0.1949 0.3937, 0.9882 -0.4311 0.3937, 1.0078 -0.4311 0.3902, 1.0078 -0.1949 0.3902, 1.0259 -0.4311 0.3819, 1.0259 -0.1949 0.3819, 1.0413 -0.4311 0.3693, 1.0413 -0.1949 0.3693, 1.0531 -0.4311 0.3533, 1.0531 -0.1949 0.3533, 1.0605 -0.4311 0.3348, 1.0605 -0.1949 0.3348, 1.063 -0.4311 0.3151, 1.063 -0.1949 0.3151, -0.5906 -0.4311 0.0, -1.0197 -0.4311 0.0, -0.5906 0.435 0.0, -1.0197 0.435 0.0, -1.063 -0.4311 0.0433, -1.063 0.435 0.0433, -1.0615 0.435 0.0321, -1.0615 -0.4311 0.0321, -1.0572 0.435 0.0217, -1.0572 -0.4311 0.0217, -1.0503 0.435 0.0127, -1.0503 -0.4311 0.0127, -1.0413 0.435 0.0058, -1.0413 -0.4311 0.0058, -1.0309 0.435 0.0015, -1.0309 -0.4311 0.0015, -1.063 0.1988 0.3151, -1.063 0.435 0.3151, -1.063 0.1988 0.2756, -1.063 -0.1949 0.2756, -1.063 -0.1949 0.3151, -1.063 -0.4311 0.3151, -0.9882 -0.1949 0.3937, -0.9882 -0.4311 0.3937, -0.9882 -0.1949 0.2756, -0.9882 -0.4311 0.0748, -0.9882 0.1988 0.2756, -0.9882 0.435 0.0748, -0.9882 0.1988 0.3937, -0.9882 0.435 0.3937, -0.5906 -0.4311 0.0748, -0.5906 0.435 0.0748, -1.0413 -0.4311 0.3693, -1.0259 -0.4311 0.3819, -1.0078 -0.4311 0.3902, -1.0531 -0.4311 0.3533, -1.0605 -0.4311 0.3348, -1.0605 0.435 0.3348, -1.0531 0.435 0.3533, -1.0413 0.435 0.3693, -1.0259 0.435 0.3819, -1.0078 0.435 0.3902, -1.0605 -0.1949 0.3348, -1.0531 -0.1949 0.3533, -1.0413 -0.1949 0.3693, -1.0259 -0.1949 0.3819, -1.0078 -0.1949 0.3902, -1.0413 0.1988 0.3693, -1.0531 0.1988 0.3533, -1.0078 0.1988 0.3902, -1.0259 0.1988 0.3819, -1.0605 0.1988 0.3348
            ]
        }
        coordIndex [
            0,1,2,-1,0,2,3,-1,3,2,4,-1,3,4,5,-1,5,4,6,-1,5,6,7,-1,7,6,8,-1,7,8,9,-1,9,8,10,-1,9,10,11,-1,11,10,12,-1,11,12,13,-1,14,15,16,-1,16,15,17,-1,18,19,20,-1,18,20,21,-1,21,20,22,-1,21,22,23,-1,23,22,24,-1,23,24,25,-1,25,24,26,-1,25,26,27,-1,27,26,28,-1,27,28,29,-1,29,28,17,-1,29,17,15,-1,30,31,32,-1,32,31,19,-1,32,19,33,-1,33,19,18,-1,33,18,34,-1,34,18,35,-1,36,37,38,-1,38,37,39,-1,38,39,40,-1,40,39,41,-1,40,41,42,-1,42,41,43,-1,39,44,41,-1,41,44,45,-1,44,14,45,-1,45,14,16,-1,14,44,15,-1,15,44,39,-1,15,39,29,-1,29,39,27,-1,37,35,39,-1,39,35,18,-1,39,18,21,-1,46,37,47,-1,47,37,48,-1,46,49,37,-1,37,49,50,-1,37,50,35,-1,21,23,39,-1,39,23,25,-1,39,25,27,-1,45,16,41,-1,41,16,17,-1,43,41,19,-1,17,28,41,-1,41,28,26,-1,41,26,24,-1,24,22,41,-1,41,22,20,-1,41,20,19,-1,19,31,43,-1,43,31,51,-1,43,51,52,-1,52,53,43,-1,43,53,54,-1,43,54,55,-1,40,32,38,-1,38,32,33,-1,38,33,34,-1,34,56,38,-1,38,56,57,-1,38,57,58,-1,58,59,38,-1,38,59,60,-1,38,60,36,-1,40,61,62,-1,42,63,40,-1,40,63,64,-1,40,64,61,-1,62,65,40,-1,40,65,30,-1,40,30,32,-1,
        ]
    }
}
Shape{
    appearance Appearance {
        material  Material 	{
            diffuseColor 0.7529411764705882 0.7529411764705882 0.7529411764705882
            specularColor 0.3764705882352941 0.3764705882352941 0.3764705882352941
            ambientIntensity 0.7529
            transparency 0.0
            shininess 0.5
        }
    }
    geometry IndexedFaceSet {
        ccw TRUE
        solid FALSE
        coord DEF co Coordinate {
            point [
                -0.9882 0.1988 0.3937, -0.9882 0.435 0.3937, -1.0078 0.435 0.3902, -1.0078 0.1988 0.3902, -1.0259 0.435 0.3819, -1.0259 0.1988 0.3819, -1.0413 0.435 0.3693, -1.0413 0.1988 0.3693, -1.0531 0.435 0.3533, -1.0531 0.1988 0.3533, -1.0605 0.435 0.3348, -1.0605 0.1988 0.3348, -1.063 0.435 0.3151, -1.063 0.1988 0.3151
            ]
        }
        coordIndex [
            0,1,2,-1,0,2,3,-1,3,2,4,-1,3,4,5,-1,5,4,6,-1,5,6,7,-1,7,6,8,-1,7,8,9,-1,9,8,10,-1,9,10,11,-1,11,10,12,-1,11,12,13,-1,
        ]
    }
}
Shape{
    appearance Appearance {
        material  Material 	{
            diffuseColor 1.0 1.0 1.0
            specularColor 0.5019607843137255 0.5019607843137255 0.5019607843137255
            ambientIntensity 1.0
            transparency 0.0
            shininess 0.5
        }
    }
    geometry IndexedFaceSet {
        ccw TRUE
        solid FALSE
        coord DEF co Coordinate {
            point [
                -0.9882 -0.4311 0.3937, -0.9882 -0.1949 0.3937, -1.0078 -0.1949 0.3902, -1.0078 -0.4311 0.3902, -1.0259 -0.1949 0.3819, -1.0259 -0.4311 0.3819, -1.0413 -0.1949 0.3693, -1.0413 -0.4311 0.3693, -1.0531 -0.1949 0.3533, -1.0531 -0.4311 0.3533, -1.0605 -0.1949 0.3348, -1.0605 -0.4311 0.3348, -1.063 -0.1949 0.3151, -1.063 -0.4311 0.3151
            ]
        }
        coordIndex [
            0,1,2,-1,0,2,3,-1,3,2,4,-1,3,4,5,-1,5,4,6,-1,5,6,7,-1,7,6,8,-1,7,8,9,-1,9,8,10,-1,9,10,11,-1,11,10,12,-1,11,12,13,-1,
        ]
    }
}
Shape{
    appearance Appearance {
        material  Material 	{
            diffuseColor 0.5019607843137255 0.5019607843137255 0.5019607843137255
            specularColor 0.25098039215686274 0.25098039215686274 0.25098039215686274
            ambientIntensity 0.502
            transparency 0.0
            shininess 0.5
        }
    }
    geometry IndexedFaceSet {
        ccw TRUE
        solid FALSE
        coord DEF co Coordinate {
            point [
                -0.0137 -1.0217 0.1436, -0.0137 -1.0217 0.1172, 0.0505 -1.0217 0.1172, -0.0137 -1.0217 0.2495, -0.0137 -1.0217 0.2299, 0.0505 -1.0217 0.2299, 0.076 -1.0217 0.3167, 0.0811 -1.0217 0.3173, 0.0545 -1.0217 0.3173, 0.0932 -1.0217 0.2499, 0.0889 -1.0217 0.2495, 0.111 -1.0217 0.2495, 0.1235 -1.0217 0.3091, 0.1235 -1.0217 0.2877, 0.1415 -1.0217 0.2877, 0.1277 -1.0217 0.144, 0.1248 -1.0217 0.1436, 0.1415 -1.0217 0.1436, 0.113 -1.0217 0.1438, 0.111 -1.0217 0.1445, 0.111 -1.0217 0.1436, 0.207 -1.0217 0.1742, 0.207 -1.0217 0.1518, 0.2195 -1.0217 0.1518, -0.3435 -1.0217 0.2249, -0.3425 -1.0217 0.2299, -0.5852 -1.0217 0.2299, -0.0711 -1.0217 0.2645, -0.0584 -1.0217 0.2535, -0.0137 -1.0217 0.3173, -0.1245 -1.0217 0.3173, -0.1136 -1.0217 0.31, -0.0981 -1.0217 0.2921, -0.088 -1.0217 0.2725, -0.0852 -1.0217 0.2716, -0.1586 -1.0217 0.3326, -0.1347 -1.0217 0.3242, -0.0137 -1.0217 1.063, -0.2235 -1.0217 0.3233, -0.2017 -1.0217 0.3318, -0.5852 -1.0217 1.063, -0.1781 -1.0217 0.3347, -0.3214 -1.0217 0.2735, -0.3172 -1.0217 0.2774, -0.5852 -1.0217 0.3173, -0.2332 -1.0217 0.3173, -0.235 -1.0217 0.3162, -0.3013 -1.0217 0.288, -0.2836 -1.0217 0.2944, -0.2668 -1.0217 0.2962, -0.2462 -1.0217 0.3066, -0.2614 -1.0217 0.2959, -0.2559 -1.0217 0.2953, -0.5852 -1.0217 0.2495, -0.3398 -1.0217 0.2436, -0.337 -1.0217 0.2495, -0.3318 -1.0217 0.2604, -0.2858 -1.0217 0.1449, -0.2939 -1.0217 0.1475, -0.5852 -1.0217 0.1436, -0.3108 -1.0217 0.1563, -0.3237 -1.0217 0.1677, -0.3255 -1.0217 0.1697, -0.3355 -1.0217 0.1849, -0.3418 -1.0217 0.2027, -0.3437 -1.0217 0.2194, -0.2647 -1.0217 0.119, -0.274 -1.0217 0.126, -0.5852 -1.0217 0.1172, -0.281 -1.0217 0.1347, -0.2852 -1.0217 0.1436, -0.2211 -1.0217 0.1172, -0.2293 -1.0217 0.1141, -0.0137 -1.0217 0.0394, -0.2407 -1.0217 0.1126, -0.2426 -1.0217 0.1127, -0.5852 -1.0217 0.0394, -0.2538 -1.0217 0.1144, -0.2603 -1.0217 0.1172, -0.1963 -1.0217 0.1436, -0.1963 -1.0217 0.1435, -0.2019 -1.0217 0.1329, -0.2092 -1.0217 0.1247, -0.2187 -1.0217 0.1181, -0.0586 -1.0217 0.1653, -0.072 -1.0217 0.1541, -0.0494 -1.0217 0.1779, -0.2051 -1.0217 0.1919, -0.1416 -1.0217 0.2251, -0.2134 -1.0217 0.1994, -0.2235 -1.0217 0.2048, -0.0706 -1.0217 0.214, -0.0729 -1.0217 0.2231, -0.0765 -1.0217 0.2299, -0.3126 -1.0217 0.2299, -0.1323 -1.0217 0.1729, -0.1269 -1.0217 0.1999, -0.1355 -1.0217 0.1717, -0.1385 -1.0217 0.1697, -0.1321 -1.0217 0.1443, -0.1352 -1.0217 0.1455, -0.1384 -1.0217 0.1476, -0.1398 -1.0217 0.149, -0.3098 -1.0217 0.2015, -0.3041 -1.0217 0.1918, -0.2801 -1.0217 0.1869, -0.2956 -1.0217 0.183, -0.2853 -1.0217 0.1767, -0.2625 -1.0217 0.2026, -0.2722 -1.0217 0.1959, -0.3138 -1.0217 0.2203, -0.3132 -1.0217 0.2131, -0.1288 -1.0217 0.1734, -0.1283 -1.0217 0.1733, -0.1269 -1.0217 0.173, -0.0865 -1.0217 0.1471, -0.1017 -1.0217 0.144, -0.1297 -1.0217 0.144, -0.252 -1.0217 0.2066, -0.2407 -1.0217 0.208, -0.2349 -1.0217 0.2077, -0.0431 -1.0217 0.2254, -0.041 -1.0217 0.2104, -0.041 -1.0217 0.2084, -0.0433 -1.0217 0.1928, -0.1435 -1.0217 0.1587, -0.1434 -1.0217 0.16, -0.1933 -1.0217 0.1648, -0.1426 -1.0217 0.1636, -0.1409 -1.0217 0.1669, -0.1418 -1.0217 0.152, -0.143 -1.0217 0.1552, -0.1935 -1.0217 0.1552, -0.1933 -1.0217 0.1601, -0.08 -1.0217 0.1848, -0.0748 -1.0217 0.1922, -0.0715 -1.0217 0.2007, -0.0704 -1.0217 0.2099, -0.1259 -1.0217 0.1729, -0.1046 -1.0217 0.1729, -0.0961 -1.0217 0.1745, -0.0877 -1.0217 0.1784, -0.0807 -1.0217 0.1841, -0.1112 -1.0217 0.2469, -0.3083 -1.0217 0.2424, -0.3124 -1.0217 0.2318, -0.1074 -1.0217 0.2469, -0.0773 -1.0217 0.2313, -0.0828 -1.0217 0.2375, -0.0901 -1.0217 0.2426, -0.0984 -1.0217 0.2458, -0.3034 -1.0217 0.2495, -0.2412 -1.0217 0.2607, -0.2447 -1.0217 0.2626, -0.1202 -1.0217 0.2735, -0.1305 -1.0217 0.2866, -0.1339 -1.0217 0.2898, -0.1473 -1.0217 0.2989, -0.1622 -1.0217 0.3044, -0.2553 -1.0217 0.2664, -0.2663 -1.0217 0.2678, -0.2712 -1.0217 0.2675, -0.1117 -1.0217 0.2495, -0.1134 -1.0217 0.258, -0.1776 -1.0217 0.3062, -0.1795 -1.0217 0.3062, -0.2344 -1.0217 0.2749, -0.1953 -1.0217 0.3039, -0.224 -1.0217 0.2878, -0.2108 -1.0217 0.2976, -0.2829 -1.0217 0.2648, -0.2935 -1.0217 0.2592, -0.3017 -1.0217 0.2518, -0.0555 -1.0217 0.2495, -0.0488 -1.0217 0.24, -0.0448 -1.0217 0.2299, 0.2343 -1.0217 0.1518, 0.2343 -1.0217 0.1442, 0.2406 -1.0217 0.1436, 0.2195 -1.0217 0.1436, 0.2406 -1.0217 0.2299, 0.2328 -1.0217 0.2109, 0.2328 -1.0217 0.2032, 0.2309 -1.0217 0.1819, 0.2309 -1.0217 0.1742, 0.2195 -1.0217 0.1742, 0.2195 -1.0217 0.2032, 0.2195 -1.0217 0.1819, 0.207 -1.0217 0.2032, 0.207 -1.0217 0.1819, 0.2195 -1.0217 0.1442, 0.1984 -1.0217 0.1442, 0.1939 -1.0217 0.1436, 0.1984 -1.0217 0.2109, 0.0609 -1.0217 0.1669, 0.0622 -1.0217 0.1804, 0.0592 -1.0217 0.1645, 0.0581 -1.0217 0.1615, 0.0833 -1.0217 0.1467, 0.0803 -1.0217 0.1447, 0.0875 -1.0217 0.1442, 0.0772 -1.0217 0.1436, 0.0958 -1.0217 0.1442, 0.0545 -1.0217 0.1436, 0.059 -1.0217 0.1502, 0.058 -1.0217 0.153, 0.0807 -1.0217 0.1858, 0.0778 -1.0217 0.1861, 0.0733 -1.0217 0.1725, 0.0545 -1.0217 0.1172, 0.0678 -1.0217 0.1436, 0.0676 -1.0217 0.1436, 0.0644 -1.0217 0.1449, 0.0634 -1.0217 0.1691, 0.067 -1.0217 0.1709, 0.068 -1.0217 0.184, 0.0732 -1.0217 0.1857, 0.0616 -1.0217 0.1468, 0.0608 -1.0217 0.1477, 0.1109 -1.0217 0.17, 0.1071 -1.0217 0.1545, 0.111 -1.0217 0.17, 0.1102 -1.0217 0.1526, 0.111 -1.0217 0.1523, 0.0701 -1.0217 0.1919, 0.0545 -1.0217 0.2299, 0.0639 -1.0217 0.1895, 0.0622 -1.0217 0.1885, 0.0875 -1.0217 0.1516, 0.0872 -1.0217 0.1516, 0.0859 -1.0217 0.1496, 0.1096 -1.0217 0.1714, 0.0958 -1.0217 0.1749, 0.1071 -1.0217 0.1459, 0.0575 -1.0217 0.1569, 0.0576 -1.0217 0.1579, 0.0875 -1.0217 0.1745, 0.0872 -1.0217 0.1781, 0.0863 -1.0217 0.1811, 0.0853 -1.0217 0.1829, 0.0921 -1.0217 0.1877, 0.0938 -1.0217 0.1851, 0.1084 -1.0217 0.1844, 0.0952 -1.0217 0.1813, 0.1075 -1.0217 0.1817, 0.0786 -1.0217 0.1929, 0.0835 -1.0217 0.1925, 0.0871 -1.0217 0.1914, 0.0841 -1.0217 0.1842, 0.0826 -1.0217 0.1852, 0.1086 -1.0217 0.1729, 0.1077 -1.0217 0.1754, 0.1072 -1.0217 0.179, 0.1147 -1.0217 0.1436, 0.111 -1.0217 0.1172, 0.1201 -1.0217 0.1431, 0.137 -1.0217 0.1908, 0.137 -1.0217 0.1827, 0.1098 -1.0217 0.1867, 0.111 -1.0217 0.1877, 0.111 -1.0217 0.2299, 0.1126 -1.0217 0.1891, 0.1146 -1.0217 0.1904, 0.1389 -1.0217 0.1538, 0.1379 -1.0217 0.1512, 0.1364 -1.0217 0.1489, 0.1191 -1.0217 0.1921, 0.1258 -1.0217 0.1929, 0.1415 -1.0217 0.2299, 0.1316 -1.0217 0.1924, 0.1365 -1.0217 0.165, 0.1381 -1.0217 0.1627, 0.139 -1.0217 0.1603, 0.1393 -1.0217 0.1571, 0.134 -1.0217 0.1468, 0.1321 -1.0217 0.1457, 0.1249 -1.0217 0.1861, 0.1225 -1.0217 0.186, 0.1158 -1.0217 0.1797, 0.1202 -1.0217 0.1854, 0.1184 -1.0217 0.1844, 0.1159 -1.0217 0.1786, 0.1162 -1.0217 0.1773, 0.1168 -1.0217 0.1762, 0.1176 -1.0217 0.1753, 0.1206 -1.0217 0.1735, 0.1308 -1.0217 0.1854, 0.1258 -1.0217 0.1712, 0.1355 -1.0217 0.1836, 0.129 -1.0217 0.1699, 0.1345 -1.0217 0.1668, 0.1171 -1.0217 0.1833, 0.1164 -1.0217 0.1822, 0.116 -1.0217 0.1811, 0.1154 -1.0217 0.1506, 0.1199 -1.0217 0.1651, 0.1149 -1.0217 0.1674, 0.1209 -1.0217 0.1499, 0.1213 -1.0217 0.1499, 0.1253 -1.0217 0.1628, 0.1255 -1.0217 0.1504, 0.1308 -1.0217 0.1563, 0.1307 -1.0217 0.1574, 0.1277 -1.0217 0.1512, 0.1285 -1.0217 0.1516, 0.1294 -1.0217 0.1525, 0.1302 -1.0217 0.1535, 0.1306 -1.0217 0.1547, 0.1303 -1.0217 0.1587, 0.1296 -1.0217 0.1598, 0.1286 -1.0217 0.1609, 0.2651 -1.0217 0.2683, 0.2406 -1.0217 0.2683, 0.2719 -1.0217 0.25, 0.2406 -1.0217 0.2495, 0.2814 -1.0217 0.25, 0.8268 -1.0217 0.2495, 0.8268 -1.0217 0.3173, 0.256 -1.0217 0.3168, 0.2406 -1.0217 0.3173, 0.2373 -1.0217 0.2683, 0.2309 -1.0217 0.25, 0.2195 -1.0217 0.2495, 0.2214 -1.0217 0.25, 0.2195 -1.0217 0.3173, 0.2406 -1.0217 0.3005, 0.2468 -1.0217 0.3168, 0.1939 -1.0217 0.3173, 0.1571 -1.0217 0.3173, 0.1824 -1.0217 0.3168, 0.1634 -1.0217 0.3168, 0.1634 -1.0217 0.25, 0.1571 -1.0217 0.2495, 0.1817 -1.0217 0.25, 0.1939 -1.0217 0.2495, 0.1931 -1.0217 0.2514, 0.2159 -1.0217 0.2722, 0.2126 -1.0217 0.2653, 0.2099 -1.0217 0.3057, 0.2141 -1.0217 0.2999, 0.2076 -1.0217 0.2594, 0.2007 -1.0217 0.2544, 0.1939 -1.0217 0.2518, 0.2076 -1.0217 0.3079, 0.1926 -1.0217 0.3156, 0.1939 -1.0217 0.3151, 0.2006 -1.0217 0.3127, 0.2166 -1.0217 0.2935, 0.2177 -1.0217 0.2843, 0.2175 -1.0217 0.28, 0.1415 -1.0217 0.3173, 0.1492 -1.0217 0.3168, 0.1415 -1.0217 0.3168, 0.1492 -1.0217 0.3091, 0.1508 -1.0217 0.2576, 0.1508 -1.0217 0.25, 0.1415 -1.0217 0.2495, 0.1235 -1.0217 0.2576, 0.1415 -1.0217 0.2576, 0.1235 -1.0217 0.2801, 0.1415 -1.0217 0.2801, 0.1474 -1.0217 0.2801, 0.1474 -1.0217 0.2877, 0.1415 -1.0217 0.3091, 0.1149 -1.0217 0.3168, 0.111 -1.0217 0.3173, 0.1149 -1.0217 0.25, 0.1015 -1.0217 0.3152, 0.0945 -1.0217 0.3172, 0.0928 -1.0217 0.3173, 0.1415 -1.0217 0.25, 0.1015 -1.0217 0.3062, 0.1004 -1.0217 0.2522, 0.0874 -1.0217 0.2567, 0.095 -1.0217 0.2581, 0.1015 -1.0217 0.2611, 0.1015 -1.0217 0.2528, 0.094 -1.0217 0.3091, 0.0858 -1.0217 0.3101, 0.0606 -1.0217 0.2827, 0.0639 -1.0217 0.2681, 0.0672 -1.0217 0.2636, 0.0685 -1.0217 0.2623, 0.0728 -1.0217 0.2592, 0.0776 -1.0217 0.2574, 0.0843 -1.0217 0.2566, 0.0676 -1.0217 0.3027, 0.064 -1.0217 0.2976, 0.0722 -1.0217 0.3065, 0.0774 -1.0217 0.3089, 0.0832 -1.0217 0.31, 0.0617 -1.0217 0.2919, 0.1008 -1.0217 0.3066, 0.0607 -1.0217 0.2802, 0.0617 -1.0217 0.2735, 0.0857 -1.0217 0.3179, 0.0545 -1.0217 1.063, 0.111 -1.0217 1.063, 0.0858 -1.0217 0.3179, 0.0564 -1.0217 0.3017, 0.0612 -1.0217 0.3081, 0.0628 -1.0217 0.3096, 0.069 -1.0217 0.314, 0.0545 -1.0217 0.267, 0.0529 -1.0217 0.2712, 0.0505 -1.0217 0.2495, 0.0516 -1.0217 0.2821, 0.0517 -1.0217 0.2856, 0.0505 -1.0217 0.3173, 0.0532 -1.0217 0.2943, 0.0545 -1.0217 0.2975, 0.0655 -1.0217 0.2536, 0.0601 -1.0217 0.258, 0.0545 -1.0217 0.2495, 0.0556 -1.0217 0.2642, 0.083 -1.0217 0.2489, 0.079 -1.0217 0.2491, 0.0772 -1.0217 0.2495, 0.0718 -1.0217 0.2506, 0.0899 -1.0217 0.1899, 0.0769 -1.0217 0.1435, 0.0726 -1.0217 0.1431, 0.1808 -1.0217 0.1918, 0.1894 -1.0217 0.1918, 0.1939 -1.0217 0.2299, 0.2195 -1.0217 0.2109, 0.2195 -1.0217 0.2299, 0.1704 -1.0217 0.1436, 0.1655 -1.0217 0.156, 0.1665 -1.0217 0.1521, 0.1667 -1.0217 0.1521, 0.1571 -1.0217 0.2299, 0.1571 -1.0217 0.1802, 0.1678 -1.0217 0.156, 0.1671 -1.0217 0.1537, 0.1571 -1.0217 0.1436, 0.1571 -1.0217 0.1578, 0.1437 -1.0217 0.1918, 0.153 -1.0217 0.1918, 0.1624 -1.0217 0.1443, 0.1621 -1.0217 0.1436, 0.1587 -1.0217 0.1356, 0.1415 -1.0217 0.1172, 0.1454 -1.0217 0.1224, 0.1454 -1.0217 0.1299, 0.1471 -1.0217 0.1293, 0.1501 -1.0217 0.1289, 0.1517 -1.0217 0.129, 0.1536 -1.0217 0.1296, 0.1552 -1.0217 0.1306, 0.1568 -1.0217 0.1323, 0.1571 -1.0217 0.1327, 0.1571 -1.0217 0.1233, 0.1544 -1.0217 0.1222, 0.1571 -1.0217 0.1172, 0.1508 -1.0217 0.1217, 0.149 -1.0217 0.1218, 0.1939 -1.0217 0.1172, 0.1605 -1.0217 0.1256, 0.1577 -1.0217 0.1235, 0.1678 -1.0217 0.137, 0.164 -1.0217 0.1296, -0.8268 -1.0217 0.0394, -0.8268 -1.0217 0.1172, -0.8268 -1.0217 0.1436, -0.8268 -1.0217 0.2299, -0.8268 -1.0217 0.2495, -0.8268 -1.0217 0.3173, -0.8268 -1.0217 1.063, 0.0488 -1.0217 0.2576, 0.0488 -1.0217 0.25, 0.0136 -1.0217 0.25, 0.0223 -1.0217 0.3168, 0.0223 -1.0217 0.2576, 0.0136 -1.0217 0.3168, 0.0505 -1.0217 0.1436, 0.0495 -1.0217 0.1442, 0.0136 -1.0217 0.1442, 0.0495 -1.0217 0.1518, 0.048 -1.0217 0.2032, 0.0223 -1.0217 0.1742, 0.0223 -1.0217 0.1518, 0.0461 -1.0217 0.1742, 0.0461 -1.0217 0.1819, 0.0223 -1.0217 0.1819, 0.0223 -1.0217 0.2032, 0.0136 -1.0217 0.2109, 0.048 -1.0217 0.2109, 0.0505 -1.0217 1.063, 0.1415 -1.0217 1.063, 0.1571 -1.0217 1.063, 0.1939 -1.0217 1.063, 0.2195 -1.0217 1.063, 0.2406 -1.0217 1.063, 0.8268 -1.0217 1.063, 0.2469 -1.0217 0.1442, 0.2469 -1.0217 0.2109, 0.2653 -1.0217 0.1442, 0.3555 -1.0217 0.1442, 0.365 -1.0217 0.1442, 0.8268 -1.0217 0.1436, 0.3396 -1.0217 0.2109, 0.8268 -1.0217 0.2299, 0.3487 -1.0217 0.1624, 0.3209 -1.0217 0.1624, 0.3145 -1.0217 0.1442, 0.305 -1.0217 0.1442, 0.3304 -1.0217 0.2109, 0.2962 -1.0217 0.1594, 0.2912 -1.0217 0.1535, 0.2843 -1.0217 0.1486, 0.2767 -1.0217 0.1456, 0.2912 -1.0217 0.2021, 0.2935 -1.0217 0.1998, 0.2976 -1.0217 0.194, 0.3001 -1.0217 0.1877, 0.266 -1.0217 0.2109, 0.2761 -1.0217 0.2098, 0.2842 -1.0217 0.2068, 0.3013 -1.0217 0.1784, 0.3011 -1.0217 0.1742, 0.2994 -1.0217 0.1664, 0.2195 -1.0217 0.1172, 0.2406 -1.0217 0.1172, 0.8268 -1.0217 0.1172, 0.0505 -1.0217 0.0394, 0.0545 -1.0217 0.0394, 0.111 -1.0217 0.0394, 0.1415 -1.0217 0.0394, 0.1571 -1.0217 0.0394, 0.1939 -1.0217 0.0394, 0.2195 -1.0217 0.0394, 0.2406 -1.0217 0.0394, 0.8268 -1.0217 0.0394, 1.0236 0.8287 1.063, 1.0236 0.8287 0.0394, 1.0198 0.8671 1.063, 1.0169 0.8797 0.0394, 1.0161 0.8794 1.063, 1.0086 0.9041 1.063, 0.9972 0.9272 0.0394, 0.9965 0.9268 1.063, 0.9904 0.9381 1.063, 0.966 0.9679 0.0394, 0.966 0.9679 1.063, 0.9361 0.9924 1.063, 0.9252 0.9992 0.0394, 0.9248 0.9985 1.063, 0.9021 1.0106 1.063, 0.8777 1.0189 0.0394, 0.8775 1.0181 1.063, 0.8652 1.0218 1.063, 0.8268 1.0256 0.0394, 0.8268 1.0256 1.063, -0.8268 1.0256 1.063, -0.8268 1.0256 0.0394, -0.8652 1.0218 1.063, -0.8777 1.0189 0.0394, -0.8775 1.0181 1.063, -0.9021 1.0106 1.063, -0.9252 0.9992 0.0394, -0.9248 0.9985 1.063, -0.9361 0.9924 1.063, -0.966 0.9679 0.0394, -0.966 0.9679 1.063, -0.9904 0.9381 1.063, -0.9972 0.9272 0.0394, -0.9965 0.9268 1.063, -1.0086 0.9041 1.063, -1.0169 0.8797 0.0394, -1.0161 0.8794 1.063, -1.0198 0.8671 1.063, -1.0236 0.8287 0.0394, -1.0236 0.8287 1.063, -1.0236 -0.4705 0.0394, -1.0236 -0.8248 0.0394, -1.0236 -0.4705 0.0984, -1.0236 -0.8248 1.063, -1.0236 0.4744 0.0984, -1.0236 0.4744 0.0394, -1.0198 -0.8632 1.063, -1.0169 -0.8758 0.0394, -0.9972 -0.9232 0.0394, -1.0086 -0.9001 1.063, -1.0161 -0.8755 1.063, -0.966 -0.964 0.0394, -0.9904 -0.9342 1.063, -0.9965 -0.9228 1.063, -0.9252 -0.9953 0.0394, -0.9361 -0.9885 1.063, -0.966 -0.964 1.063, -0.8652 -1.0179 1.063, -0.8775 -1.0141 1.063, -0.8777 -1.0149 0.0394, -0.9021 -1.0067 1.063, -0.9248 -0.9945 1.063, 0.8777 -1.0149 0.0394, 0.8775 -1.0141 1.063, 0.8652 -1.0179 1.063, 0.9021 -1.0067 1.063, 0.9252 -0.9953 0.0394, 0.9248 -0.9945 1.063, 0.9361 -0.9885 1.063, 0.966 -0.964 0.0394, 0.966 -0.964 1.063, 0.9904 -0.9342 1.063, 0.9972 -0.9232 0.0394, 0.9965 -0.9228 1.063, 1.0086 -0.9001 1.063, 1.0169 -0.8758 0.0394, 1.0161 -0.8755 1.063, 1.0198 -0.8632 1.063, 1.0236 -0.8248 0.0394, 1.0236 -0.8248 1.063, 1.0236 0.4744 0.0394, 1.0236 0.4744 0.0984, 1.0236 -0.4705 0.0984, 1.0236 -0.4705 0.0394, -0.9843 -0.8248 1.1024, 0.9843 -0.8248 1.1024, -0.9843 0.8287 1.1024, 0.9843 0.8287 1.1024, 0.8575 0.9832 1.1024, 0.8268 0.9862 1.1024, 0.9723 0.889 1.1024, 0.9812 0.8595 1.1024, -0.9723 -0.8851 1.1024, -0.9577 -0.9123 1.1024, -0.9381 -0.9362 1.1024, -0.9812 -0.8555 1.1024, 0.8268 -0.9823 1.1024, -0.8268 -0.9823 1.1024, -0.8575 -0.9793 1.1024, -0.887 -0.9703 1.1024, 0.9723 -0.8851 1.1024, 0.887 -0.9703 1.1024, 0.9577 -0.9123 1.1024, 0.9143 -0.9557 1.1024, 0.9381 -0.9362 1.1024, -0.9723 0.889 1.1024, -0.9812 0.8595 1.1024, -0.8268 0.9862 1.1024, 0.8575 -0.9793 1.1024, 0.9812 -0.8555 1.1024, 0.9577 0.9162 1.1024, 0.9381 0.9401 1.1024, -0.9143 0.9597 1.1024, -0.9381 0.9401 1.1024, -0.887 0.9742 1.1024, -0.8575 0.9832 1.1024, -0.9143 -0.9557 1.1024, 0.9143 0.9597 1.1024, 0.887 0.9742 1.1024, -0.9577 0.9162 1.1024, 0.5512 0.4744 0.0394, -0.5512 -0.4705 0.0394, -0.5512 0.4744 0.0394, 0.5512 -0.4705 0.0394, -0.5512 -0.4705 0.0591, -0.5512 0.4744 0.0591, -1.0223 0.4744 0.0882, -0.9944 0.4744 0.0604, -1.0039 0.4744 0.0643, -1.0121 0.4744 0.0706, -1.0183 0.4744 0.0787, -0.9843 0.4744 0.0591, -1.0223 -0.4705 0.0882, -1.0183 -0.4705 0.0787, -1.0121 -0.4705 0.0706, -1.0039 -0.4705 0.0643, -0.9843 -0.4705 0.0591, -0.9944 -0.4705 0.0604, 1.0223 0.4744 0.0882, 1.0183 0.4744 0.0787, 1.0121 0.4744 0.0706, 1.0039 0.4744 0.0643, 0.5512 0.4744 0.0591, 0.9843 0.4744 0.0591, 0.9944 0.4744 0.0604, 0.5512 -0.4705 0.0591, 1.0121 -0.4705 0.0706, 1.0039 -0.4705 0.0643, 0.9944 -0.4705 0.0604, 1.0183 -0.4705 0.0787, 1.0223 -0.4705 0.0882, 0.9843 -0.4705 0.0591, 0.9944 0.8287 1.101, 0.9912 0.8615 1.101, 1.0039 0.8287 1.0971, 1.0005 0.8633 1.0971, 1.0121 0.8287 1.0908, 1.0085 0.8649 1.0908, 1.0183 0.8287 1.0827, 1.0147 0.8661 1.0827, 1.0223 0.8287 1.0732, 1.0185 0.8669 1.0732, 0.9893 0.9374 1.0732, 1.0074 0.9036 1.0732, 0.965 0.967 1.0732, 0.9354 0.9913 1.0732, 0.9016 1.0094 1.0732, 0.8649 1.0205 1.0732, 0.8268 1.0242 1.0732, 1.0038 0.9021 1.0827, 0.9861 0.9352 1.0827, 0.9622 0.9642 1.0827, 0.9332 0.988 1.0827, 0.9001 1.0057 1.0827, 0.8641 1.0166 1.0827, 0.8268 1.0203 1.0827, 0.998 0.8997 1.0908, 0.9809 0.9317 1.0908, 0.9578 0.9598 1.0908, 0.9297 0.9828 1.0908, 0.8977 1.0 1.0908, 0.8629 1.0105 1.0908, 0.8268 1.0141 1.0908, 0.9905 0.8965 1.0971, 0.9741 0.9272 1.0971, 0.952 0.954 1.0971, 0.9252 0.976 1.0971, 0.8946 0.9924 1.0971, 0.8613 1.0025 1.0971, 0.8268 1.0059 1.0971, 0.9817 0.8929 1.101, 0.9662 0.9219 1.101, 0.9453 0.9473 1.101, 0.9199 0.9682 1.101, 0.8909 0.9836 1.101, 0.8595 0.9932 1.101, 0.8268 0.9964 1.101, -0.8268 1.0242 1.0732, -0.8268 1.0203 1.0827, -0.8268 1.0141 1.0908, -0.8268 1.0059 1.0971, -0.8268 0.9964 1.101, 1.0226 -0.8248 1.0718, 1.0222 -0.8248 1.0731, 1.0197 -0.8248 1.0801, 1.0182 -0.8248 1.0826, 1.015 -0.8248 1.0875, 1.0119 -0.8248 1.0907, 1.0088 -0.8248 1.0938, 1.0038 -0.8248 1.0969, 1.0013 -0.8248 1.0985, 0.9944 -0.8248 1.1009, 0.993 -0.8248 1.1014, -0.8595 0.9932 1.101, -0.8613 1.0025 1.0971, -0.8629 1.0105 1.0908, -0.8641 1.0166 1.0827, -0.8649 1.0205 1.0732, -0.9354 0.9913 1.0732, -0.9016 1.0094 1.0732, -0.965 0.967 1.0732, -0.9893 0.9374 1.0732, -1.0074 0.9036 1.0732, -1.0185 0.8669 1.0732, -1.0223 0.8287 1.0732, -0.9001 1.0057 1.0827, -0.9332 0.988 1.0827, -0.9622 0.9642 1.0827, -0.9861 0.9352 1.0827, -1.0038 0.9021 1.0827, -1.0147 0.8661 1.0827, -1.0183 0.8287 1.0827, -0.8977 1.0 1.0908, -0.9297 0.9828 1.0908, -0.9578 0.9598 1.0908, -0.9809 0.9317 1.0908, -0.998 0.8997 1.0908, -1.0085 0.8649 1.0908, -1.0121 0.8287 1.0908, -0.8946 0.9924 1.0971, -0.9252 0.976 1.0971, -0.952 0.954 1.0971, -0.9741 0.9272 1.0971, -0.9905 0.8965 1.0971, -1.0005 0.8633 1.0971, -1.0039 0.8287 1.0971, -0.8909 0.9836 1.101, -0.9199 0.9682 1.101, -0.9453 0.9473 1.101, -0.9662 0.9219 1.101, -0.9817 0.8929 1.101, -0.9912 0.8615 1.101, -0.9944 0.8287 1.101, 0.9356 -0.9877 1.0718, 0.9017 -1.0058 1.0718, 0.865 -1.0169 1.0718, 0.8268 -1.0207 1.0718, 0.9653 -0.9633 1.0718, 0.9896 -0.9336 1.0718, 1.0077 -0.8998 1.0718, 1.0189 -0.863 1.0718, 0.8268 -1.0162 1.0826, 0.8268 -1.0178 1.0801, 0.8644 -1.014 1.0801, 0.8268 -1.0202 1.0731, 1.016 -0.8624 1.0801, 1.005 -0.8986 1.0801, 0.9872 -0.932 1.0801, 0.9632 -0.9612 1.0801, 0.934 -0.9852 1.0801, 0.9006 -1.0031 1.0801, 0.8635 -1.0094 1.0875, 0.8268 -1.0131 1.0875, 0.8988 -0.9987 1.0875, 0.9314 -0.9813 1.0875, 0.9599 -0.9579 1.0875, 0.9833 -0.9294 1.0875, 1.0007 -0.8968 1.0875, 1.0114 -0.8615 1.0875, 0.8268 -1.0019 1.0969, 0.8268 -1.0068 1.0938, 0.8623 -1.0033 1.0938, 0.8268 -1.0099 1.0907, 1.0053 -0.8603 1.0938, 0.9949 -0.8945 1.0938, 0.9781 -0.9259 1.0938, 0.9555 -0.9535 1.0938, 0.9279 -0.9762 1.0938, 0.8964 -0.993 1.0938, 0.8268 -0.9924 1.1009, 0.8268 -0.9994 1.0985, 0.8608 -0.996 1.0985, 0.8936 -0.9861 1.0985, 0.9238 -0.9699 1.0985, 0.9502 -0.9482 1.0985, 0.9719 -0.9218 1.0985, 0.988 -0.8916 1.0985, 0.998 -0.8589 1.0985, 0.8268 -0.991 1.1014, 0.8592 -0.9879 1.1014, 0.8904 -0.9784 1.1014, 0.9191 -0.963 1.1014, 0.9443 -0.9424 1.1014, 0.965 -0.9172 1.1014, 0.9804 -0.8884 1.1014, 0.9898 -0.8572 1.1014, -1.0223 -0.8248 1.0732, -1.0183 -0.8248 1.0827, -1.0121 -0.8248 1.0908, -1.0039 -0.8248 1.0971, -0.9944 -0.8248 1.101, -0.8268 -1.0203 1.0732, -0.8268 -1.0164 1.0827, -0.8268 -1.0101 1.0908, -0.8268 -1.002 1.0971, -0.8268 -0.9925 1.101, -0.9912 -0.8575 1.101, -1.0005 -0.8594 1.0971, -1.0085 -0.861 1.0908, -1.0147 -0.8622 1.0827, -1.0185 -0.8629 1.0732, -0.9893 -0.9334 1.0732, -1.0074 -0.8996 1.0732, -0.965 -0.963 1.0732, -0.9354 -0.9874 1.0732, -0.9016 -1.0054 1.0732, -0.8649 -1.0166 1.0732, -1.0038 -0.8981 1.0827, -0.9861 -0.9312 1.0827, -0.9622 -0.9603 1.0827, -0.9332 -0.9841 1.0827, -0.9001 -1.0018 1.0827, -0.8641 -1.0127 1.0827, -0.998 -0.8957 1.0908, -0.9809 -0.9278 1.0908, -0.9578 -0.9558 1.0908, -0.9297 -0.9789 1.0908, -0.8977 -0.996 1.0908, -0.8629 -1.0066 1.0908, -0.9905 -0.8926 1.0971, -0.9741 -0.9232 1.0971, -0.952 -0.9501 1.0971, -0.9252 -0.9721 1.0971, -0.8946 -0.9885 1.0971, -0.8613 -0.9986 1.0971, -0.9817 -0.889 1.101, -0.9662 -0.918 1.101, -0.9453 -0.9434 1.101, -0.9199 -0.9642 1.101, -0.8909 -0.9797 1.101, -0.8595 -0.9893 1.101
            ]
        }
        coordIndex [
            0,1,2,-1,3,4,5,-1,6,7,8,-1,9,10,11,-1,12,13,14,-1,15,16,17,-1,18,19,20,-1,21,22,23,-1,24,25,26,-1,27,28,29,-1,29,28,3,-1,30,31,29,-1,29,31,32,-1,32,33,29,-1,29,33,34,-1,29,34,27,-1,35,36,37,-1,38,39,40,-1,40,39,37,-1,37,39,41,-1,37,41,35,-1,42,43,44,-1,38,40,45,-1,45,40,44,-1,45,44,46,-1,43,47,44,-1,44,47,48,-1,44,48,46,-1,46,48,49,-1,46,49,50,-1,50,49,51,-1,50,51,52,-1,26,25,53,-1,25,54,53,-1,53,54,55,-1,53,55,44,-1,44,55,56,-1,44,56,42,-1,57,58,59,-1,58,60,59,-1,59,60,61,-1,59,61,62,-1,62,63,59,-1,59,63,64,-1,59,64,26,-1,26,64,65,-1,26,65,24,-1,66,67,68,-1,68,67,69,-1,68,69,59,-1,59,69,70,-1,59,70,57,-1,71,72,73,-1,72,74,73,-1,73,74,75,-1,73,75,76,-1,76,75,77,-1,76,77,68,-1,68,77,78,-1,68,78,66,-1,0,79,1,-1,1,79,80,-1,1,80,81,-1,81,82,1,-1,1,82,83,-1,1,83,71,-1,84,85,0,-1,84,0,86,-1,87,88,89,-1,89,88,90,-1,91,92,88,-1,88,92,93,-1,88,93,94,-1,95,96,97,-1,97,96,98,-1,99,100,79,-1,79,100,101,-1,79,101,102,-1,103,104,105,-1,105,104,106,-1,105,106,107,-1,108,94,109,-1,109,94,110,-1,109,110,105,-1,105,110,111,-1,105,111,103,-1,95,112,96,-1,96,112,113,-1,96,113,114,-1,85,115,0,-1,0,115,116,-1,0,116,79,-1,79,116,117,-1,79,117,99,-1,108,118,94,-1,94,118,119,-1,94,119,88,-1,88,119,120,-1,88,120,90,-1,121,122,4,-1,4,122,123,-1,4,123,0,-1,0,123,124,-1,0,124,86,-1,125,126,127,-1,127,126,128,-1,127,128,96,-1,96,128,129,-1,96,129,98,-1,102,130,79,-1,79,130,131,-1,79,131,132,-1,132,131,125,-1,132,125,133,-1,133,125,127,-1,134,135,96,-1,96,135,136,-1,96,136,88,-1,88,136,137,-1,88,137,91,-1,114,138,96,-1,96,138,139,-1,96,139,140,-1,140,141,96,-1,96,141,142,-1,96,142,134,-1,143,144,145,-1,145,94,143,-1,143,94,93,-1,143,93,146,-1,146,93,147,-1,147,148,146,-1,146,148,149,-1,146,149,150,-1,151,152,153,-1,154,155,152,-1,155,156,152,-1,152,156,157,-1,152,157,158,-1,153,159,151,-1,151,159,160,-1,151,160,161,-1,144,143,151,-1,151,143,162,-1,151,162,152,-1,152,162,163,-1,152,163,154,-1,158,164,152,-1,152,164,165,-1,152,165,166,-1,166,165,167,-1,166,167,168,-1,168,167,169,-1,170,171,161,-1,161,171,172,-1,161,172,151,-1,28,173,3,-1,3,173,174,-1,3,174,4,-1,4,174,175,-1,4,175,121,-1,176,177,178,-1,178,177,179,-1,180,181,182,-1,183,184,176,-1,176,184,23,-1,23,184,185,-1,23,185,21,-1,182,186,187,-1,187,186,188,-1,187,188,189,-1,177,190,179,-1,179,190,191,-1,179,191,192,-1,192,191,193,-1,194,195,196,-1,196,195,197,-1,198,199,200,-1,200,199,201,-1,200,201,202,-1,203,204,205,-1,206,207,208,-1,209,210,203,-1,203,210,211,-1,203,211,212,-1,194,213,195,-1,195,213,214,-1,195,214,215,-1,215,214,208,-1,215,208,216,-1,216,208,207,-1,212,217,203,-1,203,217,218,-1,203,218,204,-1,219,220,221,-1,221,220,222,-1,221,222,223,-1,224,225,226,-1,226,225,227,-1,228,229,200,-1,200,229,230,-1,200,230,198,-1,219,231,220,-1,220,231,232,-1,220,232,233,-1,233,232,202,-1,233,202,19,-1,205,234,203,-1,203,234,235,-1,203,235,225,-1,225,235,197,-1,225,197,227,-1,227,197,195,-1,236,237,208,-1,208,237,238,-1,208,238,239,-1,240,241,242,-1,242,241,243,-1,242,243,244,-1,224,245,225,-1,225,245,246,-1,225,246,247,-1,239,248,208,-1,208,248,249,-1,208,249,206,-1,231,250,232,-1,232,250,251,-1,232,251,243,-1,243,251,252,-1,243,252,244,-1,18,20,253,-1,253,20,254,-1,253,254,255,-1,256,257,17,-1,258,259,260,-1,260,259,261,-1,260,261,262,-1,263,264,17,-1,17,264,265,-1,262,266,260,-1,260,266,267,-1,260,267,268,-1,268,267,269,-1,268,269,256,-1,270,271,257,-1,257,271,272,-1,257,272,17,-1,17,272,273,-1,17,273,263,-1,265,274,17,-1,17,274,275,-1,17,275,15,-1,276,277,278,-1,278,277,279,-1,278,279,280,-1,278,281,276,-1,276,281,282,-1,276,282,283,-1,283,284,276,-1,276,284,285,-1,276,285,286,-1,286,285,287,-1,286,287,288,-1,288,287,289,-1,288,289,257,-1,257,289,290,-1,257,290,270,-1,291,292,280,-1,280,292,293,-1,280,293,278,-1,294,295,223,-1,223,295,296,-1,223,296,221,-1,294,297,295,-1,295,297,298,-1,295,298,299,-1,299,298,300,-1,299,301,302,-1,300,303,299,-1,299,303,304,-1,299,304,305,-1,305,306,299,-1,299,306,307,-1,299,307,301,-1,302,308,299,-1,299,308,309,-1,299,309,310,-1,311,312,313,-1,313,312,314,-1,313,314,315,-1,316,317,318,-1,318,317,319,-1,312,320,314,-1,314,320,321,-1,314,321,322,-1,322,321,323,-1,322,323,324,-1,324,323,325,-1,324,325,319,-1,319,325,326,-1,319,326,318,-1,327,328,329,-1,329,328,330,-1,330,328,331,-1,331,328,332,-1,331,332,333,-1,333,332,334,-1,333,334,335,-1,336,337,322,-1,338,339,324,-1,337,340,322,-1,322,340,341,-1,322,341,334,-1,334,341,342,-1,334,342,335,-1,338,324,343,-1,329,344,327,-1,327,344,345,-1,327,345,324,-1,324,345,346,-1,324,346,343,-1,339,347,324,-1,324,347,348,-1,324,348,322,-1,322,348,349,-1,322,349,336,-1,328,350,351,-1,351,350,352,-1,351,353,328,-1,328,353,354,-1,328,354,332,-1,332,354,355,-1,332,355,356,-1,357,358,359,-1,359,358,360,-1,360,358,361,-1,361,358,354,-1,361,354,362,-1,362,354,353,-1,362,353,14,-1,14,353,363,-1,14,363,12,-1,352,350,364,-1,364,350,365,-1,364,365,366,-1,367,365,368,-1,368,365,369,-1,355,370,356,-1,356,370,366,-1,356,366,11,-1,11,366,365,-1,11,365,371,-1,371,365,367,-1,9,11,372,-1,373,374,371,-1,371,374,375,-1,371,375,11,-1,11,375,376,-1,11,376,372,-1,377,378,379,-1,380,381,371,-1,371,381,382,-1,371,382,383,-1,383,384,371,-1,371,384,385,-1,371,385,373,-1,386,387,388,-1,388,387,389,-1,378,390,379,-1,379,390,389,-1,379,389,391,-1,391,389,387,-1,377,379,392,-1,392,379,393,-1,392,393,371,-1,371,393,394,-1,371,394,380,-1,7,395,396,-1,396,395,397,-1,397,395,398,-1,397,398,369,-1,8,399,400,-1,400,401,8,-1,8,401,402,-1,8,402,6,-1,403,404,405,-1,406,407,408,-1,408,407,409,-1,408,409,8,-1,8,409,410,-1,8,410,399,-1,411,412,413,-1,413,412,414,-1,415,416,225,-1,225,416,417,-1,225,417,413,-1,413,417,418,-1,413,418,411,-1,10,415,260,-1,260,415,225,-1,260,225,258,-1,258,225,247,-1,258,247,242,-1,242,247,419,-1,242,419,240,-1,19,202,20,-1,20,202,201,-1,20,201,254,-1,254,201,420,-1,254,420,209,-1,209,420,421,-1,209,421,210,-1,422,423,424,-1,181,180,425,-1,425,180,426,-1,425,426,193,-1,193,426,424,-1,193,424,192,-1,192,424,423,-1,192,423,427,-1,428,429,430,-1,424,431,422,-1,422,431,432,-1,422,432,433,-1,433,432,428,-1,433,428,434,-1,434,428,430,-1,435,436,17,-1,17,436,437,-1,256,17,268,-1,268,17,437,-1,268,437,431,-1,431,437,438,-1,431,438,432,-1,439,436,440,-1,440,436,435,-1,440,435,441,-1,442,443,444,-1,255,254,16,-1,16,254,442,-1,16,442,17,-1,17,442,444,-1,17,444,435,-1,435,444,445,-1,435,445,446,-1,446,447,435,-1,435,447,448,-1,435,448,449,-1,449,450,435,-1,435,450,451,-1,435,451,441,-1,452,453,454,-1,454,453,455,-1,454,455,442,-1,442,455,456,-1,442,456,443,-1,457,458,454,-1,454,458,459,-1,454,459,452,-1,427,460,457,-1,457,460,461,-1,457,461,458,-1,462,76,463,-1,463,76,68,-1,463,68,464,-1,464,68,59,-1,464,59,465,-1,465,59,26,-1,465,26,466,-1,466,26,53,-1,466,53,467,-1,467,53,44,-1,467,44,468,-1,468,44,40,-1,469,470,405,-1,405,470,471,-1,472,408,29,-1,404,406,405,-1,405,406,408,-1,405,408,469,-1,469,408,472,-1,469,472,473,-1,5,405,3,-1,3,405,471,-1,3,471,29,-1,29,471,474,-1,29,474,472,-1,475,476,477,-1,476,475,478,-1,478,475,5,-1,478,5,479,-1,480,481,482,-1,482,481,478,-1,482,478,483,-1,483,478,479,-1,483,479,484,-1,484,479,485,-1,2,475,0,-1,0,475,477,-1,0,477,4,-1,4,477,486,-1,4,486,5,-1,5,486,487,-1,5,487,479,-1,7,396,8,-1,8,396,488,-1,8,488,408,-1,408,488,37,-1,408,37,29,-1,29,37,36,-1,29,36,30,-1,2,209,475,-1,475,209,203,-1,475,203,5,-1,5,203,225,-1,5,225,405,-1,405,225,413,-1,405,413,403,-1,403,413,414,-1,10,260,11,-1,11,260,268,-1,11,268,356,-1,356,268,431,-1,356,431,332,-1,332,431,424,-1,332,424,334,-1,334,424,426,-1,334,426,322,-1,322,426,180,-1,322,180,314,-1,369,365,397,-1,397,365,350,-1,397,350,489,-1,489,350,328,-1,489,328,490,-1,490,328,327,-1,490,327,491,-1,491,327,324,-1,491,324,492,-1,492,324,319,-1,492,319,493,-1,493,319,317,-1,493,317,494,-1,495,496,180,-1,187,183,182,-1,182,183,176,-1,182,176,180,-1,180,176,178,-1,180,178,495,-1,495,178,497,-1,498,178,499,-1,499,178,500,-1,499,500,501,-1,501,500,502,-1,503,504,498,-1,498,504,505,-1,498,505,178,-1,178,505,506,-1,178,506,497,-1,318,315,316,-1,316,315,314,-1,316,314,502,-1,502,314,180,-1,502,180,501,-1,501,180,507,-1,506,508,509,-1,509,510,506,-1,506,510,511,-1,506,511,497,-1,512,513,507,-1,507,513,514,-1,507,514,515,-1,496,516,180,-1,180,516,517,-1,180,517,507,-1,507,517,518,-1,507,518,512,-1,515,519,507,-1,507,519,520,-1,507,520,506,-1,506,520,521,-1,506,521,508,-1,427,457,192,-1,192,457,522,-1,192,522,179,-1,179,522,523,-1,179,523,178,-1,178,523,524,-1,178,524,500,-1,71,73,1,-1,1,73,525,-1,1,525,2,-1,2,525,526,-1,2,526,209,-1,209,526,527,-1,209,527,254,-1,254,527,528,-1,254,528,442,-1,442,528,529,-1,442,529,454,-1,454,529,530,-1,454,530,457,-1,457,530,531,-1,457,531,522,-1,522,531,532,-1,522,532,523,-1,523,532,533,-1,523,533,524,-1,534,535,536,-1,536,535,537,-1,536,537,538,-1,538,537,539,-1,539,537,540,-1,539,540,541,-1,541,540,542,-1,542,540,543,-1,542,543,544,-1,544,543,545,-1,545,543,546,-1,545,546,547,-1,547,546,548,-1,548,546,549,-1,548,549,550,-1,550,549,551,-1,551,549,552,-1,551,552,553,-1,553,552,554,-1,554,552,555,-1,554,555,556,-1,556,555,557,-1,556,557,558,-1,558,557,559,-1,559,557,560,-1,559,560,561,-1,561,560,562,-1,562,560,563,-1,562,563,564,-1,564,563,565,-1,565,563,566,-1,565,566,567,-1,567,566,568,-1,568,566,569,-1,568,569,570,-1,570,569,571,-1,571,569,572,-1,571,572,573,-1,574,575,576,-1,576,575,577,-1,576,577,578,-1,578,577,573,-1,578,573,579,-1,579,573,572,-1,577,575,580,-1,580,575,581,-1,582,583,581,-1,581,583,584,-1,581,584,580,-1,585,586,582,-1,582,586,587,-1,582,587,583,-1,588,589,585,-1,585,589,590,-1,585,590,586,-1,591,592,593,-1,593,592,594,-1,593,594,588,-1,588,594,595,-1,588,595,589,-1,462,463,593,-1,593,463,464,-1,593,464,465,-1,468,591,467,-1,467,591,593,-1,467,593,466,-1,466,593,465,-1,596,597,598,-1,598,494,317,-1,598,317,596,-1,596,317,316,-1,596,316,502,-1,502,500,596,-1,596,500,524,-1,596,524,533,-1,597,596,599,-1,599,596,600,-1,599,600,601,-1,601,600,602,-1,602,600,603,-1,602,603,604,-1,604,603,605,-1,605,603,606,-1,605,606,607,-1,607,606,608,-1,608,606,609,-1,608,609,610,-1,610,609,611,-1,611,609,612,-1,611,612,613,-1,614,535,615,-1,615,535,534,-1,615,534,616,-1,616,534,613,-1,616,613,617,-1,617,613,612,-1,618,619,620,-1,620,619,621,-1,622,623,624,-1,624,623,625,-1,626,627,628,-1,626,628,629,-1,630,619,631,-1,631,619,618,-1,631,618,632,-1,632,618,633,-1,634,635,636,-1,636,635,637,-1,636,637,638,-1,639,640,641,-1,641,640,620,-1,641,620,623,-1,623,620,621,-1,623,621,625,-1,630,642,619,-1,619,642,635,-1,619,635,643,-1,643,635,634,-1,624,644,645,-1,646,647,648,-1,648,647,649,-1,629,628,618,-1,618,628,650,-1,618,650,633,-1,645,651,624,-1,624,651,652,-1,624,652,622,-1,649,647,641,-1,641,647,653,-1,641,653,639,-1,535,614,654,-1,537,535,552,-1,575,574,655,-1,655,73,76,-1,552,535,555,-1,555,535,654,-1,555,654,656,-1,657,617,612,-1,552,549,537,-1,537,549,546,-1,537,546,540,-1,540,546,543,-1,575,655,581,-1,656,579,572,-1,603,600,657,-1,532,531,657,-1,657,531,530,-1,657,530,529,-1,600,596,657,-1,657,596,533,-1,657,533,532,-1,76,462,655,-1,655,462,593,-1,655,593,588,-1,572,569,656,-1,656,569,566,-1,656,566,563,-1,612,609,657,-1,657,609,606,-1,657,606,603,-1,529,528,657,-1,657,528,527,-1,657,527,526,-1,588,585,655,-1,655,585,582,-1,655,582,581,-1,563,560,656,-1,656,560,557,-1,656,557,555,-1,526,525,657,-1,657,525,73,-1,657,73,654,-1,654,73,655,-1,654,655,656,-1,658,659,655,-1,655,659,656,-1,660,578,579,-1,661,662,579,-1,662,663,579,-1,579,663,664,-1,579,664,660,-1,656,659,579,-1,579,659,665,-1,579,665,661,-1,574,576,666,-1,666,667,574,-1,574,667,668,-1,574,668,669,-1,658,655,670,-1,670,655,574,-1,670,574,671,-1,671,574,669,-1,665,659,670,-1,670,659,658,-1,614,615,672,-1,672,673,614,-1,614,673,674,-1,614,674,675,-1,676,654,677,-1,677,654,614,-1,677,614,678,-1,678,614,675,-1,676,679,654,-1,654,679,657,-1,680,617,681,-1,681,617,682,-1,680,683,617,-1,617,683,684,-1,617,684,616,-1,657,679,617,-1,617,679,685,-1,617,685,682,-1,685,679,677,-1,677,679,676,-1,665,670,671,-1,665,671,661,-1,661,671,669,-1,661,669,662,-1,662,669,668,-1,662,668,663,-1,663,668,667,-1,663,667,664,-1,664,667,666,-1,664,666,660,-1,660,666,576,-1,660,576,578,-1,615,616,684,-1,615,684,672,-1,672,684,683,-1,672,683,673,-1,673,683,680,-1,673,680,674,-1,674,680,681,-1,674,681,675,-1,675,681,682,-1,675,682,678,-1,678,682,685,-1,678,685,677,-1,621,686,687,-1,686,688,689,-1,688,690,691,-1,690,692,693,-1,692,694,695,-1,541,696,539,-1,539,696,697,-1,539,697,538,-1,538,697,695,-1,538,695,536,-1,536,695,694,-1,536,694,534,-1,541,542,696,-1,696,542,544,-1,696,544,698,-1,698,544,545,-1,698,545,699,-1,699,545,547,-1,699,547,700,-1,700,547,548,-1,700,548,701,-1,701,548,550,-1,550,551,701,-1,701,551,553,-1,701,553,702,-1,692,695,693,-1,693,695,697,-1,693,697,703,-1,703,697,696,-1,703,696,704,-1,704,696,698,-1,704,698,705,-1,705,698,699,-1,705,699,706,-1,706,699,700,-1,706,700,707,-1,707,700,701,-1,707,701,708,-1,708,701,702,-1,708,702,709,-1,690,693,691,-1,691,693,703,-1,691,703,710,-1,710,703,704,-1,710,704,711,-1,711,704,705,-1,711,705,712,-1,712,705,706,-1,712,706,713,-1,713,706,707,-1,713,707,714,-1,714,707,708,-1,714,708,715,-1,715,708,709,-1,715,709,716,-1,688,691,689,-1,689,691,710,-1,689,710,717,-1,717,710,711,-1,717,711,718,-1,718,711,712,-1,718,712,719,-1,719,712,713,-1,719,713,720,-1,720,713,714,-1,720,714,721,-1,721,714,715,-1,721,715,722,-1,722,715,716,-1,722,716,723,-1,686,689,687,-1,687,689,717,-1,687,717,724,-1,724,717,718,-1,724,718,725,-1,725,718,719,-1,725,719,726,-1,726,719,720,-1,726,720,727,-1,727,720,721,-1,727,721,728,-1,728,721,722,-1,728,722,729,-1,729,722,723,-1,729,723,730,-1,621,687,625,-1,625,687,724,-1,625,724,624,-1,624,724,725,-1,624,725,644,-1,644,725,726,-1,644,726,645,-1,645,726,727,-1,645,727,651,-1,651,727,728,-1,651,728,652,-1,652,728,729,-1,652,729,622,-1,622,729,730,-1,622,730,623,-1,553,554,731,-1,553,731,702,-1,702,731,732,-1,702,732,709,-1,709,732,733,-1,709,733,716,-1,716,733,734,-1,716,734,723,-1,723,734,735,-1,723,735,730,-1,730,735,641,-1,730,641,623,-1,736,613,534,-1,736,534,737,-1,737,534,694,-1,737,694,738,-1,738,694,739,-1,739,694,692,-1,739,692,740,-1,740,692,741,-1,741,692,690,-1,741,690,742,-1,742,690,688,-1,742,688,743,-1,743,688,744,-1,744,688,686,-1,744,686,745,-1,745,686,746,-1,746,686,621,-1,746,621,619,-1,641,735,747,-1,735,734,748,-1,734,733,749,-1,733,732,750,-1,732,731,751,-1,561,752,559,-1,559,752,753,-1,559,753,558,-1,558,753,751,-1,558,751,556,-1,556,751,731,-1,556,731,554,-1,561,562,752,-1,752,562,564,-1,752,564,754,-1,754,564,565,-1,754,565,755,-1,755,565,567,-1,755,567,756,-1,756,567,568,-1,756,568,757,-1,757,568,570,-1,570,571,757,-1,757,571,573,-1,757,573,758,-1,732,751,750,-1,750,751,753,-1,750,753,759,-1,759,753,752,-1,759,752,760,-1,760,752,754,-1,760,754,761,-1,761,754,755,-1,761,755,762,-1,762,755,756,-1,762,756,763,-1,763,756,757,-1,763,757,764,-1,764,757,758,-1,764,758,765,-1,733,750,749,-1,749,750,759,-1,749,759,766,-1,766,759,760,-1,766,760,767,-1,767,760,761,-1,767,761,768,-1,768,761,762,-1,768,762,769,-1,769,762,763,-1,769,763,770,-1,770,763,764,-1,770,764,771,-1,771,764,765,-1,771,765,772,-1,734,749,748,-1,748,749,766,-1,748,766,773,-1,773,766,767,-1,773,767,774,-1,774,767,768,-1,774,768,775,-1,775,768,769,-1,775,769,776,-1,776,769,770,-1,776,770,777,-1,777,770,771,-1,777,771,778,-1,778,771,772,-1,778,772,779,-1,735,748,747,-1,747,748,773,-1,747,773,780,-1,780,773,774,-1,780,774,781,-1,781,774,775,-1,781,775,782,-1,782,775,776,-1,782,776,783,-1,783,776,777,-1,783,777,784,-1,784,777,778,-1,784,778,785,-1,785,778,779,-1,785,779,786,-1,641,747,649,-1,649,747,780,-1,649,780,648,-1,648,780,781,-1,648,781,646,-1,646,781,782,-1,646,782,647,-1,647,782,783,-1,647,783,653,-1,653,783,784,-1,653,784,639,-1,639,784,785,-1,639,785,640,-1,640,785,786,-1,640,786,620,-1,601,787,599,-1,599,787,788,-1,599,788,597,-1,597,788,789,-1,597,789,598,-1,598,789,790,-1,598,790,494,-1,601,602,787,-1,787,602,604,-1,787,604,791,-1,791,604,605,-1,791,605,792,-1,792,605,607,-1,792,607,793,-1,793,607,608,-1,793,608,794,-1,794,608,610,-1,794,610,611,-1,795,796,797,-1,797,796,798,-1,611,613,794,-1,794,613,736,-1,794,736,737,-1,737,799,794,-1,794,799,800,-1,794,800,793,-1,793,800,801,-1,793,801,792,-1,792,801,802,-1,792,802,791,-1,791,802,803,-1,791,803,787,-1,787,803,804,-1,787,804,788,-1,788,804,797,-1,788,797,789,-1,789,797,798,-1,789,798,790,-1,805,806,795,-1,795,797,805,-1,805,797,804,-1,805,804,807,-1,807,804,803,-1,807,803,808,-1,808,803,802,-1,808,802,809,-1,809,802,801,-1,809,801,810,-1,810,801,800,-1,810,800,811,-1,811,800,799,-1,811,799,812,-1,813,814,815,-1,815,814,816,-1,737,738,799,-1,799,738,739,-1,799,739,812,-1,812,739,740,-1,812,740,741,-1,741,817,812,-1,812,817,818,-1,812,818,811,-1,811,818,819,-1,811,819,810,-1,810,819,820,-1,810,820,809,-1,809,820,821,-1,809,821,808,-1,808,821,822,-1,808,822,807,-1,807,822,815,-1,807,815,805,-1,805,815,816,-1,805,816,806,-1,823,824,825,-1,825,824,813,-1,813,815,825,-1,825,815,822,-1,825,822,826,-1,826,822,821,-1,826,821,827,-1,827,821,820,-1,827,820,828,-1,828,820,819,-1,828,819,829,-1,829,819,818,-1,829,818,830,-1,830,818,817,-1,830,817,831,-1,630,832,833,-1,833,832,823,-1,741,742,817,-1,817,742,743,-1,817,743,831,-1,831,743,744,-1,831,744,745,-1,823,825,833,-1,833,825,826,-1,833,826,834,-1,834,826,827,-1,834,827,835,-1,835,827,828,-1,835,828,836,-1,836,828,829,-1,836,829,837,-1,837,829,830,-1,837,830,838,-1,838,830,831,-1,838,831,839,-1,839,831,745,-1,839,745,746,-1,630,833,642,-1,642,833,834,-1,642,834,635,-1,635,834,835,-1,635,835,637,-1,637,835,836,-1,637,836,638,-1,638,836,837,-1,638,837,636,-1,636,837,838,-1,636,838,634,-1,634,838,839,-1,634,839,643,-1,643,839,746,-1,643,746,619,-1,573,577,840,-1,573,840,758,-1,758,840,841,-1,758,841,765,-1,765,841,842,-1,765,842,772,-1,772,842,843,-1,772,843,779,-1,779,843,844,-1,779,844,786,-1,786,844,618,-1,786,618,620,-1,468,40,845,-1,845,40,37,-1,37,488,798,-1,798,488,396,-1,798,396,790,-1,790,396,397,-1,397,489,790,-1,790,489,490,-1,790,490,491,-1,491,492,790,-1,790,492,493,-1,790,493,494,-1,37,798,845,-1,845,798,796,-1,845,796,846,-1,796,795,846,-1,846,795,806,-1,846,806,847,-1,847,806,816,-1,847,816,848,-1,816,814,848,-1,848,814,813,-1,848,813,849,-1,813,824,849,-1,849,824,823,-1,849,823,631,-1,631,823,832,-1,631,832,630,-1,618,844,850,-1,844,843,851,-1,843,842,852,-1,842,841,853,-1,841,840,854,-1,587,855,583,-1,583,855,856,-1,583,856,584,-1,584,856,854,-1,584,854,580,-1,580,854,840,-1,580,840,577,-1,587,586,855,-1,855,586,590,-1,855,590,857,-1,857,590,589,-1,857,589,858,-1,858,589,595,-1,858,595,859,-1,859,595,594,-1,859,594,860,-1,860,594,592,-1,592,591,860,-1,860,591,468,-1,860,468,845,-1,841,854,853,-1,853,854,856,-1,853,856,861,-1,861,856,855,-1,861,855,862,-1,862,855,857,-1,862,857,863,-1,863,857,858,-1,863,858,864,-1,864,858,859,-1,864,859,865,-1,865,859,860,-1,865,860,866,-1,866,860,845,-1,866,845,846,-1,842,853,852,-1,852,853,861,-1,852,861,867,-1,867,861,862,-1,867,862,868,-1,868,862,863,-1,868,863,869,-1,869,863,864,-1,869,864,870,-1,870,864,865,-1,870,865,871,-1,871,865,866,-1,871,866,872,-1,872,866,846,-1,872,846,847,-1,843,852,851,-1,851,852,867,-1,851,867,873,-1,873,867,868,-1,873,868,874,-1,874,868,869,-1,874,869,875,-1,875,869,870,-1,875,870,876,-1,876,870,871,-1,876,871,877,-1,877,871,872,-1,877,872,878,-1,878,872,847,-1,878,847,848,-1,844,851,850,-1,850,851,873,-1,850,873,879,-1,879,873,874,-1,879,874,880,-1,880,874,875,-1,880,875,881,-1,881,875,876,-1,881,876,882,-1,882,876,877,-1,882,877,883,-1,883,877,878,-1,883,878,884,-1,884,878,848,-1,884,848,849,-1,618,850,629,-1,629,850,879,-1,629,879,626,-1,626,879,880,-1,626,880,627,-1,627,880,881,-1,627,881,628,-1,628,881,882,-1,628,882,650,-1,650,882,883,-1,650,883,633,-1,633,883,884,-1,633,884,632,-1,632,884,849,-1,632,849,631,-1,
        ]
    }
}
Shape{
    appearance Appearance {
        material  Material 	{
            diffuseColor 0.0 0.0 0.0
            specularColor 0.0 0.0 0.0
            ambientIntensity 0.0
            transparency 0.0
            shininess 0.5
        }
    }
    geometry IndexedFaceSet {
        ccw TRUE
        solid FALSE
        coord DEF co Coordinate {
            point [
                0.0488 -1.0256 0.2576, 0.0488 -1.0256 0.25, 0.0488 -1.0217 0.2576, 0.0488 -1.0217 0.25, 0.0223 -1.0256 0.2576, 0.0223 -1.0217 0.2576, 0.0223 -1.0256 0.3168, 0.0223 -1.0217 0.3168, 0.0136 -1.0256 0.3168, 0.0136 -1.0217 0.3168, 0.0136 -1.0256 0.25, 0.0136 -1.0217 0.25, 0.083 -1.0256 0.2489, 0.083 -1.0217 0.2489, 0.0932 -1.0256 0.2499, 0.0889 -1.0217 0.2495, 0.0932 -1.0217 0.2499, 0.1004 -1.0217 0.2522, 0.1004 -1.0256 0.2522, 0.1015 -1.0217 0.2528, 0.1015 -1.0256 0.2528, 0.1015 -1.0256 0.2611, 0.1015 -1.0217 0.2611, 0.095 -1.0217 0.2581, 0.095 -1.0256 0.2581, 0.0874 -1.0217 0.2567, 0.0874 -1.0256 0.2567, 0.0843 -1.0217 0.2566, 0.0843 -1.0256 0.2566, 0.0776 -1.0217 0.2574, 0.0776 -1.0256 0.2574, 0.0728 -1.0217 0.2592, 0.0728 -1.0256 0.2592, 0.0685 -1.0217 0.2623, 0.0685 -1.0256 0.2623, 0.0672 -1.0217 0.2636, 0.0672 -1.0256 0.2636, 0.0639 -1.0217 0.2681, 0.0639 -1.0256 0.2681, 0.0617 -1.0217 0.2735, 0.0617 -1.0256 0.2735, 0.0607 -1.0217 0.2802, 0.0607 -1.0256 0.2802, 0.0606 -1.0217 0.2827, 0.0606 -1.0256 0.2827, 0.0617 -1.0217 0.2919, 0.0617 -1.0256 0.2919, 0.064 -1.0217 0.2976, 0.064 -1.0256 0.2976, 0.0676 -1.0217 0.3027, 0.0676 -1.0256 0.3027, 0.0722 -1.0217 0.3065, 0.0722 -1.0256 0.3065, 0.0774 -1.0217 0.3089, 0.0774 -1.0256 0.3089, 0.0832 -1.0217 0.31, 0.0832 -1.0256 0.31, 0.0858 -1.0217 0.3101, 0.0858 -1.0256 0.3101, 0.094 -1.0217 0.3091, 0.094 -1.0256 0.3091, 0.1008 -1.0217 0.3066, 0.1008 -1.0256 0.3066, 0.1015 -1.0217 0.3062, 0.1015 -1.0256 0.3062, 0.1015 -1.0256 0.3152, 0.1015 -1.0217 0.3152, 0.0857 -1.0217 0.3179, 0.0857 -1.0256 0.3179, 0.0858 -1.0256 0.3179, 0.0945 -1.0217 0.3172, 0.0945 -1.0256 0.3172, 0.0928 -1.0217 0.3173, 0.0858 -1.0217 0.3179, 0.0811 -1.0217 0.3173, 0.076 -1.0256 0.3167, 0.076 -1.0217 0.3167, 0.069 -1.0217 0.314, 0.069 -1.0256 0.314, 0.0628 -1.0217 0.3096, 0.0628 -1.0256 0.3096, 0.0612 -1.0217 0.3081, 0.0612 -1.0256 0.3081, 0.0564 -1.0217 0.3017, 0.0545 -1.0217 0.2975, 0.0532 -1.0256 0.2943, 0.0564 -1.0256 0.3017, 0.0532 -1.0217 0.2943, 0.0517 -1.0217 0.2856, 0.0517 -1.0256 0.2856, 0.0516 -1.0217 0.2821, 0.0516 -1.0256 0.2821, 0.0529 -1.0217 0.2712, 0.0545 -1.0217 0.267, 0.0556 -1.0256 0.2642, 0.0529 -1.0256 0.2712, 0.0556 -1.0217 0.2642, 0.0601 -1.0217 0.258, 0.0601 -1.0256 0.258, 0.079 -1.0256 0.2491, 0.0655 -1.0217 0.2536, 0.0655 -1.0256 0.2536, 0.0718 -1.0217 0.2506, 0.0718 -1.0256 0.2506, 0.0772 -1.0217 0.2495, 0.079 -1.0217 0.2491, 0.1508 -1.0256 0.2576, 0.1508 -1.0256 0.25, 0.1508 -1.0217 0.2576, 0.1508 -1.0217 0.25, 0.1235 -1.0217 0.2576, 0.1235 -1.0256 0.2576, 0.1415 -1.0217 0.2576, 0.1235 -1.0256 0.2801, 0.1235 -1.0217 0.2801, 0.1474 -1.0256 0.2801, 0.1415 -1.0217 0.2801, 0.1474 -1.0217 0.2801, 0.1474 -1.0256 0.2877, 0.1474 -1.0217 0.2877, 0.1235 -1.0217 0.2877, 0.1235 -1.0256 0.2877, 0.1415 -1.0217 0.2877, 0.1235 -1.0256 0.3091, 0.1235 -1.0217 0.3091, 0.1492 -1.0256 0.3091, 0.1415 -1.0217 0.3091, 0.1492 -1.0217 0.3091, 0.1492 -1.0256 0.3168, 0.1492 -1.0217 0.3168, 0.1149 -1.0217 0.3168, 0.1149 -1.0256 0.3168, 0.1415 -1.0217 0.3168, 0.1149 -1.0256 0.25, 0.1149 -1.0217 0.25, 0.1415 -1.0217 0.25, 0.2076 -1.0256 0.2594, 0.2003 -1.0256 0.2635, 0.2007 -1.0256 0.2544, 0.1959 -1.0256 0.2606, 0.1931 -1.0256 0.2514, 0.1902 -1.0256 0.2586, 0.1817 -1.0256 0.25, 0.1817 -1.0256 0.2576, 0.1634 -1.0256 0.25, 0.172 -1.0256 0.2576, 0.1634 -1.0256 0.3168, 0.172 -1.0256 0.3091, 0.1824 -1.0256 0.3168, 0.1821 -1.0256 0.3091, 0.1926 -1.0256 0.3156, 0.1906 -1.0256 0.3081, 0.2006 -1.0256 0.3127, 0.1964 -1.0256 0.3061, 0.2076 -1.0256 0.3079, 0.2013 -1.0256 0.3028, 0.2099 -1.0256 0.3057, 0.2031 -1.0256 0.301, 0.2141 -1.0256 0.2999, 0.2057 -1.0256 0.2973, 0.2166 -1.0256 0.2935, 0.2076 -1.0256 0.2925, 0.2177 -1.0256 0.2843, 0.2086 -1.0256 0.284, 0.2175 -1.0256 0.28, 0.2084 -1.0256 0.2798, 0.2159 -1.0256 0.2722, 0.2071 -1.0256 0.2737, 0.2126 -1.0256 0.2653, 0.2048 -1.0256 0.2687, 0.2015 -1.0256 0.2646, 0.1817 -1.0217 0.25, 0.1634 -1.0217 0.25, 0.2076 -1.0217 0.2594, 0.1931 -1.0217 0.2514, 0.1939 -1.0217 0.2518, 0.2007 -1.0217 0.2544, 0.2126 -1.0217 0.2653, 0.2159 -1.0217 0.2722, 0.2175 -1.0217 0.28, 0.2177 -1.0217 0.2843, 0.2166 -1.0217 0.2935, 0.2141 -1.0217 0.2999, 0.2099 -1.0217 0.3057, 0.2076 -1.0217 0.3079, 0.1824 -1.0217 0.3168, 0.2006 -1.0217 0.3127, 0.1939 -1.0217 0.3151, 0.1926 -1.0217 0.3156, 0.1634 -1.0217 0.3168, 0.1821 -1.0217 0.3091, 0.172 -1.0217 0.3091, 0.172 -1.0217 0.2576, 0.1817 -1.0217 0.2576, 0.2015 -1.0217 0.2646, 0.2003 -1.0217 0.2635, 0.1959 -1.0217 0.2606, 0.1902 -1.0217 0.2586, 0.2086 -1.0217 0.284, 0.2084 -1.0217 0.2798, 0.2071 -1.0217 0.2737, 0.2048 -1.0217 0.2687, 0.2013 -1.0217 0.3028, 0.2031 -1.0217 0.301, 0.2057 -1.0217 0.2973, 0.2076 -1.0217 0.2925, 0.1906 -1.0217 0.3081, 0.1964 -1.0217 0.3061
            ]
        }
        coordIndex [
            0,1,2,-1,2,1,3,-1,4,0,5,-1,5,0,2,-1,6,4,7,-1,7,4,5,-1,8,6,9,-1,9,6,7,-1,10,8,11,-1,11,8,9,-1,1,10,3,-1,3,10,11,-1,6,8,4,-1,4,8,10,-1,4,10,0,-1,0,10,1,-1,12,13,14,-1,14,13,15,-1,15,16,14,-1,14,16,17,-1,14,17,18,-1,18,17,19,-1,18,19,20,-1,21,20,22,-1,22,20,19,-1,21,22,23,-1,21,23,24,-1,24,23,25,-1,24,25,26,-1,26,25,27,-1,26,27,28,-1,28,27,29,-1,28,29,30,-1,30,29,31,-1,30,31,32,-1,32,31,33,-1,32,33,34,-1,34,33,35,-1,34,35,36,-1,36,35,37,-1,36,37,38,-1,38,37,39,-1,38,39,40,-1,40,39,41,-1,40,41,42,-1,42,41,43,-1,42,43,44,-1,44,43,45,-1,44,45,46,-1,46,45,47,-1,46,47,48,-1,48,47,49,-1,48,49,50,-1,50,49,51,-1,50,51,52,-1,52,51,53,-1,52,53,54,-1,54,53,55,-1,54,55,56,-1,56,55,57,-1,56,57,58,-1,58,57,59,-1,58,59,60,-1,60,59,61,-1,60,61,62,-1,62,61,63,-1,62,63,64,-1,65,64,66,-1,66,64,63,-1,67,68,69,-1,65,66,70,-1,65,70,71,-1,71,70,72,-1,71,72,69,-1,69,72,73,-1,69,73,67,-1,68,67,74,-1,68,74,75,-1,74,76,75,-1,75,76,77,-1,75,77,78,-1,78,77,79,-1,78,79,80,-1,80,79,81,-1,80,81,82,-1,82,81,83,-1,84,85,83,-1,83,85,86,-1,83,86,82,-1,84,87,85,-1,85,87,88,-1,85,88,89,-1,89,88,90,-1,89,90,91,-1,91,90,92,-1,93,94,92,-1,92,94,95,-1,92,95,91,-1,93,96,94,-1,94,96,97,-1,94,97,98,-1,13,12,99,-1,98,97,100,-1,98,100,101,-1,101,100,102,-1,101,102,103,-1,103,102,104,-1,103,104,99,-1,99,104,105,-1,99,105,13,-1,62,64,65,-1,52,80,50,-1,50,80,82,-1,50,82,48,-1,48,82,86,-1,48,86,46,-1,62,65,60,-1,60,65,71,-1,60,71,58,-1,58,71,69,-1,58,69,56,-1,56,69,68,-1,56,68,54,-1,54,68,75,-1,54,75,52,-1,52,75,78,-1,52,78,80,-1,91,44,89,-1,89,44,46,-1,89,46,85,-1,85,46,86,-1,20,21,18,-1,18,21,24,-1,18,24,14,-1,14,24,26,-1,14,26,12,-1,12,26,28,-1,12,28,99,-1,99,28,30,-1,99,30,103,-1,103,30,32,-1,103,32,101,-1,101,32,34,-1,101,34,98,-1,98,34,36,-1,98,36,94,-1,94,36,38,-1,94,38,95,-1,95,38,40,-1,95,40,91,-1,91,40,42,-1,91,42,44,-1,106,107,108,-1,108,107,109,-1,110,111,112,-1,112,111,106,-1,112,106,108,-1,113,111,114,-1,114,111,110,-1,113,114,115,-1,115,114,116,-1,115,116,117,-1,118,115,119,-1,119,115,117,-1,120,121,122,-1,122,121,118,-1,122,118,119,-1,123,121,124,-1,124,121,120,-1,123,124,125,-1,125,124,126,-1,125,126,127,-1,128,125,129,-1,129,125,127,-1,130,131,132,-1,132,131,128,-1,132,128,129,-1,133,131,134,-1,134,131,130,-1,133,134,107,-1,107,134,135,-1,107,135,109,-1,133,107,106,-1,106,111,133,-1,133,111,113,-1,133,113,131,-1,125,128,123,-1,123,128,131,-1,123,131,121,-1,121,131,113,-1,121,113,118,-1,118,113,115,-1,136,137,138,-1,138,137,139,-1,138,139,140,-1,140,139,141,-1,140,141,142,-1,142,141,143,-1,142,143,144,-1,144,143,145,-1,144,145,146,-1,146,145,147,-1,146,147,148,-1,148,147,149,-1,148,149,150,-1,150,149,151,-1,150,151,152,-1,152,151,153,-1,152,153,154,-1,154,153,155,-1,154,155,156,-1,156,155,157,-1,156,157,158,-1,158,157,159,-1,158,159,160,-1,160,159,161,-1,160,161,162,-1,162,161,163,-1,162,163,164,-1,164,163,165,-1,164,165,166,-1,166,165,167,-1,166,167,168,-1,168,167,169,-1,168,169,136,-1,136,169,170,-1,136,170,137,-1,142,144,171,-1,171,144,172,-1,173,136,138,-1,142,171,174,-1,142,174,140,-1,140,174,175,-1,140,175,138,-1,138,175,176,-1,138,176,173,-1,136,173,177,-1,136,177,168,-1,168,177,178,-1,168,178,166,-1,166,178,179,-1,166,179,164,-1,164,179,180,-1,164,180,162,-1,162,180,181,-1,162,181,160,-1,160,181,182,-1,160,182,158,-1,158,182,183,-1,158,183,156,-1,156,183,184,-1,156,184,154,-1,185,148,150,-1,154,184,186,-1,154,186,152,-1,152,186,187,-1,152,187,150,-1,150,187,188,-1,150,188,185,-1,146,148,189,-1,189,148,185,-1,144,146,172,-1,172,146,189,-1,149,147,190,-1,190,147,191,-1,147,145,191,-1,191,145,192,-1,145,143,192,-1,192,143,193,-1,170,194,195,-1,170,195,137,-1,137,195,196,-1,137,196,139,-1,139,196,197,-1,139,197,141,-1,141,197,193,-1,141,193,143,-1,163,198,199,-1,163,199,165,-1,165,199,200,-1,165,200,167,-1,167,200,201,-1,167,201,169,-1,169,201,194,-1,169,194,170,-1,155,202,203,-1,155,203,157,-1,157,203,204,-1,157,204,159,-1,159,204,205,-1,159,205,161,-1,161,205,198,-1,161,198,163,-1,149,190,206,-1,149,206,151,-1,151,206,207,-1,151,207,153,-1,153,207,202,-1,153,202,155,-1,
        ]
    }
}
Shape{
    appearance Appearance {
        material  Material 	{
            diffuseColor 0.5019607843137255 0.5019607843137255 0.5019607843137255
            specularColor 0.25098039215686274 0.25098039215686274 0.25098039215686274
            ambientIntensity 0.502
            transparency 0.0
            shininess 0.5
        }
    }
    geometry IndexedFaceSet {
        ccw TRUE
        solid FALSE
        coord DEF co Coordinate {
            point [
                0.172 -1.0217 0.3091, 0.172 -1.0217 0.2576, 0.1821 -1.0217 0.3091, 0.1817 -1.0217 0.2576, 0.1902 -1.0217 0.2586, 0.1959 -1.0217 0.2606, 0.2003 -1.0217 0.2635, 0.2015 -1.0217 0.2646, 0.2048 -1.0217 0.2687, 0.2071 -1.0217 0.2737, 0.2084 -1.0217 0.2798, 0.2086 -1.0217 0.284, 0.2076 -1.0217 0.2925, 0.2057 -1.0217 0.2973, 0.2031 -1.0217 0.301, 0.2013 -1.0217 0.3028, 0.1906 -1.0217 0.3081, 0.1964 -1.0217 0.3061
            ]
        }
        coordIndex [
            0,1,2,-1,2,1,3,-1,2,3,4,-1,4,5,2,-1,2,5,6,-1,2,6,7,-1,7,8,2,-1,2,8,9,-1,2,9,10,-1,10,11,2,-1,2,11,12,-1,2,12,13,-1,13,14,2,-1,2,14,15,-1,2,15,16,-1,16,15,17,-1,
        ]
    }
}
Shape{
    appearance Appearance {
        material  Material 	{
            diffuseColor 0.0 0.0 0.0
            specularColor 0.0 0.0 0.0
            ambientIntensity 0.0
            transparency 0.0
            shininess 0.5
        }
    }
    geometry IndexedFaceSet {
        ccw TRUE
        solid FALSE
        coord DEF co Coordinate {
            point [
                0.2401 -1.0256 0.2758, 0.2373 -1.0256 0.2683, 0.2624 -1.0256 0.2758, 0.2651 -1.0256 0.2683, 0.25 -1.0256 0.3036, 0.2468 -1.0256 0.3168, 0.2214 -1.0256 0.25, 0.2309 -1.0256 0.25, 0.2506 -1.0256 0.3056, 0.2511 -1.0256 0.3082, 0.256 -1.0256 0.3168, 0.2513 -1.0256 0.3082, 0.2519 -1.0256 0.3054, 0.2524 -1.0256 0.3036, 0.2814 -1.0256 0.25, 0.2719 -1.0256 0.25, 0.256 -1.0217 0.3168, 0.2814 -1.0217 0.25, 0.2468 -1.0217 0.3168, 0.2214 -1.0217 0.25, 0.2406 -1.0217 0.3005, 0.2309 -1.0217 0.25, 0.2373 -1.0217 0.2683, 0.2651 -1.0217 0.2683, 0.2406 -1.0217 0.2683, 0.2719 -1.0217 0.25, 0.2401 -1.0217 0.2758, 0.2624 -1.0217 0.2758, 0.2524 -1.0217 0.3036, 0.2513 -1.0217 0.3082, 0.2519 -1.0217 0.3054, 0.2511 -1.0217 0.3082, 0.25 -1.0217 0.3036, 0.2506 -1.0217 0.3056
            ]
        }
        coordIndex [
            0,1,2,-1,2,1,3,-1,4,5,0,-1,0,5,6,-1,0,6,1,-1,1,6,7,-1,4,8,5,-1,5,8,9,-1,5,9,10,-1,10,9,11,-1,10,11,12,-1,12,13,10,-1,10,13,2,-1,10,2,14,-1,14,2,3,-1,14,3,15,-1,10,14,16,-1,16,14,17,-1,5,10,18,-1,18,10,16,-1,19,6,20,-1,20,6,5,-1,20,5,18,-1,7,6,21,-1,21,6,19,-1,1,7,22,-1,22,7,21,-1,23,3,24,-1,24,3,1,-1,24,1,22,-1,15,3,25,-1,25,3,23,-1,14,15,17,-1,17,15,25,-1,0,2,26,-1,26,2,27,-1,2,13,27,-1,27,13,28,-1,11,29,30,-1,11,30,12,-1,12,30,28,-1,12,28,13,-1,11,9,29,-1,29,9,31,-1,4,32,33,-1,4,33,8,-1,8,33,31,-1,8,31,9,-1,4,0,32,-1,32,0,26,-1,
        ]
    }
}
Shape{
    appearance Appearance {
        material  Material 	{
            diffuseColor 0.5019607843137255 0.5019607843137255 0.5019607843137255
            specularColor 0.25098039215686274 0.25098039215686274 0.25098039215686274
            ambientIntensity 0.502
            transparency 0.0
            shininess 0.5
        }
    }
    geometry IndexedFaceSet {
        ccw TRUE
        solid FALSE
        coord DEF co Coordinate {
            point [
                0.2513 -1.0217 0.3082, 0.2511 -1.0217 0.3082, 0.2519 -1.0217 0.3054, 0.2506 -1.0217 0.3056, 0.2524 -1.0217 0.3036, 0.25 -1.0217 0.3036, 0.2624 -1.0217 0.2758, 0.2401 -1.0217 0.2758
            ]
        }
        coordIndex [
            0,1,2,-1,2,1,3,-1,2,3,4,-1,4,3,5,-1,4,5,6,-1,6,5,7,-1,
        ]
    }
}
Shape{
    appearance Appearance {
        material  Material 	{
            diffuseColor 0.0 0.0 0.0
            specularColor 0.0 0.0 0.0
            ambientIntensity 0.0
            transparency 0.0
            shininess 0.5
        }
    }
    geometry IndexedFaceSet {
        ccw TRUE
        solid FALSE
        coord DEF co Coordinate {
            point [
                0.0495 -1.0256 0.1518, 0.0495 -1.0256 0.1442, 0.0495 -1.0217 0.1518, 0.0495 -1.0217 0.1442, 0.0223 -1.0256 0.1518, 0.0223 -1.0217 0.1518, 0.0223 -1.0256 0.1742, 0.0223 -1.0217 0.1742, 0.0461 -1.0256 0.1742, 0.0461 -1.0217 0.1742, 0.0461 -1.0256 0.1819, 0.0461 -1.0217 0.1819, 0.0223 -1.0256 0.1819, 0.0223 -1.0217 0.1819, 0.0223 -1.0256 0.2032, 0.0223 -1.0217 0.2032, 0.048 -1.0256 0.2032, 0.048 -1.0217 0.2032, 0.048 -1.0256 0.2109, 0.048 -1.0217 0.2109, 0.0136 -1.0256 0.2109, 0.0136 -1.0217 0.2109, 0.0136 -1.0256 0.1442, 0.0136 -1.0217 0.1442, 0.0872 -1.0256 0.1516, 0.0875 -1.0256 0.1516, 0.0869 -1.0256 0.1592, 0.0875 -1.0256 0.163, 0.0958 -1.0256 0.1749, 0.0875 -1.0256 0.1635, 0.0875 -1.0256 0.1681, 0.0875 -1.0256 0.1442, 0.0958 -1.0256 0.1442, 0.0661 -1.0256 0.159, 0.0665 -1.0256 0.1609, 0.0592 -1.0256 0.1645, 0.0857 -1.0256 0.1563, 0.0839 -1.0256 0.1538, 0.0859 -1.0256 0.1496, 0.0828 -1.0256 0.1528, 0.0833 -1.0256 0.1467, 0.0805 -1.0256 0.1512, 0.0803 -1.0256 0.1447, 0.078 -1.0256 0.1503, 0.0769 -1.0256 0.1435, 0.0748 -1.0256 0.1499, 0.0726 -1.0256 0.1431, 0.072 -1.0256 0.1502, 0.0676 -1.0256 0.1436, 0.0701 -1.0256 0.1509, 0.0644 -1.0256 0.1449, 0.0684 -1.0256 0.1521, 0.0616 -1.0256 0.1468, 0.0677 -1.0256 0.1528, 0.0609 -1.0256 0.1669, 0.0672 -1.0256 0.1624, 0.0634 -1.0256 0.1691, 0.0682 -1.0256 0.1637, 0.067 -1.0256 0.1709, 0.0693 -1.0256 0.1645, 0.0712 -1.0256 0.1654, 0.0733 -1.0256 0.1725, 0.0763 -1.0256 0.1666, 0.0875 -1.0256 0.1745, 0.0581 -1.0256 0.1615, 0.0576 -1.0256 0.1579, 0.066 -1.0256 0.1576, 0.0575 -1.0256 0.1569, 0.0662 -1.0256 0.1557, 0.058 -1.0256 0.153, 0.0668 -1.0256 0.1542, 0.059 -1.0256 0.1502, 0.0608 -1.0256 0.1477, 0.0622 -1.0256 0.1885, 0.0622 -1.0256 0.1804, 0.0639 -1.0256 0.1895, 0.068 -1.0256 0.184, 0.0701 -1.0256 0.1919, 0.0732 -1.0256 0.1857, 0.0786 -1.0256 0.1929, 0.0778 -1.0256 0.1861, 0.0835 -1.0256 0.1925, 0.0807 -1.0256 0.1858, 0.0871 -1.0256 0.1914, 0.0826 -1.0256 0.1852, 0.0899 -1.0256 0.1899, 0.0841 -1.0256 0.1842, 0.0921 -1.0256 0.1877, 0.0853 -1.0256 0.1829, 0.0938 -1.0256 0.1851, 0.0863 -1.0256 0.1811, 0.0952 -1.0256 0.1813, 0.0872 -1.0256 0.1781, 0.0786 -1.0217 0.1929, 0.0701 -1.0217 0.1919, 0.0639 -1.0217 0.1895, 0.0622 -1.0217 0.1885, 0.0622 -1.0217 0.1804, 0.068 -1.0217 0.184, 0.0732 -1.0217 0.1857, 0.0778 -1.0217 0.1861, 0.0807 -1.0217 0.1858, 0.0826 -1.0217 0.1852, 0.0841 -1.0217 0.1842, 0.0853 -1.0217 0.1829, 0.0863 -1.0217 0.1811, 0.0872 -1.0217 0.1781, 0.0875 -1.0217 0.1745, 0.0733 -1.0217 0.1725, 0.067 -1.0217 0.1709, 0.0634 -1.0217 0.1691, 0.0609 -1.0217 0.1669, 0.0592 -1.0217 0.1645, 0.0581 -1.0217 0.1615, 0.0576 -1.0217 0.1579, 0.0575 -1.0217 0.1569, 0.058 -1.0217 0.153, 0.059 -1.0217 0.1502, 0.0608 -1.0217 0.1477, 0.0616 -1.0217 0.1468, 0.0726 -1.0217 0.1431, 0.0678 -1.0217 0.1436, 0.0676 -1.0217 0.1436, 0.0644 -1.0217 0.1449, 0.0769 -1.0217 0.1435, 0.0772 -1.0217 0.1436, 0.0803 -1.0217 0.1447, 0.0833 -1.0217 0.1467, 0.0859 -1.0217 0.1496, 0.0872 -1.0217 0.1516, 0.0875 -1.0217 0.1516, 0.0875 -1.0217 0.1442, 0.0958 -1.0217 0.1442, 0.0958 -1.0217 0.1749, 0.0952 -1.0217 0.1813, 0.0938 -1.0217 0.1851, 0.0921 -1.0217 0.1877, 0.0899 -1.0217 0.1899, 0.0871 -1.0217 0.1914, 0.0835 -1.0217 0.1925, 0.0682 -1.0217 0.1637, 0.0693 -1.0217 0.1645, 0.0712 -1.0217 0.1654, 0.0763 -1.0217 0.1666, 0.066 -1.0217 0.1576, 0.0661 -1.0217 0.159, 0.0665 -1.0217 0.1609, 0.0672 -1.0217 0.1624, 0.0684 -1.0217 0.1521, 0.0677 -1.0217 0.1528, 0.0668 -1.0217 0.1542, 0.0662 -1.0217 0.1557, 0.0748 -1.0217 0.1499, 0.072 -1.0217 0.1502, 0.0701 -1.0217 0.1509, 0.0839 -1.0217 0.1538, 0.0828 -1.0217 0.1528, 0.0805 -1.0217 0.1512, 0.078 -1.0217 0.1503, 0.0875 -1.0217 0.1635, 0.0875 -1.0217 0.163, 0.0869 -1.0217 0.1592, 0.0857 -1.0217 0.1563, 0.0875 -1.0217 0.1681
            ]
        }
        coordIndex [
            0,1,2,-1,2,1,3,-1,4,0,5,-1,5,0,2,-1,6,4,7,-1,7,4,5,-1,8,6,9,-1,9,6,7,-1,10,8,11,-1,11,8,9,-1,12,10,13,-1,13,10,11,-1,14,12,15,-1,15,12,13,-1,16,14,17,-1,17,14,15,-1,18,16,19,-1,19,16,17,-1,20,18,21,-1,21,18,19,-1,22,20,23,-1,23,20,21,-1,1,22,3,-1,3,22,23,-1,22,1,0,-1,0,4,22,-1,22,4,6,-1,22,6,20,-1,16,18,14,-1,14,18,20,-1,14,20,12,-1,12,20,6,-1,12,6,10,-1,10,6,8,-1,24,25,26,-1,27,28,29,-1,29,28,30,-1,31,32,25,-1,25,32,28,-1,25,28,26,-1,26,28,27,-1,33,34,35,-1,26,36,24,-1,24,36,37,-1,24,37,38,-1,38,37,39,-1,38,39,40,-1,40,39,41,-1,40,41,42,-1,42,41,43,-1,42,43,44,-1,44,43,45,-1,44,45,46,-1,46,45,47,-1,46,47,48,-1,48,47,49,-1,48,49,50,-1,50,49,51,-1,50,51,52,-1,52,51,53,-1,35,34,54,-1,54,34,55,-1,54,55,56,-1,56,55,57,-1,56,57,58,-1,57,59,58,-1,58,59,60,-1,58,60,61,-1,61,60,62,-1,61,62,63,-1,35,64,33,-1,33,64,65,-1,33,65,66,-1,66,65,67,-1,66,67,68,-1,68,67,69,-1,68,69,70,-1,70,69,71,-1,70,71,53,-1,53,71,72,-1,53,72,52,-1,73,74,75,-1,75,74,76,-1,75,76,77,-1,77,76,78,-1,77,78,79,-1,79,78,80,-1,79,80,81,-1,81,80,82,-1,81,82,83,-1,83,82,84,-1,83,84,85,-1,85,84,86,-1,85,86,87,-1,87,86,88,-1,87,88,89,-1,89,88,90,-1,89,90,91,-1,91,90,92,-1,91,92,28,-1,28,92,63,-1,28,63,30,-1,30,63,62,-1,79,93,94,-1,79,94,77,-1,77,94,95,-1,77,95,75,-1,75,95,96,-1,75,96,73,-1,74,73,97,-1,97,73,96,-1,74,97,98,-1,74,98,76,-1,76,98,99,-1,76,99,78,-1,78,99,100,-1,78,100,80,-1,80,100,101,-1,80,101,82,-1,82,101,102,-1,82,102,84,-1,84,102,103,-1,84,103,86,-1,86,103,104,-1,86,104,88,-1,88,104,105,-1,88,105,90,-1,90,105,106,-1,90,106,92,-1,92,106,107,-1,92,107,63,-1,61,63,108,-1,108,63,107,-1,61,108,109,-1,61,109,58,-1,58,109,110,-1,58,110,56,-1,56,110,111,-1,56,111,54,-1,54,111,112,-1,54,112,35,-1,35,112,113,-1,35,113,64,-1,64,113,114,-1,64,114,65,-1,65,114,115,-1,65,115,67,-1,67,115,116,-1,67,116,69,-1,69,116,117,-1,69,117,71,-1,71,117,118,-1,71,118,72,-1,72,118,119,-1,72,119,52,-1,120,46,121,-1,121,46,48,-1,121,48,122,-1,122,48,50,-1,122,50,123,-1,123,50,52,-1,123,52,119,-1,46,120,124,-1,46,124,44,-1,44,124,125,-1,44,125,42,-1,125,126,42,-1,42,126,127,-1,42,127,40,-1,40,127,128,-1,40,128,38,-1,38,128,129,-1,38,129,24,-1,25,24,130,-1,130,24,129,-1,31,25,131,-1,131,25,130,-1,32,31,132,-1,132,31,131,-1,28,32,133,-1,133,32,132,-1,28,133,134,-1,28,134,91,-1,91,134,135,-1,91,135,89,-1,89,135,136,-1,89,136,87,-1,87,136,137,-1,87,137,85,-1,85,137,138,-1,85,138,83,-1,83,138,139,-1,83,139,81,-1,81,139,93,-1,81,93,79,-1,57,140,141,-1,57,141,59,-1,59,141,142,-1,59,142,60,-1,60,142,143,-1,60,143,62,-1,66,144,145,-1,66,145,33,-1,33,145,146,-1,33,146,34,-1,34,146,147,-1,34,147,55,-1,55,147,140,-1,55,140,57,-1,51,148,149,-1,51,149,53,-1,53,149,150,-1,53,150,70,-1,70,150,151,-1,70,151,68,-1,68,151,144,-1,68,144,66,-1,45,152,153,-1,45,153,47,-1,47,153,154,-1,47,154,49,-1,49,154,148,-1,49,148,51,-1,37,155,156,-1,37,156,39,-1,39,156,157,-1,39,157,41,-1,41,157,158,-1,41,158,43,-1,43,158,152,-1,43,152,45,-1,29,159,160,-1,29,160,27,-1,27,160,161,-1,27,161,26,-1,26,161,162,-1,26,162,36,-1,36,162,155,-1,36,155,37,-1,29,30,159,-1,159,30,163,-1,30,62,163,-1,163,62,143,-1,
        ]
    }
}
Shape{
    appearance Appearance {
        material  Material 	{
            diffuseColor 0.5019607843137255 0.5019607843137255 0.5019607843137255
            specularColor 0.25098039215686274 0.25098039215686274 0.25098039215686274
            ambientIntensity 0.502
            transparency 0.0
            shininess 0.5
        }
    }
    geometry IndexedFaceSet {
        ccw TRUE
        solid FALSE
        coord DEF co Coordinate {
            point [
                0.0875 -1.0217 0.163, 0.0875 -1.0217 0.1635, 0.0682 -1.0217 0.1637, 0.0875 -1.0217 0.1681, 0.0763 -1.0217 0.1666, 0.0712 -1.0217 0.1654, 0.0693 -1.0217 0.1645, 0.0869 -1.0217 0.1592, 0.0672 -1.0217 0.1624, 0.0857 -1.0217 0.1563, 0.0677 -1.0217 0.1528, 0.0684 -1.0217 0.1521, 0.0828 -1.0217 0.1528, 0.0668 -1.0217 0.1542, 0.0805 -1.0217 0.1512, 0.078 -1.0217 0.1503, 0.0748 -1.0217 0.1499, 0.0665 -1.0217 0.1609, 0.0661 -1.0217 0.159, 0.0839 -1.0217 0.1538, 0.066 -1.0217 0.1576, 0.0662 -1.0217 0.1557, 0.0701 -1.0217 0.1509, 0.072 -1.0217 0.1502
            ]
        }
        coordIndex [
            0,1,2,-1,1,3,4,-1,4,5,1,-1,1,5,6,-1,1,6,2,-1,0,2,7,-1,7,2,8,-1,7,8,9,-1,10,11,12,-1,10,12,13,-1,14,12,15,-1,15,12,16,-1,8,17,9,-1,9,17,18,-1,9,18,19,-1,19,18,20,-1,19,20,12,-1,12,20,21,-1,12,21,13,-1,11,22,12,-1,12,22,23,-1,12,23,16,-1,
        ]
    }
}
Shape{
    appearance Appearance {
        material  Material 	{
            diffuseColor 0.0 0.0 0.0
            specularColor 0.0 0.0 0.0
            ambientIntensity 0.0
            transparency 0.0
            shininess 0.5
        }
    }
    geometry IndexedFaceSet {
        ccw TRUE
        solid FALSE
        coord DEF co Coordinate {
            point [
                0.1071 -1.0217 0.1545, 0.1071 -1.0256 0.1545, 0.1102 -1.0256 0.1526, 0.1209 -1.0256 0.1499, 0.1209 -1.0217 0.1499, 0.1154 -1.0217 0.1506, 0.1154 -1.0256 0.1506, 0.111 -1.0217 0.1523, 0.1102 -1.0217 0.1526, 0.1071 -1.0256 0.1459, 0.1071 -1.0217 0.1459, 0.111 -1.0217 0.1445, 0.113 -1.0256 0.1438, 0.1201 -1.0217 0.1431, 0.1201 -1.0256 0.1431, 0.1147 -1.0217 0.1436, 0.113 -1.0217 0.1438, 0.1277 -1.0256 0.144, 0.1248 -1.0217 0.1436, 0.1277 -1.0217 0.144, 0.1321 -1.0217 0.1457, 0.1321 -1.0256 0.1457, 0.134 -1.0217 0.1468, 0.134 -1.0256 0.1468, 0.1364 -1.0217 0.1489, 0.1364 -1.0256 0.1489, 0.1379 -1.0217 0.1512, 0.1379 -1.0256 0.1512, 0.1389 -1.0217 0.1538, 0.1389 -1.0256 0.1538, 0.1393 -1.0217 0.1571, 0.1393 -1.0256 0.1571, 0.139 -1.0217 0.1603, 0.139 -1.0256 0.1603, 0.1381 -1.0217 0.1627, 0.1381 -1.0256 0.1627, 0.1365 -1.0217 0.165, 0.1365 -1.0256 0.165, 0.1345 -1.0217 0.1668, 0.1345 -1.0256 0.1668, 0.129 -1.0217 0.1699, 0.129 -1.0256 0.1699, 0.1258 -1.0217 0.1712, 0.1258 -1.0256 0.1712, 0.1206 -1.0217 0.1735, 0.1206 -1.0256 0.1735, 0.1176 -1.0217 0.1753, 0.1176 -1.0256 0.1753, 0.1168 -1.0217 0.1762, 0.1168 -1.0256 0.1762, 0.1162 -1.0217 0.1773, 0.1162 -1.0256 0.1773, 0.1159 -1.0217 0.1786, 0.1159 -1.0256 0.1786, 0.1158 -1.0217 0.1797, 0.1158 -1.0256 0.1797, 0.116 -1.0217 0.1811, 0.116 -1.0256 0.1811, 0.1164 -1.0217 0.1822, 0.1164 -1.0256 0.1822, 0.1171 -1.0217 0.1833, 0.1171 -1.0256 0.1833, 0.1184 -1.0217 0.1844, 0.1184 -1.0256 0.1844, 0.1202 -1.0217 0.1854, 0.1202 -1.0256 0.1854, 0.1225 -1.0217 0.186, 0.1225 -1.0256 0.186, 0.1249 -1.0217 0.1861, 0.1249 -1.0256 0.1861, 0.1308 -1.0217 0.1854, 0.1308 -1.0256 0.1854, 0.1355 -1.0217 0.1836, 0.1355 -1.0256 0.1836, 0.137 -1.0217 0.1827, 0.137 -1.0256 0.1827, 0.137 -1.0256 0.1908, 0.137 -1.0217 0.1908, 0.1316 -1.0217 0.1924, 0.1316 -1.0256 0.1924, 0.1258 -1.0217 0.1929, 0.1258 -1.0256 0.1929, 0.1191 -1.0217 0.1921, 0.1191 -1.0256 0.1921, 0.1146 -1.0217 0.1904, 0.1146 -1.0256 0.1904, 0.1126 -1.0217 0.1891, 0.1126 -1.0256 0.1891, 0.111 -1.0217 0.1877, 0.1098 -1.0256 0.1867, 0.1098 -1.0217 0.1867, 0.1084 -1.0217 0.1844, 0.1084 -1.0256 0.1844, 0.1075 -1.0217 0.1817, 0.1075 -1.0256 0.1817, 0.1072 -1.0217 0.179, 0.1072 -1.0256 0.179, 0.1077 -1.0217 0.1754, 0.1077 -1.0256 0.1754, 0.1086 -1.0217 0.1729, 0.1086 -1.0256 0.1729, 0.1096 -1.0217 0.1714, 0.1096 -1.0256 0.1714, 0.1199 -1.0217 0.1651, 0.1199 -1.0256 0.1651, 0.1149 -1.0256 0.1674, 0.1109 -1.0217 0.17, 0.1109 -1.0256 0.17, 0.111 -1.0217 0.17, 0.1149 -1.0217 0.1674, 0.1253 -1.0217 0.1628, 0.1253 -1.0256 0.1628, 0.1286 -1.0217 0.1609, 0.1286 -1.0256 0.1609, 0.1296 -1.0217 0.1598, 0.1296 -1.0256 0.1598, 0.1303 -1.0217 0.1587, 0.1303 -1.0256 0.1587, 0.1307 -1.0217 0.1574, 0.1307 -1.0256 0.1574, 0.1308 -1.0217 0.1563, 0.1308 -1.0256 0.1563, 0.1306 -1.0217 0.1547, 0.1306 -1.0256 0.1547, 0.1302 -1.0217 0.1535, 0.1302 -1.0256 0.1535, 0.1294 -1.0217 0.1525, 0.1294 -1.0256 0.1525, 0.1285 -1.0217 0.1516, 0.1285 -1.0256 0.1516, 0.1277 -1.0217 0.1512, 0.1277 -1.0256 0.1512, 0.1255 -1.0217 0.1504, 0.1255 -1.0256 0.1504, 0.1213 -1.0217 0.1499, 0.1213 -1.0256 0.1499, 0.1808 -1.0256 0.1918, 0.1894 -1.0256 0.1918, 0.1808 -1.0217 0.1918, 0.1894 -1.0217 0.1918, 0.1678 -1.0256 0.156, 0.1678 -1.0217 0.156, 0.1671 -1.0217 0.1537, 0.1671 -1.0256 0.1537, 0.1667 -1.0217 0.1521, 0.1667 -1.0256 0.1521, 0.1665 -1.0256 0.1521, 0.1665 -1.0217 0.1521, 0.1655 -1.0256 0.156, 0.1655 -1.0217 0.156, 0.153 -1.0217 0.1918, 0.153 -1.0256 0.1918, 0.1571 -1.0217 0.1802, 0.1437 -1.0256 0.1918, 0.1437 -1.0217 0.1918, 0.1624 -1.0217 0.1443, 0.1624 -1.0256 0.1443, 0.1571 -1.0217 0.1578, 0.1587 -1.0217 0.1356, 0.1587 -1.0256 0.1356, 0.1621 -1.0217 0.1436, 0.1571 -1.0217 0.1327, 0.1568 -1.0256 0.1323, 0.1568 -1.0217 0.1323, 0.1552 -1.0217 0.1306, 0.1552 -1.0256 0.1306, 0.1536 -1.0217 0.1296, 0.1536 -1.0256 0.1296, 0.1517 -1.0217 0.129, 0.1517 -1.0256 0.129, 0.1501 -1.0217 0.1289, 0.1501 -1.0256 0.1289, 0.1471 -1.0217 0.1293, 0.1471 -1.0256 0.1293, 0.1454 -1.0217 0.1299, 0.1454 -1.0256 0.1299, 0.1454 -1.0256 0.1224, 0.1454 -1.0217 0.1224, 0.149 -1.0217 0.1218, 0.149 -1.0256 0.1218, 0.1508 -1.0217 0.1217, 0.1508 -1.0256 0.1217, 0.1544 -1.0217 0.1222, 0.1544 -1.0256 0.1222, 0.1571 -1.0217 0.1233, 0.1577 -1.0256 0.1235, 0.1577 -1.0217 0.1235, 0.1605 -1.0217 0.1256, 0.1605 -1.0256 0.1256, 0.164 -1.0217 0.1296, 0.164 -1.0256 0.1296, 0.1678 -1.0217 0.137, 0.1678 -1.0256 0.137, 0.1704 -1.0217 0.1436, 0.2343 -1.0256 0.1518, 0.2343 -1.0256 0.1442, 0.2343 -1.0217 0.1518, 0.2343 -1.0217 0.1442, 0.207 -1.0217 0.1518, 0.207 -1.0256 0.1518, 0.2195 -1.0217 0.1518, 0.207 -1.0256 0.1742, 0.207 -1.0217 0.1742, 0.2309 -1.0256 0.1742, 0.2195 -1.0217 0.1742, 0.2309 -1.0217 0.1742, 0.2309 -1.0256 0.1819, 0.2309 -1.0217 0.1819, 0.207 -1.0217 0.1819, 0.207 -1.0256 0.1819, 0.2195 -1.0217 0.1819, 0.207 -1.0256 0.2032, 0.207 -1.0217 0.2032, 0.2328 -1.0217 0.2032, 0.2328 -1.0256 0.2032, 0.2195 -1.0217 0.2032, 0.2328 -1.0256 0.2109, 0.2328 -1.0217 0.2109, 0.1984 -1.0217 0.2109, 0.1984 -1.0256 0.2109, 0.2195 -1.0217 0.2109, 0.1984 -1.0256 0.1442, 0.1984 -1.0217 0.1442, 0.2195 -1.0217 0.1442, 0.2912 -1.0256 0.1535, 0.2838 -1.0256 0.1576, 0.2843 -1.0256 0.1486, 0.2794 -1.0256 0.1547, 0.2767 -1.0256 0.1456, 0.2737 -1.0256 0.1527, 0.2653 -1.0256 0.1442, 0.2652 -1.0256 0.1518, 0.2469 -1.0256 0.1442, 0.2555 -1.0256 0.1518, 0.2469 -1.0256 0.2109, 0.2555 -1.0256 0.2032, 0.266 -1.0256 0.2109, 0.2656 -1.0256 0.2032, 0.2761 -1.0256 0.2098, 0.2742 -1.0256 0.2023, 0.2842 -1.0256 0.2068, 0.28 -1.0256 0.2002, 0.2912 -1.0256 0.2021, 0.2849 -1.0256 0.197, 0.2935 -1.0256 0.1998, 0.2867 -1.0256 0.1952, 0.2976 -1.0256 0.194, 0.2893 -1.0256 0.1915, 0.3001 -1.0256 0.1877, 0.2912 -1.0256 0.1866, 0.3013 -1.0256 0.1784, 0.2922 -1.0256 0.1782, 0.3011 -1.0256 0.1742, 0.292 -1.0256 0.174, 0.2994 -1.0256 0.1664, 0.2907 -1.0256 0.1678, 0.2962 -1.0256 0.1594, 0.2884 -1.0256 0.1629, 0.2851 -1.0256 0.1588, 0.2653 -1.0217 0.1442, 0.2469 -1.0217 0.1442, 0.2767 -1.0217 0.1456, 0.2843 -1.0217 0.1486, 0.2912 -1.0217 0.1535, 0.2962 -1.0217 0.1594, 0.2994 -1.0217 0.1664, 0.3011 -1.0217 0.1742, 0.3013 -1.0217 0.1784, 0.3001 -1.0217 0.1877, 0.2976 -1.0217 0.194, 0.2935 -1.0217 0.1998, 0.2912 -1.0217 0.2021, 0.2842 -1.0217 0.2068, 0.2761 -1.0217 0.2098, 0.266 -1.0217 0.2109, 0.2469 -1.0217 0.2109, 0.2656 -1.0217 0.2032, 0.2555 -1.0217 0.2032, 0.2555 -1.0217 0.1518, 0.2652 -1.0217 0.1518, 0.2851 -1.0217 0.1588, 0.2838 -1.0217 0.1576, 0.2794 -1.0217 0.1547, 0.2737 -1.0217 0.1527, 0.2922 -1.0217 0.1782, 0.292 -1.0217 0.174, 0.2907 -1.0217 0.1678, 0.2884 -1.0217 0.1629, 0.2849 -1.0217 0.197, 0.2867 -1.0217 0.1952, 0.2893 -1.0217 0.1915, 0.2912 -1.0217 0.1866, 0.2742 -1.0217 0.2023, 0.28 -1.0217 0.2002
            ]
        }
        coordIndex [
            0,1,2,-1,3,4,5,-1,3,5,6,-1,6,5,7,-1,6,7,2,-1,2,7,8,-1,2,8,0,-1,9,1,10,-1,10,1,0,-1,10,11,9,-1,9,11,12,-1,13,14,15,-1,15,14,12,-1,15,12,16,-1,16,12,11,-1,14,13,17,-1,17,13,18,-1,18,19,17,-1,17,19,20,-1,17,20,21,-1,21,20,22,-1,21,22,23,-1,23,22,24,-1,23,24,25,-1,25,24,26,-1,25,26,27,-1,27,26,28,-1,27,28,29,-1,29,28,30,-1,29,30,31,-1,31,30,32,-1,31,32,33,-1,33,32,34,-1,33,34,35,-1,35,34,36,-1,35,36,37,-1,37,36,38,-1,37,38,39,-1,39,38,40,-1,39,40,41,-1,41,40,42,-1,41,42,43,-1,43,42,44,-1,43,44,45,-1,45,44,46,-1,45,46,47,-1,47,46,48,-1,47,48,49,-1,49,48,50,-1,49,50,51,-1,51,50,52,-1,51,52,53,-1,53,52,54,-1,53,54,55,-1,55,54,56,-1,55,56,57,-1,57,56,58,-1,57,58,59,-1,59,58,60,-1,59,60,61,-1,61,60,62,-1,61,62,63,-1,63,62,64,-1,63,64,65,-1,65,64,66,-1,65,66,67,-1,67,66,68,-1,67,68,69,-1,69,68,70,-1,69,70,71,-1,71,70,72,-1,71,72,73,-1,73,72,74,-1,73,74,75,-1,76,75,77,-1,77,75,74,-1,76,77,78,-1,76,78,79,-1,79,78,80,-1,79,80,81,-1,81,80,82,-1,81,82,83,-1,83,82,84,-1,83,84,85,-1,85,84,86,-1,85,86,87,-1,86,88,87,-1,87,88,89,-1,88,90,89,-1,89,90,91,-1,89,91,92,-1,92,91,93,-1,92,93,94,-1,94,93,95,-1,94,95,96,-1,96,95,97,-1,96,97,98,-1,98,97,99,-1,98,99,100,-1,100,99,101,-1,100,101,102,-1,103,104,105,-1,102,101,106,-1,102,106,107,-1,107,106,108,-1,107,108,105,-1,105,108,109,-1,105,109,103,-1,104,103,110,-1,104,110,111,-1,111,110,112,-1,111,112,113,-1,113,112,114,-1,113,114,115,-1,115,114,116,-1,115,116,117,-1,117,116,118,-1,117,118,119,-1,119,118,120,-1,119,120,121,-1,121,120,122,-1,121,122,123,-1,123,122,124,-1,123,124,125,-1,125,124,126,-1,125,126,127,-1,127,126,128,-1,127,128,129,-1,129,128,130,-1,129,130,131,-1,131,130,132,-1,131,132,133,-1,133,132,134,-1,133,134,135,-1,135,134,4,-1,135,4,3,-1,59,61,87,-1,87,61,85,-1,85,61,63,-1,85,63,83,-1,125,25,27,-1,111,43,104,-1,104,43,45,-1,96,98,51,-1,51,98,100,-1,51,100,49,-1,49,100,102,-1,49,102,47,-1,47,102,107,-1,47,107,45,-1,45,107,105,-1,45,105,104,-1,125,27,123,-1,123,27,29,-1,123,29,121,-1,121,29,31,-1,121,31,119,-1,119,31,33,-1,119,33,117,-1,117,33,35,-1,117,35,115,-1,115,35,37,-1,115,37,113,-1,113,37,39,-1,113,39,111,-1,111,39,41,-1,111,41,43,-1,25,125,23,-1,23,125,127,-1,23,127,21,-1,14,3,12,-1,12,3,6,-1,12,6,9,-1,9,6,2,-1,9,2,1,-1,63,65,83,-1,83,65,67,-1,83,67,81,-1,81,67,69,-1,81,69,79,-1,79,69,71,-1,79,71,76,-1,76,71,73,-1,76,73,75,-1,127,129,21,-1,21,129,131,-1,21,131,17,-1,17,131,133,-1,17,133,14,-1,14,133,135,-1,14,135,3,-1,87,89,59,-1,59,89,92,-1,59,92,57,-1,57,92,94,-1,57,94,55,-1,55,94,96,-1,55,96,53,-1,53,96,51,-1,136,137,138,-1,138,137,139,-1,140,136,141,-1,141,136,138,-1,140,141,142,-1,140,142,143,-1,143,142,144,-1,143,144,145,-1,146,145,147,-1,147,145,144,-1,148,146,149,-1,149,146,147,-1,150,151,152,-1,152,151,148,-1,152,148,149,-1,153,151,154,-1,154,151,150,-1,155,156,157,-1,157,156,153,-1,157,153,154,-1,158,159,160,-1,160,159,156,-1,160,156,155,-1,158,161,159,-1,159,161,162,-1,161,163,162,-1,162,163,164,-1,162,164,165,-1,165,164,166,-1,165,166,167,-1,167,166,168,-1,167,168,169,-1,169,168,170,-1,169,170,171,-1,171,170,172,-1,171,172,173,-1,173,172,174,-1,173,174,175,-1,176,175,177,-1,177,175,174,-1,176,177,178,-1,176,178,179,-1,179,178,180,-1,179,180,181,-1,181,180,182,-1,181,182,183,-1,183,182,184,-1,183,184,185,-1,184,186,185,-1,185,186,187,-1,185,187,188,-1,188,187,189,-1,188,189,190,-1,190,189,191,-1,190,191,192,-1,139,137,193,-1,193,137,192,-1,193,192,191,-1,143,145,192,-1,137,136,192,-1,192,136,140,-1,192,140,143,-1,151,153,148,-1,148,153,156,-1,148,156,146,-1,145,146,192,-1,192,146,156,-1,192,156,190,-1,156,159,190,-1,190,159,162,-1,190,162,188,-1,188,162,165,-1,188,165,185,-1,185,165,167,-1,185,167,183,-1,183,167,169,-1,183,169,181,-1,181,169,171,-1,181,171,179,-1,179,171,173,-1,179,173,176,-1,176,173,175,-1,194,195,196,-1,196,195,197,-1,198,199,200,-1,200,199,194,-1,200,194,196,-1,201,199,202,-1,202,199,198,-1,201,202,203,-1,203,202,204,-1,203,204,205,-1,206,203,207,-1,207,203,205,-1,208,209,210,-1,210,209,206,-1,210,206,207,-1,211,209,212,-1,212,209,208,-1,213,214,215,-1,215,214,211,-1,215,211,212,-1,216,214,217,-1,217,214,213,-1,218,219,220,-1,220,219,216,-1,220,216,217,-1,221,219,222,-1,222,219,218,-1,197,195,223,-1,223,195,221,-1,223,221,222,-1,221,195,194,-1,194,199,221,-1,221,199,201,-1,221,201,219,-1,214,216,211,-1,211,216,219,-1,211,219,209,-1,209,219,201,-1,209,201,206,-1,206,201,203,-1,224,225,226,-1,226,225,227,-1,226,227,228,-1,228,227,229,-1,228,229,230,-1,230,229,231,-1,230,231,232,-1,232,231,233,-1,232,233,234,-1,234,233,235,-1,234,235,236,-1,236,235,237,-1,236,237,238,-1,238,237,239,-1,238,239,240,-1,240,239,241,-1,240,241,242,-1,242,241,243,-1,242,243,244,-1,244,243,245,-1,244,245,246,-1,246,245,247,-1,246,247,248,-1,248,247,249,-1,248,249,250,-1,250,249,251,-1,250,251,252,-1,252,251,253,-1,252,253,254,-1,254,253,255,-1,254,255,256,-1,256,255,257,-1,256,257,224,-1,224,257,258,-1,224,258,225,-1,230,232,259,-1,259,232,260,-1,230,259,261,-1,230,261,228,-1,228,261,262,-1,228,262,226,-1,226,262,263,-1,226,263,224,-1,224,263,264,-1,224,264,256,-1,256,264,265,-1,256,265,254,-1,254,265,266,-1,254,266,252,-1,252,266,267,-1,252,267,250,-1,250,267,268,-1,250,268,248,-1,248,268,269,-1,248,269,246,-1,246,269,270,-1,246,270,244,-1,244,270,271,-1,244,271,242,-1,242,271,272,-1,242,272,240,-1,240,272,273,-1,240,273,238,-1,238,273,274,-1,238,274,236,-1,234,236,275,-1,275,236,274,-1,232,234,260,-1,260,234,275,-1,237,235,276,-1,276,235,277,-1,235,233,277,-1,277,233,278,-1,233,231,278,-1,278,231,279,-1,258,280,281,-1,258,281,225,-1,225,281,282,-1,225,282,227,-1,227,282,283,-1,227,283,229,-1,229,283,279,-1,229,279,231,-1,251,284,285,-1,251,285,253,-1,253,285,286,-1,253,286,255,-1,255,286,287,-1,255,287,257,-1,257,287,280,-1,257,280,258,-1,243,288,289,-1,243,289,245,-1,245,289,290,-1,245,290,247,-1,247,290,291,-1,247,291,249,-1,249,291,284,-1,249,284,251,-1,237,276,292,-1,237,292,239,-1,239,292,293,-1,239,293,241,-1,241,293,288,-1,241,288,243,-1,
        ]
    }
}
Shape{
    appearance Appearance {
        material  Material 	{
            diffuseColor 0.5019607843137255 0.5019607843137255 0.5019607843137255
            specularColor 0.25098039215686274 0.25098039215686274 0.25098039215686274
            ambientIntensity 0.502
            transparency 0.0
            shininess 0.5
        }
    }
    geometry IndexedFaceSet {
        ccw TRUE
        solid FALSE
        coord DEF co Coordinate {
            point [
                0.2555 -1.0217 0.2032, 0.2555 -1.0217 0.1518, 0.2656 -1.0217 0.2032, 0.2652 -1.0217 0.1518, 0.2737 -1.0217 0.1527, 0.2794 -1.0217 0.1547, 0.2838 -1.0217 0.1576, 0.2851 -1.0217 0.1588, 0.2884 -1.0217 0.1629, 0.2907 -1.0217 0.1678, 0.292 -1.0217 0.174, 0.2922 -1.0217 0.1782, 0.2912 -1.0217 0.1866, 0.2893 -1.0217 0.1915, 0.2867 -1.0217 0.1952, 0.2849 -1.0217 0.197, 0.2742 -1.0217 0.2023, 0.28 -1.0217 0.2002
            ]
        }
        coordIndex [
            0,1,2,-1,2,1,3,-1,2,3,4,-1,4,5,2,-1,2,5,6,-1,2,6,7,-1,7,8,2,-1,2,8,9,-1,2,9,10,-1,10,11,2,-1,2,11,12,-1,2,12,13,-1,13,14,2,-1,2,14,15,-1,2,15,16,-1,16,15,17,-1,
        ]
    }
}
Shape{
    appearance Appearance {
        material  Material 	{
            diffuseColor 0.0 0.0 0.0
            specularColor 0.0 0.0 0.0
            ambientIntensity 0.0
            transparency 0.0
            shininess 0.5
        }
    }
    geometry IndexedFaceSet {
        ccw TRUE
        solid FALSE
        coord DEF co Coordinate {
            point [
                0.3236 -1.0256 0.17, 0.3209 -1.0256 0.1624, 0.346 -1.0256 0.17, 0.3487 -1.0256 0.1624, 0.3336 -1.0256 0.1977, 0.3304 -1.0256 0.2109, 0.305 -1.0256 0.1442, 0.3145 -1.0256 0.1442, 0.3342 -1.0256 0.1997, 0.3347 -1.0256 0.2024, 0.3396 -1.0256 0.2109, 0.3349 -1.0256 0.2024, 0.3354 -1.0256 0.1996, 0.3359 -1.0256 0.1977, 0.365 -1.0256 0.1442, 0.3555 -1.0256 0.1442, 0.3396 -1.0217 0.2109, 0.365 -1.0217 0.1442, 0.3304 -1.0217 0.2109, 0.305 -1.0217 0.1442, 0.3145 -1.0217 0.1442, 0.3209 -1.0217 0.1624, 0.3487 -1.0217 0.1624, 0.3555 -1.0217 0.1442, 0.3236 -1.0217 0.17, 0.346 -1.0217 0.17, 0.3359 -1.0217 0.1977, 0.3349 -1.0217 0.2024, 0.3354 -1.0217 0.1996, 0.3347 -1.0217 0.2024, 0.3336 -1.0217 0.1977, 0.3342 -1.0217 0.1997
            ]
        }
        coordIndex [
            0,1,2,-1,2,1,3,-1,4,5,0,-1,0,5,6,-1,0,6,1,-1,1,6,7,-1,4,8,5,-1,5,8,9,-1,5,9,10,-1,10,9,11,-1,10,11,12,-1,12,13,10,-1,10,13,2,-1,10,2,14,-1,14,2,3,-1,14,3,15,-1,10,14,16,-1,16,14,17,-1,5,10,18,-1,18,10,16,-1,6,5,19,-1,19,5,18,-1,7,6,20,-1,20,6,19,-1,1,7,21,-1,21,7,20,-1,3,1,22,-1,22,1,21,-1,15,3,23,-1,23,3,22,-1,14,15,17,-1,17,15,23,-1,0,2,24,-1,24,2,25,-1,2,13,25,-1,25,13,26,-1,11,27,28,-1,11,28,12,-1,12,28,26,-1,12,26,13,-1,11,9,27,-1,27,9,29,-1,4,30,31,-1,4,31,8,-1,8,31,29,-1,8,29,9,-1,4,0,30,-1,30,0,24,-1,
        ]
    }
}
Shape{
    appearance Appearance {
        material  Material 	{
            diffuseColor 0.5019607843137255 0.5019607843137255 0.5019607843137255
            specularColor 0.25098039215686274 0.25098039215686274 0.25098039215686274
            ambientIntensity 0.502
            transparency 0.0
            shininess 0.5
        }
    }
    geometry IndexedFaceSet {
        ccw TRUE
        solid FALSE
        coord DEF co Coordinate {
            point [
                0.3349 -1.0217 0.2024, 0.3347 -1.0217 0.2024, 0.3354 -1.0217 0.1996, 0.3342 -1.0217 0.1997, 0.3359 -1.0217 0.1977, 0.3336 -1.0217 0.1977, 0.346 -1.0217 0.17, 0.3236 -1.0217 0.17
            ]
        }
        coordIndex [
            0,1,2,-1,2,1,3,-1,2,3,4,-1,4,3,5,-1,4,5,6,-1,6,5,7,-1,
        ]
    }
}
Shape{
    appearance Appearance {
        material  Material 	{
            diffuseColor 0.0 0.0 0.0
            specularColor 0.0 0.0 0.0
            ambientIntensity 0.0
            transparency 0.0
            shininess 0.5
        }
    }
    geometry IndexedFaceSet {
        ccw TRUE
        solid FALSE
        coord DEF co Coordinate {
            point [
                -0.281 -1.0256 0.1347, -0.274 -1.0256 0.126, -0.2853 -1.0256 0.1767, -0.2019 -1.0256 0.1329, -0.1963 -1.0256 0.1435, -0.1935 -1.0256 0.1552, -0.2535 -1.0256 0.1458, -0.2497 -1.0256 0.1432, -0.2647 -1.0256 0.119, -0.2454 -1.0256 0.1416, -0.0704 -1.0256 0.2099, -0.0715 -1.0256 0.2007, -0.0433 -1.0256 0.1928, -0.1269 -1.0256 0.1999, -0.1416 -1.0256 0.2251, -0.1933 -1.0256 0.1648, -0.2051 -1.0256 0.1919, -0.1933 -1.0256 0.1601, -0.2187 -1.0256 0.1181, -0.2092 -1.0256 0.1247, -0.2956 -1.0256 0.183, -0.2939 -1.0256 0.1475, -0.2858 -1.0256 0.1449, -0.1112 -1.0256 0.2469, -0.1074 -1.0256 0.2469, -0.088 -1.0256 0.2725, -0.0984 -1.0256 0.2458, -0.0852 -1.0256 0.2716, -0.0901 -1.0256 0.2426, -0.0711 -1.0256 0.2645, -0.0584 -1.0256 0.2535, -0.2447 -1.0256 0.2626, -0.2412 -1.0256 0.2607, -0.2559 -1.0256 0.2953, -0.2344 -1.0256 0.2749, -0.2462 -1.0256 0.3066, -0.224 -1.0256 0.2878, -0.235 -1.0256 0.3162, -0.2108 -1.0256 0.2976, -0.2235 -1.0256 0.3233, -0.2538 -1.0256 0.1144, -0.2426 -1.0256 0.1127, -0.2412 -1.0256 0.1411, -0.2407 -1.0256 0.1126, -0.2372 -1.0256 0.1415, -0.2293 -1.0256 0.1141, -0.233 -1.0256 0.143, -0.2293 -1.0256 0.1454, -0.2262 -1.0256 0.1488, -0.0494 -1.0256 0.1779, -0.0748 -1.0256 0.1922, -0.0586 -1.0256 0.1653, -0.2017 -1.0256 0.3318, -0.1953 -1.0256 0.3039, -0.1781 -1.0256 0.3347, -0.1136 -1.0256 0.31, -0.1305 -1.0256 0.2866, -0.0981 -1.0256 0.2921, -0.1202 -1.0256 0.2735, -0.1134 -1.0256 0.258, -0.3041 -1.0256 0.1918, -0.3237 -1.0256 0.1677, -0.3108 -1.0256 0.1563, -0.3124 -1.0256 0.2318, -0.3435 -1.0256 0.2249, -0.3138 -1.0256 0.2203, -0.3437 -1.0256 0.2194, -0.3132 -1.0256 0.2131, -0.3418 -1.0256 0.2027, -0.3098 -1.0256 0.2015, -0.3355 -1.0256 0.1849, -0.3255 -1.0256 0.1697, -0.2565 -1.0256 0.1493, -0.2586 -1.0256 0.1532, -0.2596 -1.0256 0.1576, -0.2239 -1.0256 0.1663, -0.2228 -1.0256 0.1619, -0.2228 -1.0256 0.1575, -0.224 -1.0256 0.1529, -0.0828 -1.0256 0.2375, -0.0773 -1.0256 0.2313, -0.0488 -1.0256 0.24, -0.0729 -1.0256 0.2231, -0.0431 -1.0256 0.2254, -0.0706 -1.0256 0.214, -0.041 -1.0256 0.2104, -0.041 -1.0256 0.2084, -0.08 -1.0256 0.1848, -0.0807 -1.0256 0.1841, -0.072 -1.0256 0.1541, -0.0877 -1.0256 0.1784, -0.0865 -1.0256 0.1471, -0.0961 -1.0256 0.1745, -0.1017 -1.0256 0.144, -0.1046 -1.0256 0.1729, -0.1297 -1.0256 0.144, -0.1259 -1.0256 0.1729, -0.1321 -1.0256 0.1443, -0.2553 -1.0256 0.2664, -0.2614 -1.0256 0.2959, -0.2663 -1.0256 0.2678, -0.2668 -1.0256 0.2962, -0.2712 -1.0256 0.2675, -0.2836 -1.0256 0.2944, -0.2829 -1.0256 0.2648, -0.3013 -1.0256 0.288, -0.2935 -1.0256 0.2592, -0.3172 -1.0256 0.2774, -0.3017 -1.0256 0.2518, -0.3214 -1.0256 0.2735, -0.3083 -1.0256 0.2424, -0.3318 -1.0256 0.2604, -0.3398 -1.0256 0.2436, -0.1795 -1.0256 0.3062, -0.1776 -1.0256 0.3062, -0.1586 -1.0256 0.3326, -0.1622 -1.0256 0.3044, -0.1347 -1.0256 0.3242, -0.1473 -1.0256 0.2989, -0.1339 -1.0256 0.2898, -0.2596 -1.0256 0.1617, -0.2585 -1.0256 0.1662, -0.2801 -1.0256 0.1869, -0.2563 -1.0256 0.1703, -0.2722 -1.0256 0.1959, -0.2532 -1.0256 0.1737, -0.2625 -1.0256 0.2026, -0.2494 -1.0256 0.1762, -0.252 -1.0256 0.2066, -0.2452 -1.0256 0.1777, -0.2407 -1.0256 0.208, -0.2412 -1.0256 0.1781, -0.2349 -1.0256 0.2077, -0.2373 -1.0256 0.1777, -0.2235 -1.0256 0.2048, -0.2329 -1.0256 0.1761, -0.2134 -1.0256 0.1994, -0.229 -1.0256 0.1735, -0.226 -1.0256 0.1701, -0.1283 -1.0256 0.1733, -0.1398 -1.0256 0.149, -0.1384 -1.0256 0.1476, -0.1323 -1.0256 0.1729, -0.1355 -1.0256 0.1717, -0.1434 -1.0256 0.16, -0.1435 -1.0256 0.1587, -0.143 -1.0256 0.1552, -0.1418 -1.0256 0.152, -0.1269 -1.0256 0.173, -0.1352 -1.0256 0.1455, -0.1288 -1.0256 0.1734, -0.1385 -1.0256 0.1697, -0.1409 -1.0256 0.1669, -0.1426 -1.0256 0.1636, -0.0555 -1.0217 0.2495, -0.0488 -1.0217 0.24, -0.0448 -1.0217 0.2299, -0.0431 -1.0217 0.2254, -0.041 -1.0217 0.2104, -0.0584 -1.0217 0.2535, -0.0711 -1.0217 0.2645, -0.0852 -1.0217 0.2716, -0.088 -1.0217 0.2725, -0.0981 -1.0217 0.2921, -0.1136 -1.0217 0.31, -0.1245 -1.0217 0.3173, -0.1347 -1.0217 0.3242, -0.1586 -1.0217 0.3326, -0.1781 -1.0217 0.3347, -0.235 -1.0217 0.3162, -0.2332 -1.0217 0.3173, -0.2235 -1.0217 0.3233, -0.2017 -1.0217 0.3318, -0.2462 -1.0217 0.3066, -0.2559 -1.0217 0.2953, -0.2614 -1.0217 0.2959, -0.2668 -1.0217 0.2962, -0.2836 -1.0217 0.2944, -0.3013 -1.0217 0.288, -0.3172 -1.0217 0.2774, -0.3214 -1.0217 0.2735, -0.3318 -1.0217 0.2604, -0.337 -1.0217 0.2495, -0.3398 -1.0217 0.2436, -0.3425 -1.0217 0.2299, -0.3435 -1.0217 0.2249, -0.3437 -1.0217 0.2194, -0.3418 -1.0217 0.2027, -0.3355 -1.0217 0.1849, -0.3255 -1.0217 0.1697, -0.3237 -1.0217 0.1677, -0.3108 -1.0217 0.1563, -0.2939 -1.0217 0.1475, -0.2858 -1.0217 0.1449, -0.2852 -1.0217 0.1436, -0.281 -1.0217 0.1347, -0.274 -1.0217 0.126, -0.2647 -1.0217 0.119, -0.2603 -1.0217 0.1172, -0.2538 -1.0217 0.1144, -0.2426 -1.0217 0.1127, -0.2407 -1.0217 0.1126, -0.1933 -1.0217 0.1601, -0.2293 -1.0217 0.1141, -0.2211 -1.0217 0.1172, -0.2187 -1.0217 0.1181, -0.2092 -1.0217 0.1247, -0.2019 -1.0217 0.1329, -0.1963 -1.0217 0.1435, -0.1963 -1.0217 0.1436, -0.1935 -1.0217 0.1552, -0.1933 -1.0217 0.1648, -0.1269 -1.0217 0.1999, -0.1416 -1.0217 0.2251, -0.2051 -1.0217 0.1919, -0.2134 -1.0217 0.1994, -0.2235 -1.0217 0.2048, -0.2349 -1.0217 0.2077, -0.2407 -1.0217 0.208, -0.252 -1.0217 0.2066, -0.2625 -1.0217 0.2026, -0.2722 -1.0217 0.1959, -0.2801 -1.0217 0.1869, -0.2853 -1.0217 0.1767, -0.2956 -1.0217 0.183, -0.3041 -1.0217 0.1918, -0.3098 -1.0217 0.2015, -0.3132 -1.0217 0.2131, -0.3138 -1.0217 0.2203, -0.3126 -1.0217 0.2299, -0.3124 -1.0217 0.2318, -0.3083 -1.0217 0.2424, -0.3034 -1.0217 0.2495, -0.3017 -1.0217 0.2518, -0.2935 -1.0217 0.2592, -0.2829 -1.0217 0.2648, -0.2712 -1.0217 0.2675, -0.2663 -1.0217 0.2678, -0.2553 -1.0217 0.2664, -0.2447 -1.0217 0.2626, -0.2412 -1.0217 0.2607, -0.2344 -1.0217 0.2749, -0.224 -1.0217 0.2878, -0.2108 -1.0217 0.2976, -0.1953 -1.0217 0.3039, -0.1795 -1.0217 0.3062, -0.1776 -1.0217 0.3062, -0.1622 -1.0217 0.3044, -0.1473 -1.0217 0.2989, -0.1339 -1.0217 0.2898, -0.1305 -1.0217 0.2866, -0.1202 -1.0217 0.2735, -0.1134 -1.0217 0.258, -0.1117 -1.0217 0.2495, -0.1112 -1.0217 0.2469, -0.1074 -1.0217 0.2469, -0.0984 -1.0217 0.2458, -0.0901 -1.0217 0.2426, -0.0828 -1.0217 0.2375, -0.0773 -1.0217 0.2313, -0.0765 -1.0217 0.2299, -0.0729 -1.0217 0.2231, -0.0706 -1.0217 0.214, -0.0704 -1.0217 0.2099, -0.0715 -1.0217 0.2007, -0.0748 -1.0217 0.1922, -0.08 -1.0217 0.1848, -0.0807 -1.0217 0.1841, -0.0877 -1.0217 0.1784, -0.0961 -1.0217 0.1745, -0.1046 -1.0217 0.1729, -0.1259 -1.0217 0.1729, -0.1269 -1.0217 0.173, -0.1283 -1.0217 0.1733, -0.1288 -1.0217 0.1734, -0.1323 -1.0217 0.1729, -0.1355 -1.0217 0.1717, -0.1385 -1.0217 0.1697, -0.1409 -1.0217 0.1669, -0.1426 -1.0217 0.1636, -0.1434 -1.0217 0.16, -0.1435 -1.0217 0.1587, -0.143 -1.0217 0.1552, -0.1418 -1.0217 0.152, -0.1398 -1.0217 0.149, -0.1384 -1.0217 0.1476, -0.1352 -1.0217 0.1455, -0.1321 -1.0217 0.1443, -0.1297 -1.0217 0.144, -0.1017 -1.0217 0.144, -0.0865 -1.0217 0.1471, -0.072 -1.0217 0.1541, -0.0586 -1.0217 0.1653, -0.0494 -1.0217 0.1779, -0.0433 -1.0217 0.1928, -0.041 -1.0217 0.2084, -0.2412 -1.0217 0.1781, -0.2373 -1.0217 0.1777, -0.2329 -1.0217 0.1761, -0.229 -1.0217 0.1735, -0.226 -1.0217 0.1701, -0.2239 -1.0217 0.1663, -0.2228 -1.0217 0.1619, -0.2228 -1.0217 0.1575, -0.224 -1.0217 0.1529, -0.2262 -1.0217 0.1488, -0.2293 -1.0217 0.1454, -0.233 -1.0217 0.143, -0.2372 -1.0217 0.1415, -0.2412 -1.0217 0.1411, -0.2454 -1.0217 0.1416, -0.2497 -1.0217 0.1432, -0.2535 -1.0217 0.1458, -0.2565 -1.0217 0.1493, -0.2586 -1.0217 0.1532, -0.2596 -1.0217 0.1576, -0.2596 -1.0217 0.1617, -0.2585 -1.0217 0.1662, -0.2563 -1.0217 0.1703, -0.2532 -1.0217 0.1737, -0.2494 -1.0217 0.1762, -0.2452 -1.0217 0.1777
            ]
        }
        coordIndex [
            0,1,2,-1,3,4,5,-1,6,1,7,-1,7,1,8,-1,7,8,9,-1,10,11,12,-1,13,14,15,-1,15,14,16,-1,15,16,17,-1,17,16,18,-1,17,18,5,-1,5,18,19,-1,5,19,3,-1,20,21,2,-1,2,21,22,-1,2,22,0,-1,23,24,25,-1,25,24,26,-1,25,26,27,-1,27,26,28,-1,27,28,29,-1,29,28,30,-1,31,32,33,-1,33,32,34,-1,33,34,35,-1,35,34,36,-1,35,36,37,-1,37,36,38,-1,37,38,39,-1,8,40,9,-1,9,40,41,-1,9,41,42,-1,42,41,43,-1,42,43,44,-1,44,43,45,-1,44,45,46,-1,46,45,18,-1,46,18,47,-1,47,18,48,-1,12,11,49,-1,49,11,50,-1,49,50,51,-1,39,38,52,-1,52,38,53,-1,52,53,54,-1,55,56,57,-1,57,56,58,-1,57,58,25,-1,25,58,59,-1,25,59,23,-1,60,61,20,-1,20,61,62,-1,20,62,21,-1,63,64,65,-1,65,64,66,-1,65,66,67,-1,67,66,68,-1,67,68,69,-1,69,68,70,-1,69,70,60,-1,60,70,71,-1,60,71,61,-1,6,72,1,-1,1,72,73,-1,1,73,2,-1,2,73,74,-1,75,76,16,-1,16,76,77,-1,16,77,18,-1,18,77,78,-1,18,78,48,-1,28,79,30,-1,30,79,80,-1,30,80,81,-1,81,80,82,-1,81,82,83,-1,83,82,84,-1,83,84,85,-1,85,84,10,-1,85,10,86,-1,86,10,12,-1,50,87,51,-1,51,87,88,-1,51,88,89,-1,89,88,90,-1,89,90,91,-1,91,90,92,-1,91,92,93,-1,93,92,94,-1,93,94,95,-1,95,94,96,-1,95,96,97,-1,31,33,98,-1,98,33,99,-1,98,99,100,-1,100,99,101,-1,100,101,102,-1,102,101,103,-1,102,103,104,-1,104,103,105,-1,104,105,106,-1,106,105,107,-1,106,107,108,-1,108,107,109,-1,108,109,110,-1,110,109,111,-1,110,111,63,-1,63,111,112,-1,63,112,64,-1,53,113,54,-1,54,113,114,-1,54,114,115,-1,115,114,116,-1,115,116,117,-1,117,116,118,-1,117,118,55,-1,55,118,119,-1,55,119,56,-1,74,120,2,-1,2,120,121,-1,2,121,122,-1,122,121,123,-1,122,123,124,-1,124,123,125,-1,124,125,126,-1,126,125,127,-1,126,127,128,-1,128,127,129,-1,128,129,130,-1,130,129,131,-1,130,131,132,-1,132,131,133,-1,132,133,134,-1,134,133,135,-1,134,135,136,-1,136,135,137,-1,136,137,16,-1,16,137,138,-1,16,138,75,-1,139,140,141,-1,142,143,144,-1,145,146,139,-1,139,146,147,-1,139,147,140,-1,96,148,97,-1,97,148,139,-1,97,139,149,-1,149,139,141,-1,145,139,144,-1,144,139,150,-1,144,150,142,-1,143,151,144,-1,144,151,152,-1,144,152,153,-1,154,30,155,-1,155,30,81,-1,155,81,156,-1,156,81,83,-1,156,83,157,-1,157,83,85,-1,157,85,158,-1,154,159,30,-1,30,159,160,-1,30,160,29,-1,29,160,161,-1,29,161,27,-1,27,161,162,-1,27,162,25,-1,25,162,163,-1,25,163,57,-1,57,163,164,-1,57,164,55,-1,117,55,165,-1,165,55,164,-1,165,166,117,-1,117,166,167,-1,117,167,115,-1,115,167,168,-1,115,168,54,-1,169,37,170,-1,170,37,39,-1,170,39,171,-1,171,39,52,-1,171,52,172,-1,172,52,54,-1,172,54,168,-1,37,169,173,-1,37,173,35,-1,35,173,174,-1,35,174,33,-1,33,174,175,-1,33,175,99,-1,99,175,176,-1,99,176,101,-1,101,176,177,-1,101,177,103,-1,103,177,178,-1,103,178,105,-1,105,178,179,-1,105,179,107,-1,107,179,180,-1,107,180,109,-1,112,111,181,-1,181,111,109,-1,181,109,180,-1,181,182,112,-1,112,182,183,-1,112,183,64,-1,64,183,184,-1,184,185,64,-1,64,185,186,-1,64,186,66,-1,66,186,187,-1,66,187,68,-1,68,187,188,-1,68,188,70,-1,70,188,189,-1,70,189,71,-1,71,189,190,-1,71,190,61,-1,61,190,191,-1,61,191,62,-1,62,191,192,-1,62,192,21,-1,21,192,193,-1,21,193,22,-1,22,193,194,-1,22,194,0,-1,194,195,0,-1,0,195,196,-1,0,196,1,-1,1,196,197,-1,1,197,8,-1,8,197,198,-1,8,198,40,-1,198,199,40,-1,40,199,200,-1,40,200,41,-1,41,200,201,-1,41,201,43,-1,202,17,5,-1,43,201,203,-1,204,18,203,-1,203,18,45,-1,203,45,43,-1,204,205,18,-1,18,205,206,-1,18,206,19,-1,19,206,207,-1,19,207,3,-1,3,207,208,-1,3,208,4,-1,4,208,209,-1,4,209,5,-1,5,209,210,-1,5,210,202,-1,15,17,211,-1,211,17,202,-1,13,15,212,-1,212,15,211,-1,14,13,213,-1,213,13,212,-1,16,14,214,-1,214,14,213,-1,16,214,215,-1,16,215,136,-1,136,215,216,-1,136,216,134,-1,134,216,217,-1,134,217,132,-1,132,217,218,-1,132,218,130,-1,130,218,219,-1,130,219,128,-1,128,219,220,-1,128,220,126,-1,126,220,221,-1,126,221,124,-1,124,221,222,-1,124,222,122,-1,122,222,223,-1,122,223,2,-1,2,223,224,-1,2,224,20,-1,20,224,225,-1,20,225,60,-1,60,225,226,-1,60,226,69,-1,69,226,227,-1,69,227,67,-1,67,227,228,-1,67,228,65,-1,65,228,229,-1,65,229,63,-1,63,229,230,-1,63,230,231,-1,232,108,231,-1,231,108,110,-1,231,110,63,-1,232,233,108,-1,108,233,234,-1,108,234,106,-1,106,234,235,-1,106,235,104,-1,104,235,236,-1,104,236,102,-1,102,236,237,-1,102,237,100,-1,100,237,238,-1,100,238,98,-1,98,238,239,-1,98,239,31,-1,31,239,240,-1,31,240,32,-1,32,240,241,-1,32,241,34,-1,34,241,242,-1,34,242,36,-1,36,242,243,-1,36,243,38,-1,38,243,244,-1,38,244,53,-1,53,244,245,-1,53,245,113,-1,113,245,246,-1,113,246,114,-1,114,246,247,-1,114,247,116,-1,116,247,248,-1,116,248,118,-1,118,248,249,-1,118,249,119,-1,119,249,250,-1,119,250,56,-1,56,250,251,-1,56,251,58,-1,58,251,252,-1,58,252,59,-1,59,252,23,-1,23,252,253,-1,23,253,254,-1,24,23,255,-1,255,23,254,-1,24,255,256,-1,24,256,26,-1,26,256,257,-1,26,257,28,-1,28,257,258,-1,28,258,79,-1,79,258,259,-1,79,259,80,-1,80,259,260,-1,80,260,82,-1,260,261,82,-1,82,261,262,-1,82,262,84,-1,84,262,263,-1,84,263,10,-1,10,263,264,-1,10,264,11,-1,11,264,265,-1,11,265,50,-1,50,265,266,-1,50,266,87,-1,87,266,267,-1,87,267,88,-1,88,267,268,-1,88,268,90,-1,90,268,269,-1,90,269,92,-1,92,269,270,-1,92,270,94,-1,96,94,271,-1,271,94,270,-1,96,271,272,-1,96,272,148,-1,148,272,273,-1,148,273,139,-1,139,273,274,-1,139,274,150,-1,150,274,275,-1,150,275,142,-1,142,275,276,-1,142,276,143,-1,143,276,277,-1,143,277,151,-1,151,277,278,-1,151,278,152,-1,152,278,279,-1,152,279,153,-1,153,279,280,-1,153,280,144,-1,144,280,281,-1,144,281,145,-1,145,281,282,-1,145,282,146,-1,146,282,283,-1,146,283,147,-1,147,283,284,-1,147,284,140,-1,140,284,285,-1,140,285,141,-1,141,285,286,-1,141,286,149,-1,149,286,287,-1,149,287,97,-1,97,287,288,-1,97,288,95,-1,93,95,289,-1,289,95,288,-1,93,289,290,-1,93,290,91,-1,91,290,291,-1,91,291,89,-1,89,291,292,-1,89,292,51,-1,51,292,293,-1,51,293,49,-1,49,293,294,-1,49,294,12,-1,12,294,295,-1,12,295,86,-1,86,295,158,-1,86,158,85,-1,131,296,297,-1,131,297,133,-1,133,297,298,-1,133,298,135,-1,135,298,299,-1,135,299,137,-1,137,299,300,-1,137,300,138,-1,138,300,301,-1,138,301,75,-1,75,301,302,-1,75,302,76,-1,76,302,303,-1,76,303,77,-1,77,303,304,-1,77,304,78,-1,78,304,305,-1,78,305,48,-1,48,305,306,-1,48,306,47,-1,47,306,307,-1,47,307,46,-1,46,307,308,-1,46,308,44,-1,44,308,309,-1,44,309,42,-1,42,309,310,-1,42,310,9,-1,9,310,311,-1,9,311,7,-1,7,311,312,-1,7,312,6,-1,6,312,313,-1,6,313,72,-1,72,313,314,-1,72,314,73,-1,73,314,315,-1,73,315,74,-1,74,315,316,-1,74,316,120,-1,120,316,317,-1,120,317,121,-1,121,317,318,-1,121,318,123,-1,123,318,319,-1,123,319,125,-1,125,319,320,-1,125,320,127,-1,127,320,321,-1,127,321,129,-1,129,321,296,-1,129,296,131,-1,
        ]
    }
}
Shape{
    appearance Appearance {
        material  Material 	{
            diffuseColor 0.5019607843137255 0.5019607843137255 0.5019607843137255
            specularColor 0.25098039215686274 0.25098039215686274 0.25098039215686274
            ambientIntensity 0.502
            transparency 0.0
            shininess 0.5
        }
    }
    geometry IndexedFaceSet {
        ccw TRUE
        solid FALSE
        coord DEF co Coordinate {
            point [
                -0.2372 -1.0217 0.1415, -0.2412 -1.0217 0.1781, -0.2412 -1.0217 0.1411, -0.2452 -1.0217 0.1777, -0.2596 -1.0217 0.1576, -0.2596 -1.0217 0.1617, -0.2494 -1.0217 0.1762, -0.2228 -1.0217 0.1619, -0.2239 -1.0217 0.1663, -0.226 -1.0217 0.1701, -0.229 -1.0217 0.1735, -0.2329 -1.0217 0.1761, -0.2373 -1.0217 0.1777, -0.2532 -1.0217 0.1737, -0.2563 -1.0217 0.1703, -0.2585 -1.0217 0.1662, -0.2586 -1.0217 0.1532, -0.2565 -1.0217 0.1493, -0.2535 -1.0217 0.1458, -0.233 -1.0217 0.143, -0.2293 -1.0217 0.1454, -0.2228 -1.0217 0.1575, -0.2262 -1.0217 0.1488, -0.224 -1.0217 0.1529, -0.2497 -1.0217 0.1432, -0.2454 -1.0217 0.1416
            ]
        }
        coordIndex [
            0,1,2,-1,2,1,3,-1,4,3,5,-1,5,3,6,-1,7,8,0,-1,0,8,9,-1,0,9,10,-1,10,11,0,-1,0,11,12,-1,0,12,1,-1,6,13,5,-1,5,13,14,-1,5,14,15,-1,4,16,3,-1,3,16,17,-1,3,17,18,-1,0,19,7,-1,7,19,20,-1,7,20,21,-1,21,20,22,-1,21,22,23,-1,18,24,3,-1,3,24,25,-1,3,25,2,-1,
        ]
    }
}