ISO-10303-21;
HEADER;
FILE_DESCRIPTION(('FreeCAD Model'),'2;1');
FILE_NAME('Open CASCADE Shape Model','2026-10-09T22:29:38',('Author'),(
    ''),'Open CASCADE STEP processor 7.6','FreeCAD','Unknown');
FILE_SCHEMA(('AUTOMOTIVE_DESIGN { 1 0 10303 214 1 1 1 1 }'));
ENDSEC;
DATA;
#1 = APPLICATION_PROTOCOL_DEFINITION('international standard',
  'automotive_design',2000,#2);
#2 = APPLICATION_CONTEXT(
  'core data for automotive mechanical design processes');
#3 = SHAPE_DEFINITION_REPRESENTATION(#4,#10);
#4 = PRODUCT_DEFINITION_SHAPE('','',#5);
#5 = PRODUCT_DEFINITION('design','',#6,#9);
#6 = PRODUCT_DEFINITION_FORMATION('','',#7);
#7 = PRODUCT('LA150C_RDIVER_rigid_flex_Ufold',
  'LA150C_RDIVER_rigid_flex_Ufold','',(#8));
#8 = PRODUCT_CONTEXT('',#2,'mechanical');
#9 = PRODUCT_DEFINITION_CONTEXT('part definition',#2,'design');
#10 = SHAPE_REPRESENTATION('',(#11,#15,#1003,#3118,#4480,#8950,#12488),
  #17658);
#11 = AXIS2_PLACEMENT_3D('',#12,#13,#14);
#12 = CARTESIAN_POINT('',(0.,0.,0.));
#13 = DIRECTION('',(0.,0.,1.));
#14 = DIRECTION('',(1.,0.,-0.));
#15 = MANIFOLD_SOLID_BREP('',#16);
#16 = CLOSED_SHELL('',(#17,#75,#106,#205,#236,#267,#329,#391,#415,#434,
    #465,#490,#514,#532,#556,#581,#605,#630,#654,#703,#720,#737,#754,
    #771,#796,#820,#844,#875,#915,#955,#969,#986));
#17 = ADVANCED_FACE('',(#18),#70,.T.);
#18 = FACE_BOUND('',#19,.F.);
#19 = EDGE_LOOP('',(#20,#30,#38,#46,#55,#63));
#20 = ORIENTED_EDGE('',*,*,#21,.T.);
#21 = EDGE_CURVE('',#22,#24,#26,.T.);
#22 = VERTEX_POINT('',#23);
#23 = CARTESIAN_POINT('',(110.10102,97.5,-0.3));
#24 = VERTEX_POINT('',#25);
#25 = CARTESIAN_POINT('',(110.10102,97.5,-0.1));
#26 = LINE('',#27,#28);
#27 = CARTESIAN_POINT('',(110.10102,97.5,-0.3));
#28 = VECTOR('',#29,1.);
#29 = DIRECTION('',(0.,0.,1.));
#30 = ORIENTED_EDGE('',*,*,#31,.T.);
#31 = EDGE_CURVE('',#24,#32,#34,.T.);
#32 = VERTEX_POINT('',#33);
#33 = CARTESIAN_POINT('',(110.10102,97.5,0.1));
#34 = LINE('',#35,#36);
#35 = CARTESIAN_POINT('',(110.10102,97.5,-0.1));
#36 = VECTOR('',#37,1.);
#37 = DIRECTION('',(0.,0.,1.));
#38 = ORIENTED_EDGE('',*,*,#39,.T.);
#39 = EDGE_CURVE('',#32,#40,#42,.T.);
#40 = VERTEX_POINT('',#41);
#41 = CARTESIAN_POINT('',(110.10102,97.5,0.3));
#42 = LINE('',#43,#44);
#43 = CARTESIAN_POINT('',(110.10102,97.5,-0.3));
#44 = VECTOR('',#45,1.);
#45 = DIRECTION('',(0.,0.,1.));
#46 = ORIENTED_EDGE('',*,*,#47,.T.);
#47 = EDGE_CURVE('',#40,#48,#50,.T.);
#48 = VERTEX_POINT('',#49);
#49 = CARTESIAN_POINT('',(118.9924,96.217046,0.3));
#50 = CIRCLE('',#51,5.500000340443);
#51 = AXIS2_PLACEMENT_3D('',#52,#53,#54);
#52 = CARTESIAN_POINT('',(114.99999969404,100.00000034044,0.3));
#53 = DIRECTION('',(0.,0.,1.));
#54 = DIRECTION('',(-0.890723525601,-0.454545488308,0.));
#55 = ORIENTED_EDGE('',*,*,#56,.F.);
#56 = EDGE_CURVE('',#57,#48,#59,.T.);
#57 = VERTEX_POINT('',#58);
#58 = CARTESIAN_POINT('',(118.9924,96.217046,-0.3));
#59 = LINE('',#60,#61);
#60 = CARTESIAN_POINT('',(118.9924,96.217046,-0.3));
#61 = VECTOR('',#62,1.);
#62 = DIRECTION('',(0.,0.,1.));
#63 = ORIENTED_EDGE('',*,*,#64,.F.);
#64 = EDGE_CURVE('',#22,#57,#65,.T.);
#65 = CIRCLE('',#66,5.500000340443);
#66 = AXIS2_PLACEMENT_3D('',#67,#68,#69);
#67 = CARTESIAN_POINT('',(114.99999969404,100.00000034044,-0.3));
#68 = DIRECTION('',(0.,0.,1.));
#69 = DIRECTION('',(-0.890723525601,-0.454545488308,0.));
#70 = CYLINDRICAL_SURFACE('',#71,5.500000340443);
#71 = AXIS2_PLACEMENT_3D('',#72,#73,#74);
#72 = CARTESIAN_POINT('',(114.99999969404,100.00000034044,-0.3));
#73 = DIRECTION('',(-0.,-0.,-1.));
#74 = DIRECTION('',(-0.890723525601,-0.454545488308,0.));
#75 = ADVANCED_FACE('',(#76),#101,.F.);
#76 = FACE_BOUND('',#77,.F.);
#77 = EDGE_LOOP('',(#78,#86,#94,#100));
#78 = ORIENTED_EDGE('',*,*,#79,.F.);
#79 = EDGE_CURVE('',#80,#22,#82,.T.);
#80 = VERTEX_POINT('',#81);
#81 = CARTESIAN_POINT('',(110.10102,102.5,-0.3));
#82 = LINE('',#83,#84);
#83 = CARTESIAN_POINT('',(110.10102,102.5,-0.3));
#84 = VECTOR('',#85,1.);
#85 = DIRECTION('',(0.,-1.,0.));
#86 = ORIENTED_EDGE('',*,*,#87,.T.);
#87 = EDGE_CURVE('',#80,#88,#90,.T.);
#88 = VERTEX_POINT('',#89);
#89 = CARTESIAN_POINT('',(110.10102,102.5,-0.1));
#90 = LINE('',#91,#92);
#91 = CARTESIAN_POINT('',(110.10102,102.5,-0.3));
#92 = VECTOR('',#93,1.);
#93 = DIRECTION('',(0.,0.,1.));
#94 = ORIENTED_EDGE('',*,*,#95,.F.);
#95 = EDGE_CURVE('',#24,#88,#96,.T.);
#96 = LINE('',#97,#98);
#97 = CARTESIAN_POINT('',(110.10102,97.5,-0.1));
#98 = VECTOR('',#99,1.);
#99 = DIRECTION('',(0.,1.,0.));
#100 = ORIENTED_EDGE('',*,*,#21,.F.);
#101 = PLANE('',#102);
#102 = AXIS2_PLACEMENT_3D('',#103,#104,#105);
#103 = CARTESIAN_POINT('',(110.10102,102.5,-0.3));
#104 = DIRECTION('',(1.,0.,-0.));
#105 = DIRECTION('',(0.,-1.,0.));
#106 = ADVANCED_FACE('',(#107),#200,.T.);
#107 = FACE_BOUND('',#108,.T.);
#108 = EDGE_LOOP('',(#109,#119,#128,#136,#145,#151,#152,#160,#169,#177,
    #186,#194));
#109 = ORIENTED_EDGE('',*,*,#110,.T.);
#110 = EDGE_CURVE('',#111,#113,#115,.T.);
#111 = VERTEX_POINT('',#112);
#112 = CARTESIAN_POINT('',(110.10102,97.5,3.529203673205));
#113 = VERTEX_POINT('',#114);
#114 = CARTESIAN_POINT('',(109.4999995,97.5,3.529203673205));
#115 = LINE('',#116,#117);
#116 = CARTESIAN_POINT('',(110.10102,97.5,3.529203673205));
#117 = VECTOR('',#118,1.);
#118 = DIRECTION('',(-1.,0.,0.));
#119 = ORIENTED_EDGE('',*,*,#120,.T.);
#120 = EDGE_CURVE('',#113,#121,#123,.T.);
#121 = VERTEX_POINT('',#122);
#122 = CARTESIAN_POINT('',(108.8999995,97.5,2.929203673205));
#123 = CIRCLE('',#124,0.6);
#124 = AXIS2_PLACEMENT_3D('',#125,#126,#127);
#125 = CARTESIAN_POINT('',(109.4999995,97.5,2.929203673205));
#126 = DIRECTION('',(0.,-1.,0.));
#127 = DIRECTION('',(0.,0.,1.));
#128 = ORIENTED_EDGE('',*,*,#129,.T.);
#129 = EDGE_CURVE('',#121,#130,#132,.T.);
#130 = VERTEX_POINT('',#131);
#131 = CARTESIAN_POINT('',(108.8999995,97.5,0.5));
#132 = LINE('',#133,#134);
#133 = CARTESIAN_POINT('',(108.8999995,97.5,2.929203673205));
#134 = VECTOR('',#135,1.);
#135 = DIRECTION('',(0.,0.,-1.));
#136 = ORIENTED_EDGE('',*,*,#137,.T.);
#137 = EDGE_CURVE('',#130,#138,#140,.T.);
#138 = VERTEX_POINT('',#139);
#139 = CARTESIAN_POINT('',(109.4999995,97.5,-0.1));
#140 = CIRCLE('',#141,0.6);
#141 = AXIS2_PLACEMENT_3D('',#142,#143,#144);
#142 = CARTESIAN_POINT('',(109.4999995,97.5,0.5));
#143 = DIRECTION('',(0.,-1.,0.));
#144 = DIRECTION('',(-1.,0.,2.238949766327E-14));
#145 = ORIENTED_EDGE('',*,*,#146,.T.);
#146 = EDGE_CURVE('',#138,#24,#147,.T.);
#147 = LINE('',#148,#149);
#148 = CARTESIAN_POINT('',(109.4999995,97.5,-0.1));
#149 = VECTOR('',#150,1.);
#150 = DIRECTION('',(1.,0.,0.));
#151 = ORIENTED_EDGE('',*,*,#31,.T.);
#152 = ORIENTED_EDGE('',*,*,#153,.T.);
#153 = EDGE_CURVE('',#32,#154,#156,.T.);
#154 = VERTEX_POINT('',#155);
#155 = CARTESIAN_POINT('',(109.4999995,97.5,1.E-01));
#156 = LINE('',#157,#158);
#157 = CARTESIAN_POINT('',(110.10102,97.5,0.1));
#158 = VECTOR('',#159,1.);
#159 = DIRECTION('',(-1.,0.,0.));
#160 = ORIENTED_EDGE('',*,*,#161,.T.);
#161 = EDGE_CURVE('',#154,#162,#164,.T.);
#162 = VERTEX_POINT('',#163);
#163 = CARTESIAN_POINT('',(109.0999995,97.5,0.5));
#164 = CIRCLE('',#165,0.4);
#165 = AXIS2_PLACEMENT_3D('',#166,#167,#168);
#166 = CARTESIAN_POINT('',(109.4999995,97.5,0.5));
#167 = DIRECTION('',(0.,1.,0.));
#168 = DIRECTION('',(0.,0.,-1.));
#169 = ORIENTED_EDGE('',*,*,#170,.T.);
#170 = EDGE_CURVE('',#162,#171,#173,.T.);
#171 = VERTEX_POINT('',#172);
#172 = CARTESIAN_POINT('',(109.0999995,97.5,2.929203673205));
#173 = LINE('',#174,#175);
#174 = CARTESIAN_POINT('',(109.0999995,97.5,0.5));
#175 = VECTOR('',#176,1.);
#176 = DIRECTION('',(0.,0.,1.));
#177 = ORIENTED_EDGE('',*,*,#178,.T.);
#178 = EDGE_CURVE('',#171,#179,#181,.T.);
#179 = VERTEX_POINT('',#180);
#180 = CARTESIAN_POINT('',(109.4999995,97.5,3.329203673205));
#181 = CIRCLE('',#182,0.4);
#182 = AXIS2_PLACEMENT_3D('',#183,#184,#185);
#183 = CARTESIAN_POINT('',(109.4999995,97.5,2.929203673205));
#184 = DIRECTION('',(0.,1.,0.));
#185 = DIRECTION('',(-1.,0.,9.992007221626E-15));
#186 = ORIENTED_EDGE('',*,*,#187,.T.);
#187 = EDGE_CURVE('',#179,#188,#190,.T.);
#188 = VERTEX_POINT('',#189);
#189 = CARTESIAN_POINT('',(110.10102,97.5,3.329203673205));
#190 = LINE('',#191,#192);
#191 = CARTESIAN_POINT('',(109.4999995,97.5,3.329203673205));
#192 = VECTOR('',#193,1.);
#193 = DIRECTION('',(1.,0.,0.));
#194 = ORIENTED_EDGE('',*,*,#195,.T.);
#195 = EDGE_CURVE('',#188,#111,#196,.T.);
#196 = LINE('',#197,#198);
#197 = CARTESIAN_POINT('',(110.10102,97.5,3.329203673205));
#198 = VECTOR('',#199,1.);
#199 = DIRECTION('',(0.,0.,1.));
#200 = PLANE('',#201);
#201 = AXIS2_PLACEMENT_3D('',#202,#203,#204);
#202 = CARTESIAN_POINT('',(109.27053868026,97.5,1.714601836603));
#203 = DIRECTION('',(-0.,-1.,-0.));
#204 = DIRECTION('',(0.,0.,-1.));
#205 = ADVANCED_FACE('',(#206),#231,.F.);
#206 = FACE_BOUND('',#207,.F.);
#207 = EDGE_LOOP('',(#208,#216,#224,#230));
#208 = ORIENTED_EDGE('',*,*,#209,.T.);
#209 = EDGE_CURVE('',#32,#210,#212,.T.);
#210 = VERTEX_POINT('',#211);
#211 = CARTESIAN_POINT('',(110.10102,102.5,0.1));
#212 = LINE('',#213,#214);
#213 = CARTESIAN_POINT('',(110.10102,97.5,0.1));
#214 = VECTOR('',#215,1.);
#215 = DIRECTION('',(0.,1.,0.));
#216 = ORIENTED_EDGE('',*,*,#217,.T.);
#217 = EDGE_CURVE('',#210,#218,#220,.T.);
#218 = VERTEX_POINT('',#219);
#219 = CARTESIAN_POINT('',(110.10102,102.5,0.3));
#220 = LINE('',#221,#222);
#221 = CARTESIAN_POINT('',(110.10102,102.5,-0.3));
#222 = VECTOR('',#223,1.);
#223 = DIRECTION('',(0.,0.,1.));
#224 = ORIENTED_EDGE('',*,*,#225,.T.);
#225 = EDGE_CURVE('',#218,#40,#226,.T.);
#226 = LINE('',#227,#228);
#227 = CARTESIAN_POINT('',(110.10102,102.5,0.3));
#228 = VECTOR('',#229,1.);
#229 = DIRECTION('',(0.,-1.,0.));
#230 = ORIENTED_EDGE('',*,*,#39,.F.);
#231 = PLANE('',#232);
#232 = AXIS2_PLACEMENT_3D('',#233,#234,#235);
#233 = CARTESIAN_POINT('',(110.10102,102.5,-0.3));
#234 = DIRECTION('',(1.,0.,-0.));
#235 = DIRECTION('',(0.,-1.,0.));
#236 = ADVANCED_FACE('',(#237),#262,.F.);
#237 = FACE_BOUND('',#238,.F.);
#238 = EDGE_LOOP('',(#239,#240,#248,#256));
#239 = ORIENTED_EDGE('',*,*,#56,.T.);
#240 = ORIENTED_EDGE('',*,*,#241,.T.);
#241 = EDGE_CURVE('',#48,#242,#244,.T.);
#242 = VERTEX_POINT('',#243);
#243 = CARTESIAN_POINT('',(118.9924,103.782952,0.3));
#244 = LINE('',#245,#246);
#245 = CARTESIAN_POINT('',(118.9924,96.217046,0.3));
#246 = VECTOR('',#247,1.);
#247 = DIRECTION('',(0.,1.,0.));
#248 = ORIENTED_EDGE('',*,*,#249,.F.);
#249 = EDGE_CURVE('',#250,#242,#252,.T.);
#250 = VERTEX_POINT('',#251);
#251 = CARTESIAN_POINT('',(118.9924,103.782952,-0.3));
#252 = LINE('',#253,#254);
#253 = CARTESIAN_POINT('',(118.9924,103.782952,-0.3));
#254 = VECTOR('',#255,1.);
#255 = DIRECTION('',(0.,0.,1.));
#256 = ORIENTED_EDGE('',*,*,#257,.F.);
#257 = EDGE_CURVE('',#57,#250,#258,.T.);
#258 = LINE('',#259,#260);
#259 = CARTESIAN_POINT('',(118.9924,96.217046,-0.3));
#260 = VECTOR('',#261,1.);
#261 = DIRECTION('',(0.,1.,0.));
#262 = PLANE('',#263);
#263 = AXIS2_PLACEMENT_3D('',#264,#265,#266);
#264 = CARTESIAN_POINT('',(118.9924,96.217046,-0.3));
#265 = DIRECTION('',(-1.,0.,0.));
#266 = DIRECTION('',(0.,1.,0.));
#267 = ADVANCED_FACE('',(#268,#280,#291,#302,#313),#324,.F.);
#268 = FACE_BOUND('',#269,.F.);
#269 = EDGE_LOOP('',(#270,#271,#272,#279));
#270 = ORIENTED_EDGE('',*,*,#64,.T.);
#271 = ORIENTED_EDGE('',*,*,#257,.T.);
#272 = ORIENTED_EDGE('',*,*,#273,.T.);
#273 = EDGE_CURVE('',#250,#80,#274,.T.);
#274 = CIRCLE('',#275,5.499998522539);
#275 = AXIS2_PLACEMENT_3D('',#276,#277,#278);
#276 = CARTESIAN_POINT('',(114.99999858081,100.00000147746,-0.3));
#277 = DIRECTION('',(0.,0.,1.));
#278 = DIRECTION('',(0.725891362121,0.687809370682,-0.));
#279 = ORIENTED_EDGE('',*,*,#79,.T.);
#280 = FACE_BOUND('',#281,.F.);
#281 = EDGE_LOOP('',(#282));
#282 = ORIENTED_EDGE('',*,*,#283,.F.);
#283 = EDGE_CURVE('',#284,#284,#286,.T.);
#284 = VERTEX_POINT('',#285);
#285 = CARTESIAN_POINT('',(115.132355,95.758,-0.3));
#286 = CIRCLE('',#287,0.610355);
#287 = AXIS2_PLACEMENT_3D('',#288,#289,#290);
#288 = CARTESIAN_POINT('',(114.522,95.758,-0.3));
#289 = DIRECTION('',(0.,0.,1.));
#290 = DIRECTION('',(1.,0.,-0.));
#291 = FACE_BOUND('',#292,.F.);
#292 = EDGE_LOOP('',(#293));
#293 = ORIENTED_EDGE('',*,*,#294,.F.);
#294 = EDGE_CURVE('',#295,#295,#297,.T.);
#295 = VERTEX_POINT('',#296);
#296 = CARTESIAN_POINT('',(116.613685,95.75807,-0.3));
#297 = CIRCLE('',#298,0.591699);
#298 = AXIS2_PLACEMENT_3D('',#299,#300,#301);
#299 = CARTESIAN_POINT('',(116.021986,95.75807,-0.3));
#300 = DIRECTION('',(0.,0.,1.));
#301 = DIRECTION('',(1.,0.,-0.));
#302 = FACE_BOUND('',#303,.F.);
#303 = EDGE_LOOP('',(#304));
#304 = ORIENTED_EDGE('',*,*,#305,.F.);
#305 = EDGE_CURVE('',#306,#306,#308,.T.);
#306 = VERTEX_POINT('',#307);
#307 = CARTESIAN_POINT('',(113.63161,96.15801,-0.3));
#308 = CIRCLE('',#309,0.6096);
#309 = AXIS2_PLACEMENT_3D('',#310,#311,#312);
#310 = CARTESIAN_POINT('',(113.02201,96.15801,-0.3));
#311 = DIRECTION('',(0.,0.,1.));
#312 = DIRECTION('',(1.,0.,-0.));
#313 = FACE_BOUND('',#314,.F.);
#314 = EDGE_LOOP('',(#315));
#315 = ORIENTED_EDGE('',*,*,#316,.F.);
#316 = EDGE_CURVE('',#317,#317,#319,.T.);
#317 = VERTEX_POINT('',#318);
#318 = CARTESIAN_POINT('',(118.010962,96.25807,-0.3));
#319 = CIRCLE('',#320,0.588972);
#320 = AXIS2_PLACEMENT_3D('',#321,#322,#323);
#321 = CARTESIAN_POINT('',(117.42199,96.25807,-0.3));
#322 = DIRECTION('',(0.,0.,1.));
#323 = DIRECTION('',(1.,0.,-0.));
#324 = PLANE('',#325);
#325 = AXIS2_PLACEMENT_3D('',#326,#327,#328);
#326 = CARTESIAN_POINT('',(114.76858529189,99.999999810853,-0.3));
#327 = DIRECTION('',(0.,0.,1.));
#328 = DIRECTION('',(1.,0.,-0.));
#329 = ADVANCED_FACE('',(#330,#342,#353,#364,#375),#386,.T.);
#330 = FACE_BOUND('',#331,.T.);
#331 = EDGE_LOOP('',(#332,#333,#334,#341));
#332 = ORIENTED_EDGE('',*,*,#47,.T.);
#333 = ORIENTED_EDGE('',*,*,#241,.T.);
#334 = ORIENTED_EDGE('',*,*,#335,.T.);
#335 = EDGE_CURVE('',#242,#218,#336,.T.);
#336 = CIRCLE('',#337,5.499998522539);
#337 = AXIS2_PLACEMENT_3D('',#338,#339,#340);
#338 = CARTESIAN_POINT('',(114.99999858081,100.00000147746,0.3));
#339 = DIRECTION('',(0.,0.,1.));
#340 = DIRECTION('',(0.725891362121,0.687809370682,-0.));
#341 = ORIENTED_EDGE('',*,*,#225,.T.);
#342 = FACE_BOUND('',#343,.T.);
#343 = EDGE_LOOP('',(#344));
#344 = ORIENTED_EDGE('',*,*,#345,.F.);
#345 = EDGE_CURVE('',#346,#346,#348,.T.);
#346 = VERTEX_POINT('',#347);
#347 = CARTESIAN_POINT('',(115.132355,95.758,0.3));
#348 = CIRCLE('',#349,0.610355);
#349 = AXIS2_PLACEMENT_3D('',#350,#351,#352);
#350 = CARTESIAN_POINT('',(114.522,95.758,0.3));
#351 = DIRECTION('',(0.,0.,1.));
#352 = DIRECTION('',(1.,0.,-0.));
#353 = FACE_BOUND('',#354,.T.);
#354 = EDGE_LOOP('',(#355));
#355 = ORIENTED_EDGE('',*,*,#356,.F.);
#356 = EDGE_CURVE('',#357,#357,#359,.T.);
#357 = VERTEX_POINT('',#358);
#358 = CARTESIAN_POINT('',(116.613685,95.75807,0.3));
#359 = CIRCLE('',#360,0.591699);
#360 = AXIS2_PLACEMENT_3D('',#361,#362,#363);
#361 = CARTESIAN_POINT('',(116.021986,95.75807,0.3));
#362 = DIRECTION('',(0.,0.,1.));
#363 = DIRECTION('',(1.,0.,-0.));
#364 = FACE_BOUND('',#365,.T.);
#365 = EDGE_LOOP('',(#366));
#366 = ORIENTED_EDGE('',*,*,#367,.F.);
#367 = EDGE_CURVE('',#368,#368,#370,.T.);
#368 = VERTEX_POINT('',#369);
#369 = CARTESIAN_POINT('',(113.63161,96.15801,0.3));
#370 = CIRCLE('',#371,0.6096);
#371 = AXIS2_PLACEMENT_3D('',#372,#373,#374);
#372 = CARTESIAN_POINT('',(113.02201,96.15801,0.3));
#373 = DIRECTION('',(0.,0.,1.));
#374 = DIRECTION('',(1.,0.,-0.));
#375 = FACE_BOUND('',#376,.T.);
#376 = EDGE_LOOP('',(#377));
#377 = ORIENTED_EDGE('',*,*,#378,.F.);
#378 = EDGE_CURVE('',#379,#379,#381,.T.);
#379 = VERTEX_POINT('',#380);
#380 = CARTESIAN_POINT('',(118.010962,96.25807,0.3));
#381 = CIRCLE('',#382,0.588972);
#382 = AXIS2_PLACEMENT_3D('',#383,#384,#385);
#383 = CARTESIAN_POINT('',(117.42199,96.25807,0.3));
#384 = DIRECTION('',(0.,0.,1.));
#385 = DIRECTION('',(1.,0.,-0.));
#386 = PLANE('',#387);
#387 = AXIS2_PLACEMENT_3D('',#388,#389,#390);
#388 = CARTESIAN_POINT('',(114.76858529189,99.999999810853,0.3));
#389 = DIRECTION('',(0.,0.,1.));
#390 = DIRECTION('',(1.,0.,-0.));
#391 = ADVANCED_FACE('',(#392),#410,.T.);
#392 = FACE_BOUND('',#393,.T.);
#393 = EDGE_LOOP('',(#394,#402,#408,#409));
#394 = ORIENTED_EDGE('',*,*,#395,.T.);
#395 = EDGE_CURVE('',#138,#396,#398,.T.);
#396 = VERTEX_POINT('',#397);
#397 = CARTESIAN_POINT('',(109.4999995,102.5,-0.1));
#398 = LINE('',#399,#400);
#399 = CARTESIAN_POINT('',(109.4999995,97.5,-0.1));
#400 = VECTOR('',#401,1.);
#401 = DIRECTION('',(0.,1.,0.));
#402 = ORIENTED_EDGE('',*,*,#403,.T.);
#403 = EDGE_CURVE('',#396,#88,#404,.T.);
#404 = LINE('',#405,#406);
#405 = CARTESIAN_POINT('',(109.4999995,102.5,-0.1));
#406 = VECTOR('',#407,1.);
#407 = DIRECTION('',(1.,0.,0.));
#408 = ORIENTED_EDGE('',*,*,#95,.F.);
#409 = ORIENTED_EDGE('',*,*,#146,.F.);
#410 = PLANE('',#411);
#411 = AXIS2_PLACEMENT_3D('',#412,#413,#414);
#412 = CARTESIAN_POINT('',(109.4999995,97.5,-0.1));
#413 = DIRECTION('',(0.,0.,-1.));
#414 = DIRECTION('',(1.,0.,0.));
#415 = ADVANCED_FACE('',(#416),#429,.T.);
#416 = FACE_BOUND('',#417,.F.);
#417 = EDGE_LOOP('',(#418,#419,#420,#421,#427,#428));
#418 = ORIENTED_EDGE('',*,*,#249,.T.);
#419 = ORIENTED_EDGE('',*,*,#335,.T.);
#420 = ORIENTED_EDGE('',*,*,#217,.F.);
#421 = ORIENTED_EDGE('',*,*,#422,.F.);
#422 = EDGE_CURVE('',#88,#210,#423,.T.);
#423 = LINE('',#424,#425);
#424 = CARTESIAN_POINT('',(110.10102,102.5,-0.1));
#425 = VECTOR('',#426,1.);
#426 = DIRECTION('',(0.,0.,1.));
#427 = ORIENTED_EDGE('',*,*,#87,.F.);
#428 = ORIENTED_EDGE('',*,*,#273,.F.);
#429 = CYLINDRICAL_SURFACE('',#430,5.499998522539);
#430 = AXIS2_PLACEMENT_3D('',#431,#432,#433);
#431 = CARTESIAN_POINT('',(114.99999858081,100.00000147746,-0.3));
#432 = DIRECTION('',(-0.,-0.,-1.));
#433 = DIRECTION('',(0.725891362121,0.687809370682,-0.));
#434 = ADVANCED_FACE('',(#435),#460,.T.);
#435 = FACE_BOUND('',#436,.T.);
#436 = EDGE_LOOP('',(#437,#445,#453,#459));
#437 = ORIENTED_EDGE('',*,*,#438,.T.);
#438 = EDGE_CURVE('',#111,#439,#441,.T.);
#439 = VERTEX_POINT('',#440);
#440 = CARTESIAN_POINT('',(110.10102,102.5,3.529203673205));
#441 = LINE('',#442,#443);
#442 = CARTESIAN_POINT('',(110.10102,97.5,3.529203673205));
#443 = VECTOR('',#444,1.);
#444 = DIRECTION('',(0.,1.,0.));
#445 = ORIENTED_EDGE('',*,*,#446,.T.);
#446 = EDGE_CURVE('',#439,#447,#449,.T.);
#447 = VERTEX_POINT('',#448);
#448 = CARTESIAN_POINT('',(109.4999995,102.5,3.529203673205));
#449 = LINE('',#450,#451);
#450 = CARTESIAN_POINT('',(110.10102,102.5,3.529203673205));
#451 = VECTOR('',#452,1.);
#452 = DIRECTION('',(-1.,0.,0.));
#453 = ORIENTED_EDGE('',*,*,#454,.F.);
#454 = EDGE_CURVE('',#113,#447,#455,.T.);
#455 = LINE('',#456,#457);
#456 = CARTESIAN_POINT('',(109.4999995,97.5,3.529203673205));
#457 = VECTOR('',#458,1.);
#458 = DIRECTION('',(0.,1.,0.));
#459 = ORIENTED_EDGE('',*,*,#110,.F.);
#460 = PLANE('',#461);
#461 = AXIS2_PLACEMENT_3D('',#462,#463,#464);
#462 = CARTESIAN_POINT('',(110.10102,97.5,3.529203673205));
#463 = DIRECTION('',(0.,-0.,1.));
#464 = DIRECTION('',(-1.,0.,0.));
#465 = ADVANCED_FACE('',(#466),#485,.T.);
#466 = FACE_BOUND('',#467,.T.);
#467 = EDGE_LOOP('',(#468,#469,#478,#484));
#468 = ORIENTED_EDGE('',*,*,#454,.T.);
#469 = ORIENTED_EDGE('',*,*,#470,.T.);
#470 = EDGE_CURVE('',#447,#471,#473,.T.);
#471 = VERTEX_POINT('',#472);
#472 = CARTESIAN_POINT('',(108.8999995,102.5,2.929203673205));
#473 = CIRCLE('',#474,0.6);
#474 = AXIS2_PLACEMENT_3D('',#475,#476,#477);
#475 = CARTESIAN_POINT('',(109.4999995,102.5,2.929203673205));
#476 = DIRECTION('',(0.,-1.,0.));
#477 = DIRECTION('',(0.,0.,1.));
#478 = ORIENTED_EDGE('',*,*,#479,.F.);
#479 = EDGE_CURVE('',#121,#471,#480,.T.);
#480 = LINE('',#481,#482);
#481 = CARTESIAN_POINT('',(108.8999995,97.5,2.929203673205));
#482 = VECTOR('',#483,1.);
#483 = DIRECTION('',(0.,1.,0.));
#484 = ORIENTED_EDGE('',*,*,#120,.F.);
#485 = CYLINDRICAL_SURFACE('',#486,0.6);
#486 = AXIS2_PLACEMENT_3D('',#487,#488,#489);
#487 = CARTESIAN_POINT('',(109.4999995,97.5,2.929203673205));
#488 = DIRECTION('',(0.,-1.,0.));
#489 = DIRECTION('',(0.,0.,1.));
#490 = ADVANCED_FACE('',(#491),#509,.T.);
#491 = FACE_BOUND('',#492,.T.);
#492 = EDGE_LOOP('',(#493,#494,#502,#508));
#493 = ORIENTED_EDGE('',*,*,#479,.T.);
#494 = ORIENTED_EDGE('',*,*,#495,.T.);
#495 = EDGE_CURVE('',#471,#496,#498,.T.);
#496 = VERTEX_POINT('',#497);
#497 = CARTESIAN_POINT('',(108.8999995,102.5,0.5));
#498 = LINE('',#499,#500);
#499 = CARTESIAN_POINT('',(108.8999995,102.5,2.929203673205));
#500 = VECTOR('',#501,1.);
#501 = DIRECTION('',(0.,0.,-1.));
#502 = ORIENTED_EDGE('',*,*,#503,.F.);
#503 = EDGE_CURVE('',#130,#496,#504,.T.);
#504 = LINE('',#505,#506);
#505 = CARTESIAN_POINT('',(108.8999995,97.5,0.5));
#506 = VECTOR('',#507,1.);
#507 = DIRECTION('',(0.,1.,0.));
#508 = ORIENTED_EDGE('',*,*,#129,.F.);
#509 = PLANE('',#510);
#510 = AXIS2_PLACEMENT_3D('',#511,#512,#513);
#511 = CARTESIAN_POINT('',(108.8999995,97.5,2.929203673205));
#512 = DIRECTION('',(-1.,0.,0.));
#513 = DIRECTION('',(0.,0.,-1.));
#514 = ADVANCED_FACE('',(#515),#527,.T.);
#515 = FACE_BOUND('',#516,.T.);
#516 = EDGE_LOOP('',(#517,#518,#525,#526));
#517 = ORIENTED_EDGE('',*,*,#503,.T.);
#518 = ORIENTED_EDGE('',*,*,#519,.T.);
#519 = EDGE_CURVE('',#496,#396,#520,.T.);
#520 = CIRCLE('',#521,0.6);
#521 = AXIS2_PLACEMENT_3D('',#522,#523,#524);
#522 = CARTESIAN_POINT('',(109.4999995,102.5,0.5));
#523 = DIRECTION('',(0.,-1.,0.));
#524 = DIRECTION('',(-1.,0.,2.238949766327E-14));
#525 = ORIENTED_EDGE('',*,*,#395,.F.);
#526 = ORIENTED_EDGE('',*,*,#137,.F.);
#527 = CYLINDRICAL_SURFACE('',#528,0.6);
#528 = AXIS2_PLACEMENT_3D('',#529,#530,#531);
#529 = CARTESIAN_POINT('',(109.4999995,97.5,0.5));
#530 = DIRECTION('',(0.,-1.,0.));
#531 = DIRECTION('',(-1.,0.,2.238949766327E-14));
#532 = ADVANCED_FACE('',(#533),#551,.T.);
#533 = FACE_BOUND('',#534,.T.);
#534 = EDGE_LOOP('',(#535,#536,#544,#550));
#535 = ORIENTED_EDGE('',*,*,#209,.T.);
#536 = ORIENTED_EDGE('',*,*,#537,.T.);
#537 = EDGE_CURVE('',#210,#538,#540,.T.);
#538 = VERTEX_POINT('',#539);
#539 = CARTESIAN_POINT('',(109.4999995,102.5,1.E-01));
#540 = LINE('',#541,#542);
#541 = CARTESIAN_POINT('',(110.10102,102.5,0.1));
#542 = VECTOR('',#543,1.);
#543 = DIRECTION('',(-1.,0.,0.));
#544 = ORIENTED_EDGE('',*,*,#545,.F.);
#545 = EDGE_CURVE('',#154,#538,#546,.T.);
#546 = LINE('',#547,#548);
#547 = CARTESIAN_POINT('',(109.4999995,97.5,1.E-01));
#548 = VECTOR('',#549,1.);
#549 = DIRECTION('',(0.,1.,0.));
#550 = ORIENTED_EDGE('',*,*,#153,.F.);
#551 = PLANE('',#552);
#552 = AXIS2_PLACEMENT_3D('',#553,#554,#555);
#553 = CARTESIAN_POINT('',(110.10102,97.5,0.1));
#554 = DIRECTION('',(0.,-0.,1.));
#555 = DIRECTION('',(-1.,0.,0.));
#556 = ADVANCED_FACE('',(#557),#576,.F.);
#557 = FACE_BOUND('',#558,.T.);
#558 = EDGE_LOOP('',(#559,#560,#569,#575));
#559 = ORIENTED_EDGE('',*,*,#545,.T.);
#560 = ORIENTED_EDGE('',*,*,#561,.T.);
#561 = EDGE_CURVE('',#538,#562,#564,.T.);
#562 = VERTEX_POINT('',#563);
#563 = CARTESIAN_POINT('',(109.0999995,102.5,0.5));
#564 = CIRCLE('',#565,0.4);
#565 = AXIS2_PLACEMENT_3D('',#566,#567,#568);
#566 = CARTESIAN_POINT('',(109.4999995,102.5,0.5));
#567 = DIRECTION('',(0.,1.,0.));
#568 = DIRECTION('',(0.,0.,-1.));
#569 = ORIENTED_EDGE('',*,*,#570,.F.);
#570 = EDGE_CURVE('',#162,#562,#571,.T.);
#571 = LINE('',#572,#573);
#572 = CARTESIAN_POINT('',(109.0999995,97.5,0.5));
#573 = VECTOR('',#574,1.);
#574 = DIRECTION('',(0.,1.,0.));
#575 = ORIENTED_EDGE('',*,*,#161,.F.);
#576 = CYLINDRICAL_SURFACE('',#577,0.4);
#577 = AXIS2_PLACEMENT_3D('',#578,#579,#580);
#578 = CARTESIAN_POINT('',(109.4999995,97.5,0.5));
#579 = DIRECTION('',(-0.,-1.,-0.));
#580 = DIRECTION('',(0.,0.,-1.));
#581 = ADVANCED_FACE('',(#582),#600,.T.);
#582 = FACE_BOUND('',#583,.T.);
#583 = EDGE_LOOP('',(#584,#585,#593,#599));
#584 = ORIENTED_EDGE('',*,*,#570,.T.);
#585 = ORIENTED_EDGE('',*,*,#586,.T.);
#586 = EDGE_CURVE('',#562,#587,#589,.T.);
#587 = VERTEX_POINT('',#588);
#588 = CARTESIAN_POINT('',(109.0999995,102.5,2.929203673205));
#589 = LINE('',#590,#591);
#590 = CARTESIAN_POINT('',(109.0999995,102.5,0.5));
#591 = VECTOR('',#592,1.);
#592 = DIRECTION('',(0.,0.,1.));
#593 = ORIENTED_EDGE('',*,*,#594,.F.);
#594 = EDGE_CURVE('',#171,#587,#595,.T.);
#595 = LINE('',#596,#597);
#596 = CARTESIAN_POINT('',(109.0999995,97.5,2.929203673205));
#597 = VECTOR('',#598,1.);
#598 = DIRECTION('',(0.,1.,0.));
#599 = ORIENTED_EDGE('',*,*,#170,.F.);
#600 = PLANE('',#601);
#601 = AXIS2_PLACEMENT_3D('',#602,#603,#604);
#602 = CARTESIAN_POINT('',(109.0999995,97.5,0.5));
#603 = DIRECTION('',(1.,0.,0.));
#604 = DIRECTION('',(0.,0.,1.));
#605 = ADVANCED_FACE('',(#606),#625,.F.);
#606 = FACE_BOUND('',#607,.T.);
#607 = EDGE_LOOP('',(#608,#609,#618,#624));
#608 = ORIENTED_EDGE('',*,*,#594,.T.);
#609 = ORIENTED_EDGE('',*,*,#610,.T.);
#610 = EDGE_CURVE('',#587,#611,#613,.T.);
#611 = VERTEX_POINT('',#612);
#612 = CARTESIAN_POINT('',(109.4999995,102.5,3.329203673205));
#613 = CIRCLE('',#614,0.4);
#614 = AXIS2_PLACEMENT_3D('',#615,#616,#617);
#615 = CARTESIAN_POINT('',(109.4999995,102.5,2.929203673205));
#616 = DIRECTION('',(0.,1.,0.));
#617 = DIRECTION('',(-1.,0.,9.992007221626E-15));
#618 = ORIENTED_EDGE('',*,*,#619,.F.);
#619 = EDGE_CURVE('',#179,#611,#620,.T.);
#620 = LINE('',#621,#622);
#621 = CARTESIAN_POINT('',(109.4999995,97.5,3.329203673205));
#622 = VECTOR('',#623,1.);
#623 = DIRECTION('',(0.,1.,0.));
#624 = ORIENTED_EDGE('',*,*,#178,.F.);
#625 = CYLINDRICAL_SURFACE('',#626,0.4);
#626 = AXIS2_PLACEMENT_3D('',#627,#628,#629);
#627 = CARTESIAN_POINT('',(109.4999995,97.5,2.929203673205));
#628 = DIRECTION('',(-0.,-1.,-0.));
#629 = DIRECTION('',(-1.,0.,9.992007221626E-15));
#630 = ADVANCED_FACE('',(#631),#649,.T.);
#631 = FACE_BOUND('',#632,.T.);
#632 = EDGE_LOOP('',(#633,#634,#642,#648));
#633 = ORIENTED_EDGE('',*,*,#619,.T.);
#634 = ORIENTED_EDGE('',*,*,#635,.T.);
#635 = EDGE_CURVE('',#611,#636,#638,.T.);
#636 = VERTEX_POINT('',#637);
#637 = CARTESIAN_POINT('',(110.10102,102.5,3.329203673205));
#638 = LINE('',#639,#640);
#639 = CARTESIAN_POINT('',(109.4999995,102.5,3.329203673205));
#640 = VECTOR('',#641,1.);
#641 = DIRECTION('',(1.,0.,0.));
#642 = ORIENTED_EDGE('',*,*,#643,.F.);
#643 = EDGE_CURVE('',#188,#636,#644,.T.);
#644 = LINE('',#645,#646);
#645 = CARTESIAN_POINT('',(110.10102,97.5,3.329203673205));
#646 = VECTOR('',#647,1.);
#647 = DIRECTION('',(0.,1.,0.));
#648 = ORIENTED_EDGE('',*,*,#187,.F.);
#649 = PLANE('',#650);
#650 = AXIS2_PLACEMENT_3D('',#651,#652,#653);
#651 = CARTESIAN_POINT('',(109.4999995,97.5,3.329203673205));
#652 = DIRECTION('',(0.,0.,-1.));
#653 = DIRECTION('',(1.,0.,0.));
#654 = ADVANCED_FACE('',(#655),#698,.T.);
#655 = FACE_BOUND('',#656,.T.);
#656 = EDGE_LOOP('',(#657,#667,#676,#682,#683,#691));
#657 = ORIENTED_EDGE('',*,*,#658,.T.);
#658 = EDGE_CURVE('',#659,#661,#663,.T.);
#659 = VERTEX_POINT('',#660);
#660 = CARTESIAN_POINT('',(118.987999,96.212405,3.129203673205));
#661 = VERTEX_POINT('',#662);
#662 = CARTESIAN_POINT('',(118.987999,96.212405,3.729203673205));
#663 = LINE('',#664,#665);
#664 = CARTESIAN_POINT('',(118.987999,96.212405,3.129203673205));
#665 = VECTOR('',#666,1.);
#666 = DIRECTION('',(-0.,-0.,1.));
#667 = ORIENTED_EDGE('',*,*,#668,.T.);
#668 = EDGE_CURVE('',#661,#669,#671,.T.);
#669 = VERTEX_POINT('',#670);
#670 = CARTESIAN_POINT('',(110.10102,97.5,3.729203673205));
#671 = CIRCLE('',#672,5.500001926943);
#672 = AXIS2_PLACEMENT_3D('',#673,#674,#675);
#673 = CARTESIAN_POINT('',(115.00000066557,100.00000192694,
    3.729203673205));
#674 = DIRECTION('',(0.,0.,-1.));
#675 = DIRECTION('',(0.725090352222,-0.688653745445,0.));
#676 = ORIENTED_EDGE('',*,*,#677,.F.);
#677 = EDGE_CURVE('',#111,#669,#678,.T.);
#678 = LINE('',#679,#680);
#679 = CARTESIAN_POINT('',(110.10102,97.5,3.129203673205));
#680 = VECTOR('',#681,1.);
#681 = DIRECTION('',(-0.,-0.,1.));
#682 = ORIENTED_EDGE('',*,*,#195,.F.);
#683 = ORIENTED_EDGE('',*,*,#684,.F.);
#684 = EDGE_CURVE('',#685,#188,#687,.T.);
#685 = VERTEX_POINT('',#686);
#686 = CARTESIAN_POINT('',(110.10102,97.5,3.129203673205));
#687 = LINE('',#688,#689);
#688 = CARTESIAN_POINT('',(110.10102,97.5,3.129203673205));
#689 = VECTOR('',#690,1.);
#690 = DIRECTION('',(-0.,-0.,1.));
#691 = ORIENTED_EDGE('',*,*,#692,.F.);
#692 = EDGE_CURVE('',#659,#685,#693,.T.);
#693 = CIRCLE('',#694,5.500001926943);
#694 = AXIS2_PLACEMENT_3D('',#695,#696,#697);
#695 = CARTESIAN_POINT('',(115.00000066557,100.00000192694,
    3.129203673205));
#696 = DIRECTION('',(0.,0.,-1.));
#697 = DIRECTION('',(0.725090352222,-0.688653745445,0.));
#698 = CYLINDRICAL_SURFACE('',#699,5.500001926943);
#699 = AXIS2_PLACEMENT_3D('',#700,#701,#702);
#700 = CARTESIAN_POINT('',(115.00000066557,100.00000192694,
    3.129203673205));
#701 = DIRECTION('',(0.,-0.,-1.));
#702 = DIRECTION('',(0.725090352222,-0.688653745445,0.));
#703 = ADVANCED_FACE('',(#704),#715,.F.);
#704 = FACE_BOUND('',#705,.F.);
#705 = EDGE_LOOP('',(#706,#707,#713,#714));
#706 = ORIENTED_EDGE('',*,*,#345,.F.);
#707 = ORIENTED_EDGE('',*,*,#708,.F.);
#708 = EDGE_CURVE('',#284,#346,#709,.T.);
#709 = LINE('',#710,#711);
#710 = CARTESIAN_POINT('',(115.132355,95.758,-1.3));
#711 = VECTOR('',#712,1.);
#712 = DIRECTION('',(0.,0.,1.));
#713 = ORIENTED_EDGE('',*,*,#283,.T.);
#714 = ORIENTED_EDGE('',*,*,#708,.T.);
#715 = CYLINDRICAL_SURFACE('',#716,0.610355);
#716 = AXIS2_PLACEMENT_3D('',#717,#718,#719);
#717 = CARTESIAN_POINT('',(114.522,95.758,-1.3));
#718 = DIRECTION('',(0.,0.,1.));
#719 = DIRECTION('',(1.,0.,-0.));
#720 = ADVANCED_FACE('',(#721),#732,.F.);
#721 = FACE_BOUND('',#722,.F.);
#722 = EDGE_LOOP('',(#723,#724,#730,#731));
#723 = ORIENTED_EDGE('',*,*,#356,.F.);
#724 = ORIENTED_EDGE('',*,*,#725,.F.);
#725 = EDGE_CURVE('',#295,#357,#726,.T.);
#726 = LINE('',#727,#728);
#727 = CARTESIAN_POINT('',(116.613685,95.75807,-1.3));
#728 = VECTOR('',#729,1.);
#729 = DIRECTION('',(0.,0.,1.));
#730 = ORIENTED_EDGE('',*,*,#294,.T.);
#731 = ORIENTED_EDGE('',*,*,#725,.T.);
#732 = CYLINDRICAL_SURFACE('',#733,0.591699);
#733 = AXIS2_PLACEMENT_3D('',#734,#735,#736);
#734 = CARTESIAN_POINT('',(116.021986,95.75807,-1.3));
#735 = DIRECTION('',(0.,0.,1.));
#736 = DIRECTION('',(1.,0.,-0.));
#737 = ADVANCED_FACE('',(#738),#749,.F.);
#738 = FACE_BOUND('',#739,.F.);
#739 = EDGE_LOOP('',(#740,#741,#747,#748));
#740 = ORIENTED_EDGE('',*,*,#367,.F.);
#741 = ORIENTED_EDGE('',*,*,#742,.F.);
#742 = EDGE_CURVE('',#306,#368,#743,.T.);
#743 = LINE('',#744,#745);
#744 = CARTESIAN_POINT('',(113.63161,96.15801,-1.3));
#745 = VECTOR('',#746,1.);
#746 = DIRECTION('',(0.,0.,1.));
#747 = ORIENTED_EDGE('',*,*,#305,.T.);
#748 = ORIENTED_EDGE('',*,*,#742,.T.);
#749 = CYLINDRICAL_SURFACE('',#750,0.6096);
#750 = AXIS2_PLACEMENT_3D('',#751,#752,#753);
#751 = CARTESIAN_POINT('',(113.02201,96.15801,-1.3));
#752 = DIRECTION('',(0.,0.,1.));
#753 = DIRECTION('',(1.,0.,-0.));
#754 = ADVANCED_FACE('',(#755),#766,.F.);
#755 = FACE_BOUND('',#756,.F.);
#756 = EDGE_LOOP('',(#757,#758,#764,#765));
#757 = ORIENTED_EDGE('',*,*,#378,.F.);
#758 = ORIENTED_EDGE('',*,*,#759,.F.);
#759 = EDGE_CURVE('',#317,#379,#760,.T.);
#760 = LINE('',#761,#762);
#761 = CARTESIAN_POINT('',(118.010962,96.25807,-1.3));
#762 = VECTOR('',#763,1.);
#763 = DIRECTION('',(0.,0.,1.));
#764 = ORIENTED_EDGE('',*,*,#316,.T.);
#765 = ORIENTED_EDGE('',*,*,#759,.T.);
#766 = CYLINDRICAL_SURFACE('',#767,0.588972);
#767 = AXIS2_PLACEMENT_3D('',#768,#769,#770);
#768 = CARTESIAN_POINT('',(117.42199,96.25807,-1.3));
#769 = DIRECTION('',(0.,0.,1.));
#770 = DIRECTION('',(1.,0.,-0.));
#771 = ADVANCED_FACE('',(#772),#791,.F.);
#772 = FACE_BOUND('',#773,.F.);
#773 = EDGE_LOOP('',(#774,#775,#776,#777,#778,#779,#780,#781,#782,#783,
    #784,#785));
#774 = ORIENTED_EDGE('',*,*,#446,.T.);
#775 = ORIENTED_EDGE('',*,*,#470,.T.);
#776 = ORIENTED_EDGE('',*,*,#495,.T.);
#777 = ORIENTED_EDGE('',*,*,#519,.T.);
#778 = ORIENTED_EDGE('',*,*,#403,.T.);
#779 = ORIENTED_EDGE('',*,*,#422,.T.);
#780 = ORIENTED_EDGE('',*,*,#537,.T.);
#781 = ORIENTED_EDGE('',*,*,#561,.T.);
#782 = ORIENTED_EDGE('',*,*,#586,.T.);
#783 = ORIENTED_EDGE('',*,*,#610,.T.);
#784 = ORIENTED_EDGE('',*,*,#635,.T.);
#785 = ORIENTED_EDGE('',*,*,#786,.T.);
#786 = EDGE_CURVE('',#636,#439,#787,.T.);
#787 = LINE('',#788,#789);
#788 = CARTESIAN_POINT('',(110.10102,102.5,3.329203673205));
#789 = VECTOR('',#790,1.);
#790 = DIRECTION('',(0.,0.,1.));
#791 = PLANE('',#792);
#792 = AXIS2_PLACEMENT_3D('',#793,#794,#795);
#793 = CARTESIAN_POINT('',(109.27053868026,102.5,1.714601836603));
#794 = DIRECTION('',(-0.,-1.,-0.));
#795 = DIRECTION('',(0.,0.,-1.));
#796 = ADVANCED_FACE('',(#797),#815,.T.);
#797 = FACE_BOUND('',#798,.F.);
#798 = EDGE_LOOP('',(#799,#800,#808,#814));
#799 = ORIENTED_EDGE('',*,*,#438,.T.);
#800 = ORIENTED_EDGE('',*,*,#801,.T.);
#801 = EDGE_CURVE('',#439,#802,#804,.T.);
#802 = VERTEX_POINT('',#803);
#803 = CARTESIAN_POINT('',(110.10102,102.5,3.729203673205));
#804 = LINE('',#805,#806);
#805 = CARTESIAN_POINT('',(110.10102,102.5,3.129203673205));
#806 = VECTOR('',#807,1.);
#807 = DIRECTION('',(-0.,-0.,1.));
#808 = ORIENTED_EDGE('',*,*,#809,.T.);
#809 = EDGE_CURVE('',#802,#669,#810,.T.);
#810 = LINE('',#811,#812);
#811 = CARTESIAN_POINT('',(110.10102,102.5,3.729203673205));
#812 = VECTOR('',#813,1.);
#813 = DIRECTION('',(-0.,-1.,-0.));
#814 = ORIENTED_EDGE('',*,*,#677,.F.);
#815 = PLANE('',#816);
#816 = AXIS2_PLACEMENT_3D('',#817,#818,#819);
#817 = CARTESIAN_POINT('',(110.10102,102.5,3.129203673205));
#818 = DIRECTION('',(-1.,-0.,-0.));
#819 = DIRECTION('',(0.,1.,0.));
#820 = ADVANCED_FACE('',(#821),#839,.T.);
#821 = FACE_BOUND('',#822,.F.);
#822 = EDGE_LOOP('',(#823,#831,#837,#838));
#823 = ORIENTED_EDGE('',*,*,#824,.F.);
#824 = EDGE_CURVE('',#825,#685,#827,.T.);
#825 = VERTEX_POINT('',#826);
#826 = CARTESIAN_POINT('',(110.10102,102.5,3.129203673205));
#827 = LINE('',#828,#829);
#828 = CARTESIAN_POINT('',(110.10102,102.5,3.129203673205));
#829 = VECTOR('',#830,1.);
#830 = DIRECTION('',(-0.,-1.,-0.));
#831 = ORIENTED_EDGE('',*,*,#832,.T.);
#832 = EDGE_CURVE('',#825,#636,#833,.T.);
#833 = LINE('',#834,#835);
#834 = CARTESIAN_POINT('',(110.10102,102.5,3.129203673205));
#835 = VECTOR('',#836,1.);
#836 = DIRECTION('',(-0.,-0.,1.));
#837 = ORIENTED_EDGE('',*,*,#643,.F.);
#838 = ORIENTED_EDGE('',*,*,#684,.F.);
#839 = PLANE('',#840);
#840 = AXIS2_PLACEMENT_3D('',#841,#842,#843);
#841 = CARTESIAN_POINT('',(110.10102,102.5,3.129203673205));
#842 = DIRECTION('',(-1.,-0.,-0.));
#843 = DIRECTION('',(0.,1.,0.));
#844 = ADVANCED_FACE('',(#845),#870,.F.);
#845 = FACE_BOUND('',#846,.T.);
#846 = EDGE_LOOP('',(#847,#857,#863,#864));
#847 = ORIENTED_EDGE('',*,*,#848,.T.);
#848 = EDGE_CURVE('',#849,#851,#853,.T.);
#849 = VERTEX_POINT('',#850);
#850 = CARTESIAN_POINT('',(118.987999,103.78759,3.129203673205));
#851 = VERTEX_POINT('',#852);
#852 = CARTESIAN_POINT('',(118.987999,103.78759,3.729203673205));
#853 = LINE('',#854,#855);
#854 = CARTESIAN_POINT('',(118.987999,103.78759,3.129203673205));
#855 = VECTOR('',#856,1.);
#856 = DIRECTION('',(-0.,-0.,1.));
#857 = ORIENTED_EDGE('',*,*,#858,.T.);
#858 = EDGE_CURVE('',#851,#661,#859,.T.);
#859 = LINE('',#860,#861);
#860 = CARTESIAN_POINT('',(118.987999,103.78759,3.729203673205));
#861 = VECTOR('',#862,1.);
#862 = DIRECTION('',(-0.,-1.,-0.));
#863 = ORIENTED_EDGE('',*,*,#658,.F.);
#864 = ORIENTED_EDGE('',*,*,#865,.F.);
#865 = EDGE_CURVE('',#849,#659,#866,.T.);
#866 = LINE('',#867,#868);
#867 = CARTESIAN_POINT('',(118.987999,103.78759,3.129203673205));
#868 = VECTOR('',#869,1.);
#869 = DIRECTION('',(-0.,-1.,-0.));
#870 = PLANE('',#871);
#871 = AXIS2_PLACEMENT_3D('',#872,#873,#874);
#872 = CARTESIAN_POINT('',(118.987999,103.78759,3.129203673205));
#873 = DIRECTION('',(-1.,-0.,-0.));
#874 = DIRECTION('',(0.,1.,0.));
#875 = ADVANCED_FACE('',(#876,#888,#899),#910,.F.);
#876 = FACE_BOUND('',#877,.T.);
#877 = EDGE_LOOP('',(#878,#879,#880,#887));
#878 = ORIENTED_EDGE('',*,*,#692,.T.);
#879 = ORIENTED_EDGE('',*,*,#824,.F.);
#880 = ORIENTED_EDGE('',*,*,#881,.T.);
#881 = EDGE_CURVE('',#825,#849,#882,.T.);
#882 = CIRCLE('',#883,5.499997368576);
#883 = AXIS2_PLACEMENT_3D('',#884,#885,#886);
#884 = CARTESIAN_POINT('',(114.99999787415,100.00000263142,
    3.129203673205));
#885 = DIRECTION('',(0.,-0.,-1.));
#886 = DIRECTION('',(-0.890723676005,0.454545193578,-0.));
#887 = ORIENTED_EDGE('',*,*,#865,.T.);
#888 = FACE_BOUND('',#889,.T.);
#889 = EDGE_LOOP('',(#890));
#890 = ORIENTED_EDGE('',*,*,#891,.F.);
#891 = EDGE_CURVE('',#892,#892,#894,.T.);
#892 = VERTEX_POINT('',#893);
#893 = CARTESIAN_POINT('',(117.298299,95.4938,3.129203673205));
#894 = CIRCLE('',#895,0.275);
#895 = AXIS2_PLACEMENT_3D('',#896,#897,#898);
#896 = CARTESIAN_POINT('',(117.573299,95.4938,3.129203673205));
#897 = DIRECTION('',(0.,0.,-1.));
#898 = DIRECTION('',(-1.,-0.,-0.));
#899 = FACE_BOUND('',#900,.T.);
#900 = EDGE_LOOP('',(#901));
#901 = ORIENTED_EDGE('',*,*,#902,.F.);
#902 = EDGE_CURVE('',#903,#903,#905,.T.);
#903 = VERTEX_POINT('',#904);
#904 = CARTESIAN_POINT('',(112.128299,104.4485,3.129203673205));
#905 = CIRCLE('',#906,0.275);
#906 = AXIS2_PLACEMENT_3D('',#907,#908,#909);
#907 = CARTESIAN_POINT('',(112.403299,104.4485,3.129203673205));
#908 = DIRECTION('',(0.,0.,-1.));
#909 = DIRECTION('',(-1.,-0.,-0.));
#910 = PLANE('',#911);
#911 = AXIS2_PLACEMENT_3D('',#912,#913,#914);
#912 = CARTESIAN_POINT('',(114.767192686,99.99999952675,3.129203673205)
  );
#913 = DIRECTION('',(-0.,-0.,1.));
#914 = DIRECTION('',(1.,0.,0.));
#915 = ADVANCED_FACE('',(#916,#928,#939),#950,.T.);
#916 = FACE_BOUND('',#917,.F.);
#917 = EDGE_LOOP('',(#918,#919,#920,#927));
#918 = ORIENTED_EDGE('',*,*,#668,.T.);
#919 = ORIENTED_EDGE('',*,*,#809,.F.);
#920 = ORIENTED_EDGE('',*,*,#921,.T.);
#921 = EDGE_CURVE('',#802,#851,#922,.T.);
#922 = CIRCLE('',#923,5.499997368576);
#923 = AXIS2_PLACEMENT_3D('',#924,#925,#926);
#924 = CARTESIAN_POINT('',(114.99999787415,100.00000263142,
    3.729203673205));
#925 = DIRECTION('',(0.,-0.,-1.));
#926 = DIRECTION('',(-0.890723676005,0.454545193578,-0.));
#927 = ORIENTED_EDGE('',*,*,#858,.T.);
#928 = FACE_BOUND('',#929,.F.);
#929 = EDGE_LOOP('',(#930));
#930 = ORIENTED_EDGE('',*,*,#931,.F.);
#931 = EDGE_CURVE('',#932,#932,#934,.T.);
#932 = VERTEX_POINT('',#933);
#933 = CARTESIAN_POINT('',(117.298299,95.4938,3.729203673205));
#934 = CIRCLE('',#935,0.275);
#935 = AXIS2_PLACEMENT_3D('',#936,#937,#938);
#936 = CARTESIAN_POINT('',(117.573299,95.4938,3.729203673205));
#937 = DIRECTION('',(0.,0.,-1.));
#938 = DIRECTION('',(-1.,-0.,-0.));
#939 = FACE_BOUND('',#940,.F.);
#940 = EDGE_LOOP('',(#941));
#941 = ORIENTED_EDGE('',*,*,#942,.F.);
#942 = EDGE_CURVE('',#943,#943,#945,.T.);
#943 = VERTEX_POINT('',#944);
#944 = CARTESIAN_POINT('',(112.128299,104.4485,3.729203673205));
#945 = CIRCLE('',#946,0.275);
#946 = AXIS2_PLACEMENT_3D('',#947,#948,#949);
#947 = CARTESIAN_POINT('',(112.403299,104.4485,3.729203673205));
#948 = DIRECTION('',(0.,0.,-1.));
#949 = DIRECTION('',(-1.,-0.,-0.));
#950 = PLANE('',#951);
#951 = AXIS2_PLACEMENT_3D('',#952,#953,#954);
#952 = CARTESIAN_POINT('',(114.767192686,99.99999952675,3.729203673205)
  );
#953 = DIRECTION('',(-0.,-0.,1.));
#954 = DIRECTION('',(1.,0.,0.));
#955 = ADVANCED_FACE('',(#956),#964,.T.);
#956 = FACE_BOUND('',#957,.T.);
#957 = EDGE_LOOP('',(#958,#959,#960,#961,#962,#963));
#958 = ORIENTED_EDGE('',*,*,#832,.T.);
#959 = ORIENTED_EDGE('',*,*,#786,.T.);
#960 = ORIENTED_EDGE('',*,*,#801,.T.);
#961 = ORIENTED_EDGE('',*,*,#921,.T.);
#962 = ORIENTED_EDGE('',*,*,#848,.F.);
#963 = ORIENTED_EDGE('',*,*,#881,.F.);
#964 = CYLINDRICAL_SURFACE('',#965,5.499997368576);
#965 = AXIS2_PLACEMENT_3D('',#966,#967,#968);
#966 = CARTESIAN_POINT('',(114.99999787415,100.00000263142,
    3.129203673205));
#967 = DIRECTION('',(0.,-0.,-1.));
#968 = DIRECTION('',(-0.890723676005,0.454545193578,-0.));
#969 = ADVANCED_FACE('',(#970),#981,.F.);
#970 = FACE_BOUND('',#971,.T.);
#971 = EDGE_LOOP('',(#972,#973,#979,#980));
#972 = ORIENTED_EDGE('',*,*,#931,.F.);
#973 = ORIENTED_EDGE('',*,*,#974,.F.);
#974 = EDGE_CURVE('',#892,#932,#975,.T.);
#975 = LINE('',#976,#977);
#976 = CARTESIAN_POINT('',(117.298299,95.4938,2.129203673205));
#977 = VECTOR('',#978,1.);
#978 = DIRECTION('',(-0.,-0.,1.));
#979 = ORIENTED_EDGE('',*,*,#891,.T.);
#980 = ORIENTED_EDGE('',*,*,#974,.T.);
#981 = CYLINDRICAL_SURFACE('',#982,0.275);
#982 = AXIS2_PLACEMENT_3D('',#983,#984,#985);
#983 = CARTESIAN_POINT('',(117.573299,95.4938,2.129203673205));
#984 = DIRECTION('',(-0.,-0.,1.));
#985 = DIRECTION('',(-1.,-0.,-0.));
#986 = ADVANCED_FACE('',(#987),#998,.F.);
#987 = FACE_BOUND('',#988,.T.);
#988 = EDGE_LOOP('',(#989,#990,#996,#997));
#989 = ORIENTED_EDGE('',*,*,#942,.F.);
#990 = ORIENTED_EDGE('',*,*,#991,.F.);
#991 = EDGE_CURVE('',#903,#943,#992,.T.);
#992 = LINE('',#993,#994);
#993 = CARTESIAN_POINT('',(112.128299,104.4485,2.129203673205));
#994 = VECTOR('',#995,1.);
#995 = DIRECTION('',(-0.,-0.,1.));
#996 = ORIENTED_EDGE('',*,*,#902,.T.);
#997 = ORIENTED_EDGE('',*,*,#991,.T.);
#998 = CYLINDRICAL_SURFACE('',#999,0.275);
#999 = AXIS2_PLACEMENT_3D('',#1000,#1001,#1002);
#1000 = CARTESIAN_POINT('',(112.403299,104.4485,2.129203673205));
#1001 = DIRECTION('',(-0.,-0.,1.));
#1002 = DIRECTION('',(-1.,-0.,-0.));
#1003 = MANIFOLD_SOLID_BREP('',#1004);
#1004 = CLOSED_SHELL('',(#1005,#1045,#1076,#1111,#1135,#1856,#1868,#1893
    ,#1912,#1931,#1950,#1969,#1988,#2007,#2026,#2045,#2064,#2083,#2102,
    #2121,#2140,#2159,#2178,#2197,#2216,#2235,#2254,#2273,#2292,#2311,
    #2330,#2349,#2368,#2387,#2406,#2425,#2444,#2463,#2482,#2501,#2520,
    #2539,#2558,#2577,#2596,#2615,#2634,#2653,#2672,#2691,#2710,#2729,
    #2748,#2767,#2786,#2805,#2824,#2843,#2862,#2881,#2900,#2919,#2938,
    #2957,#2976,#2995,#3014,#3033,#3052,#3071,#3090,#3109));
#1005 = ADVANCED_FACE('',(#1006),#1040,.F.);
#1006 = FACE_BOUND('',#1007,.T.);
#1007 = EDGE_LOOP('',(#1008,#1018,#1026,#1034));
#1008 = ORIENTED_EDGE('',*,*,#1009,.F.);
#1009 = EDGE_CURVE('',#1010,#1012,#1014,.T.);
#1010 = VERTEX_POINT('',#1011);
#1011 = CARTESIAN_POINT('',(116.869999,102.022,2.989203673205));
#1012 = VERTEX_POINT('',#1013);
#1013 = CARTESIAN_POINT('',(116.869999,102.022,2.089203673205));
#1014 = LINE('',#1015,#1016);
#1015 = CARTESIAN_POINT('',(116.869999,102.022,2.989203673205));
#1016 = VECTOR('',#1017,1.);
#1017 = DIRECTION('',(1.224646799147E-16,0.,-1.));
#1018 = ORIENTED_EDGE('',*,*,#1019,.T.);
#1019 = EDGE_CURVE('',#1010,#1020,#1022,.T.);
#1020 = VERTEX_POINT('',#1021);
#1021 = CARTESIAN_POINT('',(116.869999,98.022,2.989203673205));
#1022 = LINE('',#1023,#1024);
#1023 = CARTESIAN_POINT('',(116.869999,102.022,2.989203673205));
#1024 = VECTOR('',#1025,1.);
#1025 = DIRECTION('',(0.,-1.,0.));
#1026 = ORIENTED_EDGE('',*,*,#1027,.T.);
#1027 = EDGE_CURVE('',#1020,#1028,#1030,.T.);
#1028 = VERTEX_POINT('',#1029);
#1029 = CARTESIAN_POINT('',(116.869999,98.022,2.089203673205));
#1030 = LINE('',#1031,#1032);
#1031 = CARTESIAN_POINT('',(116.869999,98.022,2.989203673205));
#1032 = VECTOR('',#1033,1.);
#1033 = DIRECTION('',(1.224646799147E-16,0.,-1.));
#1034 = ORIENTED_EDGE('',*,*,#1035,.F.);
#1035 = EDGE_CURVE('',#1012,#1028,#1036,.T.);
#1036 = LINE('',#1037,#1038);
#1037 = CARTESIAN_POINT('',(116.869999,102.022,2.089203673205));
#1038 = VECTOR('',#1039,1.);
#1039 = DIRECTION('',(0.,-1.,0.));
#1040 = PLANE('',#1041);
#1041 = AXIS2_PLACEMENT_3D('',#1042,#1043,#1044);
#1042 = CARTESIAN_POINT('',(116.869999,102.022,2.989203673205));
#1043 = DIRECTION('',(-1.,0.,-1.224646799147E-16));
#1044 = DIRECTION('',(-1.224646799147E-16,0.,1.));
#1045 = ADVANCED_FACE('',(#1046),#1071,.F.);
#1046 = FACE_BOUND('',#1047,.T.);
#1047 = EDGE_LOOP('',(#1048,#1056,#1057,#1065));
#1048 = ORIENTED_EDGE('',*,*,#1049,.F.);
#1049 = EDGE_CURVE('',#1010,#1050,#1052,.T.);
#1050 = VERTEX_POINT('',#1051);
#1051 = CARTESIAN_POINT('',(112.869999,102.022,2.989203673205));
#1052 = LINE('',#1053,#1054);
#1053 = CARTESIAN_POINT('',(116.869999,102.022,2.989203673205));
#1054 = VECTOR('',#1055,1.);
#1055 = DIRECTION('',(-1.,0.,-1.224646799147E-16));
#1056 = ORIENTED_EDGE('',*,*,#1009,.T.);
#1057 = ORIENTED_EDGE('',*,*,#1058,.T.);
#1058 = EDGE_CURVE('',#1012,#1059,#1061,.T.);
#1059 = VERTEX_POINT('',#1060);
#1060 = CARTESIAN_POINT('',(112.869999,102.022,2.089203673205));
#1061 = LINE('',#1062,#1063);
#1062 = CARTESIAN_POINT('',(116.869999,102.022,2.089203673205));
#1063 = VECTOR('',#1064,1.);
#1064 = DIRECTION('',(-1.,0.,-1.224646799147E-16));
#1065 = ORIENTED_EDGE('',*,*,#1066,.F.);
#1066 = EDGE_CURVE('',#1050,#1059,#1067,.T.);
#1067 = LINE('',#1068,#1069);
#1068 = CARTESIAN_POINT('',(112.869999,102.022,2.989203673205));
#1069 = VECTOR('',#1070,1.);
#1070 = DIRECTION('',(1.224646799147E-16,0.,-1.));
#1071 = PLANE('',#1072);
#1072 = AXIS2_PLACEMENT_3D('',#1073,#1074,#1075);
#1073 = CARTESIAN_POINT('',(116.869999,102.022,2.989203673205));
#1074 = DIRECTION('',(0.,-1.,0.));
#1075 = DIRECTION('',(-1.224646799147E-16,0.,1.));
#1076 = ADVANCED_FACE('',(#1077,#1095),#1106,.T.);
#1077 = FACE_BOUND('',#1078,.F.);
#1078 = EDGE_LOOP('',(#1079,#1080,#1081,#1089));
#1079 = ORIENTED_EDGE('',*,*,#1035,.F.);
#1080 = ORIENTED_EDGE('',*,*,#1058,.T.);
#1081 = ORIENTED_EDGE('',*,*,#1082,.T.);
#1082 = EDGE_CURVE('',#1059,#1083,#1085,.T.);
#1083 = VERTEX_POINT('',#1084);
#1084 = CARTESIAN_POINT('',(112.869999,98.022,2.089203673205));
#1085 = LINE('',#1086,#1087);
#1086 = CARTESIAN_POINT('',(112.869999,102.022,2.089203673205));
#1087 = VECTOR('',#1088,1.);
#1088 = DIRECTION('',(0.,-1.,0.));
#1089 = ORIENTED_EDGE('',*,*,#1090,.F.);
#1090 = EDGE_CURVE('',#1028,#1083,#1091,.T.);
#1091 = LINE('',#1092,#1093);
#1092 = CARTESIAN_POINT('',(116.869999,98.022,2.089203673205));
#1093 = VECTOR('',#1094,1.);
#1094 = DIRECTION('',(-1.,0.,-1.224646799147E-16));
#1095 = FACE_BOUND('',#1096,.F.);
#1096 = EDGE_LOOP('',(#1097));
#1097 = ORIENTED_EDGE('',*,*,#1098,.T.);
#1098 = EDGE_CURVE('',#1099,#1099,#1101,.T.);
#1099 = VERTEX_POINT('',#1100);
#1100 = CARTESIAN_POINT('',(116.269999,98.422,2.089203673205));
#1101 = CIRCLE('',#1102,0.2);
#1102 = AXIS2_PLACEMENT_3D('',#1103,#1104,#1105);
#1103 = CARTESIAN_POINT('',(116.469999,98.422,2.089203673205));
#1104 = DIRECTION('',(1.224646799147E-16,0.,-1.));
#1105 = DIRECTION('',(-1.,0.,-1.224646799147E-16));
#1106 = PLANE('',#1107);
#1107 = AXIS2_PLACEMENT_3D('',#1108,#1109,#1110);
#1108 = CARTESIAN_POINT('',(116.869999,102.022,2.089203673205));
#1109 = DIRECTION('',(1.224646799147E-16,0.,-1.));
#1110 = DIRECTION('',(1.,0.,1.224646799147E-16));
#1111 = ADVANCED_FACE('',(#1112),#1130,.T.);
#1112 = FACE_BOUND('',#1113,.F.);
#1113 = EDGE_LOOP('',(#1114,#1122,#1123,#1124));
#1114 = ORIENTED_EDGE('',*,*,#1115,.F.);
#1115 = EDGE_CURVE('',#1020,#1116,#1118,.T.);
#1116 = VERTEX_POINT('',#1117);
#1117 = CARTESIAN_POINT('',(112.869999,98.022,2.989203673205));
#1118 = LINE('',#1119,#1120);
#1119 = CARTESIAN_POINT('',(116.869999,98.022,2.989203673205));
#1120 = VECTOR('',#1121,1.);
#1121 = DIRECTION('',(-1.,0.,-1.224646799147E-16));
#1122 = ORIENTED_EDGE('',*,*,#1027,.T.);
#1123 = ORIENTED_EDGE('',*,*,#1090,.T.);
#1124 = ORIENTED_EDGE('',*,*,#1125,.F.);
#1125 = EDGE_CURVE('',#1116,#1083,#1126,.T.);
#1126 = LINE('',#1127,#1128);
#1127 = CARTESIAN_POINT('',(112.869999,98.022,2.989203673205));
#1128 = VECTOR('',#1129,1.);
#1129 = DIRECTION('',(1.224646799147E-16,0.,-1.));
#1130 = PLANE('',#1131);
#1131 = AXIS2_PLACEMENT_3D('',#1132,#1133,#1134);
#1132 = CARTESIAN_POINT('',(116.869999,98.022,2.989203673205));
#1133 = DIRECTION('',(0.,-1.,0.));
#1134 = DIRECTION('',(-1.224646799147E-16,0.,1.));
#1135 = ADVANCED_FACE('',(#1136,#1147,#1158,#1169,#1180,#1191,#1202,
    #1213,#1224,#1235,#1246,#1257,#1268,#1279,#1290,#1301,#1312,#1323,
    #1334,#1345,#1356,#1367,#1378,#1389,#1400,#1411,#1422,#1433,#1444,
    #1455,#1466,#1477,#1488,#1499,#1510,#1521,#1532,#1543,#1554,#1565,
    #1576,#1587,#1598,#1609,#1620,#1631,#1642,#1653,#1664,#1675,#1686,
    #1697,#1708,#1719,#1730,#1741,#1752,#1763,#1774,#1785,#1796,#1807,
    #1818,#1829,#1840),#1851,.F.);
#1136 = FACE_BOUND('',#1137,.T.);
#1137 = EDGE_LOOP('',(#1138,#1139,#1140,#1146));
#1138 = ORIENTED_EDGE('',*,*,#1019,.F.);
#1139 = ORIENTED_EDGE('',*,*,#1049,.T.);
#1140 = ORIENTED_EDGE('',*,*,#1141,.T.);
#1141 = EDGE_CURVE('',#1050,#1116,#1142,.T.);
#1142 = LINE('',#1143,#1144);
#1143 = CARTESIAN_POINT('',(112.869999,102.022,2.989203673205));
#1144 = VECTOR('',#1145,1.);
#1145 = DIRECTION('',(0.,-1.,0.));
#1146 = ORIENTED_EDGE('',*,*,#1115,.F.);
#1147 = FACE_BOUND('',#1148,.T.);
#1148 = EDGE_LOOP('',(#1149));
#1149 = ORIENTED_EDGE('',*,*,#1150,.F.);
#1150 = EDGE_CURVE('',#1151,#1151,#1153,.T.);
#1151 = VERTEX_POINT('',#1152);
#1152 = CARTESIAN_POINT('',(116.14115194919,101.422,2.989203673205));
#1153 = CIRCLE('',#1154,0.128847050801);
#1154 = AXIS2_PLACEMENT_3D('',#1155,#1156,#1157);
#1155 = CARTESIAN_POINT('',(116.269999,101.422,2.989203673205));
#1156 = DIRECTION('',(-1.224646799147E-16,0.,1.));
#1157 = DIRECTION('',(-1.,0.,-1.224646799147E-16));
#1158 = FACE_BOUND('',#1159,.T.);
#1159 = EDGE_LOOP('',(#1160));
#1160 = ORIENTED_EDGE('',*,*,#1161,.F.);
#1161 = EDGE_CURVE('',#1162,#1162,#1164,.T.);
#1162 = VERTEX_POINT('',#1163);
#1163 = CARTESIAN_POINT('',(115.74115194919,101.422,2.989203673205));
#1164 = CIRCLE('',#1165,0.128847050801);
#1165 = AXIS2_PLACEMENT_3D('',#1166,#1167,#1168);
#1166 = CARTESIAN_POINT('',(115.869999,101.422,2.989203673205));
#1167 = DIRECTION('',(-1.224646799147E-16,0.,1.));
#1168 = DIRECTION('',(-1.,0.,-1.224646799147E-16));
#1169 = FACE_BOUND('',#1170,.T.);
#1170 = EDGE_LOOP('',(#1171));
#1171 = ORIENTED_EDGE('',*,*,#1172,.F.);
#1172 = EDGE_CURVE('',#1173,#1173,#1175,.T.);
#1173 = VERTEX_POINT('',#1174);
#1174 = CARTESIAN_POINT('',(116.14115194919,101.022,2.989203673205));
#1175 = CIRCLE('',#1176,0.128847050801);
#1176 = AXIS2_PLACEMENT_3D('',#1177,#1178,#1179);
#1177 = CARTESIAN_POINT('',(116.269999,101.022,2.989203673205));
#1178 = DIRECTION('',(-1.224646799147E-16,0.,1.));
#1179 = DIRECTION('',(-1.,0.,-1.224646799147E-16));
#1180 = FACE_BOUND('',#1181,.T.);
#1181 = EDGE_LOOP('',(#1182));
#1182 = ORIENTED_EDGE('',*,*,#1183,.F.);
#1183 = EDGE_CURVE('',#1184,#1184,#1186,.T.);
#1184 = VERTEX_POINT('',#1185);
#1185 = CARTESIAN_POINT('',(115.74115194919,101.022,2.989203673205));
#1186 = CIRCLE('',#1187,0.128847050801);
#1187 = AXIS2_PLACEMENT_3D('',#1188,#1189,#1190);
#1188 = CARTESIAN_POINT('',(115.869999,101.022,2.989203673205));
#1189 = DIRECTION('',(-1.224646799147E-16,0.,1.));
#1190 = DIRECTION('',(-1.,0.,-1.224646799147E-16));
#1191 = FACE_BOUND('',#1192,.T.);
#1192 = EDGE_LOOP('',(#1193));
#1193 = ORIENTED_EDGE('',*,*,#1194,.F.);
#1194 = EDGE_CURVE('',#1195,#1195,#1197,.T.);
#1195 = VERTEX_POINT('',#1196);
#1196 = CARTESIAN_POINT('',(115.34115194919,101.422,2.989203673205));
#1197 = CIRCLE('',#1198,0.128847050801);
#1198 = AXIS2_PLACEMENT_3D('',#1199,#1200,#1201);
#1199 = CARTESIAN_POINT('',(115.469999,101.422,2.989203673205));
#1200 = DIRECTION('',(-1.224646799147E-16,0.,1.));
#1201 = DIRECTION('',(-1.,0.,-1.224646799147E-16));
#1202 = FACE_BOUND('',#1203,.T.);
#1203 = EDGE_LOOP('',(#1204));
#1204 = ORIENTED_EDGE('',*,*,#1205,.F.);
#1205 = EDGE_CURVE('',#1206,#1206,#1208,.T.);
#1206 = VERTEX_POINT('',#1207);
#1207 = CARTESIAN_POINT('',(114.94115194919,101.422,2.989203673205));
#1208 = CIRCLE('',#1209,0.128847050801);
#1209 = AXIS2_PLACEMENT_3D('',#1210,#1211,#1212);
#1210 = CARTESIAN_POINT('',(115.069999,101.422,2.989203673205));
#1211 = DIRECTION('',(-1.224646799147E-16,0.,1.));
#1212 = DIRECTION('',(-1.,0.,-1.224646799147E-16));
#1213 = FACE_BOUND('',#1214,.T.);
#1214 = EDGE_LOOP('',(#1215));
#1215 = ORIENTED_EDGE('',*,*,#1216,.F.);
#1216 = EDGE_CURVE('',#1217,#1217,#1219,.T.);
#1217 = VERTEX_POINT('',#1218);
#1218 = CARTESIAN_POINT('',(115.34115194919,101.022,2.989203673205));
#1219 = CIRCLE('',#1220,0.128847050801);
#1220 = AXIS2_PLACEMENT_3D('',#1221,#1222,#1223);
#1221 = CARTESIAN_POINT('',(115.469999,101.022,2.989203673205));
#1222 = DIRECTION('',(-1.224646799147E-16,0.,1.));
#1223 = DIRECTION('',(-1.,0.,-1.224646799147E-16));
#1224 = FACE_BOUND('',#1225,.T.);
#1225 = EDGE_LOOP('',(#1226));
#1226 = ORIENTED_EDGE('',*,*,#1227,.F.);
#1227 = EDGE_CURVE('',#1228,#1228,#1230,.T.);
#1228 = VERTEX_POINT('',#1229);
#1229 = CARTESIAN_POINT('',(114.94115194919,101.022,2.989203673205));
#1230 = CIRCLE('',#1231,0.128847050801);
#1231 = AXIS2_PLACEMENT_3D('',#1232,#1233,#1234);
#1232 = CARTESIAN_POINT('',(115.069999,101.022,2.989203673205));
#1233 = DIRECTION('',(-1.224646799147E-16,0.,1.));
#1234 = DIRECTION('',(-1.,0.,-1.224646799147E-16));
#1235 = FACE_BOUND('',#1236,.T.);
#1236 = EDGE_LOOP('',(#1237));
#1237 = ORIENTED_EDGE('',*,*,#1238,.F.);
#1238 = EDGE_CURVE('',#1239,#1239,#1241,.T.);
#1239 = VERTEX_POINT('',#1240);
#1240 = CARTESIAN_POINT('',(116.14115194919,100.622,2.989203673205));
#1241 = CIRCLE('',#1242,0.128847050801);
#1242 = AXIS2_PLACEMENT_3D('',#1243,#1244,#1245);
#1243 = CARTESIAN_POINT('',(116.269999,100.622,2.989203673205));
#1244 = DIRECTION('',(-1.224646799147E-16,0.,1.));
#1245 = DIRECTION('',(-1.,0.,-1.224646799147E-16));
#1246 = FACE_BOUND('',#1247,.T.);
#1247 = EDGE_LOOP('',(#1248));
#1248 = ORIENTED_EDGE('',*,*,#1249,.F.);
#1249 = EDGE_CURVE('',#1250,#1250,#1252,.T.);
#1250 = VERTEX_POINT('',#1251);
#1251 = CARTESIAN_POINT('',(115.74115194919,100.622,2.989203673205));
#1252 = CIRCLE('',#1253,0.128847050801);
#1253 = AXIS2_PLACEMENT_3D('',#1254,#1255,#1256);
#1254 = CARTESIAN_POINT('',(115.869999,100.622,2.989203673205));
#1255 = DIRECTION('',(-1.224646799147E-16,0.,1.));
#1256 = DIRECTION('',(-1.,0.,-1.224646799147E-16));
#1257 = FACE_BOUND('',#1258,.T.);
#1258 = EDGE_LOOP('',(#1259));
#1259 = ORIENTED_EDGE('',*,*,#1260,.F.);
#1260 = EDGE_CURVE('',#1261,#1261,#1263,.T.);
#1261 = VERTEX_POINT('',#1262);
#1262 = CARTESIAN_POINT('',(116.14115194919,100.222,2.989203673205));
#1263 = CIRCLE('',#1264,0.128847050801);
#1264 = AXIS2_PLACEMENT_3D('',#1265,#1266,#1267);
#1265 = CARTESIAN_POINT('',(116.269999,100.222,2.989203673205));
#1266 = DIRECTION('',(-1.224646799147E-16,0.,1.));
#1267 = DIRECTION('',(-1.,0.,-1.224646799147E-16));
#1268 = FACE_BOUND('',#1269,.T.);
#1269 = EDGE_LOOP('',(#1270));
#1270 = ORIENTED_EDGE('',*,*,#1271,.F.);
#1271 = EDGE_CURVE('',#1272,#1272,#1274,.T.);
#1272 = VERTEX_POINT('',#1273);
#1273 = CARTESIAN_POINT('',(115.74115194919,100.222,2.989203673205));
#1274 = CIRCLE('',#1275,0.128847050801);
#1275 = AXIS2_PLACEMENT_3D('',#1276,#1277,#1278);
#1276 = CARTESIAN_POINT('',(115.869999,100.222,2.989203673205));
#1277 = DIRECTION('',(-1.224646799147E-16,0.,1.));
#1278 = DIRECTION('',(-1.,0.,-1.224646799147E-16));
#1279 = FACE_BOUND('',#1280,.T.);
#1280 = EDGE_LOOP('',(#1281));
#1281 = ORIENTED_EDGE('',*,*,#1282,.F.);
#1282 = EDGE_CURVE('',#1283,#1283,#1285,.T.);
#1283 = VERTEX_POINT('',#1284);
#1284 = CARTESIAN_POINT('',(115.34115194919,100.622,2.989203673205));
#1285 = CIRCLE('',#1286,0.128847050801);
#1286 = AXIS2_PLACEMENT_3D('',#1287,#1288,#1289);
#1287 = CARTESIAN_POINT('',(115.469999,100.622,2.989203673205));
#1288 = DIRECTION('',(-1.224646799147E-16,0.,1.));
#1289 = DIRECTION('',(-1.,0.,-1.224646799147E-16));
#1290 = FACE_BOUND('',#1291,.T.);
#1291 = EDGE_LOOP('',(#1292));
#1292 = ORIENTED_EDGE('',*,*,#1293,.F.);
#1293 = EDGE_CURVE('',#1294,#1294,#1296,.T.);
#1294 = VERTEX_POINT('',#1295);
#1295 = CARTESIAN_POINT('',(114.94115194919,100.622,2.989203673205));
#1296 = CIRCLE('',#1297,0.128847050801);
#1297 = AXIS2_PLACEMENT_3D('',#1298,#1299,#1300);
#1298 = CARTESIAN_POINT('',(115.069999,100.622,2.989203673205));
#1299 = DIRECTION('',(-1.224646799147E-16,0.,1.));
#1300 = DIRECTION('',(-1.,0.,-1.224646799147E-16));
#1301 = FACE_BOUND('',#1302,.T.);
#1302 = EDGE_LOOP('',(#1303));
#1303 = ORIENTED_EDGE('',*,*,#1304,.F.);
#1304 = EDGE_CURVE('',#1305,#1305,#1307,.T.);
#1305 = VERTEX_POINT('',#1306);
#1306 = CARTESIAN_POINT('',(115.34115194919,100.222,2.989203673205));
#1307 = CIRCLE('',#1308,0.128847050801);
#1308 = AXIS2_PLACEMENT_3D('',#1309,#1310,#1311);
#1309 = CARTESIAN_POINT('',(115.469999,100.222,2.989203673205));
#1310 = DIRECTION('',(-1.224646799147E-16,0.,1.));
#1311 = DIRECTION('',(-1.,0.,-1.224646799147E-16));
#1312 = FACE_BOUND('',#1313,.T.);
#1313 = EDGE_LOOP('',(#1314));
#1314 = ORIENTED_EDGE('',*,*,#1315,.F.);
#1315 = EDGE_CURVE('',#1316,#1316,#1318,.T.);
#1316 = VERTEX_POINT('',#1317);
#1317 = CARTESIAN_POINT('',(114.94115194919,100.222,2.989203673205));
#1318 = CIRCLE('',#1319,0.128847050801);
#1319 = AXIS2_PLACEMENT_3D('',#1320,#1321,#1322);
#1320 = CARTESIAN_POINT('',(115.069999,100.222,2.989203673205));
#1321 = DIRECTION('',(-1.224646799147E-16,0.,1.));
#1322 = DIRECTION('',(-1.,0.,-1.224646799147E-16));
#1323 = FACE_BOUND('',#1324,.T.);
#1324 = EDGE_LOOP('',(#1325));
#1325 = ORIENTED_EDGE('',*,*,#1326,.F.);
#1326 = EDGE_CURVE('',#1327,#1327,#1329,.T.);
#1327 = VERTEX_POINT('',#1328);
#1328 = CARTESIAN_POINT('',(114.54115194919,101.422,2.989203673205));
#1329 = CIRCLE('',#1330,0.128847050801);
#1330 = AXIS2_PLACEMENT_3D('',#1331,#1332,#1333);
#1331 = CARTESIAN_POINT('',(114.669999,101.422,2.989203673205));
#1332 = DIRECTION('',(-1.224646799147E-16,0.,1.));
#1333 = DIRECTION('',(-1.,0.,-1.224646799147E-16));
#1334 = FACE_BOUND('',#1335,.T.);
#1335 = EDGE_LOOP('',(#1336));
#1336 = ORIENTED_EDGE('',*,*,#1337,.F.);
#1337 = EDGE_CURVE('',#1338,#1338,#1340,.T.);
#1338 = VERTEX_POINT('',#1339);
#1339 = CARTESIAN_POINT('',(114.14115194919,101.422,2.989203673205));
#1340 = CIRCLE('',#1341,0.128847050801);
#1341 = AXIS2_PLACEMENT_3D('',#1342,#1343,#1344);
#1342 = CARTESIAN_POINT('',(114.269999,101.422,2.989203673205));
#1343 = DIRECTION('',(-1.224646799147E-16,0.,1.));
#1344 = DIRECTION('',(-1.,0.,-1.224646799147E-16));
#1345 = FACE_BOUND('',#1346,.T.);
#1346 = EDGE_LOOP('',(#1347));
#1347 = ORIENTED_EDGE('',*,*,#1348,.F.);
#1348 = EDGE_CURVE('',#1349,#1349,#1351,.T.);
#1349 = VERTEX_POINT('',#1350);
#1350 = CARTESIAN_POINT('',(114.54115194919,101.022,2.989203673205));
#1351 = CIRCLE('',#1352,0.128847050801);
#1352 = AXIS2_PLACEMENT_3D('',#1353,#1354,#1355);
#1353 = CARTESIAN_POINT('',(114.669999,101.022,2.989203673205));
#1354 = DIRECTION('',(-1.224646799147E-16,0.,1.));
#1355 = DIRECTION('',(-1.,0.,-1.224646799147E-16));
#1356 = FACE_BOUND('',#1357,.T.);
#1357 = EDGE_LOOP('',(#1358));
#1358 = ORIENTED_EDGE('',*,*,#1359,.F.);
#1359 = EDGE_CURVE('',#1360,#1360,#1362,.T.);
#1360 = VERTEX_POINT('',#1361);
#1361 = CARTESIAN_POINT('',(114.14115194919,101.022,2.989203673205));
#1362 = CIRCLE('',#1363,0.128847050801);
#1363 = AXIS2_PLACEMENT_3D('',#1364,#1365,#1366);
#1364 = CARTESIAN_POINT('',(114.269999,101.022,2.989203673205));
#1365 = DIRECTION('',(-1.224646799147E-16,0.,1.));
#1366 = DIRECTION('',(-1.,0.,-1.224646799147E-16));
#1367 = FACE_BOUND('',#1368,.T.);
#1368 = EDGE_LOOP('',(#1369));
#1369 = ORIENTED_EDGE('',*,*,#1370,.F.);
#1370 = EDGE_CURVE('',#1371,#1371,#1373,.T.);
#1371 = VERTEX_POINT('',#1372);
#1372 = CARTESIAN_POINT('',(113.74115194919,101.422,2.989203673205));
#1373 = CIRCLE('',#1374,0.128847050801);
#1374 = AXIS2_PLACEMENT_3D('',#1375,#1376,#1377);
#1375 = CARTESIAN_POINT('',(113.869999,101.422,2.989203673205));
#1376 = DIRECTION('',(-1.224646799147E-16,0.,1.));
#1377 = DIRECTION('',(-1.,0.,-1.224646799147E-16));
#1378 = FACE_BOUND('',#1379,.T.);
#1379 = EDGE_LOOP('',(#1380));
#1380 = ORIENTED_EDGE('',*,*,#1381,.F.);
#1381 = EDGE_CURVE('',#1382,#1382,#1384,.T.);
#1382 = VERTEX_POINT('',#1383);
#1383 = CARTESIAN_POINT('',(113.34115194919,101.422,2.989203673205));
#1384 = CIRCLE('',#1385,0.128847050801);
#1385 = AXIS2_PLACEMENT_3D('',#1386,#1387,#1388);
#1386 = CARTESIAN_POINT('',(113.469999,101.422,2.989203673205));
#1387 = DIRECTION('',(-1.224646799147E-16,0.,1.));
#1388 = DIRECTION('',(-1.,0.,-1.224646799147E-16));
#1389 = FACE_BOUND('',#1390,.T.);
#1390 = EDGE_LOOP('',(#1391));
#1391 = ORIENTED_EDGE('',*,*,#1392,.F.);
#1392 = EDGE_CURVE('',#1393,#1393,#1395,.T.);
#1393 = VERTEX_POINT('',#1394);
#1394 = CARTESIAN_POINT('',(113.74115194919,101.022,2.989203673205));
#1395 = CIRCLE('',#1396,0.128847050801);
#1396 = AXIS2_PLACEMENT_3D('',#1397,#1398,#1399);
#1397 = CARTESIAN_POINT('',(113.869999,101.022,2.989203673205));
#1398 = DIRECTION('',(-1.224646799147E-16,0.,1.));
#1399 = DIRECTION('',(-1.,0.,-1.224646799147E-16));
#1400 = FACE_BOUND('',#1401,.T.);
#1401 = EDGE_LOOP('',(#1402));
#1402 = ORIENTED_EDGE('',*,*,#1403,.F.);
#1403 = EDGE_CURVE('',#1404,#1404,#1406,.T.);
#1404 = VERTEX_POINT('',#1405);
#1405 = CARTESIAN_POINT('',(113.34115194919,101.022,2.989203673205));
#1406 = CIRCLE('',#1407,0.128847050801);
#1407 = AXIS2_PLACEMENT_3D('',#1408,#1409,#1410);
#1408 = CARTESIAN_POINT('',(113.469999,101.022,2.989203673205));
#1409 = DIRECTION('',(-1.224646799147E-16,0.,1.));
#1410 = DIRECTION('',(-1.,0.,-1.224646799147E-16));
#1411 = FACE_BOUND('',#1412,.T.);
#1412 = EDGE_LOOP('',(#1413));
#1413 = ORIENTED_EDGE('',*,*,#1414,.F.);
#1414 = EDGE_CURVE('',#1415,#1415,#1417,.T.);
#1415 = VERTEX_POINT('',#1416);
#1416 = CARTESIAN_POINT('',(114.54115194919,100.622,2.989203673205));
#1417 = CIRCLE('',#1418,0.128847050801);
#1418 = AXIS2_PLACEMENT_3D('',#1419,#1420,#1421);
#1419 = CARTESIAN_POINT('',(114.669999,100.622,2.989203673205));
#1420 = DIRECTION('',(-1.224646799147E-16,0.,1.));
#1421 = DIRECTION('',(-1.,0.,-1.224646799147E-16));
#1422 = FACE_BOUND('',#1423,.T.);
#1423 = EDGE_LOOP('',(#1424));
#1424 = ORIENTED_EDGE('',*,*,#1425,.F.);
#1425 = EDGE_CURVE('',#1426,#1426,#1428,.T.);
#1426 = VERTEX_POINT('',#1427);
#1427 = CARTESIAN_POINT('',(114.14115194919,100.622,2.989203673205));
#1428 = CIRCLE('',#1429,0.128847050801);
#1429 = AXIS2_PLACEMENT_3D('',#1430,#1431,#1432);
#1430 = CARTESIAN_POINT('',(114.269999,100.622,2.989203673205));
#1431 = DIRECTION('',(-1.224646799147E-16,0.,1.));
#1432 = DIRECTION('',(-1.,0.,-1.224646799147E-16));
#1433 = FACE_BOUND('',#1434,.T.);
#1434 = EDGE_LOOP('',(#1435));
#1435 = ORIENTED_EDGE('',*,*,#1436,.F.);
#1436 = EDGE_CURVE('',#1437,#1437,#1439,.T.);
#1437 = VERTEX_POINT('',#1438);
#1438 = CARTESIAN_POINT('',(114.54115194919,100.222,2.989203673205));
#1439 = CIRCLE('',#1440,0.128847050801);
#1440 = AXIS2_PLACEMENT_3D('',#1441,#1442,#1443);
#1441 = CARTESIAN_POINT('',(114.669999,100.222,2.989203673205));
#1442 = DIRECTION('',(-1.224646799147E-16,0.,1.));
#1443 = DIRECTION('',(-1.,0.,-1.224646799147E-16));
#1444 = FACE_BOUND('',#1445,.T.);
#1445 = EDGE_LOOP('',(#1446));
#1446 = ORIENTED_EDGE('',*,*,#1447,.F.);
#1447 = EDGE_CURVE('',#1448,#1448,#1450,.T.);
#1448 = VERTEX_POINT('',#1449);
#1449 = CARTESIAN_POINT('',(114.14115194919,100.222,2.989203673205));
#1450 = CIRCLE('',#1451,0.128847050801);
#1451 = AXIS2_PLACEMENT_3D('',#1452,#1453,#1454);
#1452 = CARTESIAN_POINT('',(114.269999,100.222,2.989203673205));
#1453 = DIRECTION('',(-1.224646799147E-16,0.,1.));
#1454 = DIRECTION('',(-1.,0.,-1.224646799147E-16));
#1455 = FACE_BOUND('',#1456,.T.);
#1456 = EDGE_LOOP('',(#1457));
#1457 = ORIENTED_EDGE('',*,*,#1458,.F.);
#1458 = EDGE_CURVE('',#1459,#1459,#1461,.T.);
#1459 = VERTEX_POINT('',#1460);
#1460 = CARTESIAN_POINT('',(113.74115194919,100.622,2.989203673205));
#1461 = CIRCLE('',#1462,0.128847050801);
#1462 = AXIS2_PLACEMENT_3D('',#1463,#1464,#1465);
#1463 = CARTESIAN_POINT('',(113.869999,100.622,2.989203673205));
#1464 = DIRECTION('',(-1.224646799147E-16,0.,1.));
#1465 = DIRECTION('',(-1.,0.,-1.224646799147E-16));
#1466 = FACE_BOUND('',#1467,.T.);
#1467 = EDGE_LOOP('',(#1468));
#1468 = ORIENTED_EDGE('',*,*,#1469,.F.);
#1469 = EDGE_CURVE('',#1470,#1470,#1472,.T.);
#1470 = VERTEX_POINT('',#1471);
#1471 = CARTESIAN_POINT('',(113.34115194919,100.622,2.989203673205));
#1472 = CIRCLE('',#1473,0.128847050801);
#1473 = AXIS2_PLACEMENT_3D('',#1474,#1475,#1476);
#1474 = CARTESIAN_POINT('',(113.469999,100.622,2.989203673205));
#1475 = DIRECTION('',(-1.224646799147E-16,0.,1.));
#1476 = DIRECTION('',(-1.,0.,-1.224646799147E-16));
#1477 = FACE_BOUND('',#1478,.T.);
#1478 = EDGE_LOOP('',(#1479));
#1479 = ORIENTED_EDGE('',*,*,#1480,.F.);
#1480 = EDGE_CURVE('',#1481,#1481,#1483,.T.);
#1481 = VERTEX_POINT('',#1482);
#1482 = CARTESIAN_POINT('',(113.74115194919,100.222,2.989203673205));
#1483 = CIRCLE('',#1484,0.128847050801);
#1484 = AXIS2_PLACEMENT_3D('',#1485,#1486,#1487);
#1485 = CARTESIAN_POINT('',(113.869999,100.222,2.989203673205));
#1486 = DIRECTION('',(-1.224646799147E-16,0.,1.));
#1487 = DIRECTION('',(-1.,0.,-1.224646799147E-16));
#1488 = FACE_BOUND('',#1489,.T.);
#1489 = EDGE_LOOP('',(#1490));
#1490 = ORIENTED_EDGE('',*,*,#1491,.F.);
#1491 = EDGE_CURVE('',#1492,#1492,#1494,.T.);
#1492 = VERTEX_POINT('',#1493);
#1493 = CARTESIAN_POINT('',(113.34115194919,100.222,2.989203673205));
#1494 = CIRCLE('',#1495,0.128847050801);
#1495 = AXIS2_PLACEMENT_3D('',#1496,#1497,#1498);
#1496 = CARTESIAN_POINT('',(113.469999,100.222,2.989203673205));
#1497 = DIRECTION('',(-1.224646799147E-16,0.,1.));
#1498 = DIRECTION('',(-1.,0.,-1.224646799147E-16));
#1499 = FACE_BOUND('',#1500,.T.);
#1500 = EDGE_LOOP('',(#1501));
#1501 = ORIENTED_EDGE('',*,*,#1502,.F.);
#1502 = EDGE_CURVE('',#1503,#1503,#1505,.T.);
#1503 = VERTEX_POINT('',#1504);
#1504 = CARTESIAN_POINT('',(116.14115194919,99.822,2.989203673205));
#1505 = CIRCLE('',#1506,0.128847050801);
#1506 = AXIS2_PLACEMENT_3D('',#1507,#1508,#1509);
#1507 = CARTESIAN_POINT('',(116.269999,99.822,2.989203673205));
#1508 = DIRECTION('',(-1.224646799147E-16,0.,1.));
#1509 = DIRECTION('',(-1.,0.,-1.224646799147E-16));
#1510 = FACE_BOUND('',#1511,.T.);
#1511 = EDGE_LOOP('',(#1512));
#1512 = ORIENTED_EDGE('',*,*,#1513,.F.);
#1513 = EDGE_CURVE('',#1514,#1514,#1516,.T.);
#1514 = VERTEX_POINT('',#1515);
#1515 = CARTESIAN_POINT('',(115.74115194919,99.822,2.989203673205));
#1516 = CIRCLE('',#1517,0.128847050801);
#1517 = AXIS2_PLACEMENT_3D('',#1518,#1519,#1520);
#1518 = CARTESIAN_POINT('',(115.869999,99.822,2.989203673205));
#1519 = DIRECTION('',(-1.224646799147E-16,0.,1.));
#1520 = DIRECTION('',(-1.,0.,-1.224646799147E-16));
#1521 = FACE_BOUND('',#1522,.T.);
#1522 = EDGE_LOOP('',(#1523));
#1523 = ORIENTED_EDGE('',*,*,#1524,.F.);
#1524 = EDGE_CURVE('',#1525,#1525,#1527,.T.);
#1525 = VERTEX_POINT('',#1526);
#1526 = CARTESIAN_POINT('',(116.14115194919,99.422,2.989203673205));
#1527 = CIRCLE('',#1528,0.128847050801);
#1528 = AXIS2_PLACEMENT_3D('',#1529,#1530,#1531);
#1529 = CARTESIAN_POINT('',(116.269999,99.422,2.989203673205));
#1530 = DIRECTION('',(-1.224646799147E-16,0.,1.));
#1531 = DIRECTION('',(-1.,0.,-1.224646799147E-16));
#1532 = FACE_BOUND('',#1533,.T.);
#1533 = EDGE_LOOP('',(#1534));
#1534 = ORIENTED_EDGE('',*,*,#1535,.F.);
#1535 = EDGE_CURVE('',#1536,#1536,#1538,.T.);
#1536 = VERTEX_POINT('',#1537);
#1537 = CARTESIAN_POINT('',(115.74115194919,99.422,2.989203673205));
#1538 = CIRCLE('',#1539,0.128847050801);
#1539 = AXIS2_PLACEMENT_3D('',#1540,#1541,#1542);
#1540 = CARTESIAN_POINT('',(115.869999,99.422,2.989203673205));
#1541 = DIRECTION('',(-1.224646799147E-16,0.,1.));
#1542 = DIRECTION('',(-1.,0.,-1.224646799147E-16));
#1543 = FACE_BOUND('',#1544,.T.);
#1544 = EDGE_LOOP('',(#1545));
#1545 = ORIENTED_EDGE('',*,*,#1546,.F.);
#1546 = EDGE_CURVE('',#1547,#1547,#1549,.T.);
#1547 = VERTEX_POINT('',#1548);
#1548 = CARTESIAN_POINT('',(115.34115194919,99.822,2.989203673205));
#1549 = CIRCLE('',#1550,0.128847050801);
#1550 = AXIS2_PLACEMENT_3D('',#1551,#1552,#1553);
#1551 = CARTESIAN_POINT('',(115.469999,99.822,2.989203673205));
#1552 = DIRECTION('',(-1.224646799147E-16,0.,1.));
#1553 = DIRECTION('',(-1.,0.,-1.224646799147E-16));
#1554 = FACE_BOUND('',#1555,.T.);
#1555 = EDGE_LOOP('',(#1556));
#1556 = ORIENTED_EDGE('',*,*,#1557,.F.);
#1557 = EDGE_CURVE('',#1558,#1558,#1560,.T.);
#1558 = VERTEX_POINT('',#1559);
#1559 = CARTESIAN_POINT('',(114.94115194919,99.822,2.989203673205));
#1560 = CIRCLE('',#1561,0.128847050801);
#1561 = AXIS2_PLACEMENT_3D('',#1562,#1563,#1564);
#1562 = CARTESIAN_POINT('',(115.069999,99.822,2.989203673205));
#1563 = DIRECTION('',(-1.224646799147E-16,0.,1.));
#1564 = DIRECTION('',(-1.,0.,-1.224646799147E-16));
#1565 = FACE_BOUND('',#1566,.T.);
#1566 = EDGE_LOOP('',(#1567));
#1567 = ORIENTED_EDGE('',*,*,#1568,.F.);
#1568 = EDGE_CURVE('',#1569,#1569,#1571,.T.);
#1569 = VERTEX_POINT('',#1570);
#1570 = CARTESIAN_POINT('',(115.34115194919,99.422,2.989203673205));
#1571 = CIRCLE('',#1572,0.128847050801);
#1572 = AXIS2_PLACEMENT_3D('',#1573,#1574,#1575);
#1573 = CARTESIAN_POINT('',(115.469999,99.422,2.989203673205));
#1574 = DIRECTION('',(-1.224646799147E-16,0.,1.));
#1575 = DIRECTION('',(-1.,0.,-1.224646799147E-16));
#1576 = FACE_BOUND('',#1577,.T.);
#1577 = EDGE_LOOP('',(#1578));
#1578 = ORIENTED_EDGE('',*,*,#1579,.F.);
#1579 = EDGE_CURVE('',#1580,#1580,#1582,.T.);
#1580 = VERTEX_POINT('',#1581);
#1581 = CARTESIAN_POINT('',(114.94115194919,99.422,2.989203673205));
#1582 = CIRCLE('',#1583,0.128847050801);
#1583 = AXIS2_PLACEMENT_3D('',#1584,#1585,#1586);
#1584 = CARTESIAN_POINT('',(115.069999,99.422,2.989203673205));
#1585 = DIRECTION('',(-1.224646799147E-16,0.,1.));
#1586 = DIRECTION('',(-1.,0.,-1.224646799147E-16));
#1587 = FACE_BOUND('',#1588,.T.);
#1588 = EDGE_LOOP('',(#1589));
#1589 = ORIENTED_EDGE('',*,*,#1590,.F.);
#1590 = EDGE_CURVE('',#1591,#1591,#1593,.T.);
#1591 = VERTEX_POINT('',#1592);
#1592 = CARTESIAN_POINT('',(116.14115194919,99.022,2.989203673205));
#1593 = CIRCLE('',#1594,0.128847050801);
#1594 = AXIS2_PLACEMENT_3D('',#1595,#1596,#1597);
#1595 = CARTESIAN_POINT('',(116.269999,99.022,2.989203673205));
#1596 = DIRECTION('',(-1.224646799147E-16,0.,1.));
#1597 = DIRECTION('',(-1.,0.,-1.224646799147E-16));
#1598 = FACE_BOUND('',#1599,.T.);
#1599 = EDGE_LOOP('',(#1600));
#1600 = ORIENTED_EDGE('',*,*,#1601,.F.);
#1601 = EDGE_CURVE('',#1602,#1602,#1604,.T.);
#1602 = VERTEX_POINT('',#1603);
#1603 = CARTESIAN_POINT('',(115.74115194919,99.022,2.989203673205));
#1604 = CIRCLE('',#1605,0.128847050801);
#1605 = AXIS2_PLACEMENT_3D('',#1606,#1607,#1608);
#1606 = CARTESIAN_POINT('',(115.869999,99.022,2.989203673205));
#1607 = DIRECTION('',(-1.224646799147E-16,0.,1.));
#1608 = DIRECTION('',(-1.,0.,-1.224646799147E-16));
#1609 = FACE_BOUND('',#1610,.T.);
#1610 = EDGE_LOOP('',(#1611));
#1611 = ORIENTED_EDGE('',*,*,#1612,.F.);
#1612 = EDGE_CURVE('',#1613,#1613,#1615,.T.);
#1613 = VERTEX_POINT('',#1614);
#1614 = CARTESIAN_POINT('',(116.14115194919,98.622,2.989203673205));
#1615 = CIRCLE('',#1616,0.128847050801);
#1616 = AXIS2_PLACEMENT_3D('',#1617,#1618,#1619);
#1617 = CARTESIAN_POINT('',(116.269999,98.622,2.989203673205));
#1618 = DIRECTION('',(-1.224646799147E-16,0.,1.));
#1619 = DIRECTION('',(-1.,0.,-1.224646799147E-16));
#1620 = FACE_BOUND('',#1621,.T.);
#1621 = EDGE_LOOP('',(#1622));
#1622 = ORIENTED_EDGE('',*,*,#1623,.F.);
#1623 = EDGE_CURVE('',#1624,#1624,#1626,.T.);
#1624 = VERTEX_POINT('',#1625);
#1625 = CARTESIAN_POINT('',(115.74115194919,98.622,2.989203673205));
#1626 = CIRCLE('',#1627,0.128847050801);
#1627 = AXIS2_PLACEMENT_3D('',#1628,#1629,#1630);
#1628 = CARTESIAN_POINT('',(115.869999,98.622,2.989203673205));
#1629 = DIRECTION('',(-1.224646799147E-16,0.,1.));
#1630 = DIRECTION('',(-1.,0.,-1.224646799147E-16));
#1631 = FACE_BOUND('',#1632,.T.);
#1632 = EDGE_LOOP('',(#1633));
#1633 = ORIENTED_EDGE('',*,*,#1634,.F.);
#1634 = EDGE_CURVE('',#1635,#1635,#1637,.T.);
#1635 = VERTEX_POINT('',#1636);
#1636 = CARTESIAN_POINT('',(115.34115194919,99.022,2.989203673205));
#1637 = CIRCLE('',#1638,0.128847050801);
#1638 = AXIS2_PLACEMENT_3D('',#1639,#1640,#1641);
#1639 = CARTESIAN_POINT('',(115.469999,99.022,2.989203673205));
#1640 = DIRECTION('',(-1.224646799147E-16,0.,1.));
#1641 = DIRECTION('',(-1.,0.,-1.224646799147E-16));
#1642 = FACE_BOUND('',#1643,.T.);
#1643 = EDGE_LOOP('',(#1644));
#1644 = ORIENTED_EDGE('',*,*,#1645,.F.);
#1645 = EDGE_CURVE('',#1646,#1646,#1648,.T.);
#1646 = VERTEX_POINT('',#1647);
#1647 = CARTESIAN_POINT('',(114.94115194919,99.022,2.989203673205));
#1648 = CIRCLE('',#1649,0.128847050801);
#1649 = AXIS2_PLACEMENT_3D('',#1650,#1651,#1652);
#1650 = CARTESIAN_POINT('',(115.069999,99.022,2.989203673205));
#1651 = DIRECTION('',(-1.224646799147E-16,0.,1.));
#1652 = DIRECTION('',(-1.,0.,-1.224646799147E-16));
#1653 = FACE_BOUND('',#1654,.T.);
#1654 = EDGE_LOOP('',(#1655));
#1655 = ORIENTED_EDGE('',*,*,#1656,.F.);
#1656 = EDGE_CURVE('',#1657,#1657,#1659,.T.);
#1657 = VERTEX_POINT('',#1658);
#1658 = CARTESIAN_POINT('',(115.34115194919,98.622,2.989203673205));
#1659 = CIRCLE('',#1660,0.128847050801);
#1660 = AXIS2_PLACEMENT_3D('',#1661,#1662,#1663);
#1661 = CARTESIAN_POINT('',(115.469999,98.622,2.989203673205));
#1662 = DIRECTION('',(-1.224646799147E-16,0.,1.));
#1663 = DIRECTION('',(-1.,0.,-1.224646799147E-16));
#1664 = FACE_BOUND('',#1665,.T.);
#1665 = EDGE_LOOP('',(#1666));
#1666 = ORIENTED_EDGE('',*,*,#1667,.F.);
#1667 = EDGE_CURVE('',#1668,#1668,#1670,.T.);
#1668 = VERTEX_POINT('',#1669);
#1669 = CARTESIAN_POINT('',(114.94115194919,98.622,2.989203673205));
#1670 = CIRCLE('',#1671,0.128847050801);
#1671 = AXIS2_PLACEMENT_3D('',#1672,#1673,#1674);
#1672 = CARTESIAN_POINT('',(115.069999,98.622,2.989203673205));
#1673 = DIRECTION('',(-1.224646799147E-16,0.,1.));
#1674 = DIRECTION('',(-1.,0.,-1.224646799147E-16));
#1675 = FACE_BOUND('',#1676,.T.);
#1676 = EDGE_LOOP('',(#1677));
#1677 = ORIENTED_EDGE('',*,*,#1678,.F.);
#1678 = EDGE_CURVE('',#1679,#1679,#1681,.T.);
#1679 = VERTEX_POINT('',#1680);
#1680 = CARTESIAN_POINT('',(114.54115194919,99.822,2.989203673205));
#1681 = CIRCLE('',#1682,0.128847050801);
#1682 = AXIS2_PLACEMENT_3D('',#1683,#1684,#1685);
#1683 = CARTESIAN_POINT('',(114.669999,99.822,2.989203673205));
#1684 = DIRECTION('',(-1.224646799147E-16,0.,1.));
#1685 = DIRECTION('',(-1.,0.,-1.224646799147E-16));
#1686 = FACE_BOUND('',#1687,.T.);
#1687 = EDGE_LOOP('',(#1688));
#1688 = ORIENTED_EDGE('',*,*,#1689,.F.);
#1689 = EDGE_CURVE('',#1690,#1690,#1692,.T.);
#1690 = VERTEX_POINT('',#1691);
#1691 = CARTESIAN_POINT('',(114.14115194919,99.822,2.989203673205));
#1692 = CIRCLE('',#1693,0.128847050801);
#1693 = AXIS2_PLACEMENT_3D('',#1694,#1695,#1696);
#1694 = CARTESIAN_POINT('',(114.269999,99.822,2.989203673205));
#1695 = DIRECTION('',(-1.224646799147E-16,0.,1.));
#1696 = DIRECTION('',(-1.,0.,-1.224646799147E-16));
#1697 = FACE_BOUND('',#1698,.T.);
#1698 = EDGE_LOOP('',(#1699));
#1699 = ORIENTED_EDGE('',*,*,#1700,.F.);
#1700 = EDGE_CURVE('',#1701,#1701,#1703,.T.);
#1701 = VERTEX_POINT('',#1702);
#1702 = CARTESIAN_POINT('',(114.54115194919,99.422,2.989203673205));
#1703 = CIRCLE('',#1704,0.128847050801);
#1704 = AXIS2_PLACEMENT_3D('',#1705,#1706,#1707);
#1705 = CARTESIAN_POINT('',(114.669999,99.422,2.989203673205));
#1706 = DIRECTION('',(-1.224646799147E-16,0.,1.));
#1707 = DIRECTION('',(-1.,0.,-1.224646799147E-16));
#1708 = FACE_BOUND('',#1709,.T.);
#1709 = EDGE_LOOP('',(#1710));
#1710 = ORIENTED_EDGE('',*,*,#1711,.F.);
#1711 = EDGE_CURVE('',#1712,#1712,#1714,.T.);
#1712 = VERTEX_POINT('',#1713);
#1713 = CARTESIAN_POINT('',(114.14115194919,99.422,2.989203673205));
#1714 = CIRCLE('',#1715,0.128847050801);
#1715 = AXIS2_PLACEMENT_3D('',#1716,#1717,#1718);
#1716 = CARTESIAN_POINT('',(114.269999,99.422,2.989203673205));
#1717 = DIRECTION('',(-1.224646799147E-16,0.,1.));
#1718 = DIRECTION('',(-1.,0.,-1.224646799147E-16));
#1719 = FACE_BOUND('',#1720,.T.);
#1720 = EDGE_LOOP('',(#1721));
#1721 = ORIENTED_EDGE('',*,*,#1722,.F.);
#1722 = EDGE_CURVE('',#1723,#1723,#1725,.T.);
#1723 = VERTEX_POINT('',#1724);
#1724 = CARTESIAN_POINT('',(113.74115194919,99.822,2.989203673205));
#1725 = CIRCLE('',#1726,0.128847050801);
#1726 = AXIS2_PLACEMENT_3D('',#1727,#1728,#1729);
#1727 = CARTESIAN_POINT('',(113.869999,99.822,2.989203673205));
#1728 = DIRECTION('',(-1.224646799147E-16,0.,1.));
#1729 = DIRECTION('',(-1.,0.,-1.224646799147E-16));
#1730 = FACE_BOUND('',#1731,.T.);
#1731 = EDGE_LOOP('',(#1732));
#1732 = ORIENTED_EDGE('',*,*,#1733,.F.);
#1733 = EDGE_CURVE('',#1734,#1734,#1736,.T.);
#1734 = VERTEX_POINT('',#1735);
#1735 = CARTESIAN_POINT('',(113.34115194919,99.822,2.989203673205));
#1736 = CIRCLE('',#1737,0.128847050801);
#1737 = AXIS2_PLACEMENT_3D('',#1738,#1739,#1740);
#1738 = CARTESIAN_POINT('',(113.469999,99.822,2.989203673205));
#1739 = DIRECTION('',(-1.224646799147E-16,0.,1.));
#1740 = DIRECTION('',(-1.,0.,-1.224646799147E-16));
#1741 = FACE_BOUND('',#1742,.T.);
#1742 = EDGE_LOOP('',(#1743));
#1743 = ORIENTED_EDGE('',*,*,#1744,.F.);
#1744 = EDGE_CURVE('',#1745,#1745,#1747,.T.);
#1745 = VERTEX_POINT('',#1746);
#1746 = CARTESIAN_POINT('',(113.74115194919,99.422,2.989203673205));
#1747 = CIRCLE('',#1748,0.128847050801);
#1748 = AXIS2_PLACEMENT_3D('',#1749,#1750,#1751);
#1749 = CARTESIAN_POINT('',(113.869999,99.422,2.989203673205));
#1750 = DIRECTION('',(-1.224646799147E-16,0.,1.));
#1751 = DIRECTION('',(-1.,0.,-1.224646799147E-16));
#1752 = FACE_BOUND('',#1753,.T.);
#1753 = EDGE_LOOP('',(#1754));
#1754 = ORIENTED_EDGE('',*,*,#1755,.F.);
#1755 = EDGE_CURVE('',#1756,#1756,#1758,.T.);
#1756 = VERTEX_POINT('',#1757);
#1757 = CARTESIAN_POINT('',(113.34115194919,99.422,2.989203673205));
#1758 = CIRCLE('',#1759,0.128847050801);
#1759 = AXIS2_PLACEMENT_3D('',#1760,#1761,#1762);
#1760 = CARTESIAN_POINT('',(113.469999,99.422,2.989203673205));
#1761 = DIRECTION('',(-1.224646799147E-16,0.,1.));
#1762 = DIRECTION('',(-1.,0.,-1.224646799147E-16));
#1763 = FACE_BOUND('',#1764,.T.);
#1764 = EDGE_LOOP('',(#1765));
#1765 = ORIENTED_EDGE('',*,*,#1766,.F.);
#1766 = EDGE_CURVE('',#1767,#1767,#1769,.T.);
#1767 = VERTEX_POINT('',#1768);
#1768 = CARTESIAN_POINT('',(114.54115194919,99.022,2.989203673205));
#1769 = CIRCLE('',#1770,0.128847050801);
#1770 = AXIS2_PLACEMENT_3D('',#1771,#1772,#1773);
#1771 = CARTESIAN_POINT('',(114.669999,99.022,2.989203673205));
#1772 = DIRECTION('',(-1.224646799147E-16,0.,1.));
#1773 = DIRECTION('',(-1.,0.,-1.224646799147E-16));
#1774 = FACE_BOUND('',#1775,.T.);
#1775 = EDGE_LOOP('',(#1776));
#1776 = ORIENTED_EDGE('',*,*,#1777,.F.);
#1777 = EDGE_CURVE('',#1778,#1778,#1780,.T.);
#1778 = VERTEX_POINT('',#1779);
#1779 = CARTESIAN_POINT('',(114.14115194919,99.022,2.989203673205));
#1780 = CIRCLE('',#1781,0.128847050801);
#1781 = AXIS2_PLACEMENT_3D('',#1782,#1783,#1784);
#1782 = CARTESIAN_POINT('',(114.269999,99.022,2.989203673205));
#1783 = DIRECTION('',(-1.224646799147E-16,0.,1.));
#1784 = DIRECTION('',(-1.,0.,-1.224646799147E-16));
#1785 = FACE_BOUND('',#1786,.T.);
#1786 = EDGE_LOOP('',(#1787));
#1787 = ORIENTED_EDGE('',*,*,#1788,.F.);
#1788 = EDGE_CURVE('',#1789,#1789,#1791,.T.);
#1789 = VERTEX_POINT('',#1790);
#1790 = CARTESIAN_POINT('',(114.54115194919,98.622,2.989203673205));
#1791 = CIRCLE('',#1792,0.128847050801);
#1792 = AXIS2_PLACEMENT_3D('',#1793,#1794,#1795);
#1793 = CARTESIAN_POINT('',(114.669999,98.622,2.989203673205));
#1794 = DIRECTION('',(-1.224646799147E-16,0.,1.));
#1795 = DIRECTION('',(-1.,0.,-1.224646799147E-16));
#1796 = FACE_BOUND('',#1797,.T.);
#1797 = EDGE_LOOP('',(#1798));
#1798 = ORIENTED_EDGE('',*,*,#1799,.F.);
#1799 = EDGE_CURVE('',#1800,#1800,#1802,.T.);
#1800 = VERTEX_POINT('',#1801);
#1801 = CARTESIAN_POINT('',(114.14115194919,98.622,2.989203673205));
#1802 = CIRCLE('',#1803,0.128847050801);
#1803 = AXIS2_PLACEMENT_3D('',#1804,#1805,#1806);
#1804 = CARTESIAN_POINT('',(114.269999,98.622,2.989203673205));
#1805 = DIRECTION('',(-1.224646799147E-16,0.,1.));
#1806 = DIRECTION('',(-1.,0.,-1.224646799147E-16));
#1807 = FACE_BOUND('',#1808,.T.);
#1808 = EDGE_LOOP('',(#1809));
#1809 = ORIENTED_EDGE('',*,*,#1810,.F.);
#1810 = EDGE_CURVE('',#1811,#1811,#1813,.T.);
#1811 = VERTEX_POINT('',#1812);
#1812 = CARTESIAN_POINT('',(113.74115194919,99.022,2.989203673205));
#1813 = CIRCLE('',#1814,0.128847050801);
#1814 = AXIS2_PLACEMENT_3D('',#1815,#1816,#1817);
#1815 = CARTESIAN_POINT('',(113.869999,99.022,2.989203673205));
#1816 = DIRECTION('',(-1.224646799147E-16,0.,1.));
#1817 = DIRECTION('',(-1.,0.,-1.224646799147E-16));
#1818 = FACE_BOUND('',#1819,.T.);
#1819 = EDGE_LOOP('',(#1820));
#1820 = ORIENTED_EDGE('',*,*,#1821,.F.);
#1821 = EDGE_CURVE('',#1822,#1822,#1824,.T.);
#1822 = VERTEX_POINT('',#1823);
#1823 = CARTESIAN_POINT('',(113.34115194919,99.022,2.989203673205));
#1824 = CIRCLE('',#1825,0.128847050801);
#1825 = AXIS2_PLACEMENT_3D('',#1826,#1827,#1828);
#1826 = CARTESIAN_POINT('',(113.469999,99.022,2.989203673205));
#1827 = DIRECTION('',(-1.224646799147E-16,0.,1.));
#1828 = DIRECTION('',(-1.,0.,-1.224646799147E-16));
#1829 = FACE_BOUND('',#1830,.T.);
#1830 = EDGE_LOOP('',(#1831));
#1831 = ORIENTED_EDGE('',*,*,#1832,.F.);
#1832 = EDGE_CURVE('',#1833,#1833,#1835,.T.);
#1833 = VERTEX_POINT('',#1834);
#1834 = CARTESIAN_POINT('',(113.74115194919,98.622,2.989203673205));
#1835 = CIRCLE('',#1836,0.128847050801);
#1836 = AXIS2_PLACEMENT_3D('',#1837,#1838,#1839);
#1837 = CARTESIAN_POINT('',(113.869999,98.622,2.989203673205));
#1838 = DIRECTION('',(-1.224646799147E-16,0.,1.));
#1839 = DIRECTION('',(-1.,0.,-1.224646799147E-16));
#1840 = FACE_BOUND('',#1841,.T.);
#1841 = EDGE_LOOP('',(#1842));
#1842 = ORIENTED_EDGE('',*,*,#1843,.F.);
#1843 = EDGE_CURVE('',#1844,#1844,#1846,.T.);
#1844 = VERTEX_POINT('',#1845);
#1845 = CARTESIAN_POINT('',(113.34115194919,98.622,2.989203673205));
#1846 = CIRCLE('',#1847,0.128847050801);
#1847 = AXIS2_PLACEMENT_3D('',#1848,#1849,#1850);
#1848 = CARTESIAN_POINT('',(113.469999,98.622,2.989203673205));
#1849 = DIRECTION('',(-1.224646799147E-16,0.,1.));
#1850 = DIRECTION('',(-1.,0.,-1.224646799147E-16));
#1851 = PLANE('',#1852);
#1852 = AXIS2_PLACEMENT_3D('',#1853,#1854,#1855);
#1853 = CARTESIAN_POINT('',(116.869999,102.022,2.989203673205));
#1854 = DIRECTION('',(1.224646799147E-16,0.,-1.));
#1855 = DIRECTION('',(1.,0.,1.224646799147E-16));
#1856 = ADVANCED_FACE('',(#1857),#1863,.T.);
#1857 = FACE_BOUND('',#1858,.F.);
#1858 = EDGE_LOOP('',(#1859,#1860,#1861,#1862));
#1859 = ORIENTED_EDGE('',*,*,#1066,.F.);
#1860 = ORIENTED_EDGE('',*,*,#1141,.T.);
#1861 = ORIENTED_EDGE('',*,*,#1125,.T.);
#1862 = ORIENTED_EDGE('',*,*,#1082,.F.);
#1863 = PLANE('',#1864);
#1864 = AXIS2_PLACEMENT_3D('',#1865,#1866,#1867);
#1865 = CARTESIAN_POINT('',(112.869999,102.022,2.989203673205));
#1866 = DIRECTION('',(-1.,0.,-1.224646799147E-16));
#1867 = DIRECTION('',(-1.224646799147E-16,0.,1.));
#1868 = ADVANCED_FACE('',(#1869),#1888,.T.);
#1869 = FACE_BOUND('',#1870,.F.);
#1870 = EDGE_LOOP('',(#1871,#1872,#1880,#1887));
#1871 = ORIENTED_EDGE('',*,*,#1098,.F.);
#1872 = ORIENTED_EDGE('',*,*,#1873,.F.);
#1873 = EDGE_CURVE('',#1874,#1099,#1876,.T.);
#1874 = VERTEX_POINT('',#1875);
#1875 = CARTESIAN_POINT('',(116.269999,98.422,2.087203673205));
#1876 = LINE('',#1877,#1878);
#1877 = CARTESIAN_POINT('',(116.269999,98.422,2.087203673205));
#1878 = VECTOR('',#1879,1.);
#1879 = DIRECTION('',(-1.224646799147E-16,-0.,1.));
#1880 = ORIENTED_EDGE('',*,*,#1881,.F.);
#1881 = EDGE_CURVE('',#1874,#1874,#1882,.T.);
#1882 = CIRCLE('',#1883,0.2);
#1883 = AXIS2_PLACEMENT_3D('',#1884,#1885,#1886);
#1884 = CARTESIAN_POINT('',(116.469999,98.422,2.087203673205));
#1885 = DIRECTION('',(-1.224646799147E-16,0.,1.));
#1886 = DIRECTION('',(-1.,0.,-1.224646799147E-16));
#1887 = ORIENTED_EDGE('',*,*,#1873,.T.);
#1888 = CYLINDRICAL_SURFACE('',#1889,0.2);
#1889 = AXIS2_PLACEMENT_3D('',#1890,#1891,#1892);
#1890 = CARTESIAN_POINT('',(116.469999,98.422,2.087203673205));
#1891 = DIRECTION('',(-1.224646799147E-16,0.,1.));
#1892 = DIRECTION('',(-1.,0.,-1.224646799147E-16));
#1893 = ADVANCED_FACE('',(#1894),#1907,.T.);
#1894 = FACE_BOUND('',#1895,.F.);
#1895 = EDGE_LOOP('',(#1896,#1897,#1906));
#1896 = ORIENTED_EDGE('',*,*,#1150,.F.);
#1897 = ORIENTED_EDGE('',*,*,#1898,.F.);
#1898 = EDGE_CURVE('',#1899,#1151,#1901,.T.);
#1899 = VERTEX_POINT('',#1900);
#1900 = CARTESIAN_POINT('',(116.269999,101.422,3.095453673205));
#1901 = CIRCLE('',#1902,0.13125);
#1902 = AXIS2_PLACEMENT_3D('',#1903,#1904,#1905);
#1903 = CARTESIAN_POINT('',(116.269999,101.422,2.964203673205));
#1904 = DIRECTION('',(-2.449293598295E-16,-1.,-2.999519565324E-32));
#1905 = DIRECTION('',(-1.,2.449293598295E-16,-1.224646799147E-16));
#1906 = ORIENTED_EDGE('',*,*,#1898,.T.);
#1907 = SPHERICAL_SURFACE('',#1908,0.13125);
#1908 = AXIS2_PLACEMENT_3D('',#1909,#1910,#1911);
#1909 = CARTESIAN_POINT('',(116.269999,101.422,2.964203673205));
#1910 = DIRECTION('',(1.224646799147E-16,0.,-1.));
#1911 = DIRECTION('',(-1.,0.,-1.224646799147E-16));
#1912 = ADVANCED_FACE('',(#1913),#1926,.T.);
#1913 = FACE_BOUND('',#1914,.F.);
#1914 = EDGE_LOOP('',(#1915,#1916,#1925));
#1915 = ORIENTED_EDGE('',*,*,#1161,.F.);
#1916 = ORIENTED_EDGE('',*,*,#1917,.F.);
#1917 = EDGE_CURVE('',#1918,#1162,#1920,.T.);
#1918 = VERTEX_POINT('',#1919);
#1919 = CARTESIAN_POINT('',(115.869999,101.422,3.095453673205));
#1920 = CIRCLE('',#1921,0.13125);
#1921 = AXIS2_PLACEMENT_3D('',#1922,#1923,#1924);
#1922 = CARTESIAN_POINT('',(115.869999,101.422,2.964203673205));
#1923 = DIRECTION('',(-2.449293598295E-16,-1.,-2.999519565324E-32));
#1924 = DIRECTION('',(-1.,2.449293598295E-16,-1.224646799147E-16));
#1925 = ORIENTED_EDGE('',*,*,#1917,.T.);
#1926 = SPHERICAL_SURFACE('',#1927,0.13125);
#1927 = AXIS2_PLACEMENT_3D('',#1928,#1929,#1930);
#1928 = CARTESIAN_POINT('',(115.869999,101.422,2.964203673205));
#1929 = DIRECTION('',(1.224646799147E-16,0.,-1.));
#1930 = DIRECTION('',(-1.,0.,-1.224646799147E-16));
#1931 = ADVANCED_FACE('',(#1932),#1945,.T.);
#1932 = FACE_BOUND('',#1933,.F.);
#1933 = EDGE_LOOP('',(#1934,#1935,#1944));
#1934 = ORIENTED_EDGE('',*,*,#1172,.F.);
#1935 = ORIENTED_EDGE('',*,*,#1936,.F.);
#1936 = EDGE_CURVE('',#1937,#1173,#1939,.T.);
#1937 = VERTEX_POINT('',#1938);
#1938 = CARTESIAN_POINT('',(116.269999,101.022,3.095453673205));
#1939 = CIRCLE('',#1940,0.13125);
#1940 = AXIS2_PLACEMENT_3D('',#1941,#1942,#1943);
#1941 = CARTESIAN_POINT('',(116.269999,101.022,2.964203673205));
#1942 = DIRECTION('',(-2.449293598295E-16,-1.,-2.999519565324E-32));
#1943 = DIRECTION('',(-1.,2.449293598295E-16,-1.224646799147E-16));
#1944 = ORIENTED_EDGE('',*,*,#1936,.T.);
#1945 = SPHERICAL_SURFACE('',#1946,0.13125);
#1946 = AXIS2_PLACEMENT_3D('',#1947,#1948,#1949);
#1947 = CARTESIAN_POINT('',(116.269999,101.022,2.964203673205));
#1948 = DIRECTION('',(1.224646799147E-16,0.,-1.));
#1949 = DIRECTION('',(-1.,0.,-1.224646799147E-16));
#1950 = ADVANCED_FACE('',(#1951),#1964,.T.);
#1951 = FACE_BOUND('',#1952,.F.);
#1952 = EDGE_LOOP('',(#1953,#1954,#1963));
#1953 = ORIENTED_EDGE('',*,*,#1183,.F.);
#1954 = ORIENTED_EDGE('',*,*,#1955,.F.);
#1955 = EDGE_CURVE('',#1956,#1184,#1958,.T.);
#1956 = VERTEX_POINT('',#1957);
#1957 = CARTESIAN_POINT('',(115.869999,101.022,3.095453673205));
#1958 = CIRCLE('',#1959,0.13125);
#1959 = AXIS2_PLACEMENT_3D('',#1960,#1961,#1962);
#1960 = CARTESIAN_POINT('',(115.869999,101.022,2.964203673205));
#1961 = DIRECTION('',(-2.449293598295E-16,-1.,-2.999519565324E-32));
#1962 = DIRECTION('',(-1.,2.449293598295E-16,-1.224646799147E-16));
#1963 = ORIENTED_EDGE('',*,*,#1955,.T.);
#1964 = SPHERICAL_SURFACE('',#1965,0.13125);
#1965 = AXIS2_PLACEMENT_3D('',#1966,#1967,#1968);
#1966 = CARTESIAN_POINT('',(115.869999,101.022,2.964203673205));
#1967 = DIRECTION('',(1.224646799147E-16,0.,-1.));
#1968 = DIRECTION('',(-1.,0.,-1.224646799147E-16));
#1969 = ADVANCED_FACE('',(#1970),#1983,.T.);
#1970 = FACE_BOUND('',#1971,.F.);
#1971 = EDGE_LOOP('',(#1972,#1973,#1982));
#1972 = ORIENTED_EDGE('',*,*,#1194,.F.);
#1973 = ORIENTED_EDGE('',*,*,#1974,.F.);
#1974 = EDGE_CURVE('',#1975,#1195,#1977,.T.);
#1975 = VERTEX_POINT('',#1976);
#1976 = CARTESIAN_POINT('',(115.469999,101.422,3.095453673205));
#1977 = CIRCLE('',#1978,0.13125);
#1978 = AXIS2_PLACEMENT_3D('',#1979,#1980,#1981);
#1979 = CARTESIAN_POINT('',(115.469999,101.422,2.964203673205));
#1980 = DIRECTION('',(-2.449293598295E-16,-1.,-2.999519565324E-32));
#1981 = DIRECTION('',(-1.,2.449293598295E-16,-1.224646799147E-16));
#1982 = ORIENTED_EDGE('',*,*,#1974,.T.);
#1983 = SPHERICAL_SURFACE('',#1984,0.13125);
#1984 = AXIS2_PLACEMENT_3D('',#1985,#1986,#1987);
#1985 = CARTESIAN_POINT('',(115.469999,101.422,2.964203673205));
#1986 = DIRECTION('',(1.224646799147E-16,0.,-1.));
#1987 = DIRECTION('',(-1.,0.,-1.224646799147E-16));
#1988 = ADVANCED_FACE('',(#1989),#2002,.T.);
#1989 = FACE_BOUND('',#1990,.F.);
#1990 = EDGE_LOOP('',(#1991,#1992,#2001));
#1991 = ORIENTED_EDGE('',*,*,#1205,.F.);
#1992 = ORIENTED_EDGE('',*,*,#1993,.F.);
#1993 = EDGE_CURVE('',#1994,#1206,#1996,.T.);
#1994 = VERTEX_POINT('',#1995);
#1995 = CARTESIAN_POINT('',(115.069999,101.422,3.095453673205));
#1996 = CIRCLE('',#1997,0.13125);
#1997 = AXIS2_PLACEMENT_3D('',#1998,#1999,#2000);
#1998 = CARTESIAN_POINT('',(115.069999,101.422,2.964203673205));
#1999 = DIRECTION('',(-2.449293598295E-16,-1.,-2.999519565324E-32));
#2000 = DIRECTION('',(-1.,2.449293598295E-16,-1.224646799147E-16));
#2001 = ORIENTED_EDGE('',*,*,#1993,.T.);
#2002 = SPHERICAL_SURFACE('',#2003,0.13125);
#2003 = AXIS2_PLACEMENT_3D('',#2004,#2005,#2006);
#2004 = CARTESIAN_POINT('',(115.069999,101.422,2.964203673205));
#2005 = DIRECTION('',(1.224646799147E-16,0.,-1.));
#2006 = DIRECTION('',(-1.,0.,-1.224646799147E-16));
#2007 = ADVANCED_FACE('',(#2008),#2021,.T.);
#2008 = FACE_BOUND('',#2009,.F.);
#2009 = EDGE_LOOP('',(#2010,#2011,#2020));
#2010 = ORIENTED_EDGE('',*,*,#1216,.F.);
#2011 = ORIENTED_EDGE('',*,*,#2012,.F.);
#2012 = EDGE_CURVE('',#2013,#1217,#2015,.T.);
#2013 = VERTEX_POINT('',#2014);
#2014 = CARTESIAN_POINT('',(115.469999,101.022,3.095453673205));
#2015 = CIRCLE('',#2016,0.13125);
#2016 = AXIS2_PLACEMENT_3D('',#2017,#2018,#2019);
#2017 = CARTESIAN_POINT('',(115.469999,101.022,2.964203673205));
#2018 = DIRECTION('',(-2.449293598295E-16,-1.,-2.999519565324E-32));
#2019 = DIRECTION('',(-1.,2.449293598295E-16,-1.224646799147E-16));
#2020 = ORIENTED_EDGE('',*,*,#2012,.T.);
#2021 = SPHERICAL_SURFACE('',#2022,0.13125);
#2022 = AXIS2_PLACEMENT_3D('',#2023,#2024,#2025);
#2023 = CARTESIAN_POINT('',(115.469999,101.022,2.964203673205));
#2024 = DIRECTION('',(1.224646799147E-16,0.,-1.));
#2025 = DIRECTION('',(-1.,0.,-1.224646799147E-16));
#2026 = ADVANCED_FACE('',(#2027),#2040,.T.);
#2027 = FACE_BOUND('',#2028,.F.);
#2028 = EDGE_LOOP('',(#2029,#2030,#2039));
#2029 = ORIENTED_EDGE('',*,*,#1227,.F.);
#2030 = ORIENTED_EDGE('',*,*,#2031,.F.);
#2031 = EDGE_CURVE('',#2032,#1228,#2034,.T.);
#2032 = VERTEX_POINT('',#2033);
#2033 = CARTESIAN_POINT('',(115.069999,101.022,3.095453673205));
#2034 = CIRCLE('',#2035,0.13125);
#2035 = AXIS2_PLACEMENT_3D('',#2036,#2037,#2038);
#2036 = CARTESIAN_POINT('',(115.069999,101.022,2.964203673205));
#2037 = DIRECTION('',(-2.449293598295E-16,-1.,-2.999519565324E-32));
#2038 = DIRECTION('',(-1.,2.449293598295E-16,-1.224646799147E-16));
#2039 = ORIENTED_EDGE('',*,*,#2031,.T.);
#2040 = SPHERICAL_SURFACE('',#2041,0.13125);
#2041 = AXIS2_PLACEMENT_3D('',#2042,#2043,#2044);
#2042 = CARTESIAN_POINT('',(115.069999,101.022,2.964203673205));
#2043 = DIRECTION('',(1.224646799147E-16,0.,-1.));
#2044 = DIRECTION('',(-1.,0.,-1.224646799147E-16));
#2045 = ADVANCED_FACE('',(#2046),#2059,.T.);
#2046 = FACE_BOUND('',#2047,.F.);
#2047 = EDGE_LOOP('',(#2048,#2049,#2058));
#2048 = ORIENTED_EDGE('',*,*,#1238,.F.);
#2049 = ORIENTED_EDGE('',*,*,#2050,.F.);
#2050 = EDGE_CURVE('',#2051,#1239,#2053,.T.);
#2051 = VERTEX_POINT('',#2052);
#2052 = CARTESIAN_POINT('',(116.269999,100.622,3.095453673205));
#2053 = CIRCLE('',#2054,0.13125);
#2054 = AXIS2_PLACEMENT_3D('',#2055,#2056,#2057);
#2055 = CARTESIAN_POINT('',(116.269999,100.622,2.964203673205));
#2056 = DIRECTION('',(-2.449293598295E-16,-1.,-2.999519565324E-32));
#2057 = DIRECTION('',(-1.,2.449293598295E-16,-1.224646799147E-16));
#2058 = ORIENTED_EDGE('',*,*,#2050,.T.);
#2059 = SPHERICAL_SURFACE('',#2060,0.13125);
#2060 = AXIS2_PLACEMENT_3D('',#2061,#2062,#2063);
#2061 = CARTESIAN_POINT('',(116.269999,100.622,2.964203673205));
#2062 = DIRECTION('',(1.224646799147E-16,0.,-1.));
#2063 = DIRECTION('',(-1.,0.,-1.224646799147E-16));
#2064 = ADVANCED_FACE('',(#2065),#2078,.T.);
#2065 = FACE_BOUND('',#2066,.F.);
#2066 = EDGE_LOOP('',(#2067,#2068,#2077));
#2067 = ORIENTED_EDGE('',*,*,#1249,.F.);
#2068 = ORIENTED_EDGE('',*,*,#2069,.F.);
#2069 = EDGE_CURVE('',#2070,#1250,#2072,.T.);
#2070 = VERTEX_POINT('',#2071);
#2071 = CARTESIAN_POINT('',(115.869999,100.622,3.095453673205));
#2072 = CIRCLE('',#2073,0.13125);
#2073 = AXIS2_PLACEMENT_3D('',#2074,#2075,#2076);
#2074 = CARTESIAN_POINT('',(115.869999,100.622,2.964203673205));
#2075 = DIRECTION('',(-2.449293598295E-16,-1.,-2.999519565324E-32));
#2076 = DIRECTION('',(-1.,2.449293598295E-16,-1.224646799147E-16));
#2077 = ORIENTED_EDGE('',*,*,#2069,.T.);
#2078 = SPHERICAL_SURFACE('',#2079,0.13125);
#2079 = AXIS2_PLACEMENT_3D('',#2080,#2081,#2082);
#2080 = CARTESIAN_POINT('',(115.869999,100.622,2.964203673205));
#2081 = DIRECTION('',(1.224646799147E-16,0.,-1.));
#2082 = DIRECTION('',(-1.,0.,-1.224646799147E-16));
#2083 = ADVANCED_FACE('',(#2084),#2097,.T.);
#2084 = FACE_BOUND('',#2085,.F.);
#2085 = EDGE_LOOP('',(#2086,#2087,#2096));
#2086 = ORIENTED_EDGE('',*,*,#1260,.F.);
#2087 = ORIENTED_EDGE('',*,*,#2088,.F.);
#2088 = EDGE_CURVE('',#2089,#1261,#2091,.T.);
#2089 = VERTEX_POINT('',#2090);
#2090 = CARTESIAN_POINT('',(116.269999,100.222,3.095453673205));
#2091 = CIRCLE('',#2092,0.13125);
#2092 = AXIS2_PLACEMENT_3D('',#2093,#2094,#2095);
#2093 = CARTESIAN_POINT('',(116.269999,100.222,2.964203673205));
#2094 = DIRECTION('',(-2.449293598295E-16,-1.,-2.999519565324E-32));
#2095 = DIRECTION('',(-1.,2.449293598295E-16,-1.224646799147E-16));
#2096 = ORIENTED_EDGE('',*,*,#2088,.T.);
#2097 = SPHERICAL_SURFACE('',#2098,0.13125);
#2098 = AXIS2_PLACEMENT_3D('',#2099,#2100,#2101);
#2099 = CARTESIAN_POINT('',(116.269999,100.222,2.964203673205));
#2100 = DIRECTION('',(1.224646799147E-16,0.,-1.));
#2101 = DIRECTION('',(-1.,0.,-1.224646799147E-16));
#2102 = ADVANCED_FACE('',(#2103),#2116,.T.);
#2103 = FACE_BOUND('',#2104,.F.);
#2104 = EDGE_LOOP('',(#2105,#2106,#2115));
#2105 = ORIENTED_EDGE('',*,*,#1271,.F.);
#2106 = ORIENTED_EDGE('',*,*,#2107,.F.);
#2107 = EDGE_CURVE('',#2108,#1272,#2110,.T.);
#2108 = VERTEX_POINT('',#2109);
#2109 = CARTESIAN_POINT('',(115.869999,100.222,3.095453673205));
#2110 = CIRCLE('',#2111,0.13125);
#2111 = AXIS2_PLACEMENT_3D('',#2112,#2113,#2114);
#2112 = CARTESIAN_POINT('',(115.869999,100.222,2.964203673205));
#2113 = DIRECTION('',(-2.449293598295E-16,-1.,-2.999519565324E-32));
#2114 = DIRECTION('',(-1.,2.449293598295E-16,-1.224646799147E-16));
#2115 = ORIENTED_EDGE('',*,*,#2107,.T.);
#2116 = SPHERICAL_SURFACE('',#2117,0.13125);
#2117 = AXIS2_PLACEMENT_3D('',#2118,#2119,#2120);
#2118 = CARTESIAN_POINT('',(115.869999,100.222,2.964203673205));
#2119 = DIRECTION('',(1.224646799147E-16,0.,-1.));
#2120 = DIRECTION('',(-1.,0.,-1.224646799147E-16));
#2121 = ADVANCED_FACE('',(#2122),#2135,.T.);
#2122 = FACE_BOUND('',#2123,.F.);
#2123 = EDGE_LOOP('',(#2124,#2125,#2134));
#2124 = ORIENTED_EDGE('',*,*,#1282,.F.);
#2125 = ORIENTED_EDGE('',*,*,#2126,.F.);
#2126 = EDGE_CURVE('',#2127,#1283,#2129,.T.);
#2127 = VERTEX_POINT('',#2128);
#2128 = CARTESIAN_POINT('',(115.469999,100.622,3.095453673205));
#2129 = CIRCLE('',#2130,0.13125);
#2130 = AXIS2_PLACEMENT_3D('',#2131,#2132,#2133);
#2131 = CARTESIAN_POINT('',(115.469999,100.622,2.964203673205));
#2132 = DIRECTION('',(-2.449293598295E-16,-1.,-2.999519565324E-32));
#2133 = DIRECTION('',(-1.,2.449293598295E-16,-1.224646799147E-16));
#2134 = ORIENTED_EDGE('',*,*,#2126,.T.);
#2135 = SPHERICAL_SURFACE('',#2136,0.13125);
#2136 = AXIS2_PLACEMENT_3D('',#2137,#2138,#2139);
#2137 = CARTESIAN_POINT('',(115.469999,100.622,2.964203673205));
#2138 = DIRECTION('',(1.224646799147E-16,0.,-1.));
#2139 = DIRECTION('',(-1.,0.,-1.224646799147E-16));
#2140 = ADVANCED_FACE('',(#2141),#2154,.T.);
#2141 = FACE_BOUND('',#2142,.F.);
#2142 = EDGE_LOOP('',(#2143,#2144,#2153));
#2143 = ORIENTED_EDGE('',*,*,#1293,.F.);
#2144 = ORIENTED_EDGE('',*,*,#2145,.F.);
#2145 = EDGE_CURVE('',#2146,#1294,#2148,.T.);
#2146 = VERTEX_POINT('',#2147);
#2147 = CARTESIAN_POINT('',(115.069999,100.622,3.095453673205));
#2148 = CIRCLE('',#2149,0.13125);
#2149 = AXIS2_PLACEMENT_3D('',#2150,#2151,#2152);
#2150 = CARTESIAN_POINT('',(115.069999,100.622,2.964203673205));
#2151 = DIRECTION('',(-2.449293598295E-16,-1.,-2.999519565324E-32));
#2152 = DIRECTION('',(-1.,2.449293598295E-16,-1.224646799147E-16));
#2153 = ORIENTED_EDGE('',*,*,#2145,.T.);
#2154 = SPHERICAL_SURFACE('',#2155,0.13125);
#2155 = AXIS2_PLACEMENT_3D('',#2156,#2157,#2158);
#2156 = CARTESIAN_POINT('',(115.069999,100.622,2.964203673205));
#2157 = DIRECTION('',(1.224646799147E-16,0.,-1.));
#2158 = DIRECTION('',(-1.,0.,-1.224646799147E-16));
#2159 = ADVANCED_FACE('',(#2160),#2173,.T.);
#2160 = FACE_BOUND('',#2161,.F.);
#2161 = EDGE_LOOP('',(#2162,#2163,#2172));
#2162 = ORIENTED_EDGE('',*,*,#1304,.F.);
#2163 = ORIENTED_EDGE('',*,*,#2164,.F.);
#2164 = EDGE_CURVE('',#2165,#1305,#2167,.T.);
#2165 = VERTEX_POINT('',#2166);
#2166 = CARTESIAN_POINT('',(115.469999,100.222,3.095453673205));
#2167 = CIRCLE('',#2168,0.13125);
#2168 = AXIS2_PLACEMENT_3D('',#2169,#2170,#2171);
#2169 = CARTESIAN_POINT('',(115.469999,100.222,2.964203673205));
#2170 = DIRECTION('',(-2.449293598295E-16,-1.,-2.999519565324E-32));
#2171 = DIRECTION('',(-1.,2.449293598295E-16,-1.224646799147E-16));
#2172 = ORIENTED_EDGE('',*,*,#2164,.T.);
#2173 = SPHERICAL_SURFACE('',#2174,0.13125);
#2174 = AXIS2_PLACEMENT_3D('',#2175,#2176,#2177);
#2175 = CARTESIAN_POINT('',(115.469999,100.222,2.964203673205));
#2176 = DIRECTION('',(1.224646799147E-16,0.,-1.));
#2177 = DIRECTION('',(-1.,0.,-1.224646799147E-16));
#2178 = ADVANCED_FACE('',(#2179),#2192,.T.);
#2179 = FACE_BOUND('',#2180,.F.);
#2180 = EDGE_LOOP('',(#2181,#2182,#2191));
#2181 = ORIENTED_EDGE('',*,*,#1315,.F.);
#2182 = ORIENTED_EDGE('',*,*,#2183,.F.);
#2183 = EDGE_CURVE('',#2184,#1316,#2186,.T.);
#2184 = VERTEX_POINT('',#2185);
#2185 = CARTESIAN_POINT('',(115.069999,100.222,3.095453673205));
#2186 = CIRCLE('',#2187,0.13125);
#2187 = AXIS2_PLACEMENT_3D('',#2188,#2189,#2190);
#2188 = CARTESIAN_POINT('',(115.069999,100.222,2.964203673205));
#2189 = DIRECTION('',(-2.449293598295E-16,-1.,-2.999519565324E-32));
#2190 = DIRECTION('',(-1.,2.449293598295E-16,-1.224646799147E-16));
#2191 = ORIENTED_EDGE('',*,*,#2183,.T.);
#2192 = SPHERICAL_SURFACE('',#2193,0.13125);
#2193 = AXIS2_PLACEMENT_3D('',#2194,#2195,#2196);
#2194 = CARTESIAN_POINT('',(115.069999,100.222,2.964203673205));
#2195 = DIRECTION('',(1.224646799147E-16,0.,-1.));
#2196 = DIRECTION('',(-1.,0.,-1.224646799147E-16));
#2197 = ADVANCED_FACE('',(#2198),#2211,.T.);
#2198 = FACE_BOUND('',#2199,.F.);
#2199 = EDGE_LOOP('',(#2200,#2201,#2210));
#2200 = ORIENTED_EDGE('',*,*,#1326,.F.);
#2201 = ORIENTED_EDGE('',*,*,#2202,.F.);
#2202 = EDGE_CURVE('',#2203,#1327,#2205,.T.);
#2203 = VERTEX_POINT('',#2204);
#2204 = CARTESIAN_POINT('',(114.669999,101.422,3.095453673205));
#2205 = CIRCLE('',#2206,0.13125);
#2206 = AXIS2_PLACEMENT_3D('',#2207,#2208,#2209);
#2207 = CARTESIAN_POINT('',(114.669999,101.422,2.964203673205));
#2208 = DIRECTION('',(-2.449293598295E-16,-1.,-2.999519565324E-32));
#2209 = DIRECTION('',(-1.,2.449293598295E-16,-1.224646799147E-16));
#2210 = ORIENTED_EDGE('',*,*,#2202,.T.);
#2211 = SPHERICAL_SURFACE('',#2212,0.13125);
#2212 = AXIS2_PLACEMENT_3D('',#2213,#2214,#2215);
#2213 = CARTESIAN_POINT('',(114.669999,101.422,2.964203673205));
#2214 = DIRECTION('',(1.224646799147E-16,0.,-1.));
#2215 = DIRECTION('',(-1.,0.,-1.224646799147E-16));
#2216 = ADVANCED_FACE('',(#2217),#2230,.T.);
#2217 = FACE_BOUND('',#2218,.F.);
#2218 = EDGE_LOOP('',(#2219,#2220,#2229));
#2219 = ORIENTED_EDGE('',*,*,#1337,.F.);
#2220 = ORIENTED_EDGE('',*,*,#2221,.F.);
#2221 = EDGE_CURVE('',#2222,#1338,#2224,.T.);
#2222 = VERTEX_POINT('',#2223);
#2223 = CARTESIAN_POINT('',(114.269999,101.422,3.095453673205));
#2224 = CIRCLE('',#2225,0.13125);
#2225 = AXIS2_PLACEMENT_3D('',#2226,#2227,#2228);
#2226 = CARTESIAN_POINT('',(114.269999,101.422,2.964203673205));
#2227 = DIRECTION('',(-2.449293598295E-16,-1.,-2.999519565324E-32));
#2228 = DIRECTION('',(-1.,2.449293598295E-16,-1.224646799147E-16));
#2229 = ORIENTED_EDGE('',*,*,#2221,.T.);
#2230 = SPHERICAL_SURFACE('',#2231,0.13125);
#2231 = AXIS2_PLACEMENT_3D('',#2232,#2233,#2234);
#2232 = CARTESIAN_POINT('',(114.269999,101.422,2.964203673205));
#2233 = DIRECTION('',(1.224646799147E-16,0.,-1.));
#2234 = DIRECTION('',(-1.,0.,-1.224646799147E-16));
#2235 = ADVANCED_FACE('',(#2236),#2249,.T.);
#2236 = FACE_BOUND('',#2237,.F.);
#2237 = EDGE_LOOP('',(#2238,#2239,#2248));
#2238 = ORIENTED_EDGE('',*,*,#1348,.F.);
#2239 = ORIENTED_EDGE('',*,*,#2240,.F.);
#2240 = EDGE_CURVE('',#2241,#1349,#2243,.T.);
#2241 = VERTEX_POINT('',#2242);
#2242 = CARTESIAN_POINT('',(114.669999,101.022,3.095453673205));
#2243 = CIRCLE('',#2244,0.13125);
#2244 = AXIS2_PLACEMENT_3D('',#2245,#2246,#2247);
#2245 = CARTESIAN_POINT('',(114.669999,101.022,2.964203673205));
#2246 = DIRECTION('',(-2.449293598295E-16,-1.,-2.999519565324E-32));
#2247 = DIRECTION('',(-1.,2.449293598295E-16,-1.224646799147E-16));
#2248 = ORIENTED_EDGE('',*,*,#2240,.T.);
#2249 = SPHERICAL_SURFACE('',#2250,0.13125);
#2250 = AXIS2_PLACEMENT_3D('',#2251,#2252,#2253);
#2251 = CARTESIAN_POINT('',(114.669999,101.022,2.964203673205));
#2252 = DIRECTION('',(1.224646799147E-16,0.,-1.));
#2253 = DIRECTION('',(-1.,0.,-1.224646799147E-16));
#2254 = ADVANCED_FACE('',(#2255),#2268,.T.);
#2255 = FACE_BOUND('',#2256,.F.);
#2256 = EDGE_LOOP('',(#2257,#2258,#2267));
#2257 = ORIENTED_EDGE('',*,*,#1359,.F.);
#2258 = ORIENTED_EDGE('',*,*,#2259,.F.);
#2259 = EDGE_CURVE('',#2260,#1360,#2262,.T.);
#2260 = VERTEX_POINT('',#2261);
#2261 = CARTESIAN_POINT('',(114.269999,101.022,3.095453673205));
#2262 = CIRCLE('',#2263,0.13125);
#2263 = AXIS2_PLACEMENT_3D('',#2264,#2265,#2266);
#2264 = CARTESIAN_POINT('',(114.269999,101.022,2.964203673205));
#2265 = DIRECTION('',(-2.449293598295E-16,-1.,-2.999519565324E-32));
#2266 = DIRECTION('',(-1.,2.449293598295E-16,-1.224646799147E-16));
#2267 = ORIENTED_EDGE('',*,*,#2259,.T.);
#2268 = SPHERICAL_SURFACE('',#2269,0.13125);
#2269 = AXIS2_PLACEMENT_3D('',#2270,#2271,#2272);
#2270 = CARTESIAN_POINT('',(114.269999,101.022,2.964203673205));
#2271 = DIRECTION('',(1.224646799147E-16,0.,-1.));
#2272 = DIRECTION('',(-1.,0.,-1.224646799147E-16));
#2273 = ADVANCED_FACE('',(#2274),#2287,.T.);
#2274 = FACE_BOUND('',#2275,.F.);
#2275 = EDGE_LOOP('',(#2276,#2277,#2286));
#2276 = ORIENTED_EDGE('',*,*,#1370,.F.);
#2277 = ORIENTED_EDGE('',*,*,#2278,.F.);
#2278 = EDGE_CURVE('',#2279,#1371,#2281,.T.);
#2279 = VERTEX_POINT('',#2280);
#2280 = CARTESIAN_POINT('',(113.869999,101.422,3.095453673205));
#2281 = CIRCLE('',#2282,0.13125);
#2282 = AXIS2_PLACEMENT_3D('',#2283,#2284,#2285);
#2283 = CARTESIAN_POINT('',(113.869999,101.422,2.964203673205));
#2284 = DIRECTION('',(-2.449293598295E-16,-1.,-2.999519565324E-32));
#2285 = DIRECTION('',(-1.,2.449293598295E-16,-1.224646799147E-16));
#2286 = ORIENTED_EDGE('',*,*,#2278,.T.);
#2287 = SPHERICAL_SURFACE('',#2288,0.13125);
#2288 = AXIS2_PLACEMENT_3D('',#2289,#2290,#2291);
#2289 = CARTESIAN_POINT('',(113.869999,101.422,2.964203673205));
#2290 = DIRECTION('',(1.224646799147E-16,0.,-1.));
#2291 = DIRECTION('',(-1.,0.,-1.224646799147E-16));
#2292 = ADVANCED_FACE('',(#2293),#2306,.T.);
#2293 = FACE_BOUND('',#2294,.F.);
#2294 = EDGE_LOOP('',(#2295,#2296,#2305));
#2295 = ORIENTED_EDGE('',*,*,#1381,.F.);
#2296 = ORIENTED_EDGE('',*,*,#2297,.F.);
#2297 = EDGE_CURVE('',#2298,#1382,#2300,.T.);
#2298 = VERTEX_POINT('',#2299);
#2299 = CARTESIAN_POINT('',(113.469999,101.422,3.095453673205));
#2300 = CIRCLE('',#2301,0.13125);
#2301 = AXIS2_PLACEMENT_3D('',#2302,#2303,#2304);
#2302 = CARTESIAN_POINT('',(113.469999,101.422,2.964203673205));
#2303 = DIRECTION('',(-2.449293598295E-16,-1.,-2.999519565324E-32));
#2304 = DIRECTION('',(-1.,2.449293598295E-16,-1.224646799147E-16));
#2305 = ORIENTED_EDGE('',*,*,#2297,.T.);
#2306 = SPHERICAL_SURFACE('',#2307,0.13125);
#2307 = AXIS2_PLACEMENT_3D('',#2308,#2309,#2310);
#2308 = CARTESIAN_POINT('',(113.469999,101.422,2.964203673205));
#2309 = DIRECTION('',(1.224646799147E-16,0.,-1.));
#2310 = DIRECTION('',(-1.,0.,-1.224646799147E-16));
#2311 = ADVANCED_FACE('',(#2312),#2325,.T.);
#2312 = FACE_BOUND('',#2313,.F.);
#2313 = EDGE_LOOP('',(#2314,#2315,#2324));
#2314 = ORIENTED_EDGE('',*,*,#1392,.F.);
#2315 = ORIENTED_EDGE('',*,*,#2316,.F.);
#2316 = EDGE_CURVE('',#2317,#1393,#2319,.T.);
#2317 = VERTEX_POINT('',#2318);
#2318 = CARTESIAN_POINT('',(113.869999,101.022,3.095453673205));
#2319 = CIRCLE('',#2320,0.13125);
#2320 = AXIS2_PLACEMENT_3D('',#2321,#2322,#2323);
#2321 = CARTESIAN_POINT('',(113.869999,101.022,2.964203673205));
#2322 = DIRECTION('',(-2.449293598295E-16,-1.,-2.999519565324E-32));
#2323 = DIRECTION('',(-1.,2.449293598295E-16,-1.224646799147E-16));
#2324 = ORIENTED_EDGE('',*,*,#2316,.T.);
#2325 = SPHERICAL_SURFACE('',#2326,0.13125);
#2326 = AXIS2_PLACEMENT_3D('',#2327,#2328,#2329);
#2327 = CARTESIAN_POINT('',(113.869999,101.022,2.964203673205));
#2328 = DIRECTION('',(1.224646799147E-16,0.,-1.));
#2329 = DIRECTION('',(-1.,0.,-1.224646799147E-16));
#2330 = ADVANCED_FACE('',(#2331),#2344,.T.);
#2331 = FACE_BOUND('',#2332,.F.);
#2332 = EDGE_LOOP('',(#2333,#2334,#2343));
#2333 = ORIENTED_EDGE('',*,*,#1403,.F.);
#2334 = ORIENTED_EDGE('',*,*,#2335,.F.);
#2335 = EDGE_CURVE('',#2336,#1404,#2338,.T.);
#2336 = VERTEX_POINT('',#2337);
#2337 = CARTESIAN_POINT('',(113.469999,101.022,3.095453673205));
#2338 = CIRCLE('',#2339,0.13125);
#2339 = AXIS2_PLACEMENT_3D('',#2340,#2341,#2342);
#2340 = CARTESIAN_POINT('',(113.469999,101.022,2.964203673205));
#2341 = DIRECTION('',(-2.449293598295E-16,-1.,-2.999519565324E-32));
#2342 = DIRECTION('',(-1.,2.449293598295E-16,-1.224646799147E-16));
#2343 = ORIENTED_EDGE('',*,*,#2335,.T.);
#2344 = SPHERICAL_SURFACE('',#2345,0.13125);
#2345 = AXIS2_PLACEMENT_3D('',#2346,#2347,#2348);
#2346 = CARTESIAN_POINT('',(113.469999,101.022,2.964203673205));
#2347 = DIRECTION('',(1.224646799147E-16,0.,-1.));
#2348 = DIRECTION('',(-1.,0.,-1.224646799147E-16));
#2349 = ADVANCED_FACE('',(#2350),#2363,.T.);
#2350 = FACE_BOUND('',#2351,.F.);
#2351 = EDGE_LOOP('',(#2352,#2353,#2362));
#2352 = ORIENTED_EDGE('',*,*,#1414,.F.);
#2353 = ORIENTED_EDGE('',*,*,#2354,.F.);
#2354 = EDGE_CURVE('',#2355,#1415,#2357,.T.);
#2355 = VERTEX_POINT('',#2356);
#2356 = CARTESIAN_POINT('',(114.669999,100.622,3.095453673205));
#2357 = CIRCLE('',#2358,0.13125);
#2358 = AXIS2_PLACEMENT_3D('',#2359,#2360,#2361);
#2359 = CARTESIAN_POINT('',(114.669999,100.622,2.964203673205));
#2360 = DIRECTION('',(-2.449293598295E-16,-1.,-2.999519565324E-32));
#2361 = DIRECTION('',(-1.,2.449293598295E-16,-1.224646799147E-16));
#2362 = ORIENTED_EDGE('',*,*,#2354,.T.);
#2363 = SPHERICAL_SURFACE('',#2364,0.13125);
#2364 = AXIS2_PLACEMENT_3D('',#2365,#2366,#2367);
#2365 = CARTESIAN_POINT('',(114.669999,100.622,2.964203673205));
#2366 = DIRECTION('',(1.224646799147E-16,0.,-1.));
#2367 = DIRECTION('',(-1.,0.,-1.224646799147E-16));
#2368 = ADVANCED_FACE('',(#2369),#2382,.T.);
#2369 = FACE_BOUND('',#2370,.F.);
#2370 = EDGE_LOOP('',(#2371,#2372,#2381));
#2371 = ORIENTED_EDGE('',*,*,#1425,.F.);
#2372 = ORIENTED_EDGE('',*,*,#2373,.F.);
#2373 = EDGE_CURVE('',#2374,#1426,#2376,.T.);
#2374 = VERTEX_POINT('',#2375);
#2375 = CARTESIAN_POINT('',(114.269999,100.622,3.095453673205));
#2376 = CIRCLE('',#2377,0.13125);
#2377 = AXIS2_PLACEMENT_3D('',#2378,#2379,#2380);
#2378 = CARTESIAN_POINT('',(114.269999,100.622,2.964203673205));
#2379 = DIRECTION('',(-2.449293598295E-16,-1.,-2.999519565324E-32));
#2380 = DIRECTION('',(-1.,2.449293598295E-16,-1.224646799147E-16));
#2381 = ORIENTED_EDGE('',*,*,#2373,.T.);
#2382 = SPHERICAL_SURFACE('',#2383,0.13125);
#2383 = AXIS2_PLACEMENT_3D('',#2384,#2385,#2386);
#2384 = CARTESIAN_POINT('',(114.269999,100.622,2.964203673205));
#2385 = DIRECTION('',(1.224646799147E-16,0.,-1.));
#2386 = DIRECTION('',(-1.,0.,-1.224646799147E-16));
#2387 = ADVANCED_FACE('',(#2388),#2401,.T.);
#2388 = FACE_BOUND('',#2389,.F.);
#2389 = EDGE_LOOP('',(#2390,#2391,#2400));
#2390 = ORIENTED_EDGE('',*,*,#1436,.F.);
#2391 = ORIENTED_EDGE('',*,*,#2392,.F.);
#2392 = EDGE_CURVE('',#2393,#1437,#2395,.T.);
#2393 = VERTEX_POINT('',#2394);
#2394 = CARTESIAN_POINT('',(114.669999,100.222,3.095453673205));
#2395 = CIRCLE('',#2396,0.13125);
#2396 = AXIS2_PLACEMENT_3D('',#2397,#2398,#2399);
#2397 = CARTESIAN_POINT('',(114.669999,100.222,2.964203673205));
#2398 = DIRECTION('',(-2.449293598295E-16,-1.,-2.999519565324E-32));
#2399 = DIRECTION('',(-1.,2.449293598295E-16,-1.224646799147E-16));
#2400 = ORIENTED_EDGE('',*,*,#2392,.T.);
#2401 = SPHERICAL_SURFACE('',#2402,0.13125);
#2402 = AXIS2_PLACEMENT_3D('',#2403,#2404,#2405);
#2403 = CARTESIAN_POINT('',(114.669999,100.222,2.964203673205));
#2404 = DIRECTION('',(1.224646799147E-16,0.,-1.));
#2405 = DIRECTION('',(-1.,0.,-1.224646799147E-16));
#2406 = ADVANCED_FACE('',(#2407),#2420,.T.);
#2407 = FACE_BOUND('',#2408,.F.);
#2408 = EDGE_LOOP('',(#2409,#2410,#2419));
#2409 = ORIENTED_EDGE('',*,*,#1447,.F.);
#2410 = ORIENTED_EDGE('',*,*,#2411,.F.);
#2411 = EDGE_CURVE('',#2412,#1448,#2414,.T.);
#2412 = VERTEX_POINT('',#2413);
#2413 = CARTESIAN_POINT('',(114.269999,100.222,3.095453673205));
#2414 = CIRCLE('',#2415,0.13125);
#2415 = AXIS2_PLACEMENT_3D('',#2416,#2417,#2418);
#2416 = CARTESIAN_POINT('',(114.269999,100.222,2.964203673205));
#2417 = DIRECTION('',(-2.449293598295E-16,-1.,-2.999519565324E-32));
#2418 = DIRECTION('',(-1.,2.449293598295E-16,-1.224646799147E-16));
#2419 = ORIENTED_EDGE('',*,*,#2411,.T.);
#2420 = SPHERICAL_SURFACE('',#2421,0.13125);
#2421 = AXIS2_PLACEMENT_3D('',#2422,#2423,#2424);
#2422 = CARTESIAN_POINT('',(114.269999,100.222,2.964203673205));
#2423 = DIRECTION('',(1.224646799147E-16,0.,-1.));
#2424 = DIRECTION('',(-1.,0.,-1.224646799147E-16));
#2425 = ADVANCED_FACE('',(#2426),#2439,.T.);
#2426 = FACE_BOUND('',#2427,.F.);
#2427 = EDGE_LOOP('',(#2428,#2429,#2438));
#2428 = ORIENTED_EDGE('',*,*,#1458,.F.);
#2429 = ORIENTED_EDGE('',*,*,#2430,.F.);
#2430 = EDGE_CURVE('',#2431,#1459,#2433,.T.);
#2431 = VERTEX_POINT('',#2432);
#2432 = CARTESIAN_POINT('',(113.869999,100.622,3.095453673205));
#2433 = CIRCLE('',#2434,0.13125);
#2434 = AXIS2_PLACEMENT_3D('',#2435,#2436,#2437);
#2435 = CARTESIAN_POINT('',(113.869999,100.622,2.964203673205));
#2436 = DIRECTION('',(-2.449293598295E-16,-1.,-2.999519565324E-32));
#2437 = DIRECTION('',(-1.,2.449293598295E-16,-1.224646799147E-16));
#2438 = ORIENTED_EDGE('',*,*,#2430,.T.);
#2439 = SPHERICAL_SURFACE('',#2440,0.13125);
#2440 = AXIS2_PLACEMENT_3D('',#2441,#2442,#2443);
#2441 = CARTESIAN_POINT('',(113.869999,100.622,2.964203673205));
#2442 = DIRECTION('',(1.224646799147E-16,0.,-1.));
#2443 = DIRECTION('',(-1.,0.,-1.224646799147E-16));
#2444 = ADVANCED_FACE('',(#2445),#2458,.T.);
#2445 = FACE_BOUND('',#2446,.F.);
#2446 = EDGE_LOOP('',(#2447,#2448,#2457));
#2447 = ORIENTED_EDGE('',*,*,#1469,.F.);
#2448 = ORIENTED_EDGE('',*,*,#2449,.F.);
#2449 = EDGE_CURVE('',#2450,#1470,#2452,.T.);
#2450 = VERTEX_POINT('',#2451);
#2451 = CARTESIAN_POINT('',(113.469999,100.622,3.095453673205));
#2452 = CIRCLE('',#2453,0.13125);
#2453 = AXIS2_PLACEMENT_3D('',#2454,#2455,#2456);
#2454 = CARTESIAN_POINT('',(113.469999,100.622,2.964203673205));
#2455 = DIRECTION('',(-2.449293598295E-16,-1.,-2.999519565324E-32));
#2456 = DIRECTION('',(-1.,2.449293598295E-16,-1.224646799147E-16));
#2457 = ORIENTED_EDGE('',*,*,#2449,.T.);
#2458 = SPHERICAL_SURFACE('',#2459,0.13125);
#2459 = AXIS2_PLACEMENT_3D('',#2460,#2461,#2462);
#2460 = CARTESIAN_POINT('',(113.469999,100.622,2.964203673205));
#2461 = DIRECTION('',(1.224646799147E-16,0.,-1.));
#2462 = DIRECTION('',(-1.,0.,-1.224646799147E-16));
#2463 = ADVANCED_FACE('',(#2464),#2477,.T.);
#2464 = FACE_BOUND('',#2465,.F.);
#2465 = EDGE_LOOP('',(#2466,#2467,#2476));
#2466 = ORIENTED_EDGE('',*,*,#1480,.F.);
#2467 = ORIENTED_EDGE('',*,*,#2468,.F.);
#2468 = EDGE_CURVE('',#2469,#1481,#2471,.T.);
#2469 = VERTEX_POINT('',#2470);
#2470 = CARTESIAN_POINT('',(113.869999,100.222,3.095453673205));
#2471 = CIRCLE('',#2472,0.13125);
#2472 = AXIS2_PLACEMENT_3D('',#2473,#2474,#2475);
#2473 = CARTESIAN_POINT('',(113.869999,100.222,2.964203673205));
#2474 = DIRECTION('',(-2.449293598295E-16,-1.,-2.999519565324E-32));
#2475 = DIRECTION('',(-1.,2.449293598295E-16,-1.224646799147E-16));
#2476 = ORIENTED_EDGE('',*,*,#2468,.T.);
#2477 = SPHERICAL_SURFACE('',#2478,0.13125);
#2478 = AXIS2_PLACEMENT_3D('',#2479,#2480,#2481);
#2479 = CARTESIAN_POINT('',(113.869999,100.222,2.964203673205));
#2480 = DIRECTION('',(1.224646799147E-16,0.,-1.));
#2481 = DIRECTION('',(-1.,0.,-1.224646799147E-16));
#2482 = ADVANCED_FACE('',(#2483),#2496,.T.);
#2483 = FACE_BOUND('',#2484,.F.);
#2484 = EDGE_LOOP('',(#2485,#2486,#2495));
#2485 = ORIENTED_EDGE('',*,*,#1491,.F.);
#2486 = ORIENTED_EDGE('',*,*,#2487,.F.);
#2487 = EDGE_CURVE('',#2488,#1492,#2490,.T.);
#2488 = VERTEX_POINT('',#2489);
#2489 = CARTESIAN_POINT('',(113.469999,100.222,3.095453673205));
#2490 = CIRCLE('',#2491,0.13125);
#2491 = AXIS2_PLACEMENT_3D('',#2492,#2493,#2494);
#2492 = CARTESIAN_POINT('',(113.469999,100.222,2.964203673205));
#2493 = DIRECTION('',(-2.449293598295E-16,-1.,-2.999519565324E-32));
#2494 = DIRECTION('',(-1.,2.449293598295E-16,-1.224646799147E-16));
#2495 = ORIENTED_EDGE('',*,*,#2487,.T.);
#2496 = SPHERICAL_SURFACE('',#2497,0.13125);
#2497 = AXIS2_PLACEMENT_3D('',#2498,#2499,#2500);
#2498 = CARTESIAN_POINT('',(113.469999,100.222,2.964203673205));
#2499 = DIRECTION('',(1.224646799147E-16,0.,-1.));
#2500 = DIRECTION('',(-1.,0.,-1.224646799147E-16));
#2501 = ADVANCED_FACE('',(#2502),#2515,.T.);
#2502 = FACE_BOUND('',#2503,.F.);
#2503 = EDGE_LOOP('',(#2504,#2505,#2514));
#2504 = ORIENTED_EDGE('',*,*,#1502,.F.);
#2505 = ORIENTED_EDGE('',*,*,#2506,.F.);
#2506 = EDGE_CURVE('',#2507,#1503,#2509,.T.);
#2507 = VERTEX_POINT('',#2508);
#2508 = CARTESIAN_POINT('',(116.269999,99.822,3.095453673205));
#2509 = CIRCLE('',#2510,0.13125);
#2510 = AXIS2_PLACEMENT_3D('',#2511,#2512,#2513);
#2511 = CARTESIAN_POINT('',(116.269999,99.822,2.964203673205));
#2512 = DIRECTION('',(-2.449293598295E-16,-1.,-2.999519565324E-32));
#2513 = DIRECTION('',(-1.,2.449293598295E-16,-1.224646799147E-16));
#2514 = ORIENTED_EDGE('',*,*,#2506,.T.);
#2515 = SPHERICAL_SURFACE('',#2516,0.13125);
#2516 = AXIS2_PLACEMENT_3D('',#2517,#2518,#2519);
#2517 = CARTESIAN_POINT('',(116.269999,99.822,2.964203673205));
#2518 = DIRECTION('',(1.224646799147E-16,0.,-1.));
#2519 = DIRECTION('',(-1.,0.,-1.224646799147E-16));
#2520 = ADVANCED_FACE('',(#2521),#2534,.T.);
#2521 = FACE_BOUND('',#2522,.F.);
#2522 = EDGE_LOOP('',(#2523,#2524,#2533));
#2523 = ORIENTED_EDGE('',*,*,#1513,.F.);
#2524 = ORIENTED_EDGE('',*,*,#2525,.F.);
#2525 = EDGE_CURVE('',#2526,#1514,#2528,.T.);
#2526 = VERTEX_POINT('',#2527);
#2527 = CARTESIAN_POINT('',(115.869999,99.822,3.095453673205));
#2528 = CIRCLE('',#2529,0.13125);
#2529 = AXIS2_PLACEMENT_3D('',#2530,#2531,#2532);
#2530 = CARTESIAN_POINT('',(115.869999,99.822,2.964203673205));
#2531 = DIRECTION('',(-2.449293598295E-16,-1.,-2.999519565324E-32));
#2532 = DIRECTION('',(-1.,2.449293598295E-16,-1.224646799147E-16));
#2533 = ORIENTED_EDGE('',*,*,#2525,.T.);
#2534 = SPHERICAL_SURFACE('',#2535,0.13125);
#2535 = AXIS2_PLACEMENT_3D('',#2536,#2537,#2538);
#2536 = CARTESIAN_POINT('',(115.869999,99.822,2.964203673205));
#2537 = DIRECTION('',(1.224646799147E-16,0.,-1.));
#2538 = DIRECTION('',(-1.,0.,-1.224646799147E-16));
#2539 = ADVANCED_FACE('',(#2540),#2553,.T.);
#2540 = FACE_BOUND('',#2541,.F.);
#2541 = EDGE_LOOP('',(#2542,#2543,#2552));
#2542 = ORIENTED_EDGE('',*,*,#1524,.F.);
#2543 = ORIENTED_EDGE('',*,*,#2544,.F.);
#2544 = EDGE_CURVE('',#2545,#1525,#2547,.T.);
#2545 = VERTEX_POINT('',#2546);
#2546 = CARTESIAN_POINT('',(116.269999,99.422,3.095453673205));
#2547 = CIRCLE('',#2548,0.13125);
#2548 = AXIS2_PLACEMENT_3D('',#2549,#2550,#2551);
#2549 = CARTESIAN_POINT('',(116.269999,99.422,2.964203673205));
#2550 = DIRECTION('',(-2.449293598295E-16,-1.,-2.999519565324E-32));
#2551 = DIRECTION('',(-1.,2.449293598295E-16,-1.224646799147E-16));
#2552 = ORIENTED_EDGE('',*,*,#2544,.T.);
#2553 = SPHERICAL_SURFACE('',#2554,0.13125);
#2554 = AXIS2_PLACEMENT_3D('',#2555,#2556,#2557);
#2555 = CARTESIAN_POINT('',(116.269999,99.422,2.964203673205));
#2556 = DIRECTION('',(1.224646799147E-16,0.,-1.));
#2557 = DIRECTION('',(-1.,0.,-1.224646799147E-16));
#2558 = ADVANCED_FACE('',(#2559),#2572,.T.);
#2559 = FACE_BOUND('',#2560,.F.);
#2560 = EDGE_LOOP('',(#2561,#2562,#2571));
#2561 = ORIENTED_EDGE('',*,*,#1535,.F.);
#2562 = ORIENTED_EDGE('',*,*,#2563,.F.);
#2563 = EDGE_CURVE('',#2564,#1536,#2566,.T.);
#2564 = VERTEX_POINT('',#2565);
#2565 = CARTESIAN_POINT('',(115.869999,99.422,3.095453673205));
#2566 = CIRCLE('',#2567,0.13125);
#2567 = AXIS2_PLACEMENT_3D('',#2568,#2569,#2570);
#2568 = CARTESIAN_POINT('',(115.869999,99.422,2.964203673205));
#2569 = DIRECTION('',(-2.449293598295E-16,-1.,-2.999519565324E-32));
#2570 = DIRECTION('',(-1.,2.449293598295E-16,-1.224646799147E-16));
#2571 = ORIENTED_EDGE('',*,*,#2563,.T.);
#2572 = SPHERICAL_SURFACE('',#2573,0.13125);
#2573 = AXIS2_PLACEMENT_3D('',#2574,#2575,#2576);
#2574 = CARTESIAN_POINT('',(115.869999,99.422,2.964203673205));
#2575 = DIRECTION('',(1.224646799147E-16,0.,-1.));
#2576 = DIRECTION('',(-1.,0.,-1.224646799147E-16));
#2577 = ADVANCED_FACE('',(#2578),#2591,.T.);
#2578 = FACE_BOUND('',#2579,.F.);
#2579 = EDGE_LOOP('',(#2580,#2581,#2590));
#2580 = ORIENTED_EDGE('',*,*,#1546,.F.);
#2581 = ORIENTED_EDGE('',*,*,#2582,.F.);
#2582 = EDGE_CURVE('',#2583,#1547,#2585,.T.);
#2583 = VERTEX_POINT('',#2584);
#2584 = CARTESIAN_POINT('',(115.469999,99.822,3.095453673205));
#2585 = CIRCLE('',#2586,0.13125);
#2586 = AXIS2_PLACEMENT_3D('',#2587,#2588,#2589);
#2587 = CARTESIAN_POINT('',(115.469999,99.822,2.964203673205));
#2588 = DIRECTION('',(-2.449293598295E-16,-1.,-2.999519565324E-32));
#2589 = DIRECTION('',(-1.,2.449293598295E-16,-1.224646799147E-16));
#2590 = ORIENTED_EDGE('',*,*,#2582,.T.);
#2591 = SPHERICAL_SURFACE('',#2592,0.13125);
#2592 = AXIS2_PLACEMENT_3D('',#2593,#2594,#2595);
#2593 = CARTESIAN_POINT('',(115.469999,99.822,2.964203673205));
#2594 = DIRECTION('',(1.224646799147E-16,0.,-1.));
#2595 = DIRECTION('',(-1.,0.,-1.224646799147E-16));
#2596 = ADVANCED_FACE('',(#2597),#2610,.T.);
#2597 = FACE_BOUND('',#2598,.F.);
#2598 = EDGE_LOOP('',(#2599,#2600,#2609));
#2599 = ORIENTED_EDGE('',*,*,#1557,.F.);
#2600 = ORIENTED_EDGE('',*,*,#2601,.F.);
#2601 = EDGE_CURVE('',#2602,#1558,#2604,.T.);
#2602 = VERTEX_POINT('',#2603);
#2603 = CARTESIAN_POINT('',(115.069999,99.822,3.095453673205));
#2604 = CIRCLE('',#2605,0.13125);
#2605 = AXIS2_PLACEMENT_3D('',#2606,#2607,#2608);
#2606 = CARTESIAN_POINT('',(115.069999,99.822,2.964203673205));
#2607 = DIRECTION('',(-2.449293598295E-16,-1.,-2.999519565324E-32));
#2608 = DIRECTION('',(-1.,2.449293598295E-16,-1.224646799147E-16));
#2609 = ORIENTED_EDGE('',*,*,#2601,.T.);
#2610 = SPHERICAL_SURFACE('',#2611,0.13125);
#2611 = AXIS2_PLACEMENT_3D('',#2612,#2613,#2614);
#2612 = CARTESIAN_POINT('',(115.069999,99.822,2.964203673205));
#2613 = DIRECTION('',(1.224646799147E-16,0.,-1.));
#2614 = DIRECTION('',(-1.,0.,-1.224646799147E-16));
#2615 = ADVANCED_FACE('',(#2616),#2629,.T.);
#2616 = FACE_BOUND('',#2617,.F.);
#2617 = EDGE_LOOP('',(#2618,#2619,#2628));
#2618 = ORIENTED_EDGE('',*,*,#1568,.F.);
#2619 = ORIENTED_EDGE('',*,*,#2620,.F.);
#2620 = EDGE_CURVE('',#2621,#1569,#2623,.T.);
#2621 = VERTEX_POINT('',#2622);
#2622 = CARTESIAN_POINT('',(115.469999,99.422,3.095453673205));
#2623 = CIRCLE('',#2624,0.13125);
#2624 = AXIS2_PLACEMENT_3D('',#2625,#2626,#2627);
#2625 = CARTESIAN_POINT('',(115.469999,99.422,2.964203673205));
#2626 = DIRECTION('',(-2.449293598295E-16,-1.,-2.999519565324E-32));
#2627 = DIRECTION('',(-1.,2.449293598295E-16,-1.224646799147E-16));
#2628 = ORIENTED_EDGE('',*,*,#2620,.T.);
#2629 = SPHERICAL_SURFACE('',#2630,0.13125);
#2630 = AXIS2_PLACEMENT_3D('',#2631,#2632,#2633);
#2631 = CARTESIAN_POINT('',(115.469999,99.422,2.964203673205));
#2632 = DIRECTION('',(1.224646799147E-16,0.,-1.));
#2633 = DIRECTION('',(-1.,0.,-1.224646799147E-16));
#2634 = ADVANCED_FACE('',(#2635),#2648,.T.);
#2635 = FACE_BOUND('',#2636,.F.);
#2636 = EDGE_LOOP('',(#2637,#2638,#2647));
#2637 = ORIENTED_EDGE('',*,*,#1579,.F.);
#2638 = ORIENTED_EDGE('',*,*,#2639,.F.);
#2639 = EDGE_CURVE('',#2640,#1580,#2642,.T.);
#2640 = VERTEX_POINT('',#2641);
#2641 = CARTESIAN_POINT('',(115.069999,99.422,3.095453673205));
#2642 = CIRCLE('',#2643,0.13125);
#2643 = AXIS2_PLACEMENT_3D('',#2644,#2645,#2646);
#2644 = CARTESIAN_POINT('',(115.069999,99.422,2.964203673205));
#2645 = DIRECTION('',(-2.449293598295E-16,-1.,-2.999519565324E-32));
#2646 = DIRECTION('',(-1.,2.449293598295E-16,-1.224646799147E-16));
#2647 = ORIENTED_EDGE('',*,*,#2639,.T.);
#2648 = SPHERICAL_SURFACE('',#2649,0.13125);
#2649 = AXIS2_PLACEMENT_3D('',#2650,#2651,#2652);
#2650 = CARTESIAN_POINT('',(115.069999,99.422,2.964203673205));
#2651 = DIRECTION('',(1.224646799147E-16,0.,-1.));
#2652 = DIRECTION('',(-1.,0.,-1.224646799147E-16));
#2653 = ADVANCED_FACE('',(#2654),#2667,.T.);
#2654 = FACE_BOUND('',#2655,.F.);
#2655 = EDGE_LOOP('',(#2656,#2657,#2666));
#2656 = ORIENTED_EDGE('',*,*,#1590,.F.);
#2657 = ORIENTED_EDGE('',*,*,#2658,.F.);
#2658 = EDGE_CURVE('',#2659,#1591,#2661,.T.);
#2659 = VERTEX_POINT('',#2660);
#2660 = CARTESIAN_POINT('',(116.269999,99.022,3.095453673205));
#2661 = CIRCLE('',#2662,0.13125);
#2662 = AXIS2_PLACEMENT_3D('',#2663,#2664,#2665);
#2663 = CARTESIAN_POINT('',(116.269999,99.022,2.964203673205));
#2664 = DIRECTION('',(-2.449293598295E-16,-1.,-2.999519565324E-32));
#2665 = DIRECTION('',(-1.,2.449293598295E-16,-1.224646799147E-16));
#2666 = ORIENTED_EDGE('',*,*,#2658,.T.);
#2667 = SPHERICAL_SURFACE('',#2668,0.13125);
#2668 = AXIS2_PLACEMENT_3D('',#2669,#2670,#2671);
#2669 = CARTESIAN_POINT('',(116.269999,99.022,2.964203673205));
#2670 = DIRECTION('',(1.224646799147E-16,0.,-1.));
#2671 = DIRECTION('',(-1.,0.,-1.224646799147E-16));
#2672 = ADVANCED_FACE('',(#2673),#2686,.T.);
#2673 = FACE_BOUND('',#2674,.F.);
#2674 = EDGE_LOOP('',(#2675,#2676,#2685));
#2675 = ORIENTED_EDGE('',*,*,#1601,.F.);
#2676 = ORIENTED_EDGE('',*,*,#2677,.F.);
#2677 = EDGE_CURVE('',#2678,#1602,#2680,.T.);
#2678 = VERTEX_POINT('',#2679);
#2679 = CARTESIAN_POINT('',(115.869999,99.022,3.095453673205));
#2680 = CIRCLE('',#2681,0.13125);
#2681 = AXIS2_PLACEMENT_3D('',#2682,#2683,#2684);
#2682 = CARTESIAN_POINT('',(115.869999,99.022,2.964203673205));
#2683 = DIRECTION('',(-2.449293598295E-16,-1.,-2.999519565324E-32));
#2684 = DIRECTION('',(-1.,2.449293598295E-16,-1.224646799147E-16));
#2685 = ORIENTED_EDGE('',*,*,#2677,.T.);
#2686 = SPHERICAL_SURFACE('',#2687,0.13125);
#2687 = AXIS2_PLACEMENT_3D('',#2688,#2689,#2690);
#2688 = CARTESIAN_POINT('',(115.869999,99.022,2.964203673205));
#2689 = DIRECTION('',(1.224646799147E-16,0.,-1.));
#2690 = DIRECTION('',(-1.,0.,-1.224646799147E-16));
#2691 = ADVANCED_FACE('',(#2692),#2705,.T.);
#2692 = FACE_BOUND('',#2693,.F.);
#2693 = EDGE_LOOP('',(#2694,#2695,#2704));
#2694 = ORIENTED_EDGE('',*,*,#1612,.F.);
#2695 = ORIENTED_EDGE('',*,*,#2696,.F.);
#2696 = EDGE_CURVE('',#2697,#1613,#2699,.T.);
#2697 = VERTEX_POINT('',#2698);
#2698 = CARTESIAN_POINT('',(116.269999,98.622,3.095453673205));
#2699 = CIRCLE('',#2700,0.13125);
#2700 = AXIS2_PLACEMENT_3D('',#2701,#2702,#2703);
#2701 = CARTESIAN_POINT('',(116.269999,98.622,2.964203673205));
#2702 = DIRECTION('',(-2.449293598295E-16,-1.,-2.999519565324E-32));
#2703 = DIRECTION('',(-1.,2.449293598295E-16,-1.224646799147E-16));
#2704 = ORIENTED_EDGE('',*,*,#2696,.T.);
#2705 = SPHERICAL_SURFACE('',#2706,0.13125);
#2706 = AXIS2_PLACEMENT_3D('',#2707,#2708,#2709);
#2707 = CARTESIAN_POINT('',(116.269999,98.622,2.964203673205));
#2708 = DIRECTION('',(1.224646799147E-16,0.,-1.));
#2709 = DIRECTION('',(-1.,0.,-1.224646799147E-16));
#2710 = ADVANCED_FACE('',(#2711),#2724,.T.);
#2711 = FACE_BOUND('',#2712,.F.);
#2712 = EDGE_LOOP('',(#2713,#2714,#2723));
#2713 = ORIENTED_EDGE('',*,*,#1623,.F.);
#2714 = ORIENTED_EDGE('',*,*,#2715,.F.);
#2715 = EDGE_CURVE('',#2716,#1624,#2718,.T.);
#2716 = VERTEX_POINT('',#2717);
#2717 = CARTESIAN_POINT('',(115.869999,98.622,3.095453673205));
#2718 = CIRCLE('',#2719,0.13125);
#2719 = AXIS2_PLACEMENT_3D('',#2720,#2721,#2722);
#2720 = CARTESIAN_POINT('',(115.869999,98.622,2.964203673205));
#2721 = DIRECTION('',(-2.449293598295E-16,-1.,-2.999519565324E-32));
#2722 = DIRECTION('',(-1.,2.449293598295E-16,-1.224646799147E-16));
#2723 = ORIENTED_EDGE('',*,*,#2715,.T.);
#2724 = SPHERICAL_SURFACE('',#2725,0.13125);
#2725 = AXIS2_PLACEMENT_3D('',#2726,#2727,#2728);
#2726 = CARTESIAN_POINT('',(115.869999,98.622,2.964203673205));
#2727 = DIRECTION('',(1.224646799147E-16,0.,-1.));
#2728 = DIRECTION('',(-1.,0.,-1.224646799147E-16));
#2729 = ADVANCED_FACE('',(#2730),#2743,.T.);
#2730 = FACE_BOUND('',#2731,.F.);
#2731 = EDGE_LOOP('',(#2732,#2733,#2742));
#2732 = ORIENTED_EDGE('',*,*,#1634,.F.);
#2733 = ORIENTED_EDGE('',*,*,#2734,.F.);
#2734 = EDGE_CURVE('',#2735,#1635,#2737,.T.);
#2735 = VERTEX_POINT('',#2736);
#2736 = CARTESIAN_POINT('',(115.469999,99.022,3.095453673205));
#2737 = CIRCLE('',#2738,0.13125);
#2738 = AXIS2_PLACEMENT_3D('',#2739,#2740,#2741);
#2739 = CARTESIAN_POINT('',(115.469999,99.022,2.964203673205));
#2740 = DIRECTION('',(-2.449293598295E-16,-1.,-2.999519565324E-32));
#2741 = DIRECTION('',(-1.,2.449293598295E-16,-1.224646799147E-16));
#2742 = ORIENTED_EDGE('',*,*,#2734,.T.);
#2743 = SPHERICAL_SURFACE('',#2744,0.13125);
#2744 = AXIS2_PLACEMENT_3D('',#2745,#2746,#2747);
#2745 = CARTESIAN_POINT('',(115.469999,99.022,2.964203673205));
#2746 = DIRECTION('',(1.224646799147E-16,0.,-1.));
#2747 = DIRECTION('',(-1.,0.,-1.224646799147E-16));
#2748 = ADVANCED_FACE('',(#2749),#2762,.T.);
#2749 = FACE_BOUND('',#2750,.F.);
#2750 = EDGE_LOOP('',(#2751,#2752,#2761));
#2751 = ORIENTED_EDGE('',*,*,#1645,.F.);
#2752 = ORIENTED_EDGE('',*,*,#2753,.F.);
#2753 = EDGE_CURVE('',#2754,#1646,#2756,.T.);
#2754 = VERTEX_POINT('',#2755);
#2755 = CARTESIAN_POINT('',(115.069999,99.022,3.095453673205));
#2756 = CIRCLE('',#2757,0.13125);
#2757 = AXIS2_PLACEMENT_3D('',#2758,#2759,#2760);
#2758 = CARTESIAN_POINT('',(115.069999,99.022,2.964203673205));
#2759 = DIRECTION('',(-2.449293598295E-16,-1.,-2.999519565324E-32));
#2760 = DIRECTION('',(-1.,2.449293598295E-16,-1.224646799147E-16));
#2761 = ORIENTED_EDGE('',*,*,#2753,.T.);
#2762 = SPHERICAL_SURFACE('',#2763,0.13125);
#2763 = AXIS2_PLACEMENT_3D('',#2764,#2765,#2766);
#2764 = CARTESIAN_POINT('',(115.069999,99.022,2.964203673205));
#2765 = DIRECTION('',(1.224646799147E-16,0.,-1.));
#2766 = DIRECTION('',(-1.,0.,-1.224646799147E-16));
#2767 = ADVANCED_FACE('',(#2768),#2781,.T.);
#2768 = FACE_BOUND('',#2769,.F.);
#2769 = EDGE_LOOP('',(#2770,#2771,#2780));
#2770 = ORIENTED_EDGE('',*,*,#1656,.F.);
#2771 = ORIENTED_EDGE('',*,*,#2772,.F.);
#2772 = EDGE_CURVE('',#2773,#1657,#2775,.T.);
#2773 = VERTEX_POINT('',#2774);
#2774 = CARTESIAN_POINT('',(115.469999,98.622,3.095453673205));
#2775 = CIRCLE('',#2776,0.13125);
#2776 = AXIS2_PLACEMENT_3D('',#2777,#2778,#2779);
#2777 = CARTESIAN_POINT('',(115.469999,98.622,2.964203673205));
#2778 = DIRECTION('',(-2.449293598295E-16,-1.,-2.999519565324E-32));
#2779 = DIRECTION('',(-1.,2.449293598295E-16,-1.224646799147E-16));
#2780 = ORIENTED_EDGE('',*,*,#2772,.T.);
#2781 = SPHERICAL_SURFACE('',#2782,0.13125);
#2782 = AXIS2_PLACEMENT_3D('',#2783,#2784,#2785);
#2783 = CARTESIAN_POINT('',(115.469999,98.622,2.964203673205));
#2784 = DIRECTION('',(1.224646799147E-16,0.,-1.));
#2785 = DIRECTION('',(-1.,0.,-1.224646799147E-16));
#2786 = ADVANCED_FACE('',(#2787),#2800,.T.);
#2787 = FACE_BOUND('',#2788,.F.);
#2788 = EDGE_LOOP('',(#2789,#2790,#2799));
#2789 = ORIENTED_EDGE('',*,*,#1667,.F.);
#2790 = ORIENTED_EDGE('',*,*,#2791,.F.);
#2791 = EDGE_CURVE('',#2792,#1668,#2794,.T.);
#2792 = VERTEX_POINT('',#2793);
#2793 = CARTESIAN_POINT('',(115.069999,98.622,3.095453673205));
#2794 = CIRCLE('',#2795,0.13125);
#2795 = AXIS2_PLACEMENT_3D('',#2796,#2797,#2798);
#2796 = CARTESIAN_POINT('',(115.069999,98.622,2.964203673205));
#2797 = DIRECTION('',(-2.449293598295E-16,-1.,-2.999519565324E-32));
#2798 = DIRECTION('',(-1.,2.449293598295E-16,-1.224646799147E-16));
#2799 = ORIENTED_EDGE('',*,*,#2791,.T.);
#2800 = SPHERICAL_SURFACE('',#2801,0.13125);
#2801 = AXIS2_PLACEMENT_3D('',#2802,#2803,#2804);
#2802 = CARTESIAN_POINT('',(115.069999,98.622,2.964203673205));
#2803 = DIRECTION('',(1.224646799147E-16,0.,-1.));
#2804 = DIRECTION('',(-1.,0.,-1.224646799147E-16));
#2805 = ADVANCED_FACE('',(#2806),#2819,.T.);
#2806 = FACE_BOUND('',#2807,.F.);
#2807 = EDGE_LOOP('',(#2808,#2809,#2818));
#2808 = ORIENTED_EDGE('',*,*,#1678,.F.);
#2809 = ORIENTED_EDGE('',*,*,#2810,.F.);
#2810 = EDGE_CURVE('',#2811,#1679,#2813,.T.);
#2811 = VERTEX_POINT('',#2812);
#2812 = CARTESIAN_POINT('',(114.669999,99.822,3.095453673205));
#2813 = CIRCLE('',#2814,0.13125);
#2814 = AXIS2_PLACEMENT_3D('',#2815,#2816,#2817);
#2815 = CARTESIAN_POINT('',(114.669999,99.822,2.964203673205));
#2816 = DIRECTION('',(-2.449293598295E-16,-1.,-2.999519565324E-32));
#2817 = DIRECTION('',(-1.,2.449293598295E-16,-1.224646799147E-16));
#2818 = ORIENTED_EDGE('',*,*,#2810,.T.);
#2819 = SPHERICAL_SURFACE('',#2820,0.13125);
#2820 = AXIS2_PLACEMENT_3D('',#2821,#2822,#2823);
#2821 = CARTESIAN_POINT('',(114.669999,99.822,2.964203673205));
#2822 = DIRECTION('',(1.224646799147E-16,0.,-1.));
#2823 = DIRECTION('',(-1.,0.,-1.224646799147E-16));
#2824 = ADVANCED_FACE('',(#2825),#2838,.T.);
#2825 = FACE_BOUND('',#2826,.F.);
#2826 = EDGE_LOOP('',(#2827,#2828,#2837));
#2827 = ORIENTED_EDGE('',*,*,#1689,.F.);
#2828 = ORIENTED_EDGE('',*,*,#2829,.F.);
#2829 = EDGE_CURVE('',#2830,#1690,#2832,.T.);
#2830 = VERTEX_POINT('',#2831);
#2831 = CARTESIAN_POINT('',(114.269999,99.822,3.095453673205));
#2832 = CIRCLE('',#2833,0.13125);
#2833 = AXIS2_PLACEMENT_3D('',#2834,#2835,#2836);
#2834 = CARTESIAN_POINT('',(114.269999,99.822,2.964203673205));
#2835 = DIRECTION('',(-2.449293598295E-16,-1.,-2.999519565324E-32));
#2836 = DIRECTION('',(-1.,2.449293598295E-16,-1.224646799147E-16));
#2837 = ORIENTED_EDGE('',*,*,#2829,.T.);
#2838 = SPHERICAL_SURFACE('',#2839,0.13125);
#2839 = AXIS2_PLACEMENT_3D('',#2840,#2841,#2842);
#2840 = CARTESIAN_POINT('',(114.269999,99.822,2.964203673205));
#2841 = DIRECTION('',(1.224646799147E-16,0.,-1.));
#2842 = DIRECTION('',(-1.,0.,-1.224646799147E-16));
#2843 = ADVANCED_FACE('',(#2844),#2857,.T.);
#2844 = FACE_BOUND('',#2845,.F.);
#2845 = EDGE_LOOP('',(#2846,#2847,#2856));
#2846 = ORIENTED_EDGE('',*,*,#1700,.F.);
#2847 = ORIENTED_EDGE('',*,*,#2848,.F.);
#2848 = EDGE_CURVE('',#2849,#1701,#2851,.T.);
#2849 = VERTEX_POINT('',#2850);
#2850 = CARTESIAN_POINT('',(114.669999,99.422,3.095453673205));
#2851 = CIRCLE('',#2852,0.13125);
#2852 = AXIS2_PLACEMENT_3D('',#2853,#2854,#2855);
#2853 = CARTESIAN_POINT('',(114.669999,99.422,2.964203673205));
#2854 = DIRECTION('',(-2.449293598295E-16,-1.,-2.999519565324E-32));
#2855 = DIRECTION('',(-1.,2.449293598295E-16,-1.224646799147E-16));
#2856 = ORIENTED_EDGE('',*,*,#2848,.T.);
#2857 = SPHERICAL_SURFACE('',#2858,0.13125);
#2858 = AXIS2_PLACEMENT_3D('',#2859,#2860,#2861);
#2859 = CARTESIAN_POINT('',(114.669999,99.422,2.964203673205));
#2860 = DIRECTION('',(1.224646799147E-16,0.,-1.));
#2861 = DIRECTION('',(-1.,0.,-1.224646799147E-16));
#2862 = ADVANCED_FACE('',(#2863),#2876,.T.);
#2863 = FACE_BOUND('',#2864,.F.);
#2864 = EDGE_LOOP('',(#2865,#2866,#2875));
#2865 = ORIENTED_EDGE('',*,*,#1711,.F.);
#2866 = ORIENTED_EDGE('',*,*,#2867,.F.);
#2867 = EDGE_CURVE('',#2868,#1712,#2870,.T.);
#2868 = VERTEX_POINT('',#2869);
#2869 = CARTESIAN_POINT('',(114.269999,99.422,3.095453673205));
#2870 = CIRCLE('',#2871,0.13125);
#2871 = AXIS2_PLACEMENT_3D('',#2872,#2873,#2874);
#2872 = CARTESIAN_POINT('',(114.269999,99.422,2.964203673205));
#2873 = DIRECTION('',(-2.449293598295E-16,-1.,-2.999519565324E-32));
#2874 = DIRECTION('',(-1.,2.449293598295E-16,-1.224646799147E-16));
#2875 = ORIENTED_EDGE('',*,*,#2867,.T.);
#2876 = SPHERICAL_SURFACE('',#2877,0.13125);
#2877 = AXIS2_PLACEMENT_3D('',#2878,#2879,#2880);
#2878 = CARTESIAN_POINT('',(114.269999,99.422,2.964203673205));
#2879 = DIRECTION('',(1.224646799147E-16,0.,-1.));
#2880 = DIRECTION('',(-1.,0.,-1.224646799147E-16));
#2881 = ADVANCED_FACE('',(#2882),#2895,.T.);
#2882 = FACE_BOUND('',#2883,.F.);
#2883 = EDGE_LOOP('',(#2884,#2885,#2894));
#2884 = ORIENTED_EDGE('',*,*,#1722,.F.);
#2885 = ORIENTED_EDGE('',*,*,#2886,.F.);
#2886 = EDGE_CURVE('',#2887,#1723,#2889,.T.);
#2887 = VERTEX_POINT('',#2888);
#2888 = CARTESIAN_POINT('',(113.869999,99.822,3.095453673205));
#2889 = CIRCLE('',#2890,0.13125);
#2890 = AXIS2_PLACEMENT_3D('',#2891,#2892,#2893);
#2891 = CARTESIAN_POINT('',(113.869999,99.822,2.964203673205));
#2892 = DIRECTION('',(-2.449293598295E-16,-1.,-2.999519565324E-32));
#2893 = DIRECTION('',(-1.,2.449293598295E-16,-1.224646799147E-16));
#2894 = ORIENTED_EDGE('',*,*,#2886,.T.);
#2895 = SPHERICAL_SURFACE('',#2896,0.13125);
#2896 = AXIS2_PLACEMENT_3D('',#2897,#2898,#2899);
#2897 = CARTESIAN_POINT('',(113.869999,99.822,2.964203673205));
#2898 = DIRECTION('',(1.224646799147E-16,0.,-1.));
#2899 = DIRECTION('',(-1.,0.,-1.224646799147E-16));
#2900 = ADVANCED_FACE('',(#2901),#2914,.T.);
#2901 = FACE_BOUND('',#2902,.F.);
#2902 = EDGE_LOOP('',(#2903,#2904,#2913));
#2903 = ORIENTED_EDGE('',*,*,#1733,.F.);
#2904 = ORIENTED_EDGE('',*,*,#2905,.F.);
#2905 = EDGE_CURVE('',#2906,#1734,#2908,.T.);
#2906 = VERTEX_POINT('',#2907);
#2907 = CARTESIAN_POINT('',(113.469999,99.822,3.095453673205));
#2908 = CIRCLE('',#2909,0.13125);
#2909 = AXIS2_PLACEMENT_3D('',#2910,#2911,#2912);
#2910 = CARTESIAN_POINT('',(113.469999,99.822,2.964203673205));
#2911 = DIRECTION('',(-2.449293598295E-16,-1.,-2.999519565324E-32));
#2912 = DIRECTION('',(-1.,2.449293598295E-16,-1.224646799147E-16));
#2913 = ORIENTED_EDGE('',*,*,#2905,.T.);
#2914 = SPHERICAL_SURFACE('',#2915,0.13125);
#2915 = AXIS2_PLACEMENT_3D('',#2916,#2917,#2918);
#2916 = CARTESIAN_POINT('',(113.469999,99.822,2.964203673205));
#2917 = DIRECTION('',(1.224646799147E-16,0.,-1.));
#2918 = DIRECTION('',(-1.,0.,-1.224646799147E-16));
#2919 = ADVANCED_FACE('',(#2920),#2933,.T.);
#2920 = FACE_BOUND('',#2921,.F.);
#2921 = EDGE_LOOP('',(#2922,#2923,#2932));
#2922 = ORIENTED_EDGE('',*,*,#1744,.F.);
#2923 = ORIENTED_EDGE('',*,*,#2924,.F.);
#2924 = EDGE_CURVE('',#2925,#1745,#2927,.T.);
#2925 = VERTEX_POINT('',#2926);
#2926 = CARTESIAN_POINT('',(113.869999,99.422,3.095453673205));
#2927 = CIRCLE('',#2928,0.13125);
#2928 = AXIS2_PLACEMENT_3D('',#2929,#2930,#2931);
#2929 = CARTESIAN_POINT('',(113.869999,99.422,2.964203673205));
#2930 = DIRECTION('',(-2.449293598295E-16,-1.,-2.999519565324E-32));
#2931 = DIRECTION('',(-1.,2.449293598295E-16,-1.224646799147E-16));
#2932 = ORIENTED_EDGE('',*,*,#2924,.T.);
#2933 = SPHERICAL_SURFACE('',#2934,0.13125);
#2934 = AXIS2_PLACEMENT_3D('',#2935,#2936,#2937);
#2935 = CARTESIAN_POINT('',(113.869999,99.422,2.964203673205));
#2936 = DIRECTION('',(1.224646799147E-16,0.,-1.));
#2937 = DIRECTION('',(-1.,0.,-1.224646799147E-16));
#2938 = ADVANCED_FACE('',(#2939),#2952,.T.);
#2939 = FACE_BOUND('',#2940,.F.);
#2940 = EDGE_LOOP('',(#2941,#2942,#2951));
#2941 = ORIENTED_EDGE('',*,*,#1755,.F.);
#2942 = ORIENTED_EDGE('',*,*,#2943,.F.);
#2943 = EDGE_CURVE('',#2944,#1756,#2946,.T.);
#2944 = VERTEX_POINT('',#2945);
#2945 = CARTESIAN_POINT('',(113.469999,99.422,3.095453673205));
#2946 = CIRCLE('',#2947,0.13125);
#2947 = AXIS2_PLACEMENT_3D('',#2948,#2949,#2950);
#2948 = CARTESIAN_POINT('',(113.469999,99.422,2.964203673205));
#2949 = DIRECTION('',(-2.449293598295E-16,-1.,-2.999519565324E-32));
#2950 = DIRECTION('',(-1.,2.449293598295E-16,-1.224646799147E-16));
#2951 = ORIENTED_EDGE('',*,*,#2943,.T.);
#2952 = SPHERICAL_SURFACE('',#2953,0.13125);
#2953 = AXIS2_PLACEMENT_3D('',#2954,#2955,#2956);
#2954 = CARTESIAN_POINT('',(113.469999,99.422,2.964203673205));
#2955 = DIRECTION('',(1.224646799147E-16,0.,-1.));
#2956 = DIRECTION('',(-1.,0.,-1.224646799147E-16));
#2957 = ADVANCED_FACE('',(#2958),#2971,.T.);
#2958 = FACE_BOUND('',#2959,.F.);
#2959 = EDGE_LOOP('',(#2960,#2961,#2970));
#2960 = ORIENTED_EDGE('',*,*,#1766,.F.);
#2961 = ORIENTED_EDGE('',*,*,#2962,.F.);
#2962 = EDGE_CURVE('',#2963,#1767,#2965,.T.);
#2963 = VERTEX_POINT('',#2964);
#2964 = CARTESIAN_POINT('',(114.669999,99.022,3.095453673205));
#2965 = CIRCLE('',#2966,0.13125);
#2966 = AXIS2_PLACEMENT_3D('',#2967,#2968,#2969);
#2967 = CARTESIAN_POINT('',(114.669999,99.022,2.964203673205));
#2968 = DIRECTION('',(-2.449293598295E-16,-1.,-2.999519565324E-32));
#2969 = DIRECTION('',(-1.,2.449293598295E-16,-1.224646799147E-16));
#2970 = ORIENTED_EDGE('',*,*,#2962,.T.);
#2971 = SPHERICAL_SURFACE('',#2972,0.13125);
#2972 = AXIS2_PLACEMENT_3D('',#2973,#2974,#2975);
#2973 = CARTESIAN_POINT('',(114.669999,99.022,2.964203673205));
#2974 = DIRECTION('',(1.224646799147E-16,0.,-1.));
#2975 = DIRECTION('',(-1.,0.,-1.224646799147E-16));
#2976 = ADVANCED_FACE('',(#2977),#2990,.T.);
#2977 = FACE_BOUND('',#2978,.F.);
#2978 = EDGE_LOOP('',(#2979,#2980,#2989));
#2979 = ORIENTED_EDGE('',*,*,#1777,.F.);
#2980 = ORIENTED_EDGE('',*,*,#2981,.F.);
#2981 = EDGE_CURVE('',#2982,#1778,#2984,.T.);
#2982 = VERTEX_POINT('',#2983);
#2983 = CARTESIAN_POINT('',(114.269999,99.022,3.095453673205));
#2984 = CIRCLE('',#2985,0.13125);
#2985 = AXIS2_PLACEMENT_3D('',#2986,#2987,#2988);
#2986 = CARTESIAN_POINT('',(114.269999,99.022,2.964203673205));
#2987 = DIRECTION('',(-2.449293598295E-16,-1.,-2.999519565324E-32));
#2988 = DIRECTION('',(-1.,2.449293598295E-16,-1.224646799147E-16));
#2989 = ORIENTED_EDGE('',*,*,#2981,.T.);
#2990 = SPHERICAL_SURFACE('',#2991,0.13125);
#2991 = AXIS2_PLACEMENT_3D('',#2992,#2993,#2994);
#2992 = CARTESIAN_POINT('',(114.269999,99.022,2.964203673205));
#2993 = DIRECTION('',(1.224646799147E-16,0.,-1.));
#2994 = DIRECTION('',(-1.,0.,-1.224646799147E-16));
#2995 = ADVANCED_FACE('',(#2996),#3009,.T.);
#2996 = FACE_BOUND('',#2997,.F.);
#2997 = EDGE_LOOP('',(#2998,#2999,#3008));
#2998 = ORIENTED_EDGE('',*,*,#1788,.F.);
#2999 = ORIENTED_EDGE('',*,*,#3000,.F.);
#3000 = EDGE_CURVE('',#3001,#1789,#3003,.T.);
#3001 = VERTEX_POINT('',#3002);
#3002 = CARTESIAN_POINT('',(114.669999,98.622,3.095453673205));
#3003 = CIRCLE('',#3004,0.13125);
#3004 = AXIS2_PLACEMENT_3D('',#3005,#3006,#3007);
#3005 = CARTESIAN_POINT('',(114.669999,98.622,2.964203673205));
#3006 = DIRECTION('',(-2.449293598295E-16,-1.,-2.999519565324E-32));
#3007 = DIRECTION('',(-1.,2.449293598295E-16,-1.224646799147E-16));
#3008 = ORIENTED_EDGE('',*,*,#3000,.T.);
#3009 = SPHERICAL_SURFACE('',#3010,0.13125);
#3010 = AXIS2_PLACEMENT_3D('',#3011,#3012,#3013);
#3011 = CARTESIAN_POINT('',(114.669999,98.622,2.964203673205));
#3012 = DIRECTION('',(1.224646799147E-16,0.,-1.));
#3013 = DIRECTION('',(-1.,0.,-1.224646799147E-16));
#3014 = ADVANCED_FACE('',(#3015),#3028,.T.);
#3015 = FACE_BOUND('',#3016,.F.);
#3016 = EDGE_LOOP('',(#3017,#3018,#3027));
#3017 = ORIENTED_EDGE('',*,*,#1799,.F.);
#3018 = ORIENTED_EDGE('',*,*,#3019,.F.);
#3019 = EDGE_CURVE('',#3020,#1800,#3022,.T.);
#3020 = VERTEX_POINT('',#3021);
#3021 = CARTESIAN_POINT('',(114.269999,98.622,3.095453673205));
#3022 = CIRCLE('',#3023,0.13125);
#3023 = AXIS2_PLACEMENT_3D('',#3024,#3025,#3026);
#3024 = CARTESIAN_POINT('',(114.269999,98.622,2.964203673205));
#3025 = DIRECTION('',(-2.449293598295E-16,-1.,-2.999519565324E-32));
#3026 = DIRECTION('',(-1.,2.449293598295E-16,-1.224646799147E-16));
#3027 = ORIENTED_EDGE('',*,*,#3019,.T.);
#3028 = SPHERICAL_SURFACE('',#3029,0.13125);
#3029 = AXIS2_PLACEMENT_3D('',#3030,#3031,#3032);
#3030 = CARTESIAN_POINT('',(114.269999,98.622,2.964203673205));
#3031 = DIRECTION('',(1.224646799147E-16,0.,-1.));
#3032 = DIRECTION('',(-1.,0.,-1.224646799147E-16));
#3033 = ADVANCED_FACE('',(#3034),#3047,.T.);
#3034 = FACE_BOUND('',#3035,.F.);
#3035 = EDGE_LOOP('',(#3036,#3037,#3046));
#3036 = ORIENTED_EDGE('',*,*,#1810,.F.);
#3037 = ORIENTED_EDGE('',*,*,#3038,.F.);
#3038 = EDGE_CURVE('',#3039,#1811,#3041,.T.);
#3039 = VERTEX_POINT('',#3040);
#3040 = CARTESIAN_POINT('',(113.869999,99.022,3.095453673205));
#3041 = CIRCLE('',#3042,0.13125);
#3042 = AXIS2_PLACEMENT_3D('',#3043,#3044,#3045);
#3043 = CARTESIAN_POINT('',(113.869999,99.022,2.964203673205));
#3044 = DIRECTION('',(-2.449293598295E-16,-1.,-2.999519565324E-32));
#3045 = DIRECTION('',(-1.,2.449293598295E-16,-1.224646799147E-16));
#3046 = ORIENTED_EDGE('',*,*,#3038,.T.);
#3047 = SPHERICAL_SURFACE('',#3048,0.13125);
#3048 = AXIS2_PLACEMENT_3D('',#3049,#3050,#3051);
#3049 = CARTESIAN_POINT('',(113.869999,99.022,2.964203673205));
#3050 = DIRECTION('',(1.224646799147E-16,0.,-1.));
#3051 = DIRECTION('',(-1.,0.,-1.224646799147E-16));
#3052 = ADVANCED_FACE('',(#3053),#3066,.T.);
#3053 = FACE_BOUND('',#3054,.F.);
#3054 = EDGE_LOOP('',(#3055,#3056,#3065));
#3055 = ORIENTED_EDGE('',*,*,#1821,.F.);
#3056 = ORIENTED_EDGE('',*,*,#3057,.F.);
#3057 = EDGE_CURVE('',#3058,#1822,#3060,.T.);
#3058 = VERTEX_POINT('',#3059);
#3059 = CARTESIAN_POINT('',(113.469999,99.022,3.095453673205));
#3060 = CIRCLE('',#3061,0.13125);
#3061 = AXIS2_PLACEMENT_3D('',#3062,#3063,#3064);
#3062 = CARTESIAN_POINT('',(113.469999,99.022,2.964203673205));
#3063 = DIRECTION('',(-2.449293598295E-16,-1.,-2.999519565324E-32));
#3064 = DIRECTION('',(-1.,2.449293598295E-16,-1.224646799147E-16));
#3065 = ORIENTED_EDGE('',*,*,#3057,.T.);
#3066 = SPHERICAL_SURFACE('',#3067,0.13125);
#3067 = AXIS2_PLACEMENT_3D('',#3068,#3069,#3070);
#3068 = CARTESIAN_POINT('',(113.469999,99.022,2.964203673205));
#3069 = DIRECTION('',(1.224646799147E-16,0.,-1.));
#3070 = DIRECTION('',(-1.,0.,-1.224646799147E-16));
#3071 = ADVANCED_FACE('',(#3072),#3085,.T.);
#3072 = FACE_BOUND('',#3073,.F.);
#3073 = EDGE_LOOP('',(#3074,#3075,#3084));
#3074 = ORIENTED_EDGE('',*,*,#1832,.F.);
#3075 = ORIENTED_EDGE('',*,*,#3076,.F.);
#3076 = EDGE_CURVE('',#3077,#1833,#3079,.T.);
#3077 = VERTEX_POINT('',#3078);
#3078 = CARTESIAN_POINT('',(113.869999,98.622,3.095453673205));
#3079 = CIRCLE('',#3080,0.13125);
#3080 = AXIS2_PLACEMENT_3D('',#3081,#3082,#3083);
#3081 = CARTESIAN_POINT('',(113.869999,98.622,2.964203673205));
#3082 = DIRECTION('',(-2.449293598295E-16,-1.,-2.999519565324E-32));
#3083 = DIRECTION('',(-1.,2.449293598295E-16,-1.224646799147E-16));
#3084 = ORIENTED_EDGE('',*,*,#3076,.T.);
#3085 = SPHERICAL_SURFACE('',#3086,0.13125);
#3086 = AXIS2_PLACEMENT_3D('',#3087,#3088,#3089);
#3087 = CARTESIAN_POINT('',(113.869999,98.622,2.964203673205));
#3088 = DIRECTION('',(1.224646799147E-16,0.,-1.));
#3089 = DIRECTION('',(-1.,0.,-1.224646799147E-16));
#3090 = ADVANCED_FACE('',(#3091),#3104,.T.);
#3091 = FACE_BOUND('',#3092,.F.);
#3092 = EDGE_LOOP('',(#3093,#3094,#3103));
#3093 = ORIENTED_EDGE('',*,*,#1843,.F.);
#3094 = ORIENTED_EDGE('',*,*,#3095,.F.);
#3095 = EDGE_CURVE('',#3096,#1844,#3098,.T.);
#3096 = VERTEX_POINT('',#3097);
#3097 = CARTESIAN_POINT('',(113.469999,98.622,3.095453673205));
#3098 = CIRCLE('',#3099,0.13125);
#3099 = AXIS2_PLACEMENT_3D('',#3100,#3101,#3102);
#3100 = CARTESIAN_POINT('',(113.469999,98.622,2.964203673205));
#3101 = DIRECTION('',(-2.449293598295E-16,-1.,-2.999519565324E-32));
#3102 = DIRECTION('',(-1.,2.449293598295E-16,-1.224646799147E-16));
#3103 = ORIENTED_EDGE('',*,*,#3095,.T.);
#3104 = SPHERICAL_SURFACE('',#3105,0.13125);
#3105 = AXIS2_PLACEMENT_3D('',#3106,#3107,#3108);
#3106 = CARTESIAN_POINT('',(113.469999,98.622,2.964203673205));
#3107 = DIRECTION('',(1.224646799147E-16,0.,-1.));
#3108 = DIRECTION('',(-1.,0.,-1.224646799147E-16));
#3109 = ADVANCED_FACE('',(#3110),#3113,.T.);
#3110 = FACE_BOUND('',#3111,.T.);
#3111 = EDGE_LOOP('',(#3112));
#3112 = ORIENTED_EDGE('',*,*,#1881,.F.);
#3113 = PLANE('',#3114);
#3114 = AXIS2_PLACEMENT_3D('',#3115,#3116,#3117);
#3115 = CARTESIAN_POINT('',(116.469999,98.422,2.087203673205));
#3116 = DIRECTION('',(1.224646799147E-16,0.,-1.));
#3117 = DIRECTION('',(1.,0.,1.224646799147E-16));
#3118 = MANIFOLD_SOLID_BREP('',#3119);
#3119 = CLOSED_SHELL('',(#3120,#3168,#3199,#3223,#3520,#3544,#3561,#3574
    ,#3607,#3645,#3662,#3701,#3725,#3757,#3774,#3805,#3829,#3853,#3870,
    #3901,#3925,#3949,#3966,#3997,#4021,#4045,#4062,#4093,#4117,#4141,
    #4158,#4189,#4213,#4237,#4254,#4285,#4309,#4333,#4350,#4362,#4379,
    #4396,#4408,#4420,#4432,#4444,#4456,#4468));
#3120 = ADVANCED_FACE('',(#3121),#3163,.F.);
#3121 = FACE_BOUND('',#3122,.T.);
#3122 = EDGE_LOOP('',(#3123,#3133,#3141,#3149,#3157));
#3123 = ORIENTED_EDGE('',*,*,#3124,.F.);
#3124 = EDGE_CURVE('',#3125,#3127,#3129,.T.);
#3125 = VERTEX_POINT('',#3126);
#3126 = CARTESIAN_POINT('',(115.624,99.923,0.34));
#3127 = VERTEX_POINT('',#3128);
#3128 = CARTESIAN_POINT('',(115.624,99.923,0.37));
#3129 = LINE('',#3130,#3131);
#3130 = CARTESIAN_POINT('',(115.624,99.923,0.34));
#3131 = VECTOR('',#3132,1.);
#3132 = DIRECTION('',(0.,0.,1.));
#3133 = ORIENTED_EDGE('',*,*,#3134,.T.);
#3134 = EDGE_CURVE('',#3125,#3135,#3137,.T.);
#3135 = VERTEX_POINT('',#3136);
#3136 = CARTESIAN_POINT('',(115.624,99.673,0.34));
#3137 = LINE('',#3138,#3139);
#3138 = CARTESIAN_POINT('',(115.624,99.923,0.34));
#3139 = VECTOR('',#3140,1.);
#3140 = DIRECTION('',(-0.,-1.,-0.));
#3141 = ORIENTED_EDGE('',*,*,#3142,.T.);
#3142 = EDGE_CURVE('',#3135,#3143,#3145,.T.);
#3143 = VERTEX_POINT('',#3144);
#3144 = CARTESIAN_POINT('',(115.624,99.673,0.37));
#3145 = LINE('',#3146,#3147);
#3146 = CARTESIAN_POINT('',(115.624,99.673,0.34));
#3147 = VECTOR('',#3148,1.);
#3148 = DIRECTION('',(0.,0.,1.));
#3149 = ORIENTED_EDGE('',*,*,#3150,.F.);
#3150 = EDGE_CURVE('',#3151,#3143,#3153,.T.);
#3151 = VERTEX_POINT('',#3152);
#3152 = CARTESIAN_POINT('',(115.624,99.898,0.37));
#3153 = LINE('',#3154,#3155);
#3154 = CARTESIAN_POINT('',(115.624,99.923,0.37));
#3155 = VECTOR('',#3156,1.);
#3156 = DIRECTION('',(-0.,-1.,-0.));
#3157 = ORIENTED_EDGE('',*,*,#3158,.F.);
#3158 = EDGE_CURVE('',#3127,#3151,#3159,.T.);
#3159 = LINE('',#3160,#3161);
#3160 = CARTESIAN_POINT('',(115.624,99.923,0.37));
#3161 = VECTOR('',#3162,1.);
#3162 = DIRECTION('',(-0.,-1.,-0.));
#3163 = PLANE('',#3164);
#3164 = AXIS2_PLACEMENT_3D('',#3165,#3166,#3167);
#3165 = CARTESIAN_POINT('',(115.624,99.923,0.34));
#3166 = DIRECTION('',(1.,0.,0.));
#3167 = DIRECTION('',(0.,0.,-1.));
#3168 = ADVANCED_FACE('',(#3169),#3194,.F.);
#3169 = FACE_BOUND('',#3170,.T.);
#3170 = EDGE_LOOP('',(#3171,#3179,#3180,#3188));
#3171 = ORIENTED_EDGE('',*,*,#3172,.F.);
#3172 = EDGE_CURVE('',#3125,#3173,#3175,.T.);
#3173 = VERTEX_POINT('',#3174);
#3174 = CARTESIAN_POINT('',(116.274,99.923,0.34));
#3175 = LINE('',#3176,#3177);
#3176 = CARTESIAN_POINT('',(115.624,99.923,0.34));
#3177 = VECTOR('',#3178,1.);
#3178 = DIRECTION('',(1.,0.,0.));
#3179 = ORIENTED_EDGE('',*,*,#3124,.T.);
#3180 = ORIENTED_EDGE('',*,*,#3181,.T.);
#3181 = EDGE_CURVE('',#3127,#3182,#3184,.T.);
#3182 = VERTEX_POINT('',#3183);
#3183 = CARTESIAN_POINT('',(116.274,99.923,0.37));
#3184 = LINE('',#3185,#3186);
#3185 = CARTESIAN_POINT('',(115.624,99.923,0.37));
#3186 = VECTOR('',#3187,1.);
#3187 = DIRECTION('',(1.,0.,0.));
#3188 = ORIENTED_EDGE('',*,*,#3189,.F.);
#3189 = EDGE_CURVE('',#3173,#3182,#3190,.T.);
#3190 = LINE('',#3191,#3192);
#3191 = CARTESIAN_POINT('',(116.274,99.923,0.34));
#3192 = VECTOR('',#3193,1.);
#3193 = DIRECTION('',(0.,0.,1.));
#3194 = PLANE('',#3195);
#3195 = AXIS2_PLACEMENT_3D('',#3196,#3197,#3198);
#3196 = CARTESIAN_POINT('',(115.624,99.923,0.34));
#3197 = DIRECTION('',(-0.,-1.,-0.));
#3198 = DIRECTION('',(0.,0.,-1.));
#3199 = ADVANCED_FACE('',(#3200),#3218,.T.);
#3200 = FACE_BOUND('',#3201,.F.);
#3201 = EDGE_LOOP('',(#3202,#3203,#3204,#3212));
#3202 = ORIENTED_EDGE('',*,*,#3158,.F.);
#3203 = ORIENTED_EDGE('',*,*,#3181,.T.);
#3204 = ORIENTED_EDGE('',*,*,#3205,.T.);
#3205 = EDGE_CURVE('',#3182,#3206,#3208,.T.);
#3206 = VERTEX_POINT('',#3207);
#3207 = CARTESIAN_POINT('',(116.274,99.898,0.37));
#3208 = LINE('',#3209,#3210);
#3209 = CARTESIAN_POINT('',(116.274,99.923,0.37));
#3210 = VECTOR('',#3211,1.);
#3211 = DIRECTION('',(-0.,-1.,-0.));
#3212 = ORIENTED_EDGE('',*,*,#3213,.F.);
#3213 = EDGE_CURVE('',#3151,#3206,#3214,.T.);
#3214 = LINE('',#3215,#3216);
#3215 = CARTESIAN_POINT('',(115.574,99.898,0.37));
#3216 = VECTOR('',#3217,1.);
#3217 = DIRECTION('',(1.,0.,0.));
#3218 = PLANE('',#3219);
#3219 = AXIS2_PLACEMENT_3D('',#3220,#3221,#3222);
#3220 = CARTESIAN_POINT('',(115.624,99.923,0.37));
#3221 = DIRECTION('',(0.,0.,1.));
#3222 = DIRECTION('',(-1.,0.,0.));
#3223 = ADVANCED_FACE('',(#3224,#3311,#3345,#3379,#3413,#3447,#3481),
  #3515,.F.);
#3224 = FACE_BOUND('',#3225,.T.);
#3225 = EDGE_LOOP('',(#3226,#3236,#3244,#3250,#3251,#3259,#3265,#3273,
    #3281,#3289,#3297,#3305));
#3226 = ORIENTED_EDGE('',*,*,#3227,.F.);
#3227 = EDGE_CURVE('',#3228,#3230,#3232,.T.);
#3228 = VERTEX_POINT('',#3229);
#3229 = CARTESIAN_POINT('',(115.574,98.198,0.37));
#3230 = VERTEX_POINT('',#3231);
#3231 = CARTESIAN_POINT('',(115.624,98.198,0.37));
#3232 = LINE('',#3233,#3234);
#3233 = CARTESIAN_POINT('',(115.574,98.198,0.37));
#3234 = VECTOR('',#3235,1.);
#3235 = DIRECTION('',(1.,0.,0.));
#3236 = ORIENTED_EDGE('',*,*,#3237,.F.);
#3237 = EDGE_CURVE('',#3238,#3228,#3240,.T.);
#3238 = VERTEX_POINT('',#3239);
#3239 = CARTESIAN_POINT('',(115.574,99.898,0.37));
#3240 = LINE('',#3241,#3242);
#3241 = CARTESIAN_POINT('',(115.574,99.898,0.37));
#3242 = VECTOR('',#3243,1.);
#3243 = DIRECTION('',(-0.,-1.,-0.));
#3244 = ORIENTED_EDGE('',*,*,#3245,.T.);
#3245 = EDGE_CURVE('',#3238,#3151,#3246,.T.);
#3246 = LINE('',#3247,#3248);
#3247 = CARTESIAN_POINT('',(115.574,99.898,0.37));
#3248 = VECTOR('',#3249,1.);
#3249 = DIRECTION('',(1.,0.,0.));
#3250 = ORIENTED_EDGE('',*,*,#3150,.T.);
#3251 = ORIENTED_EDGE('',*,*,#3252,.T.);
#3252 = EDGE_CURVE('',#3143,#3253,#3255,.T.);
#3253 = VERTEX_POINT('',#3254);
#3254 = CARTESIAN_POINT('',(116.274,99.673,0.37));
#3255 = LINE('',#3256,#3257);
#3256 = CARTESIAN_POINT('',(115.624,99.673,0.37));
#3257 = VECTOR('',#3258,1.);
#3258 = DIRECTION('',(1.,0.,0.));
#3259 = ORIENTED_EDGE('',*,*,#3260,.F.);
#3260 = EDGE_CURVE('',#3206,#3253,#3261,.T.);
#3261 = LINE('',#3262,#3263);
#3262 = CARTESIAN_POINT('',(116.274,99.923,0.37));
#3263 = VECTOR('',#3264,1.);
#3264 = DIRECTION('',(-0.,-1.,-0.));
#3265 = ORIENTED_EDGE('',*,*,#3266,.T.);
#3266 = EDGE_CURVE('',#3206,#3267,#3269,.T.);
#3267 = VERTEX_POINT('',#3268);
#3268 = CARTESIAN_POINT('',(118.074,99.898,0.37));
#3269 = LINE('',#3270,#3271);
#3270 = CARTESIAN_POINT('',(115.574,99.898,0.37));
#3271 = VECTOR('',#3272,1.);
#3272 = DIRECTION('',(1.,0.,0.));
#3273 = ORIENTED_EDGE('',*,*,#3274,.T.);
#3274 = EDGE_CURVE('',#3267,#3275,#3277,.T.);
#3275 = VERTEX_POINT('',#3276);
#3276 = CARTESIAN_POINT('',(118.074,98.198,0.37));
#3277 = LINE('',#3278,#3279);
#3278 = CARTESIAN_POINT('',(118.074,99.898,0.37));
#3279 = VECTOR('',#3280,1.);
#3280 = DIRECTION('',(-0.,-1.,-0.));
#3281 = ORIENTED_EDGE('',*,*,#3282,.F.);
#3282 = EDGE_CURVE('',#3283,#3275,#3285,.T.);
#3283 = VERTEX_POINT('',#3284);
#3284 = CARTESIAN_POINT('',(116.274,98.198,0.37));
#3285 = LINE('',#3286,#3287);
#3286 = CARTESIAN_POINT('',(115.574,98.198,0.37));
#3287 = VECTOR('',#3288,1.);
#3288 = DIRECTION('',(1.,0.,0.));
#3289 = ORIENTED_EDGE('',*,*,#3290,.F.);
#3290 = EDGE_CURVE('',#3291,#3283,#3293,.T.);
#3291 = VERTEX_POINT('',#3292);
#3292 = CARTESIAN_POINT('',(116.274,98.423,0.37));
#3293 = LINE('',#3294,#3295);
#3294 = CARTESIAN_POINT('',(116.274,98.423,0.37));
#3295 = VECTOR('',#3296,1.);
#3296 = DIRECTION('',(-0.,-1.,-0.));
#3297 = ORIENTED_EDGE('',*,*,#3298,.F.);
#3298 = EDGE_CURVE('',#3299,#3291,#3301,.T.);
#3299 = VERTEX_POINT('',#3300);
#3300 = CARTESIAN_POINT('',(115.624,98.423,0.37));
#3301 = LINE('',#3302,#3303);
#3302 = CARTESIAN_POINT('',(115.624,98.423,0.37));
#3303 = VECTOR('',#3304,1.);
#3304 = DIRECTION('',(1.,0.,0.));
#3305 = ORIENTED_EDGE('',*,*,#3306,.T.);
#3306 = EDGE_CURVE('',#3299,#3230,#3307,.T.);
#3307 = LINE('',#3308,#3309);
#3308 = CARTESIAN_POINT('',(115.624,98.423,0.37));
#3309 = VECTOR('',#3310,1.);
#3310 = DIRECTION('',(-0.,-1.,-0.));
#3311 = FACE_BOUND('',#3312,.T.);
#3312 = EDGE_LOOP('',(#3313,#3323,#3331,#3339));
#3313 = ORIENTED_EDGE('',*,*,#3314,.T.);
#3314 = EDGE_CURVE('',#3315,#3317,#3319,.T.);
#3315 = VERTEX_POINT('',#3316);
#3316 = CARTESIAN_POINT('',(115.624,99.423,0.37));
#3317 = VERTEX_POINT('',#3318);
#3318 = CARTESIAN_POINT('',(115.624,99.173,0.37));
#3319 = LINE('',#3320,#3321);
#3320 = CARTESIAN_POINT('',(115.624,99.423,0.37));
#3321 = VECTOR('',#3322,1.);
#3322 = DIRECTION('',(-0.,-1.,-0.));
#3323 = ORIENTED_EDGE('',*,*,#3324,.T.);
#3324 = EDGE_CURVE('',#3317,#3325,#3327,.T.);
#3325 = VERTEX_POINT('',#3326);
#3326 = CARTESIAN_POINT('',(116.274,99.173,0.37));
#3327 = LINE('',#3328,#3329);
#3328 = CARTESIAN_POINT('',(115.624,99.173,0.37));
#3329 = VECTOR('',#3330,1.);
#3330 = DIRECTION('',(1.,0.,0.));
#3331 = ORIENTED_EDGE('',*,*,#3332,.F.);
#3332 = EDGE_CURVE('',#3333,#3325,#3335,.T.);
#3333 = VERTEX_POINT('',#3334);
#3334 = CARTESIAN_POINT('',(116.274,99.423,0.37));
#3335 = LINE('',#3336,#3337);
#3336 = CARTESIAN_POINT('',(116.274,99.423,0.37));
#3337 = VECTOR('',#3338,1.);
#3338 = DIRECTION('',(-0.,-1.,-0.));
#3339 = ORIENTED_EDGE('',*,*,#3340,.F.);
#3340 = EDGE_CURVE('',#3315,#3333,#3341,.T.);
#3341 = LINE('',#3342,#3343);
#3342 = CARTESIAN_POINT('',(115.624,99.423,0.37));
#3343 = VECTOR('',#3344,1.);
#3344 = DIRECTION('',(1.,0.,0.));
#3345 = FACE_BOUND('',#3346,.T.);
#3346 = EDGE_LOOP('',(#3347,#3357,#3365,#3373));
#3347 = ORIENTED_EDGE('',*,*,#3348,.T.);
#3348 = EDGE_CURVE('',#3349,#3351,#3353,.T.);
#3349 = VERTEX_POINT('',#3350);
#3350 = CARTESIAN_POINT('',(117.374,99.673,0.37));
#3351 = VERTEX_POINT('',#3352);
#3352 = CARTESIAN_POINT('',(117.374,99.423,0.37));
#3353 = LINE('',#3354,#3355);
#3354 = CARTESIAN_POINT('',(117.374,99.673,0.37));
#3355 = VECTOR('',#3356,1.);
#3356 = DIRECTION('',(-0.,-1.,-0.));
#3357 = ORIENTED_EDGE('',*,*,#3358,.T.);
#3358 = EDGE_CURVE('',#3351,#3359,#3361,.T.);
#3359 = VERTEX_POINT('',#3360);
#3360 = CARTESIAN_POINT('',(118.024,99.423,0.37));
#3361 = LINE('',#3362,#3363);
#3362 = CARTESIAN_POINT('',(117.374,99.423,0.37));
#3363 = VECTOR('',#3364,1.);
#3364 = DIRECTION('',(1.,0.,0.));
#3365 = ORIENTED_EDGE('',*,*,#3366,.F.);
#3366 = EDGE_CURVE('',#3367,#3359,#3369,.T.);
#3367 = VERTEX_POINT('',#3368);
#3368 = CARTESIAN_POINT('',(118.024,99.673,0.37));
#3369 = LINE('',#3370,#3371);
#3370 = CARTESIAN_POINT('',(118.024,99.673,0.37));
#3371 = VECTOR('',#3372,1.);
#3372 = DIRECTION('',(-0.,-1.,-0.));
#3373 = ORIENTED_EDGE('',*,*,#3374,.F.);
#3374 = EDGE_CURVE('',#3349,#3367,#3375,.T.);
#3375 = LINE('',#3376,#3377);
#3376 = CARTESIAN_POINT('',(117.374,99.673,0.37));
#3377 = VECTOR('',#3378,1.);
#3378 = DIRECTION('',(1.,0.,0.));
#3379 = FACE_BOUND('',#3380,.T.);
#3380 = EDGE_LOOP('',(#3381,#3391,#3399,#3407));
#3381 = ORIENTED_EDGE('',*,*,#3382,.T.);
#3382 = EDGE_CURVE('',#3383,#3385,#3387,.T.);
#3383 = VERTEX_POINT('',#3384);
#3384 = CARTESIAN_POINT('',(115.624,98.923,0.37));
#3385 = VERTEX_POINT('',#3386);
#3386 = CARTESIAN_POINT('',(115.624,98.673,0.37));
#3387 = LINE('',#3388,#3389);
#3388 = CARTESIAN_POINT('',(115.624,98.923,0.37));
#3389 = VECTOR('',#3390,1.);
#3390 = DIRECTION('',(-0.,-1.,-0.));
#3391 = ORIENTED_EDGE('',*,*,#3392,.T.);
#3392 = EDGE_CURVE('',#3385,#3393,#3395,.T.);
#3393 = VERTEX_POINT('',#3394);
#3394 = CARTESIAN_POINT('',(116.274,98.673,0.37));
#3395 = LINE('',#3396,#3397);
#3396 = CARTESIAN_POINT('',(115.624,98.673,0.37));
#3397 = VECTOR('',#3398,1.);
#3398 = DIRECTION('',(1.,0.,0.));
#3399 = ORIENTED_EDGE('',*,*,#3400,.F.);
#3400 = EDGE_CURVE('',#3401,#3393,#3403,.T.);
#3401 = VERTEX_POINT('',#3402);
#3402 = CARTESIAN_POINT('',(116.274,98.923,0.37));
#3403 = LINE('',#3404,#3405);
#3404 = CARTESIAN_POINT('',(116.274,98.923,0.37));
#3405 = VECTOR('',#3406,1.);
#3406 = DIRECTION('',(-0.,-1.,-0.));
#3407 = ORIENTED_EDGE('',*,*,#3408,.F.);
#3408 = EDGE_CURVE('',#3383,#3401,#3409,.T.);
#3409 = LINE('',#3410,#3411);
#3410 = CARTESIAN_POINT('',(115.624,98.923,0.37));
#3411 = VECTOR('',#3412,1.);
#3412 = DIRECTION('',(1.,0.,0.));
#3413 = FACE_BOUND('',#3414,.T.);
#3414 = EDGE_LOOP('',(#3415,#3425,#3433,#3441));
#3415 = ORIENTED_EDGE('',*,*,#3416,.T.);
#3416 = EDGE_CURVE('',#3417,#3419,#3421,.T.);
#3417 = VERTEX_POINT('',#3418);
#3418 = CARTESIAN_POINT('',(116.499,99.648,0.37));
#3419 = VERTEX_POINT('',#3420);
#3420 = CARTESIAN_POINT('',(116.499,98.448,0.37));
#3421 = LINE('',#3422,#3423);
#3422 = CARTESIAN_POINT('',(116.499,99.648,0.37));
#3423 = VECTOR('',#3424,1.);
#3424 = DIRECTION('',(-0.,-1.,-0.));
#3425 = ORIENTED_EDGE('',*,*,#3426,.T.);
#3426 = EDGE_CURVE('',#3419,#3427,#3429,.T.);
#3427 = VERTEX_POINT('',#3428);
#3428 = CARTESIAN_POINT('',(117.149,98.448,0.37));
#3429 = LINE('',#3430,#3431);
#3430 = CARTESIAN_POINT('',(116.499,98.448,0.37));
#3431 = VECTOR('',#3432,1.);
#3432 = DIRECTION('',(1.,0.,0.));
#3433 = ORIENTED_EDGE('',*,*,#3434,.F.);
#3434 = EDGE_CURVE('',#3435,#3427,#3437,.T.);
#3435 = VERTEX_POINT('',#3436);
#3436 = CARTESIAN_POINT('',(117.149,99.648,0.37));
#3437 = LINE('',#3438,#3439);
#3438 = CARTESIAN_POINT('',(117.149,99.648,0.37));
#3439 = VECTOR('',#3440,1.);
#3440 = DIRECTION('',(-0.,-1.,-0.));
#3441 = ORIENTED_EDGE('',*,*,#3442,.F.);
#3442 = EDGE_CURVE('',#3417,#3435,#3443,.T.);
#3443 = LINE('',#3444,#3445);
#3444 = CARTESIAN_POINT('',(116.499,99.648,0.37));
#3445 = VECTOR('',#3446,1.);
#3446 = DIRECTION('',(1.,0.,0.));
#3447 = FACE_BOUND('',#3448,.T.);
#3448 = EDGE_LOOP('',(#3449,#3459,#3467,#3475));
#3449 = ORIENTED_EDGE('',*,*,#3450,.T.);
#3450 = EDGE_CURVE('',#3451,#3453,#3455,.T.);
#3451 = VERTEX_POINT('',#3452);
#3452 = CARTESIAN_POINT('',(117.374,99.173,0.37));
#3453 = VERTEX_POINT('',#3454);
#3454 = CARTESIAN_POINT('',(117.374,98.923,0.37));
#3455 = LINE('',#3456,#3457);
#3456 = CARTESIAN_POINT('',(117.374,99.173,0.37));
#3457 = VECTOR('',#3458,1.);
#3458 = DIRECTION('',(-0.,-1.,-0.));
#3459 = ORIENTED_EDGE('',*,*,#3460,.T.);
#3460 = EDGE_CURVE('',#3453,#3461,#3463,.T.);
#3461 = VERTEX_POINT('',#3462);
#3462 = CARTESIAN_POINT('',(118.024,98.923,0.37));
#3463 = LINE('',#3464,#3465);
#3464 = CARTESIAN_POINT('',(117.374,98.923,0.37));
#3465 = VECTOR('',#3466,1.);
#3466 = DIRECTION('',(1.,0.,0.));
#3467 = ORIENTED_EDGE('',*,*,#3468,.F.);
#3468 = EDGE_CURVE('',#3469,#3461,#3471,.T.);
#3469 = VERTEX_POINT('',#3470);
#3470 = CARTESIAN_POINT('',(118.024,99.173,0.37));
#3471 = LINE('',#3472,#3473);
#3472 = CARTESIAN_POINT('',(118.024,99.173,0.37));
#3473 = VECTOR('',#3474,1.);
#3474 = DIRECTION('',(-0.,-1.,-0.));
#3475 = ORIENTED_EDGE('',*,*,#3476,.F.);
#3476 = EDGE_CURVE('',#3451,#3469,#3477,.T.);
#3477 = LINE('',#3478,#3479);
#3478 = CARTESIAN_POINT('',(117.374,99.173,0.37));
#3479 = VECTOR('',#3480,1.);
#3480 = DIRECTION('',(1.,0.,0.));
#3481 = FACE_BOUND('',#3482,.T.);
#3482 = EDGE_LOOP('',(#3483,#3493,#3501,#3509));
#3483 = ORIENTED_EDGE('',*,*,#3484,.T.);
#3484 = EDGE_CURVE('',#3485,#3487,#3489,.T.);
#3485 = VERTEX_POINT('',#3486);
#3486 = CARTESIAN_POINT('',(117.374,98.673,0.37));
#3487 = VERTEX_POINT('',#3488);
#3488 = CARTESIAN_POINT('',(117.374,98.423,0.37));
#3489 = LINE('',#3490,#3491);
#3490 = CARTESIAN_POINT('',(117.374,98.673,0.37));
#3491 = VECTOR('',#3492,1.);
#3492 = DIRECTION('',(-0.,-1.,-0.));
#3493 = ORIENTED_EDGE('',*,*,#3494,.T.);
#3494 = EDGE_CURVE('',#3487,#3495,#3497,.T.);
#3495 = VERTEX_POINT('',#3496);
#3496 = CARTESIAN_POINT('',(118.024,98.423,0.37));
#3497 = LINE('',#3498,#3499);
#3498 = CARTESIAN_POINT('',(117.374,98.423,0.37));
#3499 = VECTOR('',#3500,1.);
#3500 = DIRECTION('',(1.,0.,0.));
#3501 = ORIENTED_EDGE('',*,*,#3502,.F.);
#3502 = EDGE_CURVE('',#3503,#3495,#3505,.T.);
#3503 = VERTEX_POINT('',#3504);
#3504 = CARTESIAN_POINT('',(118.024,98.673,0.37));
#3505 = LINE('',#3506,#3507);
#3506 = CARTESIAN_POINT('',(118.024,98.673,0.37));
#3507 = VECTOR('',#3508,1.);
#3508 = DIRECTION('',(-0.,-1.,-0.));
#3509 = ORIENTED_EDGE('',*,*,#3510,.F.);
#3510 = EDGE_CURVE('',#3485,#3503,#3511,.T.);
#3511 = LINE('',#3512,#3513);
#3512 = CARTESIAN_POINT('',(117.374,98.673,0.37));
#3513 = VECTOR('',#3514,1.);
#3514 = DIRECTION('',(1.,0.,0.));
#3515 = PLANE('',#3516);
#3516 = AXIS2_PLACEMENT_3D('',#3517,#3518,#3519);
#3517 = CARTESIAN_POINT('',(115.574,99.898,0.37));
#3518 = DIRECTION('',(0.,0.,1.));
#3519 = DIRECTION('',(-1.,0.,0.));
#3520 = ADVANCED_FACE('',(#3521),#3539,.T.);
#3521 = FACE_BOUND('',#3522,.F.);
#3522 = EDGE_LOOP('',(#3523,#3531,#3532,#3533));
#3523 = ORIENTED_EDGE('',*,*,#3524,.F.);
#3524 = EDGE_CURVE('',#3135,#3525,#3527,.T.);
#3525 = VERTEX_POINT('',#3526);
#3526 = CARTESIAN_POINT('',(116.274,99.673,0.34));
#3527 = LINE('',#3528,#3529);
#3528 = CARTESIAN_POINT('',(115.624,99.673,0.34));
#3529 = VECTOR('',#3530,1.);
#3530 = DIRECTION('',(1.,0.,0.));
#3531 = ORIENTED_EDGE('',*,*,#3142,.T.);
#3532 = ORIENTED_EDGE('',*,*,#3252,.T.);
#3533 = ORIENTED_EDGE('',*,*,#3534,.F.);
#3534 = EDGE_CURVE('',#3525,#3253,#3535,.T.);
#3535 = LINE('',#3536,#3537);
#3536 = CARTESIAN_POINT('',(116.274,99.673,0.34));
#3537 = VECTOR('',#3538,1.);
#3538 = DIRECTION('',(0.,0.,1.));
#3539 = PLANE('',#3540);
#3540 = AXIS2_PLACEMENT_3D('',#3541,#3542,#3543);
#3541 = CARTESIAN_POINT('',(115.624,99.673,0.34));
#3542 = DIRECTION('',(-0.,-1.,-0.));
#3543 = DIRECTION('',(0.,0.,-1.));
#3544 = ADVANCED_FACE('',(#3545),#3556,.F.);
#3545 = FACE_BOUND('',#3546,.T.);
#3546 = EDGE_LOOP('',(#3547,#3548,#3549,#3555));
#3547 = ORIENTED_EDGE('',*,*,#3134,.F.);
#3548 = ORIENTED_EDGE('',*,*,#3172,.T.);
#3549 = ORIENTED_EDGE('',*,*,#3550,.T.);
#3550 = EDGE_CURVE('',#3173,#3525,#3551,.T.);
#3551 = LINE('',#3552,#3553);
#3552 = CARTESIAN_POINT('',(116.274,99.923,0.34));
#3553 = VECTOR('',#3554,1.);
#3554 = DIRECTION('',(-0.,-1.,-0.));
#3555 = ORIENTED_EDGE('',*,*,#3524,.F.);
#3556 = PLANE('',#3557);
#3557 = AXIS2_PLACEMENT_3D('',#3558,#3559,#3560);
#3558 = CARTESIAN_POINT('',(115.624,99.923,0.34));
#3559 = DIRECTION('',(0.,0.,1.));
#3560 = DIRECTION('',(-1.,0.,0.));
#3561 = ADVANCED_FACE('',(#3562),#3569,.T.);
#3562 = FACE_BOUND('',#3563,.F.);
#3563 = EDGE_LOOP('',(#3564,#3565,#3566,#3567,#3568));
#3564 = ORIENTED_EDGE('',*,*,#3189,.F.);
#3565 = ORIENTED_EDGE('',*,*,#3550,.T.);
#3566 = ORIENTED_EDGE('',*,*,#3534,.T.);
#3567 = ORIENTED_EDGE('',*,*,#3260,.F.);
#3568 = ORIENTED_EDGE('',*,*,#3205,.F.);
#3569 = PLANE('',#3570);
#3570 = AXIS2_PLACEMENT_3D('',#3571,#3572,#3573);
#3571 = CARTESIAN_POINT('',(116.274,99.923,0.34));
#3572 = DIRECTION('',(1.,0.,0.));
#3573 = DIRECTION('',(0.,0.,-1.));
#3574 = ADVANCED_FACE('',(#3575),#3602,.F.);
#3575 = FACE_BOUND('',#3576,.T.);
#3576 = EDGE_LOOP('',(#3577,#3578,#3586,#3594,#3600,#3601));
#3577 = ORIENTED_EDGE('',*,*,#3245,.F.);
#3578 = ORIENTED_EDGE('',*,*,#3579,.T.);
#3579 = EDGE_CURVE('',#3238,#3580,#3582,.T.);
#3580 = VERTEX_POINT('',#3581);
#3581 = CARTESIAN_POINT('',(115.574,99.898,1.59));
#3582 = LINE('',#3583,#3584);
#3583 = CARTESIAN_POINT('',(115.574,99.898,0.37));
#3584 = VECTOR('',#3585,1.);
#3585 = DIRECTION('',(0.,0.,1.));
#3586 = ORIENTED_EDGE('',*,*,#3587,.T.);
#3587 = EDGE_CURVE('',#3580,#3588,#3590,.T.);
#3588 = VERTEX_POINT('',#3589);
#3589 = CARTESIAN_POINT('',(118.074,99.898,1.59));
#3590 = LINE('',#3591,#3592);
#3591 = CARTESIAN_POINT('',(115.574,99.898,1.59));
#3592 = VECTOR('',#3593,1.);
#3593 = DIRECTION('',(1.,0.,0.));
#3594 = ORIENTED_EDGE('',*,*,#3595,.F.);
#3595 = EDGE_CURVE('',#3267,#3588,#3596,.T.);
#3596 = LINE('',#3597,#3598);
#3597 = CARTESIAN_POINT('',(118.074,99.898,0.37));
#3598 = VECTOR('',#3599,1.);
#3599 = DIRECTION('',(0.,0.,1.));
#3600 = ORIENTED_EDGE('',*,*,#3266,.F.);
#3601 = ORIENTED_EDGE('',*,*,#3213,.F.);
#3602 = PLANE('',#3603);
#3603 = AXIS2_PLACEMENT_3D('',#3604,#3605,#3606);
#3604 = CARTESIAN_POINT('',(115.574,99.898,0.37));
#3605 = DIRECTION('',(-0.,-1.,-0.));
#3606 = DIRECTION('',(0.,0.,-1.));
#3607 = ADVANCED_FACE('',(#3608),#3640,.T.);
#3608 = FACE_BOUND('',#3609,.F.);
#3609 = EDGE_LOOP('',(#3610,#3611,#3619,#3627,#3633,#3634));
#3610 = ORIENTED_EDGE('',*,*,#3227,.F.);
#3611 = ORIENTED_EDGE('',*,*,#3612,.T.);
#3612 = EDGE_CURVE('',#3228,#3613,#3615,.T.);
#3613 = VERTEX_POINT('',#3614);
#3614 = CARTESIAN_POINT('',(115.574,98.198,1.59));
#3615 = LINE('',#3616,#3617);
#3616 = CARTESIAN_POINT('',(115.574,98.198,0.37));
#3617 = VECTOR('',#3618,1.);
#3618 = DIRECTION('',(0.,0.,1.));
#3619 = ORIENTED_EDGE('',*,*,#3620,.T.);
#3620 = EDGE_CURVE('',#3613,#3621,#3623,.T.);
#3621 = VERTEX_POINT('',#3622);
#3622 = CARTESIAN_POINT('',(118.074,98.198,1.59));
#3623 = LINE('',#3624,#3625);
#3624 = CARTESIAN_POINT('',(115.574,98.198,1.59));
#3625 = VECTOR('',#3626,1.);
#3626 = DIRECTION('',(1.,0.,0.));
#3627 = ORIENTED_EDGE('',*,*,#3628,.F.);
#3628 = EDGE_CURVE('',#3275,#3621,#3629,.T.);
#3629 = LINE('',#3630,#3631);
#3630 = CARTESIAN_POINT('',(118.074,98.198,0.37));
#3631 = VECTOR('',#3632,1.);
#3632 = DIRECTION('',(0.,0.,1.));
#3633 = ORIENTED_EDGE('',*,*,#3282,.F.);
#3634 = ORIENTED_EDGE('',*,*,#3635,.F.);
#3635 = EDGE_CURVE('',#3230,#3283,#3636,.T.);
#3636 = LINE('',#3637,#3638);
#3637 = CARTESIAN_POINT('',(115.574,98.198,0.37));
#3638 = VECTOR('',#3639,1.);
#3639 = DIRECTION('',(1.,0.,0.));
#3640 = PLANE('',#3641);
#3641 = AXIS2_PLACEMENT_3D('',#3642,#3643,#3644);
#3642 = CARTESIAN_POINT('',(115.574,98.198,0.37));
#3643 = DIRECTION('',(-0.,-1.,-0.));
#3644 = DIRECTION('',(0.,0.,-1.));
#3645 = ADVANCED_FACE('',(#3646),#3657,.F.);
#3646 = FACE_BOUND('',#3647,.T.);
#3647 = EDGE_LOOP('',(#3648,#3649,#3650,#3651));
#3648 = ORIENTED_EDGE('',*,*,#3579,.F.);
#3649 = ORIENTED_EDGE('',*,*,#3237,.T.);
#3650 = ORIENTED_EDGE('',*,*,#3612,.T.);
#3651 = ORIENTED_EDGE('',*,*,#3652,.F.);
#3652 = EDGE_CURVE('',#3580,#3613,#3653,.T.);
#3653 = LINE('',#3654,#3655);
#3654 = CARTESIAN_POINT('',(115.574,99.898,1.59));
#3655 = VECTOR('',#3656,1.);
#3656 = DIRECTION('',(-0.,-1.,-0.));
#3657 = PLANE('',#3658);
#3658 = AXIS2_PLACEMENT_3D('',#3659,#3660,#3661);
#3659 = CARTESIAN_POINT('',(115.574,99.898,0.37));
#3660 = DIRECTION('',(1.,0.,0.));
#3661 = DIRECTION('',(0.,0.,-1.));
#3662 = ADVANCED_FACE('',(#3663),#3696,.F.);
#3663 = FACE_BOUND('',#3664,.T.);
#3664 = EDGE_LOOP('',(#3665,#3673,#3681,#3689,#3695));
#3665 = ORIENTED_EDGE('',*,*,#3666,.F.);
#3666 = EDGE_CURVE('',#3667,#3299,#3669,.T.);
#3667 = VERTEX_POINT('',#3668);
#3668 = CARTESIAN_POINT('',(115.624,98.423,0.34));
#3669 = LINE('',#3670,#3671);
#3670 = CARTESIAN_POINT('',(115.624,98.423,0.34));
#3671 = VECTOR('',#3672,1.);
#3672 = DIRECTION('',(0.,0.,1.));
#3673 = ORIENTED_EDGE('',*,*,#3674,.T.);
#3674 = EDGE_CURVE('',#3667,#3675,#3677,.T.);
#3675 = VERTEX_POINT('',#3676);
#3676 = CARTESIAN_POINT('',(115.624,98.173,0.34));
#3677 = LINE('',#3678,#3679);
#3678 = CARTESIAN_POINT('',(115.624,98.423,0.34));
#3679 = VECTOR('',#3680,1.);
#3680 = DIRECTION('',(-0.,-1.,-0.));
#3681 = ORIENTED_EDGE('',*,*,#3682,.T.);
#3682 = EDGE_CURVE('',#3675,#3683,#3685,.T.);
#3683 = VERTEX_POINT('',#3684);
#3684 = CARTESIAN_POINT('',(115.624,98.173,0.37));
#3685 = LINE('',#3686,#3687);
#3686 = CARTESIAN_POINT('',(115.624,98.173,0.34));
#3687 = VECTOR('',#3688,1.);
#3688 = DIRECTION('',(0.,0.,1.));
#3689 = ORIENTED_EDGE('',*,*,#3690,.F.);
#3690 = EDGE_CURVE('',#3230,#3683,#3691,.T.);
#3691 = LINE('',#3692,#3693);
#3692 = CARTESIAN_POINT('',(115.624,98.423,0.37));
#3693 = VECTOR('',#3694,1.);
#3694 = DIRECTION('',(-0.,-1.,-0.));
#3695 = ORIENTED_EDGE('',*,*,#3306,.F.);
#3696 = PLANE('',#3697);
#3697 = AXIS2_PLACEMENT_3D('',#3698,#3699,#3700);
#3698 = CARTESIAN_POINT('',(115.624,98.423,0.34));
#3699 = DIRECTION('',(1.,0.,0.));
#3700 = DIRECTION('',(0.,0.,-1.));
#3701 = ADVANCED_FACE('',(#3702),#3720,.F.);
#3702 = FACE_BOUND('',#3703,.T.);
#3703 = EDGE_LOOP('',(#3704,#3712,#3713,#3714));
#3704 = ORIENTED_EDGE('',*,*,#3705,.F.);
#3705 = EDGE_CURVE('',#3667,#3706,#3708,.T.);
#3706 = VERTEX_POINT('',#3707);
#3707 = CARTESIAN_POINT('',(116.274,98.423,0.34));
#3708 = LINE('',#3709,#3710);
#3709 = CARTESIAN_POINT('',(115.624,98.423,0.34));
#3710 = VECTOR('',#3711,1.);
#3711 = DIRECTION('',(1.,0.,0.));
#3712 = ORIENTED_EDGE('',*,*,#3666,.T.);
#3713 = ORIENTED_EDGE('',*,*,#3298,.T.);
#3714 = ORIENTED_EDGE('',*,*,#3715,.F.);
#3715 = EDGE_CURVE('',#3706,#3291,#3716,.T.);
#3716 = LINE('',#3717,#3718);
#3717 = CARTESIAN_POINT('',(116.274,98.423,0.34));
#3718 = VECTOR('',#3719,1.);
#3719 = DIRECTION('',(0.,0.,1.));
#3720 = PLANE('',#3721);
#3721 = AXIS2_PLACEMENT_3D('',#3722,#3723,#3724);
#3722 = CARTESIAN_POINT('',(115.624,98.423,0.34));
#3723 = DIRECTION('',(-0.,-1.,-0.));
#3724 = DIRECTION('',(0.,0.,-1.));
#3725 = ADVANCED_FACE('',(#3726),#3752,.T.);
#3726 = FACE_BOUND('',#3727,.F.);
#3727 = EDGE_LOOP('',(#3728,#3729,#3737,#3745,#3751));
#3728 = ORIENTED_EDGE('',*,*,#3715,.F.);
#3729 = ORIENTED_EDGE('',*,*,#3730,.T.);
#3730 = EDGE_CURVE('',#3706,#3731,#3733,.T.);
#3731 = VERTEX_POINT('',#3732);
#3732 = CARTESIAN_POINT('',(116.274,98.173,0.34));
#3733 = LINE('',#3734,#3735);
#3734 = CARTESIAN_POINT('',(116.274,98.423,0.34));
#3735 = VECTOR('',#3736,1.);
#3736 = DIRECTION('',(-0.,-1.,-0.));
#3737 = ORIENTED_EDGE('',*,*,#3738,.T.);
#3738 = EDGE_CURVE('',#3731,#3739,#3741,.T.);
#3739 = VERTEX_POINT('',#3740);
#3740 = CARTESIAN_POINT('',(116.274,98.173,0.37));
#3741 = LINE('',#3742,#3743);
#3742 = CARTESIAN_POINT('',(116.274,98.173,0.34));
#3743 = VECTOR('',#3744,1.);
#3744 = DIRECTION('',(0.,0.,1.));
#3745 = ORIENTED_EDGE('',*,*,#3746,.F.);
#3746 = EDGE_CURVE('',#3283,#3739,#3747,.T.);
#3747 = LINE('',#3748,#3749);
#3748 = CARTESIAN_POINT('',(116.274,98.423,0.37));
#3749 = VECTOR('',#3750,1.);
#3750 = DIRECTION('',(-0.,-1.,-0.));
#3751 = ORIENTED_EDGE('',*,*,#3290,.F.);
#3752 = PLANE('',#3753);
#3753 = AXIS2_PLACEMENT_3D('',#3754,#3755,#3756);
#3754 = CARTESIAN_POINT('',(116.274,98.423,0.34));
#3755 = DIRECTION('',(1.,0.,0.));
#3756 = DIRECTION('',(0.,0.,-1.));
#3757 = ADVANCED_FACE('',(#3758),#3769,.T.);
#3758 = FACE_BOUND('',#3759,.F.);
#3759 = EDGE_LOOP('',(#3760,#3761,#3762,#3763));
#3760 = ORIENTED_EDGE('',*,*,#3595,.F.);
#3761 = ORIENTED_EDGE('',*,*,#3274,.T.);
#3762 = ORIENTED_EDGE('',*,*,#3628,.T.);
#3763 = ORIENTED_EDGE('',*,*,#3764,.F.);
#3764 = EDGE_CURVE('',#3588,#3621,#3765,.T.);
#3765 = LINE('',#3766,#3767);
#3766 = CARTESIAN_POINT('',(118.074,99.898,1.59));
#3767 = VECTOR('',#3768,1.);
#3768 = DIRECTION('',(-0.,-1.,-0.));
#3769 = PLANE('',#3770);
#3770 = AXIS2_PLACEMENT_3D('',#3771,#3772,#3773);
#3771 = CARTESIAN_POINT('',(118.074,99.898,0.37));
#3772 = DIRECTION('',(1.,0.,0.));
#3773 = DIRECTION('',(0.,0.,-1.));
#3774 = ADVANCED_FACE('',(#3775),#3800,.F.);
#3775 = FACE_BOUND('',#3776,.T.);
#3776 = EDGE_LOOP('',(#3777,#3785,#3793,#3799));
#3777 = ORIENTED_EDGE('',*,*,#3778,.F.);
#3778 = EDGE_CURVE('',#3779,#3315,#3781,.T.);
#3779 = VERTEX_POINT('',#3780);
#3780 = CARTESIAN_POINT('',(115.624,99.423,0.34));
#3781 = LINE('',#3782,#3783);
#3782 = CARTESIAN_POINT('',(115.624,99.423,0.34));
#3783 = VECTOR('',#3784,1.);
#3784 = DIRECTION('',(0.,0.,1.));
#3785 = ORIENTED_EDGE('',*,*,#3786,.T.);
#3786 = EDGE_CURVE('',#3779,#3787,#3789,.T.);
#3787 = VERTEX_POINT('',#3788);
#3788 = CARTESIAN_POINT('',(115.624,99.173,0.34));
#3789 = LINE('',#3790,#3791);
#3790 = CARTESIAN_POINT('',(115.624,99.423,0.34));
#3791 = VECTOR('',#3792,1.);
#3792 = DIRECTION('',(-0.,-1.,-0.));
#3793 = ORIENTED_EDGE('',*,*,#3794,.T.);
#3794 = EDGE_CURVE('',#3787,#3317,#3795,.T.);
#3795 = LINE('',#3796,#3797);
#3796 = CARTESIAN_POINT('',(115.624,99.173,0.34));
#3797 = VECTOR('',#3798,1.);
#3798 = DIRECTION('',(0.,0.,1.));
#3799 = ORIENTED_EDGE('',*,*,#3314,.F.);
#3800 = PLANE('',#3801);
#3801 = AXIS2_PLACEMENT_3D('',#3802,#3803,#3804);
#3802 = CARTESIAN_POINT('',(115.624,99.423,0.34));
#3803 = DIRECTION('',(1.,0.,0.));
#3804 = DIRECTION('',(0.,0.,-1.));
#3805 = ADVANCED_FACE('',(#3806),#3824,.T.);
#3806 = FACE_BOUND('',#3807,.F.);
#3807 = EDGE_LOOP('',(#3808,#3816,#3817,#3818));
#3808 = ORIENTED_EDGE('',*,*,#3809,.F.);
#3809 = EDGE_CURVE('',#3787,#3810,#3812,.T.);
#3810 = VERTEX_POINT('',#3811);
#3811 = CARTESIAN_POINT('',(116.274,99.173,0.34));
#3812 = LINE('',#3813,#3814);
#3813 = CARTESIAN_POINT('',(115.624,99.173,0.34));
#3814 = VECTOR('',#3815,1.);
#3815 = DIRECTION('',(1.,0.,0.));
#3816 = ORIENTED_EDGE('',*,*,#3794,.T.);
#3817 = ORIENTED_EDGE('',*,*,#3324,.T.);
#3818 = ORIENTED_EDGE('',*,*,#3819,.F.);
#3819 = EDGE_CURVE('',#3810,#3325,#3820,.T.);
#3820 = LINE('',#3821,#3822);
#3821 = CARTESIAN_POINT('',(116.274,99.173,0.34));
#3822 = VECTOR('',#3823,1.);
#3823 = DIRECTION('',(0.,0.,1.));
#3824 = PLANE('',#3825);
#3825 = AXIS2_PLACEMENT_3D('',#3826,#3827,#3828);
#3826 = CARTESIAN_POINT('',(115.624,99.173,0.34));
#3827 = DIRECTION('',(-0.,-1.,-0.));
#3828 = DIRECTION('',(0.,0.,-1.));
#3829 = ADVANCED_FACE('',(#3830),#3848,.F.);
#3830 = FACE_BOUND('',#3831,.T.);
#3831 = EDGE_LOOP('',(#3832,#3840,#3841,#3842));
#3832 = ORIENTED_EDGE('',*,*,#3833,.F.);
#3833 = EDGE_CURVE('',#3779,#3834,#3836,.T.);
#3834 = VERTEX_POINT('',#3835);
#3835 = CARTESIAN_POINT('',(116.274,99.423,0.34));
#3836 = LINE('',#3837,#3838);
#3837 = CARTESIAN_POINT('',(115.624,99.423,0.34));
#3838 = VECTOR('',#3839,1.);
#3839 = DIRECTION('',(1.,0.,0.));
#3840 = ORIENTED_EDGE('',*,*,#3778,.T.);
#3841 = ORIENTED_EDGE('',*,*,#3340,.T.);
#3842 = ORIENTED_EDGE('',*,*,#3843,.F.);
#3843 = EDGE_CURVE('',#3834,#3333,#3844,.T.);
#3844 = LINE('',#3845,#3846);
#3845 = CARTESIAN_POINT('',(116.274,99.423,0.34));
#3846 = VECTOR('',#3847,1.);
#3847 = DIRECTION('',(0.,0.,1.));
#3848 = PLANE('',#3849);
#3849 = AXIS2_PLACEMENT_3D('',#3850,#3851,#3852);
#3850 = CARTESIAN_POINT('',(115.624,99.423,0.34));
#3851 = DIRECTION('',(-0.,-1.,-0.));
#3852 = DIRECTION('',(0.,0.,-1.));
#3853 = ADVANCED_FACE('',(#3854),#3865,.T.);
#3854 = FACE_BOUND('',#3855,.F.);
#3855 = EDGE_LOOP('',(#3856,#3857,#3863,#3864));
#3856 = ORIENTED_EDGE('',*,*,#3843,.F.);
#3857 = ORIENTED_EDGE('',*,*,#3858,.T.);
#3858 = EDGE_CURVE('',#3834,#3810,#3859,.T.);
#3859 = LINE('',#3860,#3861);
#3860 = CARTESIAN_POINT('',(116.274,99.423,0.34));
#3861 = VECTOR('',#3862,1.);
#3862 = DIRECTION('',(-0.,-1.,-0.));
#3863 = ORIENTED_EDGE('',*,*,#3819,.T.);
#3864 = ORIENTED_EDGE('',*,*,#3332,.F.);
#3865 = PLANE('',#3866);
#3866 = AXIS2_PLACEMENT_3D('',#3867,#3868,#3869);
#3867 = CARTESIAN_POINT('',(116.274,99.423,0.34));
#3868 = DIRECTION('',(1.,0.,0.));
#3869 = DIRECTION('',(0.,0.,-1.));
#3870 = ADVANCED_FACE('',(#3871),#3896,.F.);
#3871 = FACE_BOUND('',#3872,.T.);
#3872 = EDGE_LOOP('',(#3873,#3881,#3889,#3895));
#3873 = ORIENTED_EDGE('',*,*,#3874,.F.);
#3874 = EDGE_CURVE('',#3875,#3349,#3877,.T.);
#3875 = VERTEX_POINT('',#3876);
#3876 = CARTESIAN_POINT('',(117.374,99.673,0.34));
#3877 = LINE('',#3878,#3879);
#3878 = CARTESIAN_POINT('',(117.374,99.673,0.34));
#3879 = VECTOR('',#3880,1.);
#3880 = DIRECTION('',(0.,0.,1.));
#3881 = ORIENTED_EDGE('',*,*,#3882,.T.);
#3882 = EDGE_CURVE('',#3875,#3883,#3885,.T.);
#3883 = VERTEX_POINT('',#3884);
#3884 = CARTESIAN_POINT('',(117.374,99.423,0.34));
#3885 = LINE('',#3886,#3887);
#3886 = CARTESIAN_POINT('',(117.374,99.673,0.34));
#3887 = VECTOR('',#3888,1.);
#3888 = DIRECTION('',(-0.,-1.,-0.));
#3889 = ORIENTED_EDGE('',*,*,#3890,.T.);
#3890 = EDGE_CURVE('',#3883,#3351,#3891,.T.);
#3891 = LINE('',#3892,#3893);
#3892 = CARTESIAN_POINT('',(117.374,99.423,0.34));
#3893 = VECTOR('',#3894,1.);
#3894 = DIRECTION('',(0.,0.,1.));
#3895 = ORIENTED_EDGE('',*,*,#3348,.F.);
#3896 = PLANE('',#3897);
#3897 = AXIS2_PLACEMENT_3D('',#3898,#3899,#3900);
#3898 = CARTESIAN_POINT('',(117.374,99.673,0.34));
#3899 = DIRECTION('',(1.,0.,0.));
#3900 = DIRECTION('',(0.,0.,-1.));
#3901 = ADVANCED_FACE('',(#3902),#3920,.T.);
#3902 = FACE_BOUND('',#3903,.F.);
#3903 = EDGE_LOOP('',(#3904,#3912,#3913,#3914));
#3904 = ORIENTED_EDGE('',*,*,#3905,.F.);
#3905 = EDGE_CURVE('',#3883,#3906,#3908,.T.);
#3906 = VERTEX_POINT('',#3907);
#3907 = CARTESIAN_POINT('',(118.024,99.423,0.34));
#3908 = LINE('',#3909,#3910);
#3909 = CARTESIAN_POINT('',(117.374,99.423,0.34));
#3910 = VECTOR('',#3911,1.);
#3911 = DIRECTION('',(1.,0.,0.));
#3912 = ORIENTED_EDGE('',*,*,#3890,.T.);
#3913 = ORIENTED_EDGE('',*,*,#3358,.T.);
#3914 = ORIENTED_EDGE('',*,*,#3915,.F.);
#3915 = EDGE_CURVE('',#3906,#3359,#3916,.T.);
#3916 = LINE('',#3917,#3918);
#3917 = CARTESIAN_POINT('',(118.024,99.423,0.34));
#3918 = VECTOR('',#3919,1.);
#3919 = DIRECTION('',(0.,0.,1.));
#3920 = PLANE('',#3921);
#3921 = AXIS2_PLACEMENT_3D('',#3922,#3923,#3924);
#3922 = CARTESIAN_POINT('',(117.374,99.423,0.34));
#3923 = DIRECTION('',(-0.,-1.,-0.));
#3924 = DIRECTION('',(0.,0.,-1.));
#3925 = ADVANCED_FACE('',(#3926),#3944,.F.);
#3926 = FACE_BOUND('',#3927,.T.);
#3927 = EDGE_LOOP('',(#3928,#3936,#3937,#3938));
#3928 = ORIENTED_EDGE('',*,*,#3929,.F.);
#3929 = EDGE_CURVE('',#3875,#3930,#3932,.T.);
#3930 = VERTEX_POINT('',#3931);
#3931 = CARTESIAN_POINT('',(118.024,99.673,0.34));
#3932 = LINE('',#3933,#3934);
#3933 = CARTESIAN_POINT('',(117.374,99.673,0.34));
#3934 = VECTOR('',#3935,1.);
#3935 = DIRECTION('',(1.,0.,0.));
#3936 = ORIENTED_EDGE('',*,*,#3874,.T.);
#3937 = ORIENTED_EDGE('',*,*,#3374,.T.);
#3938 = ORIENTED_EDGE('',*,*,#3939,.F.);
#3939 = EDGE_CURVE('',#3930,#3367,#3940,.T.);
#3940 = LINE('',#3941,#3942);
#3941 = CARTESIAN_POINT('',(118.024,99.673,0.34));
#3942 = VECTOR('',#3943,1.);
#3943 = DIRECTION('',(0.,0.,1.));
#3944 = PLANE('',#3945);
#3945 = AXIS2_PLACEMENT_3D('',#3946,#3947,#3948);
#3946 = CARTESIAN_POINT('',(117.374,99.673,0.34));
#3947 = DIRECTION('',(-0.,-1.,-0.));
#3948 = DIRECTION('',(0.,0.,-1.));
#3949 = ADVANCED_FACE('',(#3950),#3961,.T.);
#3950 = FACE_BOUND('',#3951,.F.);
#3951 = EDGE_LOOP('',(#3952,#3953,#3959,#3960));
#3952 = ORIENTED_EDGE('',*,*,#3939,.F.);
#3953 = ORIENTED_EDGE('',*,*,#3954,.T.);
#3954 = EDGE_CURVE('',#3930,#3906,#3955,.T.);
#3955 = LINE('',#3956,#3957);
#3956 = CARTESIAN_POINT('',(118.024,99.673,0.34));
#3957 = VECTOR('',#3958,1.);
#3958 = DIRECTION('',(-0.,-1.,-0.));
#3959 = ORIENTED_EDGE('',*,*,#3915,.T.);
#3960 = ORIENTED_EDGE('',*,*,#3366,.F.);
#3961 = PLANE('',#3962);
#3962 = AXIS2_PLACEMENT_3D('',#3963,#3964,#3965);
#3963 = CARTESIAN_POINT('',(118.024,99.673,0.34));
#3964 = DIRECTION('',(1.,0.,0.));
#3965 = DIRECTION('',(0.,0.,-1.));
#3966 = ADVANCED_FACE('',(#3967),#3992,.F.);
#3967 = FACE_BOUND('',#3968,.T.);
#3968 = EDGE_LOOP('',(#3969,#3977,#3985,#3991));
#3969 = ORIENTED_EDGE('',*,*,#3970,.F.);
#3970 = EDGE_CURVE('',#3971,#3383,#3973,.T.);
#3971 = VERTEX_POINT('',#3972);
#3972 = CARTESIAN_POINT('',(115.624,98.923,0.34));
#3973 = LINE('',#3974,#3975);
#3974 = CARTESIAN_POINT('',(115.624,98.923,0.34));
#3975 = VECTOR('',#3976,1.);
#3976 = DIRECTION('',(0.,0.,1.));
#3977 = ORIENTED_EDGE('',*,*,#3978,.T.);
#3978 = EDGE_CURVE('',#3971,#3979,#3981,.T.);
#3979 = VERTEX_POINT('',#3980);
#3980 = CARTESIAN_POINT('',(115.624,98.673,0.34));
#3981 = LINE('',#3982,#3983);
#3982 = CARTESIAN_POINT('',(115.624,98.923,0.34));
#3983 = VECTOR('',#3984,1.);
#3984 = DIRECTION('',(-0.,-1.,-0.));
#3985 = ORIENTED_EDGE('',*,*,#3986,.T.);
#3986 = EDGE_CURVE('',#3979,#3385,#3987,.T.);
#3987 = LINE('',#3988,#3989);
#3988 = CARTESIAN_POINT('',(115.624,98.673,0.34));
#3989 = VECTOR('',#3990,1.);
#3990 = DIRECTION('',(0.,0.,1.));
#3991 = ORIENTED_EDGE('',*,*,#3382,.F.);
#3992 = PLANE('',#3993);
#3993 = AXIS2_PLACEMENT_3D('',#3994,#3995,#3996);
#3994 = CARTESIAN_POINT('',(115.624,98.923,0.34));
#3995 = DIRECTION('',(1.,0.,0.));
#3996 = DIRECTION('',(0.,0.,-1.));
#3997 = ADVANCED_FACE('',(#3998),#4016,.T.);
#3998 = FACE_BOUND('',#3999,.F.);
#3999 = EDGE_LOOP('',(#4000,#4008,#4009,#4010));
#4000 = ORIENTED_EDGE('',*,*,#4001,.F.);
#4001 = EDGE_CURVE('',#3979,#4002,#4004,.T.);
#4002 = VERTEX_POINT('',#4003);
#4003 = CARTESIAN_POINT('',(116.274,98.673,0.34));
#4004 = LINE('',#4005,#4006);
#4005 = CARTESIAN_POINT('',(115.624,98.673,0.34));
#4006 = VECTOR('',#4007,1.);
#4007 = DIRECTION('',(1.,0.,0.));
#4008 = ORIENTED_EDGE('',*,*,#3986,.T.);
#4009 = ORIENTED_EDGE('',*,*,#3392,.T.);
#4010 = ORIENTED_EDGE('',*,*,#4011,.F.);
#4011 = EDGE_CURVE('',#4002,#3393,#4012,.T.);
#4012 = LINE('',#4013,#4014);
#4013 = CARTESIAN_POINT('',(116.274,98.673,0.34));
#4014 = VECTOR('',#4015,1.);
#4015 = DIRECTION('',(0.,0.,1.));
#4016 = PLANE('',#4017);
#4017 = AXIS2_PLACEMENT_3D('',#4018,#4019,#4020);
#4018 = CARTESIAN_POINT('',(115.624,98.673,0.34));
#4019 = DIRECTION('',(-0.,-1.,-0.));
#4020 = DIRECTION('',(0.,0.,-1.));
#4021 = ADVANCED_FACE('',(#4022),#4040,.F.);
#4022 = FACE_BOUND('',#4023,.T.);
#4023 = EDGE_LOOP('',(#4024,#4032,#4033,#4034));
#4024 = ORIENTED_EDGE('',*,*,#4025,.F.);
#4025 = EDGE_CURVE('',#3971,#4026,#4028,.T.);
#4026 = VERTEX_POINT('',#4027);
#4027 = CARTESIAN_POINT('',(116.274,98.923,0.34));
#4028 = LINE('',#4029,#4030);
#4029 = CARTESIAN_POINT('',(115.624,98.923,0.34));
#4030 = VECTOR('',#4031,1.);
#4031 = DIRECTION('',(1.,0.,0.));
#4032 = ORIENTED_EDGE('',*,*,#3970,.T.);
#4033 = ORIENTED_EDGE('',*,*,#3408,.T.);
#4034 = ORIENTED_EDGE('',*,*,#4035,.F.);
#4035 = EDGE_CURVE('',#4026,#3401,#4036,.T.);
#4036 = LINE('',#4037,#4038);
#4037 = CARTESIAN_POINT('',(116.274,98.923,0.34));
#4038 = VECTOR('',#4039,1.);
#4039 = DIRECTION('',(0.,0.,1.));
#4040 = PLANE('',#4041);
#4041 = AXIS2_PLACEMENT_3D('',#4042,#4043,#4044);
#4042 = CARTESIAN_POINT('',(115.624,98.923,0.34));
#4043 = DIRECTION('',(-0.,-1.,-0.));
#4044 = DIRECTION('',(0.,0.,-1.));
#4045 = ADVANCED_FACE('',(#4046),#4057,.T.);
#4046 = FACE_BOUND('',#4047,.F.);
#4047 = EDGE_LOOP('',(#4048,#4049,#4055,#4056));
#4048 = ORIENTED_EDGE('',*,*,#4035,.F.);
#4049 = ORIENTED_EDGE('',*,*,#4050,.T.);
#4050 = EDGE_CURVE('',#4026,#4002,#4051,.T.);
#4051 = LINE('',#4052,#4053);
#4052 = CARTESIAN_POINT('',(116.274,98.923,0.34));
#4053 = VECTOR('',#4054,1.);
#4054 = DIRECTION('',(-0.,-1.,-0.));
#4055 = ORIENTED_EDGE('',*,*,#4011,.T.);
#4056 = ORIENTED_EDGE('',*,*,#3400,.F.);
#4057 = PLANE('',#4058);
#4058 = AXIS2_PLACEMENT_3D('',#4059,#4060,#4061);
#4059 = CARTESIAN_POINT('',(116.274,98.923,0.34));
#4060 = DIRECTION('',(1.,0.,0.));
#4061 = DIRECTION('',(0.,0.,-1.));
#4062 = ADVANCED_FACE('',(#4063),#4088,.F.);
#4063 = FACE_BOUND('',#4064,.T.);
#4064 = EDGE_LOOP('',(#4065,#4073,#4081,#4087));
#4065 = ORIENTED_EDGE('',*,*,#4066,.F.);
#4066 = EDGE_CURVE('',#4067,#3417,#4069,.T.);
#4067 = VERTEX_POINT('',#4068);
#4068 = CARTESIAN_POINT('',(116.499,99.648,0.34));
#4069 = LINE('',#4070,#4071);
#4070 = CARTESIAN_POINT('',(116.499,99.648,0.34));
#4071 = VECTOR('',#4072,1.);
#4072 = DIRECTION('',(0.,0.,1.));
#4073 = ORIENTED_EDGE('',*,*,#4074,.T.);
#4074 = EDGE_CURVE('',#4067,#4075,#4077,.T.);
#4075 = VERTEX_POINT('',#4076);
#4076 = CARTESIAN_POINT('',(116.499,98.448,0.34));
#4077 = LINE('',#4078,#4079);
#4078 = CARTESIAN_POINT('',(116.499,99.648,0.34));
#4079 = VECTOR('',#4080,1.);
#4080 = DIRECTION('',(-0.,-1.,-0.));
#4081 = ORIENTED_EDGE('',*,*,#4082,.T.);
#4082 = EDGE_CURVE('',#4075,#3419,#4083,.T.);
#4083 = LINE('',#4084,#4085);
#4084 = CARTESIAN_POINT('',(116.499,98.448,0.34));
#4085 = VECTOR('',#4086,1.);
#4086 = DIRECTION('',(0.,0.,1.));
#4087 = ORIENTED_EDGE('',*,*,#3416,.F.);
#4088 = PLANE('',#4089);
#4089 = AXIS2_PLACEMENT_3D('',#4090,#4091,#4092);
#4090 = CARTESIAN_POINT('',(116.499,99.648,0.34));
#4091 = DIRECTION('',(1.,0.,0.));
#4092 = DIRECTION('',(0.,0.,-1.));
#4093 = ADVANCED_FACE('',(#4094),#4112,.F.);
#4094 = FACE_BOUND('',#4095,.T.);
#4095 = EDGE_LOOP('',(#4096,#4104,#4105,#4106));
#4096 = ORIENTED_EDGE('',*,*,#4097,.F.);
#4097 = EDGE_CURVE('',#4067,#4098,#4100,.T.);
#4098 = VERTEX_POINT('',#4099);
#4099 = CARTESIAN_POINT('',(117.149,99.648,0.34));
#4100 = LINE('',#4101,#4102);
#4101 = CARTESIAN_POINT('',(116.499,99.648,0.34));
#4102 = VECTOR('',#4103,1.);
#4103 = DIRECTION('',(1.,0.,0.));
#4104 = ORIENTED_EDGE('',*,*,#4066,.T.);
#4105 = ORIENTED_EDGE('',*,*,#3442,.T.);
#4106 = ORIENTED_EDGE('',*,*,#4107,.F.);
#4107 = EDGE_CURVE('',#4098,#3435,#4108,.T.);
#4108 = LINE('',#4109,#4110);
#4109 = CARTESIAN_POINT('',(117.149,99.648,0.34));
#4110 = VECTOR('',#4111,1.);
#4111 = DIRECTION('',(0.,0.,1.));
#4112 = PLANE('',#4113);
#4113 = AXIS2_PLACEMENT_3D('',#4114,#4115,#4116);
#4114 = CARTESIAN_POINT('',(116.499,99.648,0.34));
#4115 = DIRECTION('',(-0.,-1.,-0.));
#4116 = DIRECTION('',(0.,0.,-1.));
#4117 = ADVANCED_FACE('',(#4118),#4136,.T.);
#4118 = FACE_BOUND('',#4119,.F.);
#4119 = EDGE_LOOP('',(#4120,#4121,#4129,#4135));
#4120 = ORIENTED_EDGE('',*,*,#4107,.F.);
#4121 = ORIENTED_EDGE('',*,*,#4122,.T.);
#4122 = EDGE_CURVE('',#4098,#4123,#4125,.T.);
#4123 = VERTEX_POINT('',#4124);
#4124 = CARTESIAN_POINT('',(117.149,98.448,0.34));
#4125 = LINE('',#4126,#4127);
#4126 = CARTESIAN_POINT('',(117.149,99.648,0.34));
#4127 = VECTOR('',#4128,1.);
#4128 = DIRECTION('',(-0.,-1.,-0.));
#4129 = ORIENTED_EDGE('',*,*,#4130,.T.);
#4130 = EDGE_CURVE('',#4123,#3427,#4131,.T.);
#4131 = LINE('',#4132,#4133);
#4132 = CARTESIAN_POINT('',(117.149,98.448,0.34));
#4133 = VECTOR('',#4134,1.);
#4134 = DIRECTION('',(0.,0.,1.));
#4135 = ORIENTED_EDGE('',*,*,#3434,.F.);
#4136 = PLANE('',#4137);
#4137 = AXIS2_PLACEMENT_3D('',#4138,#4139,#4140);
#4138 = CARTESIAN_POINT('',(117.149,99.648,0.34));
#4139 = DIRECTION('',(1.,0.,0.));
#4140 = DIRECTION('',(0.,0.,-1.));
#4141 = ADVANCED_FACE('',(#4142),#4153,.T.);
#4142 = FACE_BOUND('',#4143,.F.);
#4143 = EDGE_LOOP('',(#4144,#4150,#4151,#4152));
#4144 = ORIENTED_EDGE('',*,*,#4145,.F.);
#4145 = EDGE_CURVE('',#4075,#4123,#4146,.T.);
#4146 = LINE('',#4147,#4148);
#4147 = CARTESIAN_POINT('',(116.499,98.448,0.34));
#4148 = VECTOR('',#4149,1.);
#4149 = DIRECTION('',(1.,0.,0.));
#4150 = ORIENTED_EDGE('',*,*,#4082,.T.);
#4151 = ORIENTED_EDGE('',*,*,#3426,.T.);
#4152 = ORIENTED_EDGE('',*,*,#4130,.F.);
#4153 = PLANE('',#4154);
#4154 = AXIS2_PLACEMENT_3D('',#4155,#4156,#4157);
#4155 = CARTESIAN_POINT('',(116.499,98.448,0.34));
#4156 = DIRECTION('',(-0.,-1.,-0.));
#4157 = DIRECTION('',(0.,0.,-1.));
#4158 = ADVANCED_FACE('',(#4159),#4184,.F.);
#4159 = FACE_BOUND('',#4160,.T.);
#4160 = EDGE_LOOP('',(#4161,#4169,#4177,#4183));
#4161 = ORIENTED_EDGE('',*,*,#4162,.F.);
#4162 = EDGE_CURVE('',#4163,#3451,#4165,.T.);
#4163 = VERTEX_POINT('',#4164);
#4164 = CARTESIAN_POINT('',(117.374,99.173,0.34));
#4165 = LINE('',#4166,#4167);
#4166 = CARTESIAN_POINT('',(117.374,99.173,0.34));
#4167 = VECTOR('',#4168,1.);
#4168 = DIRECTION('',(0.,0.,1.));
#4169 = ORIENTED_EDGE('',*,*,#4170,.T.);
#4170 = EDGE_CURVE('',#4163,#4171,#4173,.T.);
#4171 = VERTEX_POINT('',#4172);
#4172 = CARTESIAN_POINT('',(117.374,98.923,0.34));
#4173 = LINE('',#4174,#4175);
#4174 = CARTESIAN_POINT('',(117.374,99.173,0.34));
#4175 = VECTOR('',#4176,1.);
#4176 = DIRECTION('',(-0.,-1.,-0.));
#4177 = ORIENTED_EDGE('',*,*,#4178,.T.);
#4178 = EDGE_CURVE('',#4171,#3453,#4179,.T.);
#4179 = LINE('',#4180,#4181);
#4180 = CARTESIAN_POINT('',(117.374,98.923,0.34));
#4181 = VECTOR('',#4182,1.);
#4182 = DIRECTION('',(0.,0.,1.));
#4183 = ORIENTED_EDGE('',*,*,#3450,.F.);
#4184 = PLANE('',#4185);
#4185 = AXIS2_PLACEMENT_3D('',#4186,#4187,#4188);
#4186 = CARTESIAN_POINT('',(117.374,99.173,0.34));
#4187 = DIRECTION('',(1.,0.,0.));
#4188 = DIRECTION('',(0.,0.,-1.));
#4189 = ADVANCED_FACE('',(#4190),#4208,.T.);
#4190 = FACE_BOUND('',#4191,.F.);
#4191 = EDGE_LOOP('',(#4192,#4200,#4201,#4202));
#4192 = ORIENTED_EDGE('',*,*,#4193,.F.);
#4193 = EDGE_CURVE('',#4171,#4194,#4196,.T.);
#4194 = VERTEX_POINT('',#4195);
#4195 = CARTESIAN_POINT('',(118.024,98.923,0.34));
#4196 = LINE('',#4197,#4198);
#4197 = CARTESIAN_POINT('',(117.374,98.923,0.34));
#4198 = VECTOR('',#4199,1.);
#4199 = DIRECTION('',(1.,0.,0.));
#4200 = ORIENTED_EDGE('',*,*,#4178,.T.);
#4201 = ORIENTED_EDGE('',*,*,#3460,.T.);
#4202 = ORIENTED_EDGE('',*,*,#4203,.F.);
#4203 = EDGE_CURVE('',#4194,#3461,#4204,.T.);
#4204 = LINE('',#4205,#4206);
#4205 = CARTESIAN_POINT('',(118.024,98.923,0.34));
#4206 = VECTOR('',#4207,1.);
#4207 = DIRECTION('',(0.,0.,1.));
#4208 = PLANE('',#4209);
#4209 = AXIS2_PLACEMENT_3D('',#4210,#4211,#4212);
#4210 = CARTESIAN_POINT('',(117.374,98.923,0.34));
#4211 = DIRECTION('',(-0.,-1.,-0.));
#4212 = DIRECTION('',(0.,0.,-1.));
#4213 = ADVANCED_FACE('',(#4214),#4232,.F.);
#4214 = FACE_BOUND('',#4215,.T.);
#4215 = EDGE_LOOP('',(#4216,#4224,#4225,#4226));
#4216 = ORIENTED_EDGE('',*,*,#4217,.F.);
#4217 = EDGE_CURVE('',#4163,#4218,#4220,.T.);
#4218 = VERTEX_POINT('',#4219);
#4219 = CARTESIAN_POINT('',(118.024,99.173,0.34));
#4220 = LINE('',#4221,#4222);
#4221 = CARTESIAN_POINT('',(117.374,99.173,0.34));
#4222 = VECTOR('',#4223,1.);
#4223 = DIRECTION('',(1.,0.,0.));
#4224 = ORIENTED_EDGE('',*,*,#4162,.T.);
#4225 = ORIENTED_EDGE('',*,*,#3476,.T.);
#4226 = ORIENTED_EDGE('',*,*,#4227,.F.);
#4227 = EDGE_CURVE('',#4218,#3469,#4228,.T.);
#4228 = LINE('',#4229,#4230);
#4229 = CARTESIAN_POINT('',(118.024,99.173,0.34));
#4230 = VECTOR('',#4231,1.);
#4231 = DIRECTION('',(0.,0.,1.));
#4232 = PLANE('',#4233);
#4233 = AXIS2_PLACEMENT_3D('',#4234,#4235,#4236);
#4234 = CARTESIAN_POINT('',(117.374,99.173,0.34));
#4235 = DIRECTION('',(-0.,-1.,-0.));
#4236 = DIRECTION('',(0.,0.,-1.));
#4237 = ADVANCED_FACE('',(#4238),#4249,.T.);
#4238 = FACE_BOUND('',#4239,.F.);
#4239 = EDGE_LOOP('',(#4240,#4241,#4247,#4248));
#4240 = ORIENTED_EDGE('',*,*,#4227,.F.);
#4241 = ORIENTED_EDGE('',*,*,#4242,.T.);
#4242 = EDGE_CURVE('',#4218,#4194,#4243,.T.);
#4243 = LINE('',#4244,#4245);
#4244 = CARTESIAN_POINT('',(118.024,99.173,0.34));
#4245 = VECTOR('',#4246,1.);
#4246 = DIRECTION('',(-0.,-1.,-0.));
#4247 = ORIENTED_EDGE('',*,*,#4203,.T.);
#4248 = ORIENTED_EDGE('',*,*,#3468,.F.);
#4249 = PLANE('',#4250);
#4250 = AXIS2_PLACEMENT_3D('',#4251,#4252,#4253);
#4251 = CARTESIAN_POINT('',(118.024,99.173,0.34));
#4252 = DIRECTION('',(1.,0.,0.));
#4253 = DIRECTION('',(0.,0.,-1.));
#4254 = ADVANCED_FACE('',(#4255),#4280,.F.);
#4255 = FACE_BOUND('',#4256,.T.);
#4256 = EDGE_LOOP('',(#4257,#4265,#4273,#4279));
#4257 = ORIENTED_EDGE('',*,*,#4258,.F.);
#4258 = EDGE_CURVE('',#4259,#3485,#4261,.T.);
#4259 = VERTEX_POINT('',#4260);
#4260 = CARTESIAN_POINT('',(117.374,98.673,0.34));
#4261 = LINE('',#4262,#4263);
#4262 = CARTESIAN_POINT('',(117.374,98.673,0.34));
#4263 = VECTOR('',#4264,1.);
#4264 = DIRECTION('',(0.,0.,1.));
#4265 = ORIENTED_EDGE('',*,*,#4266,.T.);
#4266 = EDGE_CURVE('',#4259,#4267,#4269,.T.);
#4267 = VERTEX_POINT('',#4268);
#4268 = CARTESIAN_POINT('',(117.374,98.423,0.34));
#4269 = LINE('',#4270,#4271);
#4270 = CARTESIAN_POINT('',(117.374,98.673,0.34));
#4271 = VECTOR('',#4272,1.);
#4272 = DIRECTION('',(-0.,-1.,-0.));
#4273 = ORIENTED_EDGE('',*,*,#4274,.T.);
#4274 = EDGE_CURVE('',#4267,#3487,#4275,.T.);
#4275 = LINE('',#4276,#4277);
#4276 = CARTESIAN_POINT('',(117.374,98.423,0.34));
#4277 = VECTOR('',#4278,1.);
#4278 = DIRECTION('',(0.,0.,1.));
#4279 = ORIENTED_EDGE('',*,*,#3484,.F.);
#4280 = PLANE('',#4281);
#4281 = AXIS2_PLACEMENT_3D('',#4282,#4283,#4284);
#4282 = CARTESIAN_POINT('',(117.374,98.673,0.34));
#4283 = DIRECTION('',(1.,0.,0.));
#4284 = DIRECTION('',(0.,0.,-1.));
#4285 = ADVANCED_FACE('',(#4286),#4304,.T.);
#4286 = FACE_BOUND('',#4287,.F.);
#4287 = EDGE_LOOP('',(#4288,#4296,#4297,#4298));
#4288 = ORIENTED_EDGE('',*,*,#4289,.F.);
#4289 = EDGE_CURVE('',#4267,#4290,#4292,.T.);
#4290 = VERTEX_POINT('',#4291);
#4291 = CARTESIAN_POINT('',(118.024,98.423,0.34));
#4292 = LINE('',#4293,#4294);
#4293 = CARTESIAN_POINT('',(117.374,98.423,0.34));
#4294 = VECTOR('',#4295,1.);
#4295 = DIRECTION('',(1.,0.,0.));
#4296 = ORIENTED_EDGE('',*,*,#4274,.T.);
#4297 = ORIENTED_EDGE('',*,*,#3494,.T.);
#4298 = ORIENTED_EDGE('',*,*,#4299,.F.);
#4299 = EDGE_CURVE('',#4290,#3495,#4300,.T.);
#4300 = LINE('',#4301,#4302);
#4301 = CARTESIAN_POINT('',(118.024,98.423,0.34));
#4302 = VECTOR('',#4303,1.);
#4303 = DIRECTION('',(0.,0.,1.));
#4304 = PLANE('',#4305);
#4305 = AXIS2_PLACEMENT_3D('',#4306,#4307,#4308);
#4306 = CARTESIAN_POINT('',(117.374,98.423,0.34));
#4307 = DIRECTION('',(-0.,-1.,-0.));
#4308 = DIRECTION('',(0.,0.,-1.));
#4309 = ADVANCED_FACE('',(#4310),#4328,.F.);
#4310 = FACE_BOUND('',#4311,.T.);
#4311 = EDGE_LOOP('',(#4312,#4320,#4321,#4322));
#4312 = ORIENTED_EDGE('',*,*,#4313,.F.);
#4313 = EDGE_CURVE('',#4259,#4314,#4316,.T.);
#4314 = VERTEX_POINT('',#4315);
#4315 = CARTESIAN_POINT('',(118.024,98.673,0.34));
#4316 = LINE('',#4317,#4318);
#4317 = CARTESIAN_POINT('',(117.374,98.673,0.34));
#4318 = VECTOR('',#4319,1.);
#4319 = DIRECTION('',(1.,0.,0.));
#4320 = ORIENTED_EDGE('',*,*,#4258,.T.);
#4321 = ORIENTED_EDGE('',*,*,#3510,.T.);
#4322 = ORIENTED_EDGE('',*,*,#4323,.F.);
#4323 = EDGE_CURVE('',#4314,#3503,#4324,.T.);
#4324 = LINE('',#4325,#4326);
#4325 = CARTESIAN_POINT('',(118.024,98.673,0.34));
#4326 = VECTOR('',#4327,1.);
#4327 = DIRECTION('',(0.,0.,1.));
#4328 = PLANE('',#4329);
#4329 = AXIS2_PLACEMENT_3D('',#4330,#4331,#4332);
#4330 = CARTESIAN_POINT('',(117.374,98.673,0.34));
#4331 = DIRECTION('',(-0.,-1.,-0.));
#4332 = DIRECTION('',(0.,0.,-1.));
#4333 = ADVANCED_FACE('',(#4334),#4345,.T.);
#4334 = FACE_BOUND('',#4335,.F.);
#4335 = EDGE_LOOP('',(#4336,#4337,#4343,#4344));
#4336 = ORIENTED_EDGE('',*,*,#4323,.F.);
#4337 = ORIENTED_EDGE('',*,*,#4338,.T.);
#4338 = EDGE_CURVE('',#4314,#4290,#4339,.T.);
#4339 = LINE('',#4340,#4341);
#4340 = CARTESIAN_POINT('',(118.024,98.673,0.34));
#4341 = VECTOR('',#4342,1.);
#4342 = DIRECTION('',(-0.,-1.,-0.));
#4343 = ORIENTED_EDGE('',*,*,#4299,.T.);
#4344 = ORIENTED_EDGE('',*,*,#3502,.F.);
#4345 = PLANE('',#4346);
#4346 = AXIS2_PLACEMENT_3D('',#4347,#4348,#4349);
#4347 = CARTESIAN_POINT('',(118.024,98.673,0.34));
#4348 = DIRECTION('',(1.,0.,0.));
#4349 = DIRECTION('',(0.,0.,-1.));
#4350 = ADVANCED_FACE('',(#4351),#4357,.T.);
#4351 = FACE_BOUND('',#4352,.F.);
#4352 = EDGE_LOOP('',(#4353,#4354,#4355,#4356));
#4353 = ORIENTED_EDGE('',*,*,#3652,.F.);
#4354 = ORIENTED_EDGE('',*,*,#3587,.T.);
#4355 = ORIENTED_EDGE('',*,*,#3764,.T.);
#4356 = ORIENTED_EDGE('',*,*,#3620,.F.);
#4357 = PLANE('',#4358);
#4358 = AXIS2_PLACEMENT_3D('',#4359,#4360,#4361);
#4359 = CARTESIAN_POINT('',(115.574,99.898,1.59));
#4360 = DIRECTION('',(0.,0.,1.));
#4361 = DIRECTION('',(-1.,0.,0.));
#4362 = ADVANCED_FACE('',(#4363),#4374,.T.);
#4363 = FACE_BOUND('',#4364,.F.);
#4364 = EDGE_LOOP('',(#4365,#4366,#4367,#4368));
#4365 = ORIENTED_EDGE('',*,*,#3690,.F.);
#4366 = ORIENTED_EDGE('',*,*,#3635,.T.);
#4367 = ORIENTED_EDGE('',*,*,#3746,.T.);
#4368 = ORIENTED_EDGE('',*,*,#4369,.F.);
#4369 = EDGE_CURVE('',#3683,#3739,#4370,.T.);
#4370 = LINE('',#4371,#4372);
#4371 = CARTESIAN_POINT('',(115.624,98.173,0.37));
#4372 = VECTOR('',#4373,1.);
#4373 = DIRECTION('',(1.,0.,0.));
#4374 = PLANE('',#4375);
#4375 = AXIS2_PLACEMENT_3D('',#4376,#4377,#4378);
#4376 = CARTESIAN_POINT('',(115.624,98.423,0.37));
#4377 = DIRECTION('',(0.,0.,1.));
#4378 = DIRECTION('',(-1.,0.,0.));
#4379 = ADVANCED_FACE('',(#4380),#4391,.T.);
#4380 = FACE_BOUND('',#4381,.F.);
#4381 = EDGE_LOOP('',(#4382,#4388,#4389,#4390));
#4382 = ORIENTED_EDGE('',*,*,#4383,.F.);
#4383 = EDGE_CURVE('',#3675,#3731,#4384,.T.);
#4384 = LINE('',#4385,#4386);
#4385 = CARTESIAN_POINT('',(115.624,98.173,0.34));
#4386 = VECTOR('',#4387,1.);
#4387 = DIRECTION('',(1.,0.,0.));
#4388 = ORIENTED_EDGE('',*,*,#3682,.T.);
#4389 = ORIENTED_EDGE('',*,*,#4369,.T.);
#4390 = ORIENTED_EDGE('',*,*,#3738,.F.);
#4391 = PLANE('',#4392);
#4392 = AXIS2_PLACEMENT_3D('',#4393,#4394,#4395);
#4393 = CARTESIAN_POINT('',(115.624,98.173,0.34));
#4394 = DIRECTION('',(-0.,-1.,-0.));
#4395 = DIRECTION('',(0.,0.,-1.));
#4396 = ADVANCED_FACE('',(#4397),#4403,.F.);
#4397 = FACE_BOUND('',#4398,.T.);
#4398 = EDGE_LOOP('',(#4399,#4400,#4401,#4402));
#4399 = ORIENTED_EDGE('',*,*,#3674,.F.);
#4400 = ORIENTED_EDGE('',*,*,#3705,.T.);
#4401 = ORIENTED_EDGE('',*,*,#3730,.T.);
#4402 = ORIENTED_EDGE('',*,*,#4383,.F.);
#4403 = PLANE('',#4404);
#4404 = AXIS2_PLACEMENT_3D('',#4405,#4406,#4407);
#4405 = CARTESIAN_POINT('',(115.624,98.423,0.34));
#4406 = DIRECTION('',(0.,0.,1.));
#4407 = DIRECTION('',(-1.,0.,0.));
#4408 = ADVANCED_FACE('',(#4409),#4415,.F.);
#4409 = FACE_BOUND('',#4410,.T.);
#4410 = EDGE_LOOP('',(#4411,#4412,#4413,#4414));
#4411 = ORIENTED_EDGE('',*,*,#3786,.F.);
#4412 = ORIENTED_EDGE('',*,*,#3833,.T.);
#4413 = ORIENTED_EDGE('',*,*,#3858,.T.);
#4414 = ORIENTED_EDGE('',*,*,#3809,.F.);
#4415 = PLANE('',#4416);
#4416 = AXIS2_PLACEMENT_3D('',#4417,#4418,#4419);
#4417 = CARTESIAN_POINT('',(115.624,99.423,0.34));
#4418 = DIRECTION('',(0.,0.,1.));
#4419 = DIRECTION('',(-1.,0.,0.));
#4420 = ADVANCED_FACE('',(#4421),#4427,.F.);
#4421 = FACE_BOUND('',#4422,.T.);
#4422 = EDGE_LOOP('',(#4423,#4424,#4425,#4426));
#4423 = ORIENTED_EDGE('',*,*,#3882,.F.);
#4424 = ORIENTED_EDGE('',*,*,#3929,.T.);
#4425 = ORIENTED_EDGE('',*,*,#3954,.T.);
#4426 = ORIENTED_EDGE('',*,*,#3905,.F.);
#4427 = PLANE('',#4428);
#4428 = AXIS2_PLACEMENT_3D('',#4429,#4430,#4431);
#4429 = CARTESIAN_POINT('',(117.374,99.673,0.34));
#4430 = DIRECTION('',(0.,0.,1.));
#4431 = DIRECTION('',(-1.,0.,0.));
#4432 = ADVANCED_FACE('',(#4433),#4439,.F.);
#4433 = FACE_BOUND('',#4434,.T.);
#4434 = EDGE_LOOP('',(#4435,#4436,#4437,#4438));
#4435 = ORIENTED_EDGE('',*,*,#3978,.F.);
#4436 = ORIENTED_EDGE('',*,*,#4025,.T.);
#4437 = ORIENTED_EDGE('',*,*,#4050,.T.);
#4438 = ORIENTED_EDGE('',*,*,#4001,.F.);
#4439 = PLANE('',#4440);
#4440 = AXIS2_PLACEMENT_3D('',#4441,#4442,#4443);
#4441 = CARTESIAN_POINT('',(115.624,98.923,0.34));
#4442 = DIRECTION('',(0.,0.,1.));
#4443 = DIRECTION('',(-1.,0.,0.));
#4444 = ADVANCED_FACE('',(#4445),#4451,.F.);
#4445 = FACE_BOUND('',#4446,.T.);
#4446 = EDGE_LOOP('',(#4447,#4448,#4449,#4450));
#4447 = ORIENTED_EDGE('',*,*,#4074,.F.);
#4448 = ORIENTED_EDGE('',*,*,#4097,.T.);
#4449 = ORIENTED_EDGE('',*,*,#4122,.T.);
#4450 = ORIENTED_EDGE('',*,*,#4145,.F.);
#4451 = PLANE('',#4452);
#4452 = AXIS2_PLACEMENT_3D('',#4453,#4454,#4455);
#4453 = CARTESIAN_POINT('',(116.499,99.648,0.34));
#4454 = DIRECTION('',(0.,0.,1.));
#4455 = DIRECTION('',(-1.,0.,0.));
#4456 = ADVANCED_FACE('',(#4457),#4463,.F.);
#4457 = FACE_BOUND('',#4458,.T.);
#4458 = EDGE_LOOP('',(#4459,#4460,#4461,#4462));
#4459 = ORIENTED_EDGE('',*,*,#4170,.F.);
#4460 = ORIENTED_EDGE('',*,*,#4217,.T.);
#4461 = ORIENTED_EDGE('',*,*,#4242,.T.);
#4462 = ORIENTED_EDGE('',*,*,#4193,.F.);
#4463 = PLANE('',#4464);
#4464 = AXIS2_PLACEMENT_3D('',#4465,#4466,#4467);
#4465 = CARTESIAN_POINT('',(117.374,99.173,0.34));
#4466 = DIRECTION('',(0.,0.,1.));
#4467 = DIRECTION('',(-1.,0.,0.));
#4468 = ADVANCED_FACE('',(#4469),#4475,.F.);
#4469 = FACE_BOUND('',#4470,.T.);
#4470 = EDGE_LOOP('',(#4471,#4472,#4473,#4474));
#4471 = ORIENTED_EDGE('',*,*,#4266,.F.);
#4472 = ORIENTED_EDGE('',*,*,#4313,.T.);
#4473 = ORIENTED_EDGE('',*,*,#4338,.T.);
#4474 = ORIENTED_EDGE('',*,*,#4289,.F.);
#4475 = PLANE('',#4476);
#4476 = AXIS2_PLACEMENT_3D('',#4477,#4478,#4479);
#4477 = CARTESIAN_POINT('',(117.374,98.673,0.34));
#4478 = DIRECTION('',(0.,0.,1.));
#4479 = DIRECTION('',(-1.,0.,0.));
#4480 = MANIFOLD_SOLID_BREP('',#4481);
#4481 = CLOSED_SHELL('',(#4482,#4520,#4583,#4606,#4635,#4658,#4745,#4832
    ,#4855,#4878,#4895,#4918,#5006,#5022,#5052,#5083,#5114,#5145,#5176,
    #5207,#5238,#5269,#5286,#5303,#5334,#5365,#5396,#5427,#5458,#5489,
    #5520,#5550,#5573,#5596,#5613,#5658,#5744,#5767,#5790,#5813,#5900,
    #5938,#5987,#6079,#6104,#6188,#6210,#6302,#6327,#6411,#6433,#6525,
    #6550,#6634,#6651,#6736,#6761,#6838,#6923,#6948,#7025,#7042,#7134,
    #7159,#7243,#7265,#7357,#7382,#7466,#7488,#7580,#7605,#7689,#7706,
    #7725,#7744,#7763,#7809,#7825,#7844,#7863,#7882,#7898,#7915,#7927,
    #7944,#7961,#7978,#7995,#8012,#8029,#8046,#8058,#8075,#8092,#8109,
    #8126,#8143,#8160,#8177,#8189,#8206,#8223,#8240,#8257,#8274,#8291,
    #8308,#8320,#8337,#8354,#8371,#8388,#8405,#8422,#8434,#8451,#8468,
    #8485,#8502,#8519,#8536,#8548,#8565,#8582,#8599,#8616,#8633,#8650,
    #8667,#8679,#8696,#8713,#8730,#8747,#8764,#8781,#8798,#8810,#8827,
    #8844,#8861,#8878,#8895,#8912,#8929,#8941));
#4482 = ADVANCED_FACE('',(#4483),#4515,.T.);
#4483 = FACE_BOUND('',#4484,.T.);
#4484 = EDGE_LOOP('',(#4485,#4495,#4502,#4510));
#4485 = ORIENTED_EDGE('',*,*,#4486,.T.);
#4486 = EDGE_CURVE('',#4487,#4489,#4491,.T.);
#4487 = VERTEX_POINT('',#4488);
#4488 = CARTESIAN_POINT('',(111.93987844824,98.651756896484,0.44));
#4489 = VERTEX_POINT('',#4490);
#4490 = CARTESIAN_POINT('',(113.28312155175,98.651756896484,0.44));
#4491 = LINE('',#4492,#4493);
#4492 = CARTESIAN_POINT('',(111.93987844824,98.651756896484,0.44));
#4493 = VECTOR('',#4494,1.);
#4494 = DIRECTION('',(1.,-1.110223024625E-16,0.));
#4495 = ORIENTED_EDGE('',*,*,#4496,.T.);
#4496 = EDGE_CURVE('',#4489,#4497,#4499,.T.);
#4497 = VERTEX_POINT('',#4498);
#4498 = CARTESIAN_POINT('',(113.3165,98.585,0.915));
#4499 = B_SPLINE_CURVE_WITH_KNOTS('',1,(#4500,#4501),.UNSPECIFIED.,.F.,
  .F.,(2,2),(0.,1.),.PIECEWISE_BEZIER_KNOTS.);
#4500 = CARTESIAN_POINT('',(113.28312155175,98.651756896484,0.44));
#4501 = CARTESIAN_POINT('',(113.3165,98.585,0.915));
#4502 = ORIENTED_EDGE('',*,*,#4503,.F.);
#4503 = EDGE_CURVE('',#4504,#4497,#4506,.T.);
#4504 = VERTEX_POINT('',#4505);
#4505 = CARTESIAN_POINT('',(111.9065,98.585,0.915));
#4506 = LINE('',#4507,#4508);
#4507 = CARTESIAN_POINT('',(111.9065,98.585,0.915));
#4508 = VECTOR('',#4509,1.);
#4509 = DIRECTION('',(1.,-1.110223024625E-16,0.));
#4510 = ORIENTED_EDGE('',*,*,#4511,.F.);
#4511 = EDGE_CURVE('',#4487,#4504,#4512,.T.);
#4512 = B_SPLINE_CURVE_WITH_KNOTS('',1,(#4513,#4514),.UNSPECIFIED.,.F.,
  .F.,(2,2),(0.,1.),.PIECEWISE_BEZIER_KNOTS.);
#4513 = CARTESIAN_POINT('',(111.93987844824,98.651756896484,0.44));
#4514 = CARTESIAN_POINT('',(111.9065,98.585,0.915));
#4515 = B_SPLINE_SURFACE_WITH_KNOTS('',1,1,(
    (#4516,#4517)
    ,(#4518,#4519
    )),.UNSPECIFIED.,.F.,.F.,.F.,(2,2),(2,2),(0.,1.41),(0.,1.),
  .PIECEWISE_BEZIER_KNOTS.);
#4516 = CARTESIAN_POINT('',(111.93987844824,98.651756896484,0.44));
#4517 = CARTESIAN_POINT('',(111.9065,98.585,0.915));
#4518 = CARTESIAN_POINT('',(113.28312155175,98.651756896484,0.44));
#4519 = CARTESIAN_POINT('',(113.3165,98.585,0.915));
#4520 = ADVANCED_FACE('',(#4521),#4578,.F.);
#4521 = FACE_BOUND('',#4522,.F.);
#4522 = EDGE_LOOP('',(#4523,#4524,#4532,#4540,#4548,#4556,#4564,#4572));
#4523 = ORIENTED_EDGE('',*,*,#4486,.T.);
#4524 = ORIENTED_EDGE('',*,*,#4525,.T.);
#4525 = EDGE_CURVE('',#4489,#4526,#4528,.T.);
#4526 = VERTEX_POINT('',#4527);
#4527 = CARTESIAN_POINT('',(113.34474310351,98.713378448242,0.44));
#4528 = LINE('',#4529,#4530);
#4529 = CARTESIAN_POINT('',(113.28312155175,98.651756896484,0.44));
#4530 = VECTOR('',#4531,1.);
#4531 = DIRECTION('',(0.707106781187,0.707106781187,0.));
#4532 = ORIENTED_EDGE('',*,*,#4533,.T.);
#4533 = EDGE_CURVE('',#4526,#4534,#4536,.T.);
#4534 = VERTEX_POINT('',#4535);
#4535 = CARTESIAN_POINT('',(113.34474310351,101.35662155175,0.44));
#4536 = LINE('',#4537,#4538);
#4537 = CARTESIAN_POINT('',(113.34474310351,98.713378448242,0.44));
#4538 = VECTOR('',#4539,1.);
#4539 = DIRECTION('',(1.110223024625E-16,1.,0.));
#4540 = ORIENTED_EDGE('',*,*,#4541,.T.);
#4541 = EDGE_CURVE('',#4534,#4542,#4544,.T.);
#4542 = VERTEX_POINT('',#4543);
#4543 = CARTESIAN_POINT('',(113.28312155175,101.41824310351,0.44));
#4544 = LINE('',#4545,#4546);
#4545 = CARTESIAN_POINT('',(113.34474310351,101.35662155175,0.44));
#4546 = VECTOR('',#4547,1.);
#4547 = DIRECTION('',(-0.707106781187,0.707106781187,0.));
#4548 = ORIENTED_EDGE('',*,*,#4549,.T.);
#4549 = EDGE_CURVE('',#4542,#4550,#4552,.T.);
#4550 = VERTEX_POINT('',#4551);
#4551 = CARTESIAN_POINT('',(111.93987844824,101.41824310351,0.44));
#4552 = LINE('',#4553,#4554);
#4553 = CARTESIAN_POINT('',(113.28312155175,101.41824310351,0.44));
#4554 = VECTOR('',#4555,1.);
#4555 = DIRECTION('',(-1.,1.110223024625E-16,0.));
#4556 = ORIENTED_EDGE('',*,*,#4557,.T.);
#4557 = EDGE_CURVE('',#4550,#4558,#4560,.T.);
#4558 = VERTEX_POINT('',#4559);
#4559 = CARTESIAN_POINT('',(111.87825689648,101.35662155175,0.44));
#4560 = LINE('',#4561,#4562);
#4561 = CARTESIAN_POINT('',(111.93987844824,101.41824310351,0.44));
#4562 = VECTOR('',#4563,1.);
#4563 = DIRECTION('',(-0.707106781187,-0.707106781187,-0.));
#4564 = ORIENTED_EDGE('',*,*,#4565,.T.);
#4565 = EDGE_CURVE('',#4558,#4566,#4568,.T.);
#4566 = VERTEX_POINT('',#4567);
#4567 = CARTESIAN_POINT('',(111.87825689648,98.713378448242,0.44));
#4568 = LINE('',#4569,#4570);
#4569 = CARTESIAN_POINT('',(111.87825689648,101.35662155175,0.44));
#4570 = VECTOR('',#4571,1.);
#4571 = DIRECTION('',(-1.110223024625E-16,-1.,-0.));
#4572 = ORIENTED_EDGE('',*,*,#4573,.T.);
#4573 = EDGE_CURVE('',#4566,#4487,#4574,.T.);
#4574 = LINE('',#4575,#4576);
#4575 = CARTESIAN_POINT('',(111.87825689648,98.713378448242,0.44));
#4576 = VECTOR('',#4577,1.);
#4577 = DIRECTION('',(0.707106781187,-0.707106781187,0.));
#4578 = PLANE('',#4579);
#4579 = AXIS2_PLACEMENT_3D('',#4580,#4581,#4582);
#4580 = CARTESIAN_POINT('',(111.93987844824,98.651756896484,0.44));
#4581 = DIRECTION('',(0.,0.,1.));
#4582 = DIRECTION('',(-0.436777995774,-0.899569331629,0.));
#4583 = ADVANCED_FACE('',(#4584),#4601,.T.);
#4584 = FACE_BOUND('',#4585,.T.);
#4585 = EDGE_LOOP('',(#4586,#4587,#4594,#4600));
#4586 = ORIENTED_EDGE('',*,*,#4525,.T.);
#4587 = ORIENTED_EDGE('',*,*,#4588,.T.);
#4588 = EDGE_CURVE('',#4526,#4589,#4591,.T.);
#4589 = VERTEX_POINT('',#4590);
#4590 = CARTESIAN_POINT('',(113.4115,98.68,0.915));
#4591 = B_SPLINE_CURVE_WITH_KNOTS('',1,(#4592,#4593),.UNSPECIFIED.,.F.,
  .F.,(2,2),(0.,1.),.PIECEWISE_BEZIER_KNOTS.);
#4592 = CARTESIAN_POINT('',(113.34474310351,98.713378448242,0.44));
#4593 = CARTESIAN_POINT('',(113.4115,98.68,0.915));
#4594 = ORIENTED_EDGE('',*,*,#4595,.F.);
#4595 = EDGE_CURVE('',#4497,#4589,#4596,.T.);
#4596 = LINE('',#4597,#4598);
#4597 = CARTESIAN_POINT('',(113.3165,98.585,0.915));
#4598 = VECTOR('',#4599,1.);
#4599 = DIRECTION('',(0.707106781187,0.707106781187,0.));
#4600 = ORIENTED_EDGE('',*,*,#4496,.F.);
#4601 = B_SPLINE_SURFACE_WITH_KNOTS('',1,1,(
    (#4602,#4603)
    ,(#4604,#4605
    )),.UNSPECIFIED.,.F.,.F.,.F.,(2,2),(2,2),(0.,0.134350288425),(0.,1.)
  ,.PIECEWISE_BEZIER_KNOTS.);
#4602 = CARTESIAN_POINT('',(113.28312155175,98.651756896484,0.44));
#4603 = CARTESIAN_POINT('',(113.3165,98.585,0.915));
#4604 = CARTESIAN_POINT('',(113.34474310351,98.713378448242,0.44));
#4605 = CARTESIAN_POINT('',(113.4115,98.68,0.915));
#4606 = ADVANCED_FACE('',(#4607),#4630,.F.);
#4607 = FACE_BOUND('',#4608,.T.);
#4608 = EDGE_LOOP('',(#4609,#4610,#4617,#4625));
#4609 = ORIENTED_EDGE('',*,*,#4503,.T.);
#4610 = ORIENTED_EDGE('',*,*,#4611,.T.);
#4611 = EDGE_CURVE('',#4497,#4612,#4614,.T.);
#4612 = VERTEX_POINT('',#4613);
#4613 = CARTESIAN_POINT('',(113.3165,98.585,1.065));
#4614 = B_SPLINE_CURVE_WITH_KNOTS('',1,(#4615,#4616),.UNSPECIFIED.,.F.,
  .F.,(2,2),(0.,1.),.PIECEWISE_BEZIER_KNOTS.);
#4615 = CARTESIAN_POINT('',(113.3165,98.585,0.915));
#4616 = CARTESIAN_POINT('',(113.3165,98.585,1.065));
#4617 = ORIENTED_EDGE('',*,*,#4618,.F.);
#4618 = EDGE_CURVE('',#4619,#4612,#4621,.T.);
#4619 = VERTEX_POINT('',#4620);
#4620 = CARTESIAN_POINT('',(111.9065,98.585,1.065));
#4621 = LINE('',#4622,#4623);
#4622 = CARTESIAN_POINT('',(111.9065,98.585,1.065));
#4623 = VECTOR('',#4624,1.);
#4624 = DIRECTION('',(1.,-1.110223024625E-16,0.));
#4625 = ORIENTED_EDGE('',*,*,#4626,.F.);
#4626 = EDGE_CURVE('',#4504,#4619,#4627,.T.);
#4627 = B_SPLINE_CURVE_WITH_KNOTS('',1,(#4628,#4629),.UNSPECIFIED.,.F.,
  .F.,(2,2),(0.,1.),.PIECEWISE_BEZIER_KNOTS.);
#4628 = CARTESIAN_POINT('',(111.9065,98.585,0.915));
#4629 = CARTESIAN_POINT('',(111.9065,98.585,1.065));
#4630 = PLANE('',#4631);
#4631 = AXIS2_PLACEMENT_3D('',#4632,#4633,#4634);
#4632 = CARTESIAN_POINT('',(111.9065,98.585,1.065));
#4633 = DIRECTION('',(1.110223024625E-16,1.,0.));
#4634 = DIRECTION('',(-1.,1.110223024625E-16,0.));
#4635 = ADVANCED_FACE('',(#4636),#4653,.T.);
#4636 = FACE_BOUND('',#4637,.T.);
#4637 = EDGE_LOOP('',(#4638,#4639,#4640,#4648));
#4638 = ORIENTED_EDGE('',*,*,#4573,.T.);
#4639 = ORIENTED_EDGE('',*,*,#4511,.T.);
#4640 = ORIENTED_EDGE('',*,*,#4641,.F.);
#4641 = EDGE_CURVE('',#4642,#4504,#4644,.T.);
#4642 = VERTEX_POINT('',#4643);
#4643 = CARTESIAN_POINT('',(111.8115,98.68,0.915));
#4644 = LINE('',#4645,#4646);
#4645 = CARTESIAN_POINT('',(111.8115,98.68,0.915));
#4646 = VECTOR('',#4647,1.);
#4647 = DIRECTION('',(0.707106781187,-0.707106781187,0.));
#4648 = ORIENTED_EDGE('',*,*,#4649,.F.);
#4649 = EDGE_CURVE('',#4566,#4642,#4650,.T.);
#4650 = B_SPLINE_CURVE_WITH_KNOTS('',1,(#4651,#4652),.UNSPECIFIED.,.F.,
  .F.,(2,2),(0.,1.),.PIECEWISE_BEZIER_KNOTS.);
#4651 = CARTESIAN_POINT('',(111.87825689648,98.713378448242,0.44));
#4652 = CARTESIAN_POINT('',(111.8115,98.68,0.915));
#4653 = B_SPLINE_SURFACE_WITH_KNOTS('',1,1,(
    (#4654,#4655)
    ,(#4656,#4657
    )),.UNSPECIFIED.,.F.,.F.,.F.,(2,2),(2,2),(0.,0.134350288425),(0.,1.)
  ,.PIECEWISE_BEZIER_KNOTS.);
#4654 = CARTESIAN_POINT('',(111.87825689648,98.713378448242,0.44));
#4655 = CARTESIAN_POINT('',(111.8115,98.68,0.915));
#4656 = CARTESIAN_POINT('',(111.93987844824,98.651756896484,0.44));
#4657 = CARTESIAN_POINT('',(111.9065,98.585,0.915));
#4658 = ADVANCED_FACE('',(#4659),#4740,.T.);
#4659 = FACE_BOUND('',#4660,.T.);
#4660 = EDGE_LOOP('',(#4661,#4662,#4663,#4671,#4679,#4687,#4695,#4703,
    #4711,#4719,#4727,#4735));
#4661 = ORIENTED_EDGE('',*,*,#4565,.T.);
#4662 = ORIENTED_EDGE('',*,*,#4649,.T.);
#4663 = ORIENTED_EDGE('',*,*,#4664,.F.);
#4664 = EDGE_CURVE('',#4665,#4642,#4667,.T.);
#4665 = VERTEX_POINT('',#4666);
#4666 = CARTESIAN_POINT('',(111.8115,98.87,0.915));
#4667 = LINE('',#4668,#4669);
#4668 = CARTESIAN_POINT('',(111.8115,101.39,0.915));
#4669 = VECTOR('',#4670,1.);
#4670 = DIRECTION('',(-1.110223024625E-16,-1.,-0.));
#4671 = ORIENTED_EDGE('',*,*,#4672,.F.);
#4672 = EDGE_CURVE('',#4673,#4665,#4675,.T.);
#4673 = VERTEX_POINT('',#4674);
#4674 = CARTESIAN_POINT('',(111.8115,99.25,0.915));
#4675 = LINE('',#4676,#4677);
#4676 = CARTESIAN_POINT('',(111.8115,101.39,0.915));
#4677 = VECTOR('',#4678,1.);
#4678 = DIRECTION('',(-1.110223024625E-16,-1.,-0.));
#4679 = ORIENTED_EDGE('',*,*,#4680,.F.);
#4680 = EDGE_CURVE('',#4681,#4673,#4683,.T.);
#4681 = VERTEX_POINT('',#4682);
#4682 = CARTESIAN_POINT('',(111.8115,99.52,0.915));
#4683 = LINE('',#4684,#4685);
#4684 = CARTESIAN_POINT('',(111.8115,101.39,0.915));
#4685 = VECTOR('',#4686,1.);
#4686 = DIRECTION('',(-1.110223024625E-16,-1.,-0.));
#4687 = ORIENTED_EDGE('',*,*,#4688,.F.);
#4688 = EDGE_CURVE('',#4689,#4681,#4691,.T.);
#4689 = VERTEX_POINT('',#4690);
#4690 = CARTESIAN_POINT('',(111.8115,99.9,0.915));
#4691 = LINE('',#4692,#4693);
#4692 = CARTESIAN_POINT('',(111.8115,101.39,0.915));
#4693 = VECTOR('',#4694,1.);
#4694 = DIRECTION('',(-1.110223024625E-16,-1.,-0.));
#4695 = ORIENTED_EDGE('',*,*,#4696,.F.);
#4696 = EDGE_CURVE('',#4697,#4689,#4699,.T.);
#4697 = VERTEX_POINT('',#4698);
#4698 = CARTESIAN_POINT('',(111.8115,100.17,0.915));
#4699 = LINE('',#4700,#4701);
#4700 = CARTESIAN_POINT('',(111.8115,101.39,0.915));
#4701 = VECTOR('',#4702,1.);
#4702 = DIRECTION('',(-1.110223024625E-16,-1.,-0.));
#4703 = ORIENTED_EDGE('',*,*,#4704,.F.);
#4704 = EDGE_CURVE('',#4705,#4697,#4707,.T.);
#4705 = VERTEX_POINT('',#4706);
#4706 = CARTESIAN_POINT('',(111.8115,100.55,0.915));
#4707 = LINE('',#4708,#4709);
#4708 = CARTESIAN_POINT('',(111.8115,101.39,0.915));
#4709 = VECTOR('',#4710,1.);
#4710 = DIRECTION('',(-1.110223024625E-16,-1.,-0.));
#4711 = ORIENTED_EDGE('',*,*,#4712,.F.);
#4712 = EDGE_CURVE('',#4713,#4705,#4715,.T.);
#4713 = VERTEX_POINT('',#4714);
#4714 = CARTESIAN_POINT('',(111.8115,100.82,0.915));
#4715 = LINE('',#4716,#4717);
#4716 = CARTESIAN_POINT('',(111.8115,101.39,0.915));
#4717 = VECTOR('',#4718,1.);
#4718 = DIRECTION('',(-1.110223024625E-16,-1.,-0.));
#4719 = ORIENTED_EDGE('',*,*,#4720,.F.);
#4720 = EDGE_CURVE('',#4721,#4713,#4723,.T.);
#4721 = VERTEX_POINT('',#4722);
#4722 = CARTESIAN_POINT('',(111.8115,101.2,0.915));
#4723 = LINE('',#4724,#4725);
#4724 = CARTESIAN_POINT('',(111.8115,101.39,0.915));
#4725 = VECTOR('',#4726,1.);
#4726 = DIRECTION('',(-1.110223024625E-16,-1.,-0.));
#4727 = ORIENTED_EDGE('',*,*,#4728,.F.);
#4728 = EDGE_CURVE('',#4729,#4721,#4731,.T.);
#4729 = VERTEX_POINT('',#4730);
#4730 = CARTESIAN_POINT('',(111.8115,101.39,0.915));
#4731 = LINE('',#4732,#4733);
#4732 = CARTESIAN_POINT('',(111.8115,101.39,0.915));
#4733 = VECTOR('',#4734,1.);
#4734 = DIRECTION('',(-1.110223024625E-16,-1.,-0.));
#4735 = ORIENTED_EDGE('',*,*,#4736,.F.);
#4736 = EDGE_CURVE('',#4558,#4729,#4737,.T.);
#4737 = B_SPLINE_CURVE_WITH_KNOTS('',1,(#4738,#4739),.UNSPECIFIED.,.F.,
  .F.,(2,2),(0.,1.),.PIECEWISE_BEZIER_KNOTS.);
#4738 = CARTESIAN_POINT('',(111.87825689648,101.35662155175,0.44));
#4739 = CARTESIAN_POINT('',(111.8115,101.39,0.915));
#4740 = B_SPLINE_SURFACE_WITH_KNOTS('',1,1,(
    (#4741,#4742)
    ,(#4743,#4744
    )),.UNSPECIFIED.,.F.,.F.,.F.,(2,2),(2,2),(0.,2.71),(0.,1.),
  .PIECEWISE_BEZIER_KNOTS.);
#4741 = CARTESIAN_POINT('',(111.87825689648,101.35662155175,0.44));
#4742 = CARTESIAN_POINT('',(111.8115,101.39,0.915));
#4743 = CARTESIAN_POINT('',(111.87825689648,98.713378448242,0.44));
#4744 = CARTESIAN_POINT('',(111.8115,98.68,0.915));
#4745 = ADVANCED_FACE('',(#4746),#4827,.T.);
#4746 = FACE_BOUND('',#4747,.T.);
#4747 = EDGE_LOOP('',(#4748,#4749,#4756,#4764,#4772,#4780,#4788,#4796,
    #4804,#4812,#4820,#4826));
#4748 = ORIENTED_EDGE('',*,*,#4533,.T.);
#4749 = ORIENTED_EDGE('',*,*,#4750,.T.);
#4750 = EDGE_CURVE('',#4534,#4751,#4753,.T.);
#4751 = VERTEX_POINT('',#4752);
#4752 = CARTESIAN_POINT('',(113.4115,101.39,0.915));
#4753 = B_SPLINE_CURVE_WITH_KNOTS('',1,(#4754,#4755),.UNSPECIFIED.,.F.,
  .F.,(2,2),(0.,1.),.PIECEWISE_BEZIER_KNOTS.);
#4754 = CARTESIAN_POINT('',(113.34474310351,101.35662155175,0.44));
#4755 = CARTESIAN_POINT('',(113.4115,101.39,0.915));
#4756 = ORIENTED_EDGE('',*,*,#4757,.F.);
#4757 = EDGE_CURVE('',#4758,#4751,#4760,.T.);
#4758 = VERTEX_POINT('',#4759);
#4759 = CARTESIAN_POINT('',(113.4115,101.2,0.915));
#4760 = LINE('',#4761,#4762);
#4761 = CARTESIAN_POINT('',(113.4115,98.68,0.915));
#4762 = VECTOR('',#4763,1.);
#4763 = DIRECTION('',(1.110223024625E-16,1.,0.));
#4764 = ORIENTED_EDGE('',*,*,#4765,.F.);
#4765 = EDGE_CURVE('',#4766,#4758,#4768,.T.);
#4766 = VERTEX_POINT('',#4767);
#4767 = CARTESIAN_POINT('',(113.4115,100.82,0.915));
#4768 = LINE('',#4769,#4770);
#4769 = CARTESIAN_POINT('',(113.4115,98.68,0.915));
#4770 = VECTOR('',#4771,1.);
#4771 = DIRECTION('',(1.110223024625E-16,1.,0.));
#4772 = ORIENTED_EDGE('',*,*,#4773,.F.);
#4773 = EDGE_CURVE('',#4774,#4766,#4776,.T.);
#4774 = VERTEX_POINT('',#4775);
#4775 = CARTESIAN_POINT('',(113.4115,100.55,0.915));
#4776 = LINE('',#4777,#4778);
#4777 = CARTESIAN_POINT('',(113.4115,98.68,0.915));
#4778 = VECTOR('',#4779,1.);
#4779 = DIRECTION('',(1.110223024625E-16,1.,0.));
#4780 = ORIENTED_EDGE('',*,*,#4781,.F.);
#4781 = EDGE_CURVE('',#4782,#4774,#4784,.T.);
#4782 = VERTEX_POINT('',#4783);
#4783 = CARTESIAN_POINT('',(113.4115,100.17,0.915));
#4784 = LINE('',#4785,#4786);
#4785 = CARTESIAN_POINT('',(113.4115,98.68,0.915));
#4786 = VECTOR('',#4787,1.);
#4787 = DIRECTION('',(1.110223024625E-16,1.,0.));
#4788 = ORIENTED_EDGE('',*,*,#4789,.F.);
#4789 = EDGE_CURVE('',#4790,#4782,#4792,.T.);
#4790 = VERTEX_POINT('',#4791);
#4791 = CARTESIAN_POINT('',(113.4115,99.9,0.915));
#4792 = LINE('',#4793,#4794);
#4793 = CARTESIAN_POINT('',(113.4115,98.68,0.915));
#4794 = VECTOR('',#4795,1.);
#4795 = DIRECTION('',(1.110223024625E-16,1.,0.));
#4796 = ORIENTED_EDGE('',*,*,#4797,.F.);
#4797 = EDGE_CURVE('',#4798,#4790,#4800,.T.);
#4798 = VERTEX_POINT('',#4799);
#4799 = CARTESIAN_POINT('',(113.4115,99.52,0.915));
#4800 = LINE('',#4801,#4802);
#4801 = CARTESIAN_POINT('',(113.4115,98.68,0.915));
#4802 = VECTOR('',#4803,1.);
#4803 = DIRECTION('',(1.110223024625E-16,1.,0.));
#4804 = ORIENTED_EDGE('',*,*,#4805,.F.);
#4805 = EDGE_CURVE('',#4806,#4798,#4808,.T.);
#4806 = VERTEX_POINT('',#4807);
#4807 = CARTESIAN_POINT('',(113.4115,99.25,0.915));
#4808 = LINE('',#4809,#4810);
#4809 = CARTESIAN_POINT('',(113.4115,98.68,0.915));
#4810 = VECTOR('',#4811,1.);
#4811 = DIRECTION('',(1.110223024625E-16,1.,0.));
#4812 = ORIENTED_EDGE('',*,*,#4813,.F.);
#4813 = EDGE_CURVE('',#4814,#4806,#4816,.T.);
#4814 = VERTEX_POINT('',#4815);
#4815 = CARTESIAN_POINT('',(113.4115,98.87,0.915));
#4816 = LINE('',#4817,#4818);
#4817 = CARTESIAN_POINT('',(113.4115,98.68,0.915));
#4818 = VECTOR('',#4819,1.);
#4819 = DIRECTION('',(1.110223024625E-16,1.,0.));
#4820 = ORIENTED_EDGE('',*,*,#4821,.F.);
#4821 = EDGE_CURVE('',#4589,#4814,#4822,.T.);
#4822 = LINE('',#4823,#4824);
#4823 = CARTESIAN_POINT('',(113.4115,98.68,0.915));
#4824 = VECTOR('',#4825,1.);
#4825 = DIRECTION('',(1.110223024625E-16,1.,0.));
#4826 = ORIENTED_EDGE('',*,*,#4588,.F.);
#4827 = B_SPLINE_SURFACE_WITH_KNOTS('',1,1,(
    (#4828,#4829)
    ,(#4830,#4831
    )),.UNSPECIFIED.,.F.,.F.,.F.,(2,2),(2,2),(0.,2.71),(0.,1.),
  .PIECEWISE_BEZIER_KNOTS.);
#4828 = CARTESIAN_POINT('',(113.34474310351,98.713378448242,0.44));
#4829 = CARTESIAN_POINT('',(113.4115,98.68,0.915));
#4830 = CARTESIAN_POINT('',(113.34474310351,101.35662155175,0.44));
#4831 = CARTESIAN_POINT('',(113.4115,101.39,0.915));
#4832 = ADVANCED_FACE('',(#4833),#4850,.T.);
#4833 = FACE_BOUND('',#4834,.T.);
#4834 = EDGE_LOOP('',(#4835,#4836,#4837,#4845));
#4835 = ORIENTED_EDGE('',*,*,#4557,.T.);
#4836 = ORIENTED_EDGE('',*,*,#4736,.T.);
#4837 = ORIENTED_EDGE('',*,*,#4838,.F.);
#4838 = EDGE_CURVE('',#4839,#4729,#4841,.T.);
#4839 = VERTEX_POINT('',#4840);
#4840 = CARTESIAN_POINT('',(111.9065,101.485,0.915));
#4841 = LINE('',#4842,#4843);
#4842 = CARTESIAN_POINT('',(111.9065,101.485,0.915));
#4843 = VECTOR('',#4844,1.);
#4844 = DIRECTION('',(-0.707106781187,-0.707106781187,-0.));
#4845 = ORIENTED_EDGE('',*,*,#4846,.F.);
#4846 = EDGE_CURVE('',#4550,#4839,#4847,.T.);
#4847 = B_SPLINE_CURVE_WITH_KNOTS('',1,(#4848,#4849),.UNSPECIFIED.,.F.,
  .F.,(2,2),(0.,1.),.PIECEWISE_BEZIER_KNOTS.);
#4848 = CARTESIAN_POINT('',(111.93987844824,101.41824310351,0.44));
#4849 = CARTESIAN_POINT('',(111.9065,101.485,0.915));
#4850 = B_SPLINE_SURFACE_WITH_KNOTS('',1,1,(
    (#4851,#4852)
    ,(#4853,#4854
    )),.UNSPECIFIED.,.F.,.F.,.F.,(2,2),(2,2),(0.,0.134350288425),(0.,1.)
  ,.PIECEWISE_BEZIER_KNOTS.);
#4851 = CARTESIAN_POINT('',(111.93987844824,101.41824310351,0.44));
#4852 = CARTESIAN_POINT('',(111.9065,101.485,0.915));
#4853 = CARTESIAN_POINT('',(111.87825689648,101.35662155175,0.44));
#4854 = CARTESIAN_POINT('',(111.8115,101.39,0.915));
#4855 = ADVANCED_FACE('',(#4856),#4873,.T.);
#4856 = FACE_BOUND('',#4857,.T.);
#4857 = EDGE_LOOP('',(#4858,#4859,#4866,#4872));
#4858 = ORIENTED_EDGE('',*,*,#4541,.T.);
#4859 = ORIENTED_EDGE('',*,*,#4860,.T.);
#4860 = EDGE_CURVE('',#4542,#4861,#4863,.T.);
#4861 = VERTEX_POINT('',#4862);
#4862 = CARTESIAN_POINT('',(113.3165,101.485,0.915));
#4863 = B_SPLINE_CURVE_WITH_KNOTS('',1,(#4864,#4865),.UNSPECIFIED.,.F.,
  .F.,(2,2),(0.,1.),.PIECEWISE_BEZIER_KNOTS.);
#4864 = CARTESIAN_POINT('',(113.28312155175,101.41824310351,0.44));
#4865 = CARTESIAN_POINT('',(113.3165,101.485,0.915));
#4866 = ORIENTED_EDGE('',*,*,#4867,.F.);
#4867 = EDGE_CURVE('',#4751,#4861,#4868,.T.);
#4868 = LINE('',#4869,#4870);
#4869 = CARTESIAN_POINT('',(113.4115,101.39,0.915));
#4870 = VECTOR('',#4871,1.);
#4871 = DIRECTION('',(-0.707106781187,0.707106781187,0.));
#4872 = ORIENTED_EDGE('',*,*,#4750,.F.);
#4873 = B_SPLINE_SURFACE_WITH_KNOTS('',1,1,(
    (#4874,#4875)
    ,(#4876,#4877
    )),.UNSPECIFIED.,.F.,.F.,.F.,(2,2),(2,2),(0.,0.134350288425),(0.,1.)
  ,.PIECEWISE_BEZIER_KNOTS.);
#4874 = CARTESIAN_POINT('',(113.34474310351,101.35662155175,0.44));
#4875 = CARTESIAN_POINT('',(113.4115,101.39,0.915));
#4876 = CARTESIAN_POINT('',(113.28312155175,101.41824310351,0.44));
#4877 = CARTESIAN_POINT('',(113.3165,101.485,0.915));
#4878 = ADVANCED_FACE('',(#4879),#4890,.T.);
#4879 = FACE_BOUND('',#4880,.T.);
#4880 = EDGE_LOOP('',(#4881,#4882,#4883,#4889));
#4881 = ORIENTED_EDGE('',*,*,#4549,.T.);
#4882 = ORIENTED_EDGE('',*,*,#4846,.T.);
#4883 = ORIENTED_EDGE('',*,*,#4884,.F.);
#4884 = EDGE_CURVE('',#4861,#4839,#4885,.T.);
#4885 = LINE('',#4886,#4887);
#4886 = CARTESIAN_POINT('',(113.3165,101.485,0.915));
#4887 = VECTOR('',#4888,1.);
#4888 = DIRECTION('',(-1.,1.110223024625E-16,0.));
#4889 = ORIENTED_EDGE('',*,*,#4860,.F.);
#4890 = B_SPLINE_SURFACE_WITH_KNOTS('',1,1,(
    (#4891,#4892)
    ,(#4893,#4894
    )),.UNSPECIFIED.,.F.,.F.,.F.,(2,2),(2,2),(0.,1.41),(0.,1.),
  .PIECEWISE_BEZIER_KNOTS.);
#4891 = CARTESIAN_POINT('',(113.28312155175,101.41824310351,0.44));
#4892 = CARTESIAN_POINT('',(113.3165,101.485,0.915));
#4893 = CARTESIAN_POINT('',(111.93987844824,101.41824310351,0.44));
#4894 = CARTESIAN_POINT('',(111.9065,101.485,0.915));
#4895 = ADVANCED_FACE('',(#4896),#4913,.F.);
#4896 = FACE_BOUND('',#4897,.T.);
#4897 = EDGE_LOOP('',(#4898,#4899,#4906,#4912));
#4898 = ORIENTED_EDGE('',*,*,#4595,.T.);
#4899 = ORIENTED_EDGE('',*,*,#4900,.T.);
#4900 = EDGE_CURVE('',#4589,#4901,#4903,.T.);
#4901 = VERTEX_POINT('',#4902);
#4902 = CARTESIAN_POINT('',(113.4115,98.68,1.065));
#4903 = B_SPLINE_CURVE_WITH_KNOTS('',1,(#4904,#4905),.UNSPECIFIED.,.F.,
  .F.,(2,2),(0.,1.),.PIECEWISE_BEZIER_KNOTS.);
#4904 = CARTESIAN_POINT('',(113.4115,98.68,0.915));
#4905 = CARTESIAN_POINT('',(113.4115,98.68,1.065));
#4906 = ORIENTED_EDGE('',*,*,#4907,.F.);
#4907 = EDGE_CURVE('',#4612,#4901,#4908,.T.);
#4908 = LINE('',#4909,#4910);
#4909 = CARTESIAN_POINT('',(113.3165,98.585,1.065));
#4910 = VECTOR('',#4911,1.);
#4911 = DIRECTION('',(0.707106781187,0.707106781187,0.));
#4912 = ORIENTED_EDGE('',*,*,#4611,.F.);
#4913 = PLANE('',#4914);
#4914 = AXIS2_PLACEMENT_3D('',#4915,#4916,#4917);
#4915 = CARTESIAN_POINT('',(113.3165,98.585,1.065));
#4916 = DIRECTION('',(-0.707106781187,0.707106781187,0.));
#4917 = DIRECTION('',(-0.707106781187,-0.707106781187,0.));
#4918 = ADVANCED_FACE('',(#4919),#5001,.F.);
#4919 = FACE_BOUND('',#4920,.T.);
#4920 = EDGE_LOOP('',(#4921,#4929,#4930,#4931,#4939,#4947,#4955,#4963,
    #4971,#4979,#4987,#4995));
#4921 = ORIENTED_EDGE('',*,*,#4922,.T.);
#4922 = EDGE_CURVE('',#4923,#4619,#4925,.T.);
#4923 = VERTEX_POINT('',#4924);
#4924 = CARTESIAN_POINT('',(111.8115,98.68,1.065));
#4925 = LINE('',#4926,#4927);
#4926 = CARTESIAN_POINT('',(111.8115,98.68,1.065));
#4927 = VECTOR('',#4928,1.);
#4928 = DIRECTION('',(0.707106781187,-0.707106781187,0.));
#4929 = ORIENTED_EDGE('',*,*,#4618,.T.);
#4930 = ORIENTED_EDGE('',*,*,#4907,.T.);
#4931 = ORIENTED_EDGE('',*,*,#4932,.T.);
#4932 = EDGE_CURVE('',#4901,#4933,#4935,.T.);
#4933 = VERTEX_POINT('',#4934);
#4934 = CARTESIAN_POINT('',(113.4115,98.87,1.065));
#4935 = LINE('',#4936,#4937);
#4936 = CARTESIAN_POINT('',(113.4115,98.68,1.065));
#4937 = VECTOR('',#4938,1.);
#4938 = DIRECTION('',(1.110223024625E-16,1.,0.));
#4939 = ORIENTED_EDGE('',*,*,#4940,.T.);
#4940 = EDGE_CURVE('',#4933,#4941,#4943,.T.);
#4941 = VERTEX_POINT('',#4942);
#4942 = CARTESIAN_POINT('',(113.3865,98.87,1.065));
#4943 = LINE('',#4944,#4945);
#4944 = CARTESIAN_POINT('',(113.4615,98.87,1.065));
#4945 = VECTOR('',#4946,1.);
#4946 = DIRECTION('',(-1.,1.110223024625E-16,0.));
#4947 = ORIENTED_EDGE('',*,*,#4948,.F.);
#4948 = EDGE_CURVE('',#4949,#4941,#4951,.T.);
#4949 = VERTEX_POINT('',#4950);
#4950 = CARTESIAN_POINT('',(113.3865,98.6925,1.065));
#4951 = LINE('',#4952,#4953);
#4952 = CARTESIAN_POINT('',(113.3865,98.6925,1.065));
#4953 = VECTOR('',#4954,1.);
#4954 = DIRECTION('',(1.110223024625E-16,1.,0.));
#4955 = ORIENTED_EDGE('',*,*,#4956,.F.);
#4956 = EDGE_CURVE('',#4957,#4949,#4959,.T.);
#4957 = VERTEX_POINT('',#4958);
#4958 = CARTESIAN_POINT('',(113.304,98.61,1.065));
#4959 = LINE('',#4960,#4961);
#4960 = CARTESIAN_POINT('',(113.304,98.61,1.065));
#4961 = VECTOR('',#4962,1.);
#4962 = DIRECTION('',(0.707106781187,0.707106781187,0.));
#4963 = ORIENTED_EDGE('',*,*,#4964,.F.);
#4964 = EDGE_CURVE('',#4965,#4957,#4967,.T.);
#4965 = VERTEX_POINT('',#4966);
#4966 = CARTESIAN_POINT('',(111.919,98.61,1.065));
#4967 = LINE('',#4968,#4969);
#4968 = CARTESIAN_POINT('',(111.919,98.61,1.065));
#4969 = VECTOR('',#4970,1.);
#4970 = DIRECTION('',(1.,-1.110223024625E-16,0.));
#4971 = ORIENTED_EDGE('',*,*,#4972,.F.);
#4972 = EDGE_CURVE('',#4973,#4965,#4975,.T.);
#4973 = VERTEX_POINT('',#4974);
#4974 = CARTESIAN_POINT('',(111.8365,98.6925,1.065));
#4975 = LINE('',#4976,#4977);
#4976 = CARTESIAN_POINT('',(111.8365,98.6925,1.065));
#4977 = VECTOR('',#4978,1.);
#4978 = DIRECTION('',(0.707106781187,-0.707106781187,0.));
#4979 = ORIENTED_EDGE('',*,*,#4980,.F.);
#4980 = EDGE_CURVE('',#4981,#4973,#4983,.T.);
#4981 = VERTEX_POINT('',#4982);
#4982 = CARTESIAN_POINT('',(111.8365,98.87,1.065));
#4983 = LINE('',#4984,#4985);
#4984 = CARTESIAN_POINT('',(111.8365,101.3775,1.065));
#4985 = VECTOR('',#4986,1.);
#4986 = DIRECTION('',(-1.110223024625E-16,-1.,-0.));
#4987 = ORIENTED_EDGE('',*,*,#4988,.F.);
#4988 = EDGE_CURVE('',#4989,#4981,#4991,.T.);
#4989 = VERTEX_POINT('',#4990);
#4990 = CARTESIAN_POINT('',(111.8115,98.87,1.065));
#4991 = LINE('',#4992,#4993);
#4992 = CARTESIAN_POINT('',(111.7615,98.87,1.065));
#4993 = VECTOR('',#4994,1.);
#4994 = DIRECTION('',(1.,1.144237745222E-17,0.));
#4995 = ORIENTED_EDGE('',*,*,#4996,.T.);
#4996 = EDGE_CURVE('',#4989,#4923,#4997,.T.);
#4997 = LINE('',#4998,#4999);
#4998 = CARTESIAN_POINT('',(111.8115,101.39,1.065));
#4999 = VECTOR('',#5000,1.);
#5000 = DIRECTION('',(-1.110223024625E-16,-1.,-0.));
#5001 = PLANE('',#5002);
#5002 = AXIS2_PLACEMENT_3D('',#5003,#5004,#5005);
#5003 = CARTESIAN_POINT('',(112.6115,98.5975,1.065));
#5004 = DIRECTION('',(4.422964059899E-31,3.624848457049E-27,-1.));
#5005 = DIRECTION('',(-1.,1.51922136901E-16,-4.422964059893E-31));
#5006 = ADVANCED_FACE('',(#5007),#5017,.F.);
#5007 = FACE_BOUND('',#5008,.T.);
#5008 = EDGE_LOOP('',(#5009,#5010,#5011,#5012));
#5009 = ORIENTED_EDGE('',*,*,#4641,.T.);
#5010 = ORIENTED_EDGE('',*,*,#4626,.T.);
#5011 = ORIENTED_EDGE('',*,*,#4922,.F.);
#5012 = ORIENTED_EDGE('',*,*,#5013,.F.);
#5013 = EDGE_CURVE('',#4642,#4923,#5014,.T.);
#5014 = B_SPLINE_CURVE_WITH_KNOTS('',1,(#5015,#5016),.UNSPECIFIED.,.F.,
  .F.,(2,2),(0.,1.),.PIECEWISE_BEZIER_KNOTS.);
#5015 = CARTESIAN_POINT('',(111.8115,98.68,0.915));
#5016 = CARTESIAN_POINT('',(111.8115,98.68,1.065));
#5017 = PLANE('',#5018);
#5018 = AXIS2_PLACEMENT_3D('',#5019,#5020,#5021);
#5019 = CARTESIAN_POINT('',(111.8115,98.68,1.065));
#5020 = DIRECTION('',(0.707106781187,0.707106781187,0.));
#5021 = DIRECTION('',(-0.707106781187,0.707106781187,0.));
#5022 = ADVANCED_FACE('',(#5023),#5047,.F.);
#5023 = FACE_BOUND('',#5024,.T.);
#5024 = EDGE_LOOP('',(#5025,#5032,#5033,#5041));
#5025 = ORIENTED_EDGE('',*,*,#5026,.F.);
#5026 = EDGE_CURVE('',#4729,#5027,#5029,.T.);
#5027 = VERTEX_POINT('',#5028);
#5028 = CARTESIAN_POINT('',(111.8115,101.39,1.065));
#5029 = B_SPLINE_CURVE_WITH_KNOTS('',1,(#5030,#5031),.UNSPECIFIED.,.F.,
  .F.,(2,2),(0.,1.),.PIECEWISE_BEZIER_KNOTS.);
#5030 = CARTESIAN_POINT('',(111.8115,101.39,0.915));
#5031 = CARTESIAN_POINT('',(111.8115,101.39,1.065));
#5032 = ORIENTED_EDGE('',*,*,#4728,.T.);
#5033 = ORIENTED_EDGE('',*,*,#5034,.T.);
#5034 = EDGE_CURVE('',#4721,#5035,#5037,.T.);
#5035 = VERTEX_POINT('',#5036);
#5036 = CARTESIAN_POINT('',(111.8115,101.2,1.065));
#5037 = LINE('',#5038,#5039);
#5038 = CARTESIAN_POINT('',(111.8115,101.2,0.876425222974));
#5039 = VECTOR('',#5040,1.);
#5040 = DIRECTION('',(0.,0.,1.));
#5041 = ORIENTED_EDGE('',*,*,#5042,.F.);
#5042 = EDGE_CURVE('',#5027,#5035,#5043,.T.);
#5043 = LINE('',#5044,#5045);
#5044 = CARTESIAN_POINT('',(111.8115,101.39,1.065));
#5045 = VECTOR('',#5046,1.);
#5046 = DIRECTION('',(-1.110223024625E-16,-1.,-0.));
#5047 = PLANE('',#5048);
#5048 = AXIS2_PLACEMENT_3D('',#5049,#5050,#5051);
#5049 = CARTESIAN_POINT('',(111.8115,101.39,1.065));
#5050 = DIRECTION('',(1.,-1.110223024625E-16,0.));
#5051 = DIRECTION('',(1.110223024625E-16,1.,0.));
#5052 = ADVANCED_FACE('',(#5053),#5078,.F.);
#5053 = FACE_BOUND('',#5054,.T.);
#5054 = EDGE_LOOP('',(#5055,#5063,#5064,#5072));
#5055 = ORIENTED_EDGE('',*,*,#5056,.F.);
#5056 = EDGE_CURVE('',#4721,#5057,#5059,.T.);
#5057 = VERTEX_POINT('',#5058);
#5058 = CARTESIAN_POINT('',(111.7615,101.2,0.915));
#5059 = LINE('',#5060,#5061);
#5060 = CARTESIAN_POINT('',(111.8615,101.2,0.915));
#5061 = VECTOR('',#5062,1.);
#5062 = DIRECTION('',(-1.,-1.144237745222E-17,-0.));
#5063 = ORIENTED_EDGE('',*,*,#4720,.T.);
#5064 = ORIENTED_EDGE('',*,*,#5065,.T.);
#5065 = EDGE_CURVE('',#4713,#5066,#5068,.T.);
#5066 = VERTEX_POINT('',#5067);
#5067 = CARTESIAN_POINT('',(111.7615,100.82,0.915));
#5068 = LINE('',#5069,#5070);
#5069 = CARTESIAN_POINT('',(111.8615,100.82,0.915));
#5070 = VECTOR('',#5071,1.);
#5071 = DIRECTION('',(-1.,-1.144237745222E-17,-0.));
#5072 = ORIENTED_EDGE('',*,*,#5073,.F.);
#5073 = EDGE_CURVE('',#5057,#5066,#5074,.T.);
#5074 = LINE('',#5075,#5076);
#5075 = CARTESIAN_POINT('',(111.7615,101.2,0.915));
#5076 = VECTOR('',#5077,1.);
#5077 = DIRECTION('',(1.144237745222E-17,-1.,0.));
#5078 = PLANE('',#5079);
#5079 = AXIS2_PLACEMENT_3D('',#5080,#5081,#5082);
#5080 = CARTESIAN_POINT('',(111.8615,101.2,0.915));
#5081 = DIRECTION('',(0.,0.,1.));
#5082 = DIRECTION('',(1.,1.144237745222E-17,0.));
#5083 = ADVANCED_FACE('',(#5084),#5109,.F.);
#5084 = FACE_BOUND('',#5085,.T.);
#5085 = EDGE_LOOP('',(#5086,#5094,#5095,#5103));
#5086 = ORIENTED_EDGE('',*,*,#5087,.F.);
#5087 = EDGE_CURVE('',#4713,#5088,#5090,.T.);
#5088 = VERTEX_POINT('',#5089);
#5089 = CARTESIAN_POINT('',(111.8115,100.82,1.065));
#5090 = LINE('',#5091,#5092);
#5091 = CARTESIAN_POINT('',(111.8115,100.82,0.876425222974));
#5092 = VECTOR('',#5093,1.);
#5093 = DIRECTION('',(0.,0.,1.));
#5094 = ORIENTED_EDGE('',*,*,#4712,.T.);
#5095 = ORIENTED_EDGE('',*,*,#5096,.T.);
#5096 = EDGE_CURVE('',#4705,#5097,#5099,.T.);
#5097 = VERTEX_POINT('',#5098);
#5098 = CARTESIAN_POINT('',(111.8115,100.55,1.065));
#5099 = LINE('',#5100,#5101);
#5100 = CARTESIAN_POINT('',(111.8115,100.55,0.876425222974));
#5101 = VECTOR('',#5102,1.);
#5102 = DIRECTION('',(0.,0.,1.));
#5103 = ORIENTED_EDGE('',*,*,#5104,.F.);
#5104 = EDGE_CURVE('',#5088,#5097,#5105,.T.);
#5105 = LINE('',#5106,#5107);
#5106 = CARTESIAN_POINT('',(111.8115,101.39,1.065));
#5107 = VECTOR('',#5108,1.);
#5108 = DIRECTION('',(-1.110223024625E-16,-1.,-0.));
#5109 = PLANE('',#5110);
#5110 = AXIS2_PLACEMENT_3D('',#5111,#5112,#5113);
#5111 = CARTESIAN_POINT('',(111.8115,101.39,1.065));
#5112 = DIRECTION('',(1.,-1.110223024625E-16,0.));
#5113 = DIRECTION('',(1.110223024625E-16,1.,0.));
#5114 = ADVANCED_FACE('',(#5115),#5140,.F.);
#5115 = FACE_BOUND('',#5116,.T.);
#5116 = EDGE_LOOP('',(#5117,#5125,#5126,#5134));
#5117 = ORIENTED_EDGE('',*,*,#5118,.F.);
#5118 = EDGE_CURVE('',#4705,#5119,#5121,.T.);
#5119 = VERTEX_POINT('',#5120);
#5120 = CARTESIAN_POINT('',(111.7615,100.55,0.915));
#5121 = LINE('',#5122,#5123);
#5122 = CARTESIAN_POINT('',(111.8615,100.55,0.915));
#5123 = VECTOR('',#5124,1.);
#5124 = DIRECTION('',(-1.,-1.144237745222E-17,-0.));
#5125 = ORIENTED_EDGE('',*,*,#4704,.T.);
#5126 = ORIENTED_EDGE('',*,*,#5127,.T.);
#5127 = EDGE_CURVE('',#4697,#5128,#5130,.T.);
#5128 = VERTEX_POINT('',#5129);
#5129 = CARTESIAN_POINT('',(111.7615,100.17,0.915));
#5130 = LINE('',#5131,#5132);
#5131 = CARTESIAN_POINT('',(111.8615,100.17,0.915));
#5132 = VECTOR('',#5133,1.);
#5133 = DIRECTION('',(-1.,-1.144237745222E-17,-0.));
#5134 = ORIENTED_EDGE('',*,*,#5135,.F.);
#5135 = EDGE_CURVE('',#5119,#5128,#5136,.T.);
#5136 = LINE('',#5137,#5138);
#5137 = CARTESIAN_POINT('',(111.7615,100.55,0.915));
#5138 = VECTOR('',#5139,1.);
#5139 = DIRECTION('',(1.144237745222E-17,-1.,0.));
#5140 = PLANE('',#5141);
#5141 = AXIS2_PLACEMENT_3D('',#5142,#5143,#5144);
#5142 = CARTESIAN_POINT('',(111.8615,100.55,0.915));
#5143 = DIRECTION('',(0.,0.,1.));
#5144 = DIRECTION('',(1.,1.144237745222E-17,0.));
#5145 = ADVANCED_FACE('',(#5146),#5171,.F.);
#5146 = FACE_BOUND('',#5147,.T.);
#5147 = EDGE_LOOP('',(#5148,#5156,#5157,#5165));
#5148 = ORIENTED_EDGE('',*,*,#5149,.F.);
#5149 = EDGE_CURVE('',#4697,#5150,#5152,.T.);
#5150 = VERTEX_POINT('',#5151);
#5151 = CARTESIAN_POINT('',(111.8115,100.17,1.065));
#5152 = LINE('',#5153,#5154);
#5153 = CARTESIAN_POINT('',(111.8115,100.17,0.876425222974));
#5154 = VECTOR('',#5155,1.);
#5155 = DIRECTION('',(0.,0.,1.));
#5156 = ORIENTED_EDGE('',*,*,#4696,.T.);
#5157 = ORIENTED_EDGE('',*,*,#5158,.T.);
#5158 = EDGE_CURVE('',#4689,#5159,#5161,.T.);
#5159 = VERTEX_POINT('',#5160);
#5160 = CARTESIAN_POINT('',(111.8115,99.9,1.065));
#5161 = LINE('',#5162,#5163);
#5162 = CARTESIAN_POINT('',(111.8115,99.9,0.876425222974));
#5163 = VECTOR('',#5164,1.);
#5164 = DIRECTION('',(0.,0.,1.));
#5165 = ORIENTED_EDGE('',*,*,#5166,.F.);
#5166 = EDGE_CURVE('',#5150,#5159,#5167,.T.);
#5167 = LINE('',#5168,#5169);
#5168 = CARTESIAN_POINT('',(111.8115,101.39,1.065));
#5169 = VECTOR('',#5170,1.);
#5170 = DIRECTION('',(-1.110223024625E-16,-1.,-0.));
#5171 = PLANE('',#5172);
#5172 = AXIS2_PLACEMENT_3D('',#5173,#5174,#5175);
#5173 = CARTESIAN_POINT('',(111.8115,101.39,1.065));
#5174 = DIRECTION('',(1.,-1.110223024625E-16,0.));
#5175 = DIRECTION('',(1.110223024625E-16,1.,0.));
#5176 = ADVANCED_FACE('',(#5177),#5202,.F.);
#5177 = FACE_BOUND('',#5178,.T.);
#5178 = EDGE_LOOP('',(#5179,#5187,#5188,#5196));
#5179 = ORIENTED_EDGE('',*,*,#5180,.F.);
#5180 = EDGE_CURVE('',#4689,#5181,#5183,.T.);
#5181 = VERTEX_POINT('',#5182);
#5182 = CARTESIAN_POINT('',(111.7615,99.9,0.915));
#5183 = LINE('',#5184,#5185);
#5184 = CARTESIAN_POINT('',(111.8615,99.9,0.915));
#5185 = VECTOR('',#5186,1.);
#5186 = DIRECTION('',(-1.,-1.144237745222E-17,-0.));
#5187 = ORIENTED_EDGE('',*,*,#4688,.T.);
#5188 = ORIENTED_EDGE('',*,*,#5189,.T.);
#5189 = EDGE_CURVE('',#4681,#5190,#5192,.T.);
#5190 = VERTEX_POINT('',#5191);
#5191 = CARTESIAN_POINT('',(111.7615,99.52,0.915));
#5192 = LINE('',#5193,#5194);
#5193 = CARTESIAN_POINT('',(111.8615,99.52,0.915));
#5194 = VECTOR('',#5195,1.);
#5195 = DIRECTION('',(-1.,-1.144237745222E-17,-0.));
#5196 = ORIENTED_EDGE('',*,*,#5197,.F.);
#5197 = EDGE_CURVE('',#5181,#5190,#5198,.T.);
#5198 = LINE('',#5199,#5200);
#5199 = CARTESIAN_POINT('',(111.7615,99.9,0.915));
#5200 = VECTOR('',#5201,1.);
#5201 = DIRECTION('',(1.144237745222E-17,-1.,0.));
#5202 = PLANE('',#5203);
#5203 = AXIS2_PLACEMENT_3D('',#5204,#5205,#5206);
#5204 = CARTESIAN_POINT('',(111.8615,99.9,0.915));
#5205 = DIRECTION('',(0.,0.,1.));
#5206 = DIRECTION('',(1.,1.144237745222E-17,0.));
#5207 = ADVANCED_FACE('',(#5208),#5233,.F.);
#5208 = FACE_BOUND('',#5209,.T.);
#5209 = EDGE_LOOP('',(#5210,#5218,#5219,#5227));
#5210 = ORIENTED_EDGE('',*,*,#5211,.F.);
#5211 = EDGE_CURVE('',#4681,#5212,#5214,.T.);
#5212 = VERTEX_POINT('',#5213);
#5213 = CARTESIAN_POINT('',(111.8115,99.52,1.065));
#5214 = LINE('',#5215,#5216);
#5215 = CARTESIAN_POINT('',(111.8115,99.52,0.876425222974));
#5216 = VECTOR('',#5217,1.);
#5217 = DIRECTION('',(0.,0.,1.));
#5218 = ORIENTED_EDGE('',*,*,#4680,.T.);
#5219 = ORIENTED_EDGE('',*,*,#5220,.T.);
#5220 = EDGE_CURVE('',#4673,#5221,#5223,.T.);
#5221 = VERTEX_POINT('',#5222);
#5222 = CARTESIAN_POINT('',(111.8115,99.25,1.065));
#5223 = LINE('',#5224,#5225);
#5224 = CARTESIAN_POINT('',(111.8115,99.25,0.876425222974));
#5225 = VECTOR('',#5226,1.);
#5226 = DIRECTION('',(0.,0.,1.));
#5227 = ORIENTED_EDGE('',*,*,#5228,.F.);
#5228 = EDGE_CURVE('',#5212,#5221,#5229,.T.);
#5229 = LINE('',#5230,#5231);
#5230 = CARTESIAN_POINT('',(111.8115,101.39,1.065));
#5231 = VECTOR('',#5232,1.);
#5232 = DIRECTION('',(-1.110223024625E-16,-1.,-0.));
#5233 = PLANE('',#5234);
#5234 = AXIS2_PLACEMENT_3D('',#5235,#5236,#5237);
#5235 = CARTESIAN_POINT('',(111.8115,101.39,1.065));
#5236 = DIRECTION('',(1.,-1.110223024625E-16,0.));
#5237 = DIRECTION('',(1.110223024625E-16,1.,0.));
#5238 = ADVANCED_FACE('',(#5239),#5264,.F.);
#5239 = FACE_BOUND('',#5240,.T.);
#5240 = EDGE_LOOP('',(#5241,#5249,#5250,#5258));
#5241 = ORIENTED_EDGE('',*,*,#5242,.F.);
#5242 = EDGE_CURVE('',#4673,#5243,#5245,.T.);
#5243 = VERTEX_POINT('',#5244);
#5244 = CARTESIAN_POINT('',(111.7615,99.25,0.915));
#5245 = LINE('',#5246,#5247);
#5246 = CARTESIAN_POINT('',(111.8615,99.25,0.915));
#5247 = VECTOR('',#5248,1.);
#5248 = DIRECTION('',(-1.,-1.144237745222E-17,-0.));
#5249 = ORIENTED_EDGE('',*,*,#4672,.T.);
#5250 = ORIENTED_EDGE('',*,*,#5251,.T.);
#5251 = EDGE_CURVE('',#4665,#5252,#5254,.T.);
#5252 = VERTEX_POINT('',#5253);
#5253 = CARTESIAN_POINT('',(111.7615,98.87,0.915));
#5254 = LINE('',#5255,#5256);
#5255 = CARTESIAN_POINT('',(111.8615,98.87,0.915));
#5256 = VECTOR('',#5257,1.);
#5257 = DIRECTION('',(-1.,-1.144237745222E-17,-0.));
#5258 = ORIENTED_EDGE('',*,*,#5259,.F.);
#5259 = EDGE_CURVE('',#5243,#5252,#5260,.T.);
#5260 = LINE('',#5261,#5262);
#5261 = CARTESIAN_POINT('',(111.7615,99.25,0.915));
#5262 = VECTOR('',#5263,1.);
#5263 = DIRECTION('',(1.144237745222E-17,-1.,0.));
#5264 = PLANE('',#5265);
#5265 = AXIS2_PLACEMENT_3D('',#5266,#5267,#5268);
#5266 = CARTESIAN_POINT('',(111.8615,99.25,0.915));
#5267 = DIRECTION('',(0.,0.,1.));
#5268 = DIRECTION('',(1.,1.144237745222E-17,0.));
#5269 = ADVANCED_FACE('',(#5270),#5281,.F.);
#5270 = FACE_BOUND('',#5271,.T.);
#5271 = EDGE_LOOP('',(#5272,#5278,#5279,#5280));
#5272 = ORIENTED_EDGE('',*,*,#5273,.F.);
#5273 = EDGE_CURVE('',#4665,#4989,#5274,.T.);
#5274 = LINE('',#5275,#5276);
#5275 = CARTESIAN_POINT('',(111.8115,98.87,0.876425222974));
#5276 = VECTOR('',#5277,1.);
#5277 = DIRECTION('',(0.,0.,1.));
#5278 = ORIENTED_EDGE('',*,*,#4664,.T.);
#5279 = ORIENTED_EDGE('',*,*,#5013,.T.);
#5280 = ORIENTED_EDGE('',*,*,#4996,.F.);
#5281 = PLANE('',#5282);
#5282 = AXIS2_PLACEMENT_3D('',#5283,#5284,#5285);
#5283 = CARTESIAN_POINT('',(111.8115,101.39,1.065));
#5284 = DIRECTION('',(1.,-1.110223024625E-16,0.));
#5285 = DIRECTION('',(1.110223024625E-16,1.,0.));
#5286 = ADVANCED_FACE('',(#5287),#5298,.F.);
#5287 = FACE_BOUND('',#5288,.T.);
#5288 = EDGE_LOOP('',(#5289,#5290,#5291,#5297));
#5289 = ORIENTED_EDGE('',*,*,#4900,.F.);
#5290 = ORIENTED_EDGE('',*,*,#4821,.T.);
#5291 = ORIENTED_EDGE('',*,*,#5292,.T.);
#5292 = EDGE_CURVE('',#4814,#4933,#5293,.T.);
#5293 = LINE('',#5294,#5295);
#5294 = CARTESIAN_POINT('',(113.4115,98.87,0.876425222974));
#5295 = VECTOR('',#5296,1.);
#5296 = DIRECTION('',(0.,0.,1.));
#5297 = ORIENTED_EDGE('',*,*,#4932,.F.);
#5298 = PLANE('',#5299);
#5299 = AXIS2_PLACEMENT_3D('',#5300,#5301,#5302);
#5300 = CARTESIAN_POINT('',(113.4115,98.68,1.065));
#5301 = DIRECTION('',(-1.,1.110223024625E-16,0.));
#5302 = DIRECTION('',(-1.110223024625E-16,-1.,0.));
#5303 = ADVANCED_FACE('',(#5304),#5329,.F.);
#5304 = FACE_BOUND('',#5305,.T.);
#5305 = EDGE_LOOP('',(#5306,#5314,#5315,#5323));
#5306 = ORIENTED_EDGE('',*,*,#5307,.F.);
#5307 = EDGE_CURVE('',#4814,#5308,#5310,.T.);
#5308 = VERTEX_POINT('',#5309);
#5309 = CARTESIAN_POINT('',(113.4615,98.87,0.915));
#5310 = LINE('',#5311,#5312);
#5311 = CARTESIAN_POINT('',(113.3615,98.87,0.915));
#5312 = VECTOR('',#5313,1.);
#5313 = DIRECTION('',(1.,-1.110223024625E-16,0.));
#5314 = ORIENTED_EDGE('',*,*,#4813,.T.);
#5315 = ORIENTED_EDGE('',*,*,#5316,.T.);
#5316 = EDGE_CURVE('',#4806,#5317,#5319,.T.);
#5317 = VERTEX_POINT('',#5318);
#5318 = CARTESIAN_POINT('',(113.4615,99.25,0.915));
#5319 = LINE('',#5320,#5321);
#5320 = CARTESIAN_POINT('',(113.3615,99.25,0.915));
#5321 = VECTOR('',#5322,1.);
#5322 = DIRECTION('',(1.,-1.110223024625E-16,0.));
#5323 = ORIENTED_EDGE('',*,*,#5324,.F.);
#5324 = EDGE_CURVE('',#5308,#5317,#5325,.T.);
#5325 = LINE('',#5326,#5327);
#5326 = CARTESIAN_POINT('',(113.4615,98.87,0.915));
#5327 = VECTOR('',#5328,1.);
#5328 = DIRECTION('',(1.110223024625E-16,1.,0.));
#5329 = PLANE('',#5330);
#5330 = AXIS2_PLACEMENT_3D('',#5331,#5332,#5333);
#5331 = CARTESIAN_POINT('',(113.3615,98.87,0.915));
#5332 = DIRECTION('',(0.,0.,1.));
#5333 = DIRECTION('',(-1.,1.110223024625E-16,0.));
#5334 = ADVANCED_FACE('',(#5335),#5360,.F.);
#5335 = FACE_BOUND('',#5336,.T.);
#5336 = EDGE_LOOP('',(#5337,#5345,#5346,#5354));
#5337 = ORIENTED_EDGE('',*,*,#5338,.F.);
#5338 = EDGE_CURVE('',#4806,#5339,#5341,.T.);
#5339 = VERTEX_POINT('',#5340);
#5340 = CARTESIAN_POINT('',(113.4115,99.25,1.065));
#5341 = LINE('',#5342,#5343);
#5342 = CARTESIAN_POINT('',(113.4115,99.25,0.876425222974));
#5343 = VECTOR('',#5344,1.);
#5344 = DIRECTION('',(0.,0.,1.));
#5345 = ORIENTED_EDGE('',*,*,#4805,.T.);
#5346 = ORIENTED_EDGE('',*,*,#5347,.T.);
#5347 = EDGE_CURVE('',#4798,#5348,#5350,.T.);
#5348 = VERTEX_POINT('',#5349);
#5349 = CARTESIAN_POINT('',(113.4115,99.52,1.065));
#5350 = LINE('',#5351,#5352);
#5351 = CARTESIAN_POINT('',(113.4115,99.52,0.876425222974));
#5352 = VECTOR('',#5353,1.);
#5353 = DIRECTION('',(0.,0.,1.));
#5354 = ORIENTED_EDGE('',*,*,#5355,.F.);
#5355 = EDGE_CURVE('',#5339,#5348,#5356,.T.);
#5356 = LINE('',#5357,#5358);
#5357 = CARTESIAN_POINT('',(113.4115,98.68,1.065));
#5358 = VECTOR('',#5359,1.);
#5359 = DIRECTION('',(1.110223024625E-16,1.,0.));
#5360 = PLANE('',#5361);
#5361 = AXIS2_PLACEMENT_3D('',#5362,#5363,#5364);
#5362 = CARTESIAN_POINT('',(113.4115,98.68,1.065));
#5363 = DIRECTION('',(-1.,1.110223024625E-16,0.));
#5364 = DIRECTION('',(-1.110223024625E-16,-1.,0.));
#5365 = ADVANCED_FACE('',(#5366),#5391,.F.);
#5366 = FACE_BOUND('',#5367,.T.);
#5367 = EDGE_LOOP('',(#5368,#5376,#5377,#5385));
#5368 = ORIENTED_EDGE('',*,*,#5369,.F.);
#5369 = EDGE_CURVE('',#4798,#5370,#5372,.T.);
#5370 = VERTEX_POINT('',#5371);
#5371 = CARTESIAN_POINT('',(113.4615,99.52,0.915));
#5372 = LINE('',#5373,#5374);
#5373 = CARTESIAN_POINT('',(113.3615,99.52,0.915));
#5374 = VECTOR('',#5375,1.);
#5375 = DIRECTION('',(1.,-1.110223024625E-16,0.));
#5376 = ORIENTED_EDGE('',*,*,#4797,.T.);
#5377 = ORIENTED_EDGE('',*,*,#5378,.T.);
#5378 = EDGE_CURVE('',#4790,#5379,#5381,.T.);
#5379 = VERTEX_POINT('',#5380);
#5380 = CARTESIAN_POINT('',(113.4615,99.9,0.915));
#5381 = LINE('',#5382,#5383);
#5382 = CARTESIAN_POINT('',(113.3615,99.9,0.915));
#5383 = VECTOR('',#5384,1.);
#5384 = DIRECTION('',(1.,-1.110223024625E-16,0.));
#5385 = ORIENTED_EDGE('',*,*,#5386,.F.);
#5386 = EDGE_CURVE('',#5370,#5379,#5387,.T.);
#5387 = LINE('',#5388,#5389);
#5388 = CARTESIAN_POINT('',(113.4615,99.52,0.915));
#5389 = VECTOR('',#5390,1.);
#5390 = DIRECTION('',(1.110223024625E-16,1.,0.));
#5391 = PLANE('',#5392);
#5392 = AXIS2_PLACEMENT_3D('',#5393,#5394,#5395);
#5393 = CARTESIAN_POINT('',(113.3615,99.52,0.915));
#5394 = DIRECTION('',(0.,0.,1.));
#5395 = DIRECTION('',(-1.,1.110223024625E-16,0.));
#5396 = ADVANCED_FACE('',(#5397),#5422,.F.);
#5397 = FACE_BOUND('',#5398,.T.);
#5398 = EDGE_LOOP('',(#5399,#5407,#5408,#5416));
#5399 = ORIENTED_EDGE('',*,*,#5400,.F.);
#5400 = EDGE_CURVE('',#4790,#5401,#5403,.T.);
#5401 = VERTEX_POINT('',#5402);
#5402 = CARTESIAN_POINT('',(113.4115,99.9,1.065));
#5403 = LINE('',#5404,#5405);
#5404 = CARTESIAN_POINT('',(113.4115,99.9,0.876425222974));
#5405 = VECTOR('',#5406,1.);
#5406 = DIRECTION('',(0.,0.,1.));
#5407 = ORIENTED_EDGE('',*,*,#4789,.T.);
#5408 = ORIENTED_EDGE('',*,*,#5409,.T.);
#5409 = EDGE_CURVE('',#4782,#5410,#5412,.T.);
#5410 = VERTEX_POINT('',#5411);
#5411 = CARTESIAN_POINT('',(113.4115,100.17,1.065));
#5412 = LINE('',#5413,#5414);
#5413 = CARTESIAN_POINT('',(113.4115,100.17,0.876425222974));
#5414 = VECTOR('',#5415,1.);
#5415 = DIRECTION('',(0.,0.,1.));
#5416 = ORIENTED_EDGE('',*,*,#5417,.F.);
#5417 = EDGE_CURVE('',#5401,#5410,#5418,.T.);
#5418 = LINE('',#5419,#5420);
#5419 = CARTESIAN_POINT('',(113.4115,98.68,1.065));
#5420 = VECTOR('',#5421,1.);
#5421 = DIRECTION('',(1.110223024625E-16,1.,0.));
#5422 = PLANE('',#5423);
#5423 = AXIS2_PLACEMENT_3D('',#5424,#5425,#5426);
#5424 = CARTESIAN_POINT('',(113.4115,98.68,1.065));
#5425 = DIRECTION('',(-1.,1.110223024625E-16,0.));
#5426 = DIRECTION('',(-1.110223024625E-16,-1.,0.));
#5427 = ADVANCED_FACE('',(#5428),#5453,.F.);
#5428 = FACE_BOUND('',#5429,.T.);
#5429 = EDGE_LOOP('',(#5430,#5438,#5439,#5447));
#5430 = ORIENTED_EDGE('',*,*,#5431,.F.);
#5431 = EDGE_CURVE('',#4782,#5432,#5434,.T.);
#5432 = VERTEX_POINT('',#5433);
#5433 = CARTESIAN_POINT('',(113.4615,100.17,0.915));
#5434 = LINE('',#5435,#5436);
#5435 = CARTESIAN_POINT('',(113.3615,100.17,0.915));
#5436 = VECTOR('',#5437,1.);
#5437 = DIRECTION('',(1.,-1.110223024625E-16,0.));
#5438 = ORIENTED_EDGE('',*,*,#4781,.T.);
#5439 = ORIENTED_EDGE('',*,*,#5440,.T.);
#5440 = EDGE_CURVE('',#4774,#5441,#5443,.T.);
#5441 = VERTEX_POINT('',#5442);
#5442 = CARTESIAN_POINT('',(113.4615,100.55,0.915));
#5443 = LINE('',#5444,#5445);
#5444 = CARTESIAN_POINT('',(113.3615,100.55,0.915));
#5445 = VECTOR('',#5446,1.);
#5446 = DIRECTION('',(1.,-1.110223024625E-16,0.));
#5447 = ORIENTED_EDGE('',*,*,#5448,.F.);
#5448 = EDGE_CURVE('',#5432,#5441,#5449,.T.);
#5449 = LINE('',#5450,#5451);
#5450 = CARTESIAN_POINT('',(113.4615,100.17,0.915));
#5451 = VECTOR('',#5452,1.);
#5452 = DIRECTION('',(1.110223024625E-16,1.,0.));
#5453 = PLANE('',#5454);
#5454 = AXIS2_PLACEMENT_3D('',#5455,#5456,#5457);
#5455 = CARTESIAN_POINT('',(113.3615,100.17,0.915));
#5456 = DIRECTION('',(0.,0.,1.));
#5457 = DIRECTION('',(-1.,1.110223024625E-16,0.));
#5458 = ADVANCED_FACE('',(#5459),#5484,.F.);
#5459 = FACE_BOUND('',#5460,.T.);
#5460 = EDGE_LOOP('',(#5461,#5469,#5470,#5478));
#5461 = ORIENTED_EDGE('',*,*,#5462,.F.);
#5462 = EDGE_CURVE('',#4774,#5463,#5465,.T.);
#5463 = VERTEX_POINT('',#5464);
#5464 = CARTESIAN_POINT('',(113.4115,100.55,1.065));
#5465 = LINE('',#5466,#5467);
#5466 = CARTESIAN_POINT('',(113.4115,100.55,0.876425222974));
#5467 = VECTOR('',#5468,1.);
#5468 = DIRECTION('',(0.,0.,1.));
#5469 = ORIENTED_EDGE('',*,*,#4773,.T.);
#5470 = ORIENTED_EDGE('',*,*,#5471,.T.);
#5471 = EDGE_CURVE('',#4766,#5472,#5474,.T.);
#5472 = VERTEX_POINT('',#5473);
#5473 = CARTESIAN_POINT('',(113.4115,100.82,1.065));
#5474 = LINE('',#5475,#5476);
#5475 = CARTESIAN_POINT('',(113.4115,100.82,0.876425222974));
#5476 = VECTOR('',#5477,1.);
#5477 = DIRECTION('',(0.,0.,1.));
#5478 = ORIENTED_EDGE('',*,*,#5479,.F.);
#5479 = EDGE_CURVE('',#5463,#5472,#5480,.T.);
#5480 = LINE('',#5481,#5482);
#5481 = CARTESIAN_POINT('',(113.4115,98.68,1.065));
#5482 = VECTOR('',#5483,1.);
#5483 = DIRECTION('',(1.110223024625E-16,1.,0.));
#5484 = PLANE('',#5485);
#5485 = AXIS2_PLACEMENT_3D('',#5486,#5487,#5488);
#5486 = CARTESIAN_POINT('',(113.4115,98.68,1.065));
#5487 = DIRECTION('',(-1.,1.110223024625E-16,0.));
#5488 = DIRECTION('',(-1.110223024625E-16,-1.,0.));
#5489 = ADVANCED_FACE('',(#5490),#5515,.F.);
#5490 = FACE_BOUND('',#5491,.T.);
#5491 = EDGE_LOOP('',(#5492,#5500,#5501,#5509));
#5492 = ORIENTED_EDGE('',*,*,#5493,.F.);
#5493 = EDGE_CURVE('',#4766,#5494,#5496,.T.);
#5494 = VERTEX_POINT('',#5495);
#5495 = CARTESIAN_POINT('',(113.4615,100.82,0.915));
#5496 = LINE('',#5497,#5498);
#5497 = CARTESIAN_POINT('',(113.3615,100.82,0.915));
#5498 = VECTOR('',#5499,1.);
#5499 = DIRECTION('',(1.,-1.110223024625E-16,0.));
#5500 = ORIENTED_EDGE('',*,*,#4765,.T.);
#5501 = ORIENTED_EDGE('',*,*,#5502,.T.);
#5502 = EDGE_CURVE('',#4758,#5503,#5505,.T.);
#5503 = VERTEX_POINT('',#5504);
#5504 = CARTESIAN_POINT('',(113.4615,101.2,0.915));
#5505 = LINE('',#5506,#5507);
#5506 = CARTESIAN_POINT('',(113.3615,101.2,0.915));
#5507 = VECTOR('',#5508,1.);
#5508 = DIRECTION('',(1.,-1.110223024625E-16,0.));
#5509 = ORIENTED_EDGE('',*,*,#5510,.F.);
#5510 = EDGE_CURVE('',#5494,#5503,#5511,.T.);
#5511 = LINE('',#5512,#5513);
#5512 = CARTESIAN_POINT('',(113.4615,100.82,0.915));
#5513 = VECTOR('',#5514,1.);
#5514 = DIRECTION('',(1.110223024625E-16,1.,0.));
#5515 = PLANE('',#5516);
#5516 = AXIS2_PLACEMENT_3D('',#5517,#5518,#5519);
#5517 = CARTESIAN_POINT('',(113.3615,100.82,0.915));
#5518 = DIRECTION('',(0.,0.,1.));
#5519 = DIRECTION('',(-1.,1.110223024625E-16,0.));
#5520 = ADVANCED_FACE('',(#5521),#5545,.F.);
#5521 = FACE_BOUND('',#5522,.T.);
#5522 = EDGE_LOOP('',(#5523,#5531,#5532,#5539));
#5523 = ORIENTED_EDGE('',*,*,#5524,.F.);
#5524 = EDGE_CURVE('',#4758,#5525,#5527,.T.);
#5525 = VERTEX_POINT('',#5526);
#5526 = CARTESIAN_POINT('',(113.4115,101.2,1.065));
#5527 = LINE('',#5528,#5529);
#5528 = CARTESIAN_POINT('',(113.4115,101.2,0.876425222974));
#5529 = VECTOR('',#5530,1.);
#5530 = DIRECTION('',(0.,0.,1.));
#5531 = ORIENTED_EDGE('',*,*,#4757,.T.);
#5532 = ORIENTED_EDGE('',*,*,#5533,.T.);
#5533 = EDGE_CURVE('',#4751,#5534,#5536,.T.);
#5534 = VERTEX_POINT('',#5535);
#5535 = CARTESIAN_POINT('',(113.4115,101.39,1.065));
#5536 = B_SPLINE_CURVE_WITH_KNOTS('',1,(#5537,#5538),.UNSPECIFIED.,.F.,
  .F.,(2,2),(0.,1.),.PIECEWISE_BEZIER_KNOTS.);
#5537 = CARTESIAN_POINT('',(113.4115,101.39,0.915));
#5538 = CARTESIAN_POINT('',(113.4115,101.39,1.065));
#5539 = ORIENTED_EDGE('',*,*,#5540,.F.);
#5540 = EDGE_CURVE('',#5525,#5534,#5541,.T.);
#5541 = LINE('',#5542,#5543);
#5542 = CARTESIAN_POINT('',(113.4115,98.68,1.065));
#5543 = VECTOR('',#5544,1.);
#5544 = DIRECTION('',(1.110223024625E-16,1.,0.));
#5545 = PLANE('',#5546);
#5546 = AXIS2_PLACEMENT_3D('',#5547,#5548,#5549);
#5547 = CARTESIAN_POINT('',(113.4115,98.68,1.065));
#5548 = DIRECTION('',(-1.,1.110223024625E-16,0.));
#5549 = DIRECTION('',(-1.110223024625E-16,-1.,0.));
#5550 = ADVANCED_FACE('',(#5551),#5568,.F.);
#5551 = FACE_BOUND('',#5552,.T.);
#5552 = EDGE_LOOP('',(#5553,#5554,#5555,#5563));
#5553 = ORIENTED_EDGE('',*,*,#4838,.T.);
#5554 = ORIENTED_EDGE('',*,*,#5026,.T.);
#5555 = ORIENTED_EDGE('',*,*,#5556,.F.);
#5556 = EDGE_CURVE('',#5557,#5027,#5559,.T.);
#5557 = VERTEX_POINT('',#5558);
#5558 = CARTESIAN_POINT('',(111.9065,101.485,1.065));
#5559 = LINE('',#5560,#5561);
#5560 = CARTESIAN_POINT('',(111.9065,101.485,1.065));
#5561 = VECTOR('',#5562,1.);
#5562 = DIRECTION('',(-0.707106781187,-0.707106781187,-0.));
#5563 = ORIENTED_EDGE('',*,*,#5564,.F.);
#5564 = EDGE_CURVE('',#4839,#5557,#5565,.T.);
#5565 = B_SPLINE_CURVE_WITH_KNOTS('',1,(#5566,#5567),.UNSPECIFIED.,.F.,
  .F.,(2,2),(0.,1.),.PIECEWISE_BEZIER_KNOTS.);
#5566 = CARTESIAN_POINT('',(111.9065,101.485,0.915));
#5567 = CARTESIAN_POINT('',(111.9065,101.485,1.065));
#5568 = PLANE('',#5569);
#5569 = AXIS2_PLACEMENT_3D('',#5570,#5571,#5572);
#5570 = CARTESIAN_POINT('',(111.9065,101.485,1.065));
#5571 = DIRECTION('',(0.707106781187,-0.707106781187,0.));
#5572 = DIRECTION('',(0.707106781187,0.707106781187,0.));
#5573 = ADVANCED_FACE('',(#5574),#5591,.F.);
#5574 = FACE_BOUND('',#5575,.T.);
#5575 = EDGE_LOOP('',(#5576,#5577,#5584,#5590));
#5576 = ORIENTED_EDGE('',*,*,#4867,.T.);
#5577 = ORIENTED_EDGE('',*,*,#5578,.T.);
#5578 = EDGE_CURVE('',#4861,#5579,#5581,.T.);
#5579 = VERTEX_POINT('',#5580);
#5580 = CARTESIAN_POINT('',(113.3165,101.485,1.065));
#5581 = B_SPLINE_CURVE_WITH_KNOTS('',1,(#5582,#5583),.UNSPECIFIED.,.F.,
  .F.,(2,2),(0.,1.),.PIECEWISE_BEZIER_KNOTS.);
#5582 = CARTESIAN_POINT('',(113.3165,101.485,0.915));
#5583 = CARTESIAN_POINT('',(113.3165,101.485,1.065));
#5584 = ORIENTED_EDGE('',*,*,#5585,.F.);
#5585 = EDGE_CURVE('',#5534,#5579,#5586,.T.);
#5586 = LINE('',#5587,#5588);
#5587 = CARTESIAN_POINT('',(113.4115,101.39,1.065));
#5588 = VECTOR('',#5589,1.);
#5589 = DIRECTION('',(-0.707106781187,0.707106781187,0.));
#5590 = ORIENTED_EDGE('',*,*,#5533,.F.);
#5591 = PLANE('',#5592);
#5592 = AXIS2_PLACEMENT_3D('',#5593,#5594,#5595);
#5593 = CARTESIAN_POINT('',(113.4115,101.39,1.065));
#5594 = DIRECTION('',(-0.707106781187,-0.707106781187,-0.));
#5595 = DIRECTION('',(0.707106781187,-0.707106781187,0.));
#5596 = ADVANCED_FACE('',(#5597),#5608,.F.);
#5597 = FACE_BOUND('',#5598,.T.);
#5598 = EDGE_LOOP('',(#5599,#5600,#5601,#5607));
#5599 = ORIENTED_EDGE('',*,*,#4884,.T.);
#5600 = ORIENTED_EDGE('',*,*,#5564,.T.);
#5601 = ORIENTED_EDGE('',*,*,#5602,.F.);
#5602 = EDGE_CURVE('',#5579,#5557,#5603,.T.);
#5603 = LINE('',#5604,#5605);
#5604 = CARTESIAN_POINT('',(113.3165,101.485,1.065));
#5605 = VECTOR('',#5606,1.);
#5606 = DIRECTION('',(-1.,1.110223024625E-16,0.));
#5607 = ORIENTED_EDGE('',*,*,#5578,.F.);
#5608 = PLANE('',#5609);
#5609 = AXIS2_PLACEMENT_3D('',#5610,#5611,#5612);
#5610 = CARTESIAN_POINT('',(113.3165,101.485,1.065));
#5611 = DIRECTION('',(-1.110223024625E-16,-1.,-0.));
#5612 = DIRECTION('',(1.,-1.110223024625E-16,0.));
#5613 = ADVANCED_FACE('',(#5614),#5653,.F.);
#5614 = FACE_BOUND('',#5615,.T.);
#5615 = EDGE_LOOP('',(#5616,#5624,#5632,#5638,#5639,#5647));
#5616 = ORIENTED_EDGE('',*,*,#5617,.F.);
#5617 = EDGE_CURVE('',#5618,#5221,#5620,.T.);
#5618 = VERTEX_POINT('',#5619);
#5619 = CARTESIAN_POINT('',(111.7615,99.25,1.065));
#5620 = LINE('',#5621,#5622);
#5621 = CARTESIAN_POINT('',(111.7615,99.25,1.065));
#5622 = VECTOR('',#5623,1.);
#5623 = DIRECTION('',(1.,1.144237745222E-17,0.));
#5624 = ORIENTED_EDGE('',*,*,#5625,.T.);
#5625 = EDGE_CURVE('',#5618,#5626,#5628,.T.);
#5626 = VERTEX_POINT('',#5627);
#5627 = CARTESIAN_POINT('',(111.7615,98.87,1.065));
#5628 = LINE('',#5629,#5630);
#5629 = CARTESIAN_POINT('',(111.7615,99.25,1.065));
#5630 = VECTOR('',#5631,1.);
#5631 = DIRECTION('',(1.144237745222E-17,-1.,0.));
#5632 = ORIENTED_EDGE('',*,*,#5633,.T.);
#5633 = EDGE_CURVE('',#5626,#4989,#5634,.T.);
#5634 = LINE('',#5635,#5636);
#5635 = CARTESIAN_POINT('',(111.7615,98.87,1.065));
#5636 = VECTOR('',#5637,1.);
#5637 = DIRECTION('',(1.,1.144237745222E-17,0.));
#5638 = ORIENTED_EDGE('',*,*,#4988,.T.);
#5639 = ORIENTED_EDGE('',*,*,#5640,.F.);
#5640 = EDGE_CURVE('',#5641,#4981,#5643,.T.);
#5641 = VERTEX_POINT('',#5642);
#5642 = CARTESIAN_POINT('',(111.8365,99.25,1.065));
#5643 = LINE('',#5644,#5645);
#5644 = CARTESIAN_POINT('',(111.8365,101.3775,1.065));
#5645 = VECTOR('',#5646,1.);
#5646 = DIRECTION('',(-1.110223024625E-16,-1.,-0.));
#5647 = ORIENTED_EDGE('',*,*,#5648,.F.);
#5648 = EDGE_CURVE('',#5221,#5641,#5649,.T.);
#5649 = LINE('',#5650,#5651);
#5650 = CARTESIAN_POINT('',(111.7615,99.25,1.065));
#5651 = VECTOR('',#5652,1.);
#5652 = DIRECTION('',(1.,1.144237745222E-17,0.));
#5653 = PLANE('',#5654);
#5654 = AXIS2_PLACEMENT_3D('',#5655,#5656,#5657);
#5655 = CARTESIAN_POINT('',(111.7615,99.25,1.065));
#5656 = DIRECTION('',(-0.,-0.,-1.));
#5657 = DIRECTION('',(-1.,-1.144237745222E-17,0.));
#5658 = ADVANCED_FACE('',(#5659),#5739,.T.);
#5659 = FACE_BOUND('',#5660,.T.);
#5660 = EDGE_LOOP('',(#5661,#5671,#5679,#5687,#5695,#5703,#5711,#5717,
    #5718,#5719,#5726,#5734));
#5661 = ORIENTED_EDGE('',*,*,#5662,.T.);
#5662 = EDGE_CURVE('',#5663,#5665,#5667,.T.);
#5663 = VERTEX_POINT('',#5664);
#5664 = CARTESIAN_POINT('',(111.8365,101.3775,1.065));
#5665 = VERTEX_POINT('',#5666);
#5666 = CARTESIAN_POINT('',(111.8365,101.2,1.065));
#5667 = LINE('',#5668,#5669);
#5668 = CARTESIAN_POINT('',(111.8365,101.3775,1.065));
#5669 = VECTOR('',#5670,1.);
#5670 = DIRECTION('',(-1.110223024625E-16,-1.,-0.));
#5671 = ORIENTED_EDGE('',*,*,#5672,.T.);
#5672 = EDGE_CURVE('',#5665,#5673,#5675,.T.);
#5673 = VERTEX_POINT('',#5674);
#5674 = CARTESIAN_POINT('',(111.8365,100.82,1.065));
#5675 = LINE('',#5676,#5677);
#5676 = CARTESIAN_POINT('',(111.8365,101.3775,1.065));
#5677 = VECTOR('',#5678,1.);
#5678 = DIRECTION('',(-1.110223024625E-16,-1.,-0.));
#5679 = ORIENTED_EDGE('',*,*,#5680,.T.);
#5680 = EDGE_CURVE('',#5673,#5681,#5683,.T.);
#5681 = VERTEX_POINT('',#5682);
#5682 = CARTESIAN_POINT('',(111.8365,100.55,1.065));
#5683 = LINE('',#5684,#5685);
#5684 = CARTESIAN_POINT('',(111.8365,101.3775,1.065));
#5685 = VECTOR('',#5686,1.);
#5686 = DIRECTION('',(-1.110223024625E-16,-1.,-0.));
#5687 = ORIENTED_EDGE('',*,*,#5688,.T.);
#5688 = EDGE_CURVE('',#5681,#5689,#5691,.T.);
#5689 = VERTEX_POINT('',#5690);
#5690 = CARTESIAN_POINT('',(111.8365,100.17,1.065));
#5691 = LINE('',#5692,#5693);
#5692 = CARTESIAN_POINT('',(111.8365,101.3775,1.065));
#5693 = VECTOR('',#5694,1.);
#5694 = DIRECTION('',(-1.110223024625E-16,-1.,-0.));
#5695 = ORIENTED_EDGE('',*,*,#5696,.T.);
#5696 = EDGE_CURVE('',#5689,#5697,#5699,.T.);
#5697 = VERTEX_POINT('',#5698);
#5698 = CARTESIAN_POINT('',(111.8365,99.9,1.065));
#5699 = LINE('',#5700,#5701);
#5700 = CARTESIAN_POINT('',(111.8365,101.3775,1.065));
#5701 = VECTOR('',#5702,1.);
#5702 = DIRECTION('',(-1.110223024625E-16,-1.,-0.));
#5703 = ORIENTED_EDGE('',*,*,#5704,.T.);
#5704 = EDGE_CURVE('',#5697,#5705,#5707,.T.);
#5705 = VERTEX_POINT('',#5706);
#5706 = CARTESIAN_POINT('',(111.8365,99.52,1.065));
#5707 = LINE('',#5708,#5709);
#5708 = CARTESIAN_POINT('',(111.8365,101.3775,1.065));
#5709 = VECTOR('',#5710,1.);
#5710 = DIRECTION('',(-1.110223024625E-16,-1.,-0.));
#5711 = ORIENTED_EDGE('',*,*,#5712,.T.);
#5712 = EDGE_CURVE('',#5705,#5641,#5713,.T.);
#5713 = LINE('',#5714,#5715);
#5714 = CARTESIAN_POINT('',(111.8365,101.3775,1.065));
#5715 = VECTOR('',#5716,1.);
#5716 = DIRECTION('',(-1.110223024625E-16,-1.,-0.));
#5717 = ORIENTED_EDGE('',*,*,#5640,.T.);
#5718 = ORIENTED_EDGE('',*,*,#4980,.T.);
#5719 = ORIENTED_EDGE('',*,*,#5720,.T.);
#5720 = EDGE_CURVE('',#4973,#5721,#5723,.T.);
#5721 = VERTEX_POINT('',#5722);
#5722 = CARTESIAN_POINT('',(111.90325689648,98.725878448242,1.54));
#5723 = B_SPLINE_CURVE_WITH_KNOTS('',1,(#5724,#5725),.UNSPECIFIED.,.F.,
  .F.,(2,2),(0.,1.),.PIECEWISE_BEZIER_KNOTS.);
#5724 = CARTESIAN_POINT('',(111.8365,98.6925,1.065));
#5725 = CARTESIAN_POINT('',(111.90325689648,98.725878448242,1.54));
#5726 = ORIENTED_EDGE('',*,*,#5727,.F.);
#5727 = EDGE_CURVE('',#5728,#5721,#5730,.T.);
#5728 = VERTEX_POINT('',#5729);
#5729 = CARTESIAN_POINT('',(111.90325689648,101.34412155175,1.54));
#5730 = LINE('',#5731,#5732);
#5731 = CARTESIAN_POINT('',(111.90325689648,101.34412155175,1.54));
#5732 = VECTOR('',#5733,1.);
#5733 = DIRECTION('',(-1.110223024625E-16,-1.,-0.));
#5734 = ORIENTED_EDGE('',*,*,#5735,.F.);
#5735 = EDGE_CURVE('',#5663,#5728,#5736,.T.);
#5736 = B_SPLINE_CURVE_WITH_KNOTS('',1,(#5737,#5738),.UNSPECIFIED.,.F.,
  .F.,(2,2),(0.,1.),.PIECEWISE_BEZIER_KNOTS.);
#5737 = CARTESIAN_POINT('',(111.8365,101.3775,1.065));
#5738 = CARTESIAN_POINT('',(111.90325689648,101.34412155175,1.54));
#5739 = B_SPLINE_SURFACE_WITH_KNOTS('',1,1,(
    (#5740,#5741)
    ,(#5742,#5743
    )),.UNSPECIFIED.,.F.,.F.,.F.,(2,2),(2,2),(0.,2.685),(0.,1.),
  .PIECEWISE_BEZIER_KNOTS.);
#5740 = CARTESIAN_POINT('',(111.8365,101.3775,1.065));
#5741 = CARTESIAN_POINT('',(111.90325689648,101.34412155175,1.54));
#5742 = CARTESIAN_POINT('',(111.8365,98.6925,1.065));
#5743 = CARTESIAN_POINT('',(111.90325689648,98.725878448242,1.54));
#5744 = ADVANCED_FACE('',(#5745),#5762,.T.);
#5745 = FACE_BOUND('',#5746,.T.);
#5746 = EDGE_LOOP('',(#5747,#5748,#5755,#5761));
#5747 = ORIENTED_EDGE('',*,*,#4972,.T.);
#5748 = ORIENTED_EDGE('',*,*,#5749,.T.);
#5749 = EDGE_CURVE('',#4965,#5750,#5752,.T.);
#5750 = VERTEX_POINT('',#5751);
#5751 = CARTESIAN_POINT('',(111.95237844824,98.676756896484,1.54));
#5752 = B_SPLINE_CURVE_WITH_KNOTS('',1,(#5753,#5754),.UNSPECIFIED.,.F.,
  .F.,(2,2),(0.,1.),.PIECEWISE_BEZIER_KNOTS.);
#5753 = CARTESIAN_POINT('',(111.919,98.61,1.065));
#5754 = CARTESIAN_POINT('',(111.95237844824,98.676756896484,1.54));
#5755 = ORIENTED_EDGE('',*,*,#5756,.F.);
#5756 = EDGE_CURVE('',#5721,#5750,#5757,.T.);
#5757 = LINE('',#5758,#5759);
#5758 = CARTESIAN_POINT('',(111.90325689648,98.725878448242,1.54));
#5759 = VECTOR('',#5760,1.);
#5760 = DIRECTION('',(0.707106781187,-0.707106781187,0.));
#5761 = ORIENTED_EDGE('',*,*,#5720,.F.);
#5762 = B_SPLINE_SURFACE_WITH_KNOTS('',1,1,(
    (#5763,#5764)
    ,(#5765,#5766
    )),.UNSPECIFIED.,.F.,.F.,.F.,(2,2),(2,2),(0.,0.116672618896),(0.,1.)
  ,.PIECEWISE_BEZIER_KNOTS.);
#5763 = CARTESIAN_POINT('',(111.8365,98.6925,1.065));
#5764 = CARTESIAN_POINT('',(111.90325689648,98.725878448242,1.54));
#5765 = CARTESIAN_POINT('',(111.919,98.61,1.065));
#5766 = CARTESIAN_POINT('',(111.95237844824,98.676756896484,1.54));
#5767 = ADVANCED_FACE('',(#5768),#5785,.T.);
#5768 = FACE_BOUND('',#5769,.T.);
#5769 = EDGE_LOOP('',(#5770,#5771,#5778,#5784));
#5770 = ORIENTED_EDGE('',*,*,#4964,.T.);
#5771 = ORIENTED_EDGE('',*,*,#5772,.T.);
#5772 = EDGE_CURVE('',#4957,#5773,#5775,.T.);
#5773 = VERTEX_POINT('',#5774);
#5774 = CARTESIAN_POINT('',(113.27062155175,98.676756896484,1.54));
#5775 = B_SPLINE_CURVE_WITH_KNOTS('',1,(#5776,#5777),.UNSPECIFIED.,.F.,
  .F.,(2,2),(0.,1.),.PIECEWISE_BEZIER_KNOTS.);
#5776 = CARTESIAN_POINT('',(113.304,98.61,1.065));
#5777 = CARTESIAN_POINT('',(113.27062155175,98.676756896484,1.54));
#5778 = ORIENTED_EDGE('',*,*,#5779,.F.);
#5779 = EDGE_CURVE('',#5750,#5773,#5780,.T.);
#5780 = LINE('',#5781,#5782);
#5781 = CARTESIAN_POINT('',(111.95237844824,98.676756896484,1.54));
#5782 = VECTOR('',#5783,1.);
#5783 = DIRECTION('',(1.,-1.110223024625E-16,0.));
#5784 = ORIENTED_EDGE('',*,*,#5749,.F.);
#5785 = B_SPLINE_SURFACE_WITH_KNOTS('',1,1,(
    (#5786,#5787)
    ,(#5788,#5789
    )),.UNSPECIFIED.,.F.,.F.,.F.,(2,2),(2,2),(0.,1.385),(0.,1.),
  .PIECEWISE_BEZIER_KNOTS.);
#5786 = CARTESIAN_POINT('',(111.919,98.61,1.065));
#5787 = CARTESIAN_POINT('',(111.95237844824,98.676756896484,1.54));
#5788 = CARTESIAN_POINT('',(113.304,98.61,1.065));
#5789 = CARTESIAN_POINT('',(113.27062155175,98.676756896484,1.54));
#5790 = ADVANCED_FACE('',(#5791),#5808,.T.);
#5791 = FACE_BOUND('',#5792,.T.);
#5792 = EDGE_LOOP('',(#5793,#5794,#5801,#5807));
#5793 = ORIENTED_EDGE('',*,*,#4956,.T.);
#5794 = ORIENTED_EDGE('',*,*,#5795,.T.);
#5795 = EDGE_CURVE('',#4949,#5796,#5798,.T.);
#5796 = VERTEX_POINT('',#5797);
#5797 = CARTESIAN_POINT('',(113.31974310351,98.725878448242,1.54));
#5798 = B_SPLINE_CURVE_WITH_KNOTS('',1,(#5799,#5800),.UNSPECIFIED.,.F.,
  .F.,(2,2),(0.,1.),.PIECEWISE_BEZIER_KNOTS.);
#5799 = CARTESIAN_POINT('',(113.3865,98.6925,1.065));
#5800 = CARTESIAN_POINT('',(113.31974310351,98.725878448242,1.54));
#5801 = ORIENTED_EDGE('',*,*,#5802,.F.);
#5802 = EDGE_CURVE('',#5773,#5796,#5803,.T.);
#5803 = LINE('',#5804,#5805);
#5804 = CARTESIAN_POINT('',(113.27062155175,98.676756896484,1.54));
#5805 = VECTOR('',#5806,1.);
#5806 = DIRECTION('',(0.707106781187,0.707106781187,0.));
#5807 = ORIENTED_EDGE('',*,*,#5772,.F.);
#5808 = B_SPLINE_SURFACE_WITH_KNOTS('',1,1,(
    (#5809,#5810)
    ,(#5811,#5812
    )),.UNSPECIFIED.,.F.,.F.,.F.,(2,2),(2,2),(0.,0.116672618896),(0.,1.)
  ,.PIECEWISE_BEZIER_KNOTS.);
#5809 = CARTESIAN_POINT('',(113.304,98.61,1.065));
#5810 = CARTESIAN_POINT('',(113.27062155175,98.676756896484,1.54));
#5811 = CARTESIAN_POINT('',(113.3865,98.6925,1.065));
#5812 = CARTESIAN_POINT('',(113.31974310351,98.725878448242,1.54));
#5813 = ADVANCED_FACE('',(#5814),#5895,.T.);
#5814 = FACE_BOUND('',#5815,.T.);
#5815 = EDGE_LOOP('',(#5816,#5817,#5825,#5833,#5841,#5849,#5857,#5865,
    #5873,#5881,#5888,#5894));
#5816 = ORIENTED_EDGE('',*,*,#4948,.T.);
#5817 = ORIENTED_EDGE('',*,*,#5818,.T.);
#5818 = EDGE_CURVE('',#4941,#5819,#5821,.T.);
#5819 = VERTEX_POINT('',#5820);
#5820 = CARTESIAN_POINT('',(113.3865,99.25,1.065));
#5821 = LINE('',#5822,#5823);
#5822 = CARTESIAN_POINT('',(113.3865,98.6925,1.065));
#5823 = VECTOR('',#5824,1.);
#5824 = DIRECTION('',(1.110223024625E-16,1.,0.));
#5825 = ORIENTED_EDGE('',*,*,#5826,.T.);
#5826 = EDGE_CURVE('',#5819,#5827,#5829,.T.);
#5827 = VERTEX_POINT('',#5828);
#5828 = CARTESIAN_POINT('',(113.3865,99.52,1.065));
#5829 = LINE('',#5830,#5831);
#5830 = CARTESIAN_POINT('',(113.3865,98.6925,1.065));
#5831 = VECTOR('',#5832,1.);
#5832 = DIRECTION('',(1.110223024625E-16,1.,0.));
#5833 = ORIENTED_EDGE('',*,*,#5834,.T.);
#5834 = EDGE_CURVE('',#5827,#5835,#5837,.T.);
#5835 = VERTEX_POINT('',#5836);
#5836 = CARTESIAN_POINT('',(113.3865,99.9,1.065));
#5837 = LINE('',#5838,#5839);
#5838 = CARTESIAN_POINT('',(113.3865,98.6925,1.065));
#5839 = VECTOR('',#5840,1.);
#5840 = DIRECTION('',(1.110223024625E-16,1.,0.));
#5841 = ORIENTED_EDGE('',*,*,#5842,.T.);
#5842 = EDGE_CURVE('',#5835,#5843,#5845,.T.);
#5843 = VERTEX_POINT('',#5844);
#5844 = CARTESIAN_POINT('',(113.3865,100.17,1.065));
#5845 = LINE('',#5846,#5847);
#5846 = CARTESIAN_POINT('',(113.3865,98.6925,1.065));
#5847 = VECTOR('',#5848,1.);
#5848 = DIRECTION('',(1.110223024625E-16,1.,0.));
#5849 = ORIENTED_EDGE('',*,*,#5850,.T.);
#5850 = EDGE_CURVE('',#5843,#5851,#5853,.T.);
#5851 = VERTEX_POINT('',#5852);
#5852 = CARTESIAN_POINT('',(113.3865,100.55,1.065));
#5853 = LINE('',#5854,#5855);
#5854 = CARTESIAN_POINT('',(113.3865,98.6925,1.065));
#5855 = VECTOR('',#5856,1.);
#5856 = DIRECTION('',(1.110223024625E-16,1.,0.));
#5857 = ORIENTED_EDGE('',*,*,#5858,.T.);
#5858 = EDGE_CURVE('',#5851,#5859,#5861,.T.);
#5859 = VERTEX_POINT('',#5860);
#5860 = CARTESIAN_POINT('',(113.3865,100.82,1.065));
#5861 = LINE('',#5862,#5863);
#5862 = CARTESIAN_POINT('',(113.3865,98.6925,1.065));
#5863 = VECTOR('',#5864,1.);
#5864 = DIRECTION('',(1.110223024625E-16,1.,0.));
#5865 = ORIENTED_EDGE('',*,*,#5866,.T.);
#5866 = EDGE_CURVE('',#5859,#5867,#5869,.T.);
#5867 = VERTEX_POINT('',#5868);
#5868 = CARTESIAN_POINT('',(113.3865,101.2,1.065));
#5869 = LINE('',#5870,#5871);
#5870 = CARTESIAN_POINT('',(113.3865,98.6925,1.065));
#5871 = VECTOR('',#5872,1.);
#5872 = DIRECTION('',(1.110223024625E-16,1.,0.));
#5873 = ORIENTED_EDGE('',*,*,#5874,.T.);
#5874 = EDGE_CURVE('',#5867,#5875,#5877,.T.);
#5875 = VERTEX_POINT('',#5876);
#5876 = CARTESIAN_POINT('',(113.3865,101.3775,1.065));
#5877 = LINE('',#5878,#5879);
#5878 = CARTESIAN_POINT('',(113.3865,98.6925,1.065));
#5879 = VECTOR('',#5880,1.);
#5880 = DIRECTION('',(1.110223024625E-16,1.,0.));
#5881 = ORIENTED_EDGE('',*,*,#5882,.T.);
#5882 = EDGE_CURVE('',#5875,#5883,#5885,.T.);
#5883 = VERTEX_POINT('',#5884);
#5884 = CARTESIAN_POINT('',(113.31974310351,101.34412155175,1.54));
#5885 = B_SPLINE_CURVE_WITH_KNOTS('',1,(#5886,#5887),.UNSPECIFIED.,.F.,
  .F.,(2,2),(0.,1.),.PIECEWISE_BEZIER_KNOTS.);
#5886 = CARTESIAN_POINT('',(113.3865,101.3775,1.065));
#5887 = CARTESIAN_POINT('',(113.31974310351,101.34412155175,1.54));
#5888 = ORIENTED_EDGE('',*,*,#5889,.F.);
#5889 = EDGE_CURVE('',#5796,#5883,#5890,.T.);
#5890 = LINE('',#5891,#5892);
#5891 = CARTESIAN_POINT('',(113.31974310351,98.725878448242,1.54));
#5892 = VECTOR('',#5893,1.);
#5893 = DIRECTION('',(1.110223024625E-16,1.,0.));
#5894 = ORIENTED_EDGE('',*,*,#5795,.F.);
#5895 = B_SPLINE_SURFACE_WITH_KNOTS('',1,1,(
    (#5896,#5897)
    ,(#5898,#5899
    )),.UNSPECIFIED.,.F.,.F.,.F.,(2,2),(2,2),(0.,2.685),(0.,1.),
  .PIECEWISE_BEZIER_KNOTS.);
#5896 = CARTESIAN_POINT('',(113.3865,98.6925,1.065));
#5897 = CARTESIAN_POINT('',(113.31974310351,98.725878448242,1.54));
#5898 = CARTESIAN_POINT('',(113.3865,101.3775,1.065));
#5899 = CARTESIAN_POINT('',(113.31974310351,101.34412155175,1.54));
#5900 = ADVANCED_FACE('',(#5901),#5933,.F.);
#5901 = FACE_BOUND('',#5902,.T.);
#5902 = EDGE_LOOP('',(#5903,#5911,#5919,#5925,#5931,#5932));
#5903 = ORIENTED_EDGE('',*,*,#5904,.F.);
#5904 = EDGE_CURVE('',#5905,#4933,#5907,.T.);
#5905 = VERTEX_POINT('',#5906);
#5906 = CARTESIAN_POINT('',(113.4615,98.87,1.065));
#5907 = LINE('',#5908,#5909);
#5908 = CARTESIAN_POINT('',(113.4615,98.87,1.065));
#5909 = VECTOR('',#5910,1.);
#5910 = DIRECTION('',(-1.,1.110223024625E-16,0.));
#5911 = ORIENTED_EDGE('',*,*,#5912,.T.);
#5912 = EDGE_CURVE('',#5905,#5913,#5915,.T.);
#5913 = VERTEX_POINT('',#5914);
#5914 = CARTESIAN_POINT('',(113.4615,99.25,1.065));
#5915 = LINE('',#5916,#5917);
#5916 = CARTESIAN_POINT('',(113.4615,98.87,1.065));
#5917 = VECTOR('',#5918,1.);
#5918 = DIRECTION('',(1.110223024625E-16,1.,0.));
#5919 = ORIENTED_EDGE('',*,*,#5920,.T.);
#5920 = EDGE_CURVE('',#5913,#5339,#5921,.T.);
#5921 = LINE('',#5922,#5923);
#5922 = CARTESIAN_POINT('',(113.4615,99.25,1.065));
#5923 = VECTOR('',#5924,1.);
#5924 = DIRECTION('',(-1.,1.110223024625E-16,0.));
#5925 = ORIENTED_EDGE('',*,*,#5926,.T.);
#5926 = EDGE_CURVE('',#5339,#5819,#5927,.T.);
#5927 = LINE('',#5928,#5929);
#5928 = CARTESIAN_POINT('',(113.4615,99.25,1.065));
#5929 = VECTOR('',#5930,1.);
#5930 = DIRECTION('',(-1.,1.110223024625E-16,0.));
#5931 = ORIENTED_EDGE('',*,*,#5818,.F.);
#5932 = ORIENTED_EDGE('',*,*,#4940,.F.);
#5933 = PLANE('',#5934);
#5934 = AXIS2_PLACEMENT_3D('',#5935,#5936,#5937);
#5935 = CARTESIAN_POINT('',(113.4615,98.87,1.065));
#5936 = DIRECTION('',(-0.,-0.,-1.));
#5937 = DIRECTION('',(1.,-1.110223024625E-16,0.));
#5938 = ADVANCED_FACE('',(#5939),#5982,.F.);
#5939 = FACE_BOUND('',#5940,.T.);
#5940 = EDGE_LOOP('',(#5941,#5942,#5948,#5949,#5957,#5965,#5971,#5972,
    #5978,#5979,#5980,#5981));
#5941 = ORIENTED_EDGE('',*,*,#5042,.T.);
#5942 = ORIENTED_EDGE('',*,*,#5943,.T.);
#5943 = EDGE_CURVE('',#5035,#5665,#5944,.T.);
#5944 = LINE('',#5945,#5946);
#5945 = CARTESIAN_POINT('',(111.7615,101.2,1.065));
#5946 = VECTOR('',#5947,1.);
#5947 = DIRECTION('',(1.,1.144237745222E-17,0.));
#5948 = ORIENTED_EDGE('',*,*,#5662,.F.);
#5949 = ORIENTED_EDGE('',*,*,#5950,.F.);
#5950 = EDGE_CURVE('',#5951,#5663,#5953,.T.);
#5951 = VERTEX_POINT('',#5952);
#5952 = CARTESIAN_POINT('',(111.919,101.46,1.065));
#5953 = LINE('',#5954,#5955);
#5954 = CARTESIAN_POINT('',(111.919,101.46,1.065));
#5955 = VECTOR('',#5956,1.);
#5956 = DIRECTION('',(-0.707106781187,-0.707106781187,-0.));
#5957 = ORIENTED_EDGE('',*,*,#5958,.F.);
#5958 = EDGE_CURVE('',#5959,#5951,#5961,.T.);
#5959 = VERTEX_POINT('',#5960);
#5960 = CARTESIAN_POINT('',(113.304,101.46,1.065));
#5961 = LINE('',#5962,#5963);
#5962 = CARTESIAN_POINT('',(113.304,101.46,1.065));
#5963 = VECTOR('',#5964,1.);
#5964 = DIRECTION('',(-1.,1.110223024625E-16,0.));
#5965 = ORIENTED_EDGE('',*,*,#5966,.F.);
#5966 = EDGE_CURVE('',#5875,#5959,#5967,.T.);
#5967 = LINE('',#5968,#5969);
#5968 = CARTESIAN_POINT('',(113.3865,101.3775,1.065));
#5969 = VECTOR('',#5970,1.);
#5970 = DIRECTION('',(-0.707106781187,0.707106781187,0.));
#5971 = ORIENTED_EDGE('',*,*,#5874,.F.);
#5972 = ORIENTED_EDGE('',*,*,#5973,.F.);
#5973 = EDGE_CURVE('',#5525,#5867,#5974,.T.);
#5974 = LINE('',#5975,#5976);
#5975 = CARTESIAN_POINT('',(113.4615,101.2,1.065));
#5976 = VECTOR('',#5977,1.);
#5977 = DIRECTION('',(-1.,1.110223024625E-16,0.));
#5978 = ORIENTED_EDGE('',*,*,#5540,.T.);
#5979 = ORIENTED_EDGE('',*,*,#5585,.T.);
#5980 = ORIENTED_EDGE('',*,*,#5602,.T.);
#5981 = ORIENTED_EDGE('',*,*,#5556,.T.);
#5982 = PLANE('',#5983);
#5983 = AXIS2_PLACEMENT_3D('',#5984,#5985,#5986);
#5984 = CARTESIAN_POINT('',(112.6115,98.5975,1.065));
#5985 = DIRECTION('',(4.422964059899E-31,3.624848457049E-27,-1.));
#5986 = DIRECTION('',(-1.,1.51922136901E-16,-4.422964059893E-31));
#5987 = ADVANCED_FACE('',(#5988),#6074,.F.);
#5988 = FACE_BOUND('',#5989,.T.);
#5989 = EDGE_LOOP('',(#5990,#5991,#5992,#6001,#6009,#6018,#6026,#6034,
    #6042,#6051,#6059,#6068));
#5990 = ORIENTED_EDGE('',*,*,#5034,.F.);
#5991 = ORIENTED_EDGE('',*,*,#5056,.T.);
#5992 = ORIENTED_EDGE('',*,*,#5993,.T.);
#5993 = EDGE_CURVE('',#5057,#5994,#5996,.T.);
#5994 = VERTEX_POINT('',#5995);
#5995 = CARTESIAN_POINT('',(111.66301922469,101.2,0.832364817767));
#5996 = CIRCLE('',#5997,0.1);
#5997 = AXIS2_PLACEMENT_3D('',#5998,#5999,#6000);
#5998 = CARTESIAN_POINT('',(111.7615,101.2,0.815));
#5999 = DIRECTION('',(1.144237745222E-17,-1.,-5.473822126269E-48));
#6000 = DIRECTION('',(1.110223024625E-15,1.27035909039E-32,1.));
#6001 = ORIENTED_EDGE('',*,*,#6002,.T.);
#6002 = EDGE_CURVE('',#5994,#6003,#6005,.T.);
#6003 = VERTEX_POINT('',#6004);
#6004 = CARTESIAN_POINT('',(111.61802836759,101.2,0.546587955583));
#6005 = LINE('',#6006,#6007);
#6006 = CARTESIAN_POINT('',(111.66301922469,101.2,0.832364817767));
#6007 = VECTOR('',#6008,1.);
#6008 = DIRECTION('',(-0.155518033909,-1.779496044609E-18,
    -0.987833053268));
#6009 = ORIENTED_EDGE('',*,*,#6010,.T.);
#6010 = EDGE_CURVE('',#6003,#6011,#6013,.T.);
#6011 = VERTEX_POINT('',#6012);
#6012 = CARTESIAN_POINT('',(111.37182642934,101.2,0.34));
#6013 = CIRCLE('',#6014,0.25);
#6014 = AXIS2_PLACEMENT_3D('',#6015,#6016,#6017);
#6015 = CARTESIAN_POINT('',(111.37182642934,101.2,0.59));
#6016 = DIRECTION('',(-1.144237745222E-17,1.,3.851859888774E-34));
#6017 = DIRECTION('',(0.984807753012,1.126854202784E-17,-0.173648177667)
  );
#6018 = ORIENTED_EDGE('',*,*,#6019,.T.);
#6019 = EDGE_CURVE('',#6011,#6020,#6022,.T.);
#6020 = VERTEX_POINT('',#6021);
#6021 = CARTESIAN_POINT('',(111.2115,101.2,0.34));
#6022 = LINE('',#6023,#6024);
#6023 = CARTESIAN_POINT('',(111.37182642934,101.2,0.34));
#6024 = VECTOR('',#6025,1.);
#6025 = DIRECTION('',(-1.,-1.144237745222E-17,-0.));
#6026 = ORIENTED_EDGE('',*,*,#6027,.T.);
#6027 = EDGE_CURVE('',#6020,#6028,#6030,.T.);
#6028 = VERTEX_POINT('',#6029);
#6029 = CARTESIAN_POINT('',(111.2115,101.2,0.49));
#6030 = LINE('',#6031,#6032);
#6031 = CARTESIAN_POINT('',(111.2115,101.2,0.34));
#6032 = VECTOR('',#6033,1.);
#6033 = DIRECTION('',(0.,0.,1.));
#6034 = ORIENTED_EDGE('',*,*,#6035,.T.);
#6035 = EDGE_CURVE('',#6028,#6036,#6038,.T.);
#6036 = VERTEX_POINT('',#6037);
#6037 = CARTESIAN_POINT('',(111.37182642934,101.2,0.49));
#6038 = LINE('',#6039,#6040);
#6039 = CARTESIAN_POINT('',(111.2115,101.2,0.49));
#6040 = VECTOR('',#6041,1.);
#6041 = DIRECTION('',(1.,1.144237745222E-17,0.));
#6042 = ORIENTED_EDGE('',*,*,#6043,.T.);
#6043 = EDGE_CURVE('',#6036,#6044,#6046,.T.);
#6044 = VERTEX_POINT('',#6045);
#6045 = CARTESIAN_POINT('',(111.47030720464,101.2,0.572635182233));
#6046 = CIRCLE('',#6047,0.1);
#6047 = AXIS2_PLACEMENT_3D('',#6048,#6049,#6050);
#6048 = CARTESIAN_POINT('',(111.37182642934,101.2,0.59));
#6049 = DIRECTION('',(1.144237745222E-17,-1.,-1.094764425254E-47));
#6050 = DIRECTION('',(2.22044604925E-15,2.540718180781E-32,-1.));
#6051 = ORIENTED_EDGE('',*,*,#6052,.T.);
#6052 = EDGE_CURVE('',#6044,#6053,#6055,.T.);
#6053 = VERTEX_POINT('',#6054);
#6054 = CARTESIAN_POINT('',(111.51529806174,101.2,0.858412044417));
#6055 = LINE('',#6056,#6057);
#6056 = CARTESIAN_POINT('',(111.47030720464,101.2,0.572635182233));
#6057 = VECTOR('',#6058,1.);
#6058 = DIRECTION('',(0.155518033909,1.779496044609E-18,0.987833053268)
  );
#6059 = ORIENTED_EDGE('',*,*,#6060,.T.);
#6060 = EDGE_CURVE('',#6053,#6061,#6063,.T.);
#6061 = VERTEX_POINT('',#6062);
#6062 = CARTESIAN_POINT('',(111.7615,101.2,1.065));
#6063 = CIRCLE('',#6064,0.25);
#6064 = AXIS2_PLACEMENT_3D('',#6065,#6066,#6067);
#6065 = CARTESIAN_POINT('',(111.7615,101.2,0.815));
#6066 = DIRECTION('',(-1.144237745222E-17,1.,-1.54074395551E-33));
#6067 = DIRECTION('',(-0.984807753012,-1.126854202784E-17,0.173648177667
    ));
#6068 = ORIENTED_EDGE('',*,*,#6069,.T.);
#6069 = EDGE_CURVE('',#6061,#5035,#6070,.T.);
#6070 = LINE('',#6071,#6072);
#6071 = CARTESIAN_POINT('',(111.7615,101.2,1.065));
#6072 = VECTOR('',#6073,1.);
#6073 = DIRECTION('',(1.,1.144237745222E-17,0.));
#6074 = PLANE('',#6075);
#6075 = AXIS2_PLACEMENT_3D('',#6076,#6077,#6078);
#6076 = CARTESIAN_POINT('',(111.54628122642,101.2,0.687850445948));
#6077 = DIRECTION('',(1.144237745222E-17,-1.,0.));
#6078 = DIRECTION('',(0.,0.,-1.));
#6079 = ADVANCED_FACE('',(#6080),#6099,.F.);
#6080 = FACE_BOUND('',#6081,.T.);
#6081 = EDGE_LOOP('',(#6082,#6083,#6092,#6098));
#6082 = ORIENTED_EDGE('',*,*,#5073,.T.);
#6083 = ORIENTED_EDGE('',*,*,#6084,.T.);
#6084 = EDGE_CURVE('',#5066,#6085,#6087,.T.);
#6085 = VERTEX_POINT('',#6086);
#6086 = CARTESIAN_POINT('',(111.66301922469,100.82,0.832364817767));
#6087 = CIRCLE('',#6088,0.1);
#6088 = AXIS2_PLACEMENT_3D('',#6089,#6090,#6091);
#6089 = CARTESIAN_POINT('',(111.7615,100.82,0.815));
#6090 = DIRECTION('',(1.144237745222E-17,-1.,-5.473822126269E-48));
#6091 = DIRECTION('',(1.110223024625E-15,1.27035909039E-32,1.));
#6092 = ORIENTED_EDGE('',*,*,#6093,.F.);
#6093 = EDGE_CURVE('',#5994,#6085,#6094,.T.);
#6094 = LINE('',#6095,#6096);
#6095 = CARTESIAN_POINT('',(111.66301922469,101.2,0.832364817767));
#6096 = VECTOR('',#6097,1.);
#6097 = DIRECTION('',(1.144237745222E-17,-1.,0.));
#6098 = ORIENTED_EDGE('',*,*,#5993,.F.);
#6099 = CYLINDRICAL_SURFACE('',#6100,0.1);
#6100 = AXIS2_PLACEMENT_3D('',#6101,#6102,#6103);
#6101 = CARTESIAN_POINT('',(111.7615,101.2,0.815));
#6102 = DIRECTION('',(-1.144237745222E-17,1.,0.));
#6103 = DIRECTION('',(1.110223024625E-15,1.27035909039E-32,1.));
#6104 = ADVANCED_FACE('',(#6105),#6183,.T.);
#6105 = FACE_BOUND('',#6106,.F.);
#6106 = EDGE_LOOP('',(#6107,#6108,#6109,#6110,#6118,#6127,#6135,#6143,
    #6151,#6160,#6168,#6177));
#6107 = ORIENTED_EDGE('',*,*,#5087,.F.);
#6108 = ORIENTED_EDGE('',*,*,#5065,.T.);
#6109 = ORIENTED_EDGE('',*,*,#6084,.T.);
#6110 = ORIENTED_EDGE('',*,*,#6111,.T.);
#6111 = EDGE_CURVE('',#6085,#6112,#6114,.T.);
#6112 = VERTEX_POINT('',#6113);
#6113 = CARTESIAN_POINT('',(111.61802836759,100.82,0.546587955583));
#6114 = LINE('',#6115,#6116);
#6115 = CARTESIAN_POINT('',(111.66301922469,100.82,0.832364817767));
#6116 = VECTOR('',#6117,1.);
#6117 = DIRECTION('',(-0.155518033909,-1.779496044609E-18,
    -0.987833053268));
#6118 = ORIENTED_EDGE('',*,*,#6119,.T.);
#6119 = EDGE_CURVE('',#6112,#6120,#6122,.T.);
#6120 = VERTEX_POINT('',#6121);
#6121 = CARTESIAN_POINT('',(111.37182642934,100.82,0.34));
#6122 = CIRCLE('',#6123,0.25);
#6123 = AXIS2_PLACEMENT_3D('',#6124,#6125,#6126);
#6124 = CARTESIAN_POINT('',(111.37182642934,100.82,0.59));
#6125 = DIRECTION('',(-1.144237745222E-17,1.,3.851859888774E-34));
#6126 = DIRECTION('',(0.984807753012,1.126854202784E-17,-0.173648177667)
  );
#6127 = ORIENTED_EDGE('',*,*,#6128,.T.);
#6128 = EDGE_CURVE('',#6120,#6129,#6131,.T.);
#6129 = VERTEX_POINT('',#6130);
#6130 = CARTESIAN_POINT('',(111.2115,100.82,0.34));
#6131 = LINE('',#6132,#6133);
#6132 = CARTESIAN_POINT('',(111.37182642934,100.82,0.34));
#6133 = VECTOR('',#6134,1.);
#6134 = DIRECTION('',(-1.,-1.144237745222E-17,-0.));
#6135 = ORIENTED_EDGE('',*,*,#6136,.T.);
#6136 = EDGE_CURVE('',#6129,#6137,#6139,.T.);
#6137 = VERTEX_POINT('',#6138);
#6138 = CARTESIAN_POINT('',(111.2115,100.82,0.49));
#6139 = LINE('',#6140,#6141);
#6140 = CARTESIAN_POINT('',(111.2115,100.82,0.34));
#6141 = VECTOR('',#6142,1.);
#6142 = DIRECTION('',(0.,0.,1.));
#6143 = ORIENTED_EDGE('',*,*,#6144,.T.);
#6144 = EDGE_CURVE('',#6137,#6145,#6147,.T.);
#6145 = VERTEX_POINT('',#6146);
#6146 = CARTESIAN_POINT('',(111.37182642934,100.82,0.49));
#6147 = LINE('',#6148,#6149);
#6148 = CARTESIAN_POINT('',(111.2115,100.82,0.49));
#6149 = VECTOR('',#6150,1.);
#6150 = DIRECTION('',(1.,1.144237745222E-17,0.));
#6151 = ORIENTED_EDGE('',*,*,#6152,.T.);
#6152 = EDGE_CURVE('',#6145,#6153,#6155,.T.);
#6153 = VERTEX_POINT('',#6154);
#6154 = CARTESIAN_POINT('',(111.47030720464,100.82,0.572635182233));
#6155 = CIRCLE('',#6156,0.1);
#6156 = AXIS2_PLACEMENT_3D('',#6157,#6158,#6159);
#6157 = CARTESIAN_POINT('',(111.37182642934,100.82,0.59));
#6158 = DIRECTION('',(1.144237745222E-17,-1.,-1.094764425254E-47));
#6159 = DIRECTION('',(2.22044604925E-15,2.540718180781E-32,-1.));
#6160 = ORIENTED_EDGE('',*,*,#6161,.T.);
#6161 = EDGE_CURVE('',#6153,#6162,#6164,.T.);
#6162 = VERTEX_POINT('',#6163);
#6163 = CARTESIAN_POINT('',(111.51529806174,100.82,0.858412044417));
#6164 = LINE('',#6165,#6166);
#6165 = CARTESIAN_POINT('',(111.47030720464,100.82,0.572635182233));
#6166 = VECTOR('',#6167,1.);
#6167 = DIRECTION('',(0.155518033909,1.779496044609E-18,0.987833053268)
  );
#6168 = ORIENTED_EDGE('',*,*,#6169,.T.);
#6169 = EDGE_CURVE('',#6162,#6170,#6172,.T.);
#6170 = VERTEX_POINT('',#6171);
#6171 = CARTESIAN_POINT('',(111.7615,100.82,1.065));
#6172 = CIRCLE('',#6173,0.25);
#6173 = AXIS2_PLACEMENT_3D('',#6174,#6175,#6176);
#6174 = CARTESIAN_POINT('',(111.7615,100.82,0.815));
#6175 = DIRECTION('',(-1.144237745222E-17,1.,-1.54074395551E-33));
#6176 = DIRECTION('',(-0.984807753012,-1.126854202784E-17,0.173648177667
    ));
#6177 = ORIENTED_EDGE('',*,*,#6178,.T.);
#6178 = EDGE_CURVE('',#6170,#5088,#6179,.T.);
#6179 = LINE('',#6180,#6181);
#6180 = CARTESIAN_POINT('',(111.7615,100.82,1.065));
#6181 = VECTOR('',#6182,1.);
#6182 = DIRECTION('',(1.,1.144237745222E-17,0.));
#6183 = PLANE('',#6184);
#6184 = AXIS2_PLACEMENT_3D('',#6185,#6186,#6187);
#6185 = CARTESIAN_POINT('',(111.54628122642,100.82,0.687850445948));
#6186 = DIRECTION('',(1.144237745222E-17,-1.,0.));
#6187 = DIRECTION('',(0.,0.,-1.));
#6188 = ADVANCED_FACE('',(#6189),#6205,.F.);
#6189 = FACE_BOUND('',#6190,.T.);
#6190 = EDGE_LOOP('',(#6191,#6192,#6198,#6199));
#6191 = ORIENTED_EDGE('',*,*,#5104,.T.);
#6192 = ORIENTED_EDGE('',*,*,#6193,.T.);
#6193 = EDGE_CURVE('',#5097,#5681,#6194,.T.);
#6194 = LINE('',#6195,#6196);
#6195 = CARTESIAN_POINT('',(111.7615,100.55,1.065));
#6196 = VECTOR('',#6197,1.);
#6197 = DIRECTION('',(1.,1.144237745222E-17,0.));
#6198 = ORIENTED_EDGE('',*,*,#5680,.F.);
#6199 = ORIENTED_EDGE('',*,*,#6200,.F.);
#6200 = EDGE_CURVE('',#5088,#5673,#6201,.T.);
#6201 = LINE('',#6202,#6203);
#6202 = CARTESIAN_POINT('',(111.7615,100.82,1.065));
#6203 = VECTOR('',#6204,1.);
#6204 = DIRECTION('',(1.,1.144237745222E-17,0.));
#6205 = PLANE('',#6206);
#6206 = AXIS2_PLACEMENT_3D('',#6207,#6208,#6209);
#6207 = CARTESIAN_POINT('',(112.6115,98.5975,1.065));
#6208 = DIRECTION('',(4.422964059899E-31,3.624848457049E-27,-1.));
#6209 = DIRECTION('',(-1.,1.51922136901E-16,-4.422964059893E-31));
#6210 = ADVANCED_FACE('',(#6211),#6297,.F.);
#6211 = FACE_BOUND('',#6212,.T.);
#6212 = EDGE_LOOP('',(#6213,#6214,#6215,#6224,#6232,#6241,#6249,#6257,
    #6265,#6274,#6282,#6291));
#6213 = ORIENTED_EDGE('',*,*,#5096,.F.);
#6214 = ORIENTED_EDGE('',*,*,#5118,.T.);
#6215 = ORIENTED_EDGE('',*,*,#6216,.T.);
#6216 = EDGE_CURVE('',#5119,#6217,#6219,.T.);
#6217 = VERTEX_POINT('',#6218);
#6218 = CARTESIAN_POINT('',(111.66301922469,100.55,0.832364817767));
#6219 = CIRCLE('',#6220,0.1);
#6220 = AXIS2_PLACEMENT_3D('',#6221,#6222,#6223);
#6221 = CARTESIAN_POINT('',(111.7615,100.55,0.815));
#6222 = DIRECTION('',(1.144237745222E-17,-1.,-5.473822126269E-48));
#6223 = DIRECTION('',(1.110223024625E-15,1.27035909039E-32,1.));
#6224 = ORIENTED_EDGE('',*,*,#6225,.T.);
#6225 = EDGE_CURVE('',#6217,#6226,#6228,.T.);
#6226 = VERTEX_POINT('',#6227);
#6227 = CARTESIAN_POINT('',(111.61802836759,100.55,0.546587955583));
#6228 = LINE('',#6229,#6230);
#6229 = CARTESIAN_POINT('',(111.66301922469,100.55,0.832364817767));
#6230 = VECTOR('',#6231,1.);
#6231 = DIRECTION('',(-0.155518033909,-1.779496044609E-18,
    -0.987833053268));
#6232 = ORIENTED_EDGE('',*,*,#6233,.T.);
#6233 = EDGE_CURVE('',#6226,#6234,#6236,.T.);
#6234 = VERTEX_POINT('',#6235);
#6235 = CARTESIAN_POINT('',(111.37182642934,100.55,0.34));
#6236 = CIRCLE('',#6237,0.25);
#6237 = AXIS2_PLACEMENT_3D('',#6238,#6239,#6240);
#6238 = CARTESIAN_POINT('',(111.37182642934,100.55,0.59));
#6239 = DIRECTION('',(-1.144237745222E-17,1.,3.851859888774E-34));
#6240 = DIRECTION('',(0.984807753012,1.126854202784E-17,-0.173648177667)
  );
#6241 = ORIENTED_EDGE('',*,*,#6242,.T.);
#6242 = EDGE_CURVE('',#6234,#6243,#6245,.T.);
#6243 = VERTEX_POINT('',#6244);
#6244 = CARTESIAN_POINT('',(111.2115,100.55,0.34));
#6245 = LINE('',#6246,#6247);
#6246 = CARTESIAN_POINT('',(111.37182642934,100.55,0.34));
#6247 = VECTOR('',#6248,1.);
#6248 = DIRECTION('',(-1.,-1.144237745222E-17,-0.));
#6249 = ORIENTED_EDGE('',*,*,#6250,.T.);
#6250 = EDGE_CURVE('',#6243,#6251,#6253,.T.);
#6251 = VERTEX_POINT('',#6252);
#6252 = CARTESIAN_POINT('',(111.2115,100.55,0.49));
#6253 = LINE('',#6254,#6255);
#6254 = CARTESIAN_POINT('',(111.2115,100.55,0.34));
#6255 = VECTOR('',#6256,1.);
#6256 = DIRECTION('',(0.,0.,1.));
#6257 = ORIENTED_EDGE('',*,*,#6258,.T.);
#6258 = EDGE_CURVE('',#6251,#6259,#6261,.T.);
#6259 = VERTEX_POINT('',#6260);
#6260 = CARTESIAN_POINT('',(111.37182642934,100.55,0.49));
#6261 = LINE('',#6262,#6263);
#6262 = CARTESIAN_POINT('',(111.2115,100.55,0.49));
#6263 = VECTOR('',#6264,1.);
#6264 = DIRECTION('',(1.,1.144237745222E-17,0.));
#6265 = ORIENTED_EDGE('',*,*,#6266,.T.);
#6266 = EDGE_CURVE('',#6259,#6267,#6269,.T.);
#6267 = VERTEX_POINT('',#6268);
#6268 = CARTESIAN_POINT('',(111.47030720464,100.55,0.572635182233));
#6269 = CIRCLE('',#6270,0.1);
#6270 = AXIS2_PLACEMENT_3D('',#6271,#6272,#6273);
#6271 = CARTESIAN_POINT('',(111.37182642934,100.55,0.59));
#6272 = DIRECTION('',(1.144237745222E-17,-1.,-1.094764425254E-47));
#6273 = DIRECTION('',(2.22044604925E-15,2.540718180781E-32,-1.));
#6274 = ORIENTED_EDGE('',*,*,#6275,.T.);
#6275 = EDGE_CURVE('',#6267,#6276,#6278,.T.);
#6276 = VERTEX_POINT('',#6277);
#6277 = CARTESIAN_POINT('',(111.51529806174,100.55,0.858412044417));
#6278 = LINE('',#6279,#6280);
#6279 = CARTESIAN_POINT('',(111.47030720464,100.55,0.572635182233));
#6280 = VECTOR('',#6281,1.);
#6281 = DIRECTION('',(0.155518033909,1.779496044609E-18,0.987833053268)
  );
#6282 = ORIENTED_EDGE('',*,*,#6283,.T.);
#6283 = EDGE_CURVE('',#6276,#6284,#6286,.T.);
#6284 = VERTEX_POINT('',#6285);
#6285 = CARTESIAN_POINT('',(111.7615,100.55,1.065));
#6286 = CIRCLE('',#6287,0.25);
#6287 = AXIS2_PLACEMENT_3D('',#6288,#6289,#6290);
#6288 = CARTESIAN_POINT('',(111.7615,100.55,0.815));
#6289 = DIRECTION('',(-1.144237745222E-17,1.,-1.54074395551E-33));
#6290 = DIRECTION('',(-0.984807753012,-1.126854202784E-17,0.173648177667
    ));
#6291 = ORIENTED_EDGE('',*,*,#6292,.T.);
#6292 = EDGE_CURVE('',#6284,#5097,#6293,.T.);
#6293 = LINE('',#6294,#6295);
#6294 = CARTESIAN_POINT('',(111.7615,100.55,1.065));
#6295 = VECTOR('',#6296,1.);
#6296 = DIRECTION('',(1.,1.144237745222E-17,0.));
#6297 = PLANE('',#6298);
#6298 = AXIS2_PLACEMENT_3D('',#6299,#6300,#6301);
#6299 = CARTESIAN_POINT('',(111.54628122642,100.55,0.687850445948));
#6300 = DIRECTION('',(1.144237745222E-17,-1.,0.));
#6301 = DIRECTION('',(0.,0.,-1.));
#6302 = ADVANCED_FACE('',(#6303),#6322,.F.);
#6303 = FACE_BOUND('',#6304,.T.);
#6304 = EDGE_LOOP('',(#6305,#6306,#6315,#6321));
#6305 = ORIENTED_EDGE('',*,*,#5135,.T.);
#6306 = ORIENTED_EDGE('',*,*,#6307,.T.);
#6307 = EDGE_CURVE('',#5128,#6308,#6310,.T.);
#6308 = VERTEX_POINT('',#6309);
#6309 = CARTESIAN_POINT('',(111.66301922469,100.17,0.832364817767));
#6310 = CIRCLE('',#6311,0.1);
#6311 = AXIS2_PLACEMENT_3D('',#6312,#6313,#6314);
#6312 = CARTESIAN_POINT('',(111.7615,100.17,0.815));
#6313 = DIRECTION('',(1.144237745222E-17,-1.,-5.473822126269E-48));
#6314 = DIRECTION('',(1.110223024625E-15,1.27035909039E-32,1.));
#6315 = ORIENTED_EDGE('',*,*,#6316,.F.);
#6316 = EDGE_CURVE('',#6217,#6308,#6317,.T.);
#6317 = LINE('',#6318,#6319);
#6318 = CARTESIAN_POINT('',(111.66301922469,100.55,0.832364817767));
#6319 = VECTOR('',#6320,1.);
#6320 = DIRECTION('',(1.144237745222E-17,-1.,0.));
#6321 = ORIENTED_EDGE('',*,*,#6216,.F.);
#6322 = CYLINDRICAL_SURFACE('',#6323,0.1);
#6323 = AXIS2_PLACEMENT_3D('',#6324,#6325,#6326);
#6324 = CARTESIAN_POINT('',(111.7615,100.55,0.815));
#6325 = DIRECTION('',(-1.144237745222E-17,1.,0.));
#6326 = DIRECTION('',(1.110223024625E-15,1.27035909039E-32,1.));
#6327 = ADVANCED_FACE('',(#6328),#6406,.T.);
#6328 = FACE_BOUND('',#6329,.F.);
#6329 = EDGE_LOOP('',(#6330,#6331,#6332,#6333,#6341,#6350,#6358,#6366,
    #6374,#6383,#6391,#6400));
#6330 = ORIENTED_EDGE('',*,*,#5149,.F.);
#6331 = ORIENTED_EDGE('',*,*,#5127,.T.);
#6332 = ORIENTED_EDGE('',*,*,#6307,.T.);
#6333 = ORIENTED_EDGE('',*,*,#6334,.T.);
#6334 = EDGE_CURVE('',#6308,#6335,#6337,.T.);
#6335 = VERTEX_POINT('',#6336);
#6336 = CARTESIAN_POINT('',(111.61802836759,100.17,0.546587955583));
#6337 = LINE('',#6338,#6339);
#6338 = CARTESIAN_POINT('',(111.66301922469,100.17,0.832364817767));
#6339 = VECTOR('',#6340,1.);
#6340 = DIRECTION('',(-0.155518033909,-1.779496044609E-18,
    -0.987833053268));
#6341 = ORIENTED_EDGE('',*,*,#6342,.T.);
#6342 = EDGE_CURVE('',#6335,#6343,#6345,.T.);
#6343 = VERTEX_POINT('',#6344);
#6344 = CARTESIAN_POINT('',(111.37182642934,100.17,0.34));
#6345 = CIRCLE('',#6346,0.25);
#6346 = AXIS2_PLACEMENT_3D('',#6347,#6348,#6349);
#6347 = CARTESIAN_POINT('',(111.37182642934,100.17,0.59));
#6348 = DIRECTION('',(-1.144237745222E-17,1.,3.851859888774E-34));
#6349 = DIRECTION('',(0.984807753012,1.126854202784E-17,-0.173648177667)
  );
#6350 = ORIENTED_EDGE('',*,*,#6351,.T.);
#6351 = EDGE_CURVE('',#6343,#6352,#6354,.T.);
#6352 = VERTEX_POINT('',#6353);
#6353 = CARTESIAN_POINT('',(111.2115,100.17,0.34));
#6354 = LINE('',#6355,#6356);
#6355 = CARTESIAN_POINT('',(111.37182642934,100.17,0.34));
#6356 = VECTOR('',#6357,1.);
#6357 = DIRECTION('',(-1.,-1.144237745222E-17,-0.));
#6358 = ORIENTED_EDGE('',*,*,#6359,.T.);
#6359 = EDGE_CURVE('',#6352,#6360,#6362,.T.);
#6360 = VERTEX_POINT('',#6361);
#6361 = CARTESIAN_POINT('',(111.2115,100.17,0.49));
#6362 = LINE('',#6363,#6364);
#6363 = CARTESIAN_POINT('',(111.2115,100.17,0.34));
#6364 = VECTOR('',#6365,1.);
#6365 = DIRECTION('',(0.,0.,1.));
#6366 = ORIENTED_EDGE('',*,*,#6367,.T.);
#6367 = EDGE_CURVE('',#6360,#6368,#6370,.T.);
#6368 = VERTEX_POINT('',#6369);
#6369 = CARTESIAN_POINT('',(111.37182642934,100.17,0.49));
#6370 = LINE('',#6371,#6372);
#6371 = CARTESIAN_POINT('',(111.2115,100.17,0.49));
#6372 = VECTOR('',#6373,1.);
#6373 = DIRECTION('',(1.,1.144237745222E-17,0.));
#6374 = ORIENTED_EDGE('',*,*,#6375,.T.);
#6375 = EDGE_CURVE('',#6368,#6376,#6378,.T.);
#6376 = VERTEX_POINT('',#6377);
#6377 = CARTESIAN_POINT('',(111.47030720464,100.17,0.572635182233));
#6378 = CIRCLE('',#6379,0.1);
#6379 = AXIS2_PLACEMENT_3D('',#6380,#6381,#6382);
#6380 = CARTESIAN_POINT('',(111.37182642934,100.17,0.59));
#6381 = DIRECTION('',(1.144237745222E-17,-1.,-1.094764425254E-47));
#6382 = DIRECTION('',(2.22044604925E-15,2.540718180781E-32,-1.));
#6383 = ORIENTED_EDGE('',*,*,#6384,.T.);
#6384 = EDGE_CURVE('',#6376,#6385,#6387,.T.);
#6385 = VERTEX_POINT('',#6386);
#6386 = CARTESIAN_POINT('',(111.51529806174,100.17,0.858412044417));
#6387 = LINE('',#6388,#6389);
#6388 = CARTESIAN_POINT('',(111.47030720464,100.17,0.572635182233));
#6389 = VECTOR('',#6390,1.);
#6390 = DIRECTION('',(0.155518033909,1.779496044609E-18,0.987833053268)
  );
#6391 = ORIENTED_EDGE('',*,*,#6392,.T.);
#6392 = EDGE_CURVE('',#6385,#6393,#6395,.T.);
#6393 = VERTEX_POINT('',#6394);
#6394 = CARTESIAN_POINT('',(111.7615,100.17,1.065));
#6395 = CIRCLE('',#6396,0.25);
#6396 = AXIS2_PLACEMENT_3D('',#6397,#6398,#6399);
#6397 = CARTESIAN_POINT('',(111.7615,100.17,0.815));
#6398 = DIRECTION('',(-1.144237745222E-17,1.,-1.54074395551E-33));
#6399 = DIRECTION('',(-0.984807753012,-1.126854202784E-17,0.173648177667
    ));
#6400 = ORIENTED_EDGE('',*,*,#6401,.T.);
#6401 = EDGE_CURVE('',#6393,#5150,#6402,.T.);
#6402 = LINE('',#6403,#6404);
#6403 = CARTESIAN_POINT('',(111.7615,100.17,1.065));
#6404 = VECTOR('',#6405,1.);
#6405 = DIRECTION('',(1.,1.144237745222E-17,0.));
#6406 = PLANE('',#6407);
#6407 = AXIS2_PLACEMENT_3D('',#6408,#6409,#6410);
#6408 = CARTESIAN_POINT('',(111.54628122642,100.17,0.687850445948));
#6409 = DIRECTION('',(1.144237745222E-17,-1.,0.));
#6410 = DIRECTION('',(0.,0.,-1.));
#6411 = ADVANCED_FACE('',(#6412),#6428,.F.);
#6412 = FACE_BOUND('',#6413,.T.);
#6413 = EDGE_LOOP('',(#6414,#6415,#6421,#6422));
#6414 = ORIENTED_EDGE('',*,*,#5166,.T.);
#6415 = ORIENTED_EDGE('',*,*,#6416,.T.);
#6416 = EDGE_CURVE('',#5159,#5697,#6417,.T.);
#6417 = LINE('',#6418,#6419);
#6418 = CARTESIAN_POINT('',(111.7615,99.9,1.065));
#6419 = VECTOR('',#6420,1.);
#6420 = DIRECTION('',(1.,1.144237745222E-17,0.));
#6421 = ORIENTED_EDGE('',*,*,#5696,.F.);
#6422 = ORIENTED_EDGE('',*,*,#6423,.F.);
#6423 = EDGE_CURVE('',#5150,#5689,#6424,.T.);
#6424 = LINE('',#6425,#6426);
#6425 = CARTESIAN_POINT('',(111.7615,100.17,1.065));
#6426 = VECTOR('',#6427,1.);
#6427 = DIRECTION('',(1.,1.144237745222E-17,0.));
#6428 = PLANE('',#6429);
#6429 = AXIS2_PLACEMENT_3D('',#6430,#6431,#6432);
#6430 = CARTESIAN_POINT('',(112.6115,98.5975,1.065));
#6431 = DIRECTION('',(4.422964059899E-31,3.624848457049E-27,-1.));
#6432 = DIRECTION('',(-1.,1.51922136901E-16,-4.422964059893E-31));
#6433 = ADVANCED_FACE('',(#6434),#6520,.F.);
#6434 = FACE_BOUND('',#6435,.T.);
#6435 = EDGE_LOOP('',(#6436,#6437,#6438,#6447,#6455,#6464,#6472,#6480,
    #6488,#6497,#6505,#6514));
#6436 = ORIENTED_EDGE('',*,*,#5158,.F.);
#6437 = ORIENTED_EDGE('',*,*,#5180,.T.);
#6438 = ORIENTED_EDGE('',*,*,#6439,.T.);
#6439 = EDGE_CURVE('',#5181,#6440,#6442,.T.);
#6440 = VERTEX_POINT('',#6441);
#6441 = CARTESIAN_POINT('',(111.66301922469,99.9,0.832364817767));
#6442 = CIRCLE('',#6443,0.1);
#6443 = AXIS2_PLACEMENT_3D('',#6444,#6445,#6446);
#6444 = CARTESIAN_POINT('',(111.7615,99.9,0.815));
#6445 = DIRECTION('',(1.144237745222E-17,-1.,-5.473822126269E-48));
#6446 = DIRECTION('',(1.110223024625E-15,1.27035909039E-32,1.));
#6447 = ORIENTED_EDGE('',*,*,#6448,.T.);
#6448 = EDGE_CURVE('',#6440,#6449,#6451,.T.);
#6449 = VERTEX_POINT('',#6450);
#6450 = CARTESIAN_POINT('',(111.61802836759,99.9,0.546587955583));
#6451 = LINE('',#6452,#6453);
#6452 = CARTESIAN_POINT('',(111.66301922469,99.9,0.832364817767));
#6453 = VECTOR('',#6454,1.);
#6454 = DIRECTION('',(-0.155518033909,-1.779496044609E-18,
    -0.987833053268));
#6455 = ORIENTED_EDGE('',*,*,#6456,.T.);
#6456 = EDGE_CURVE('',#6449,#6457,#6459,.T.);
#6457 = VERTEX_POINT('',#6458);
#6458 = CARTESIAN_POINT('',(111.37182642934,99.9,0.34));
#6459 = CIRCLE('',#6460,0.25);
#6460 = AXIS2_PLACEMENT_3D('',#6461,#6462,#6463);
#6461 = CARTESIAN_POINT('',(111.37182642934,99.9,0.59));
#6462 = DIRECTION('',(-1.144237745222E-17,1.,3.851859888774E-34));
#6463 = DIRECTION('',(0.984807753012,1.126854202784E-17,-0.173648177667)
  );
#6464 = ORIENTED_EDGE('',*,*,#6465,.T.);
#6465 = EDGE_CURVE('',#6457,#6466,#6468,.T.);
#6466 = VERTEX_POINT('',#6467);
#6467 = CARTESIAN_POINT('',(111.2115,99.9,0.34));
#6468 = LINE('',#6469,#6470);
#6469 = CARTESIAN_POINT('',(111.37182642934,99.9,0.34));
#6470 = VECTOR('',#6471,1.);
#6471 = DIRECTION('',(-1.,-1.144237745222E-17,-0.));
#6472 = ORIENTED_EDGE('',*,*,#6473,.T.);
#6473 = EDGE_CURVE('',#6466,#6474,#6476,.T.);
#6474 = VERTEX_POINT('',#6475);
#6475 = CARTESIAN_POINT('',(111.2115,99.9,0.49));
#6476 = LINE('',#6477,#6478);
#6477 = CARTESIAN_POINT('',(111.2115,99.9,0.34));
#6478 = VECTOR('',#6479,1.);
#6479 = DIRECTION('',(0.,0.,1.));
#6480 = ORIENTED_EDGE('',*,*,#6481,.T.);
#6481 = EDGE_CURVE('',#6474,#6482,#6484,.T.);
#6482 = VERTEX_POINT('',#6483);
#6483 = CARTESIAN_POINT('',(111.37182642934,99.9,0.49));
#6484 = LINE('',#6485,#6486);
#6485 = CARTESIAN_POINT('',(111.2115,99.9,0.49));
#6486 = VECTOR('',#6487,1.);
#6487 = DIRECTION('',(1.,1.144237745222E-17,0.));
#6488 = ORIENTED_EDGE('',*,*,#6489,.T.);
#6489 = EDGE_CURVE('',#6482,#6490,#6492,.T.);
#6490 = VERTEX_POINT('',#6491);
#6491 = CARTESIAN_POINT('',(111.47030720464,99.9,0.572635182233));
#6492 = CIRCLE('',#6493,0.1);
#6493 = AXIS2_PLACEMENT_3D('',#6494,#6495,#6496);
#6494 = CARTESIAN_POINT('',(111.37182642934,99.9,0.59));
#6495 = DIRECTION('',(1.144237745222E-17,-1.,-1.094764425254E-47));
#6496 = DIRECTION('',(2.22044604925E-15,2.540718180781E-32,-1.));
#6497 = ORIENTED_EDGE('',*,*,#6498,.T.);
#6498 = EDGE_CURVE('',#6490,#6499,#6501,.T.);
#6499 = VERTEX_POINT('',#6500);
#6500 = CARTESIAN_POINT('',(111.51529806174,99.9,0.858412044417));
#6501 = LINE('',#6502,#6503);
#6502 = CARTESIAN_POINT('',(111.47030720464,99.9,0.572635182233));
#6503 = VECTOR('',#6504,1.);
#6504 = DIRECTION('',(0.155518033909,1.779496044609E-18,0.987833053268)
  );
#6505 = ORIENTED_EDGE('',*,*,#6506,.T.);
#6506 = EDGE_CURVE('',#6499,#6507,#6509,.T.);
#6507 = VERTEX_POINT('',#6508);
#6508 = CARTESIAN_POINT('',(111.7615,99.9,1.065));
#6509 = CIRCLE('',#6510,0.25);
#6510 = AXIS2_PLACEMENT_3D('',#6511,#6512,#6513);
#6511 = CARTESIAN_POINT('',(111.7615,99.9,0.815));
#6512 = DIRECTION('',(-1.144237745222E-17,1.,-1.54074395551E-33));
#6513 = DIRECTION('',(-0.984807753012,-1.126854202784E-17,0.173648177667
    ));
#6514 = ORIENTED_EDGE('',*,*,#6515,.T.);
#6515 = EDGE_CURVE('',#6507,#5159,#6516,.T.);
#6516 = LINE('',#6517,#6518);
#6517 = CARTESIAN_POINT('',(111.7615,99.9,1.065));
#6518 = VECTOR('',#6519,1.);
#6519 = DIRECTION('',(1.,1.144237745222E-17,0.));
#6520 = PLANE('',#6521);
#6521 = AXIS2_PLACEMENT_3D('',#6522,#6523,#6524);
#6522 = CARTESIAN_POINT('',(111.54628122642,99.9,0.687850445948));
#6523 = DIRECTION('',(1.144237745222E-17,-1.,0.));
#6524 = DIRECTION('',(0.,0.,-1.));
#6525 = ADVANCED_FACE('',(#6526),#6545,.F.);
#6526 = FACE_BOUND('',#6527,.T.);
#6527 = EDGE_LOOP('',(#6528,#6529,#6538,#6544));
#6528 = ORIENTED_EDGE('',*,*,#5197,.T.);
#6529 = ORIENTED_EDGE('',*,*,#6530,.T.);
#6530 = EDGE_CURVE('',#5190,#6531,#6533,.T.);
#6531 = VERTEX_POINT('',#6532);
#6532 = CARTESIAN_POINT('',(111.66301922469,99.52,0.832364817767));
#6533 = CIRCLE('',#6534,0.1);
#6534 = AXIS2_PLACEMENT_3D('',#6535,#6536,#6537);
#6535 = CARTESIAN_POINT('',(111.7615,99.52,0.815));
#6536 = DIRECTION('',(1.144237745222E-17,-1.,-5.473822126269E-48));
#6537 = DIRECTION('',(1.110223024625E-15,1.27035909039E-32,1.));
#6538 = ORIENTED_EDGE('',*,*,#6539,.F.);
#6539 = EDGE_CURVE('',#6440,#6531,#6540,.T.);
#6540 = LINE('',#6541,#6542);
#6541 = CARTESIAN_POINT('',(111.66301922469,99.9,0.832364817767));
#6542 = VECTOR('',#6543,1.);
#6543 = DIRECTION('',(1.144237745222E-17,-1.,0.));
#6544 = ORIENTED_EDGE('',*,*,#6439,.F.);
#6545 = CYLINDRICAL_SURFACE('',#6546,0.1);
#6546 = AXIS2_PLACEMENT_3D('',#6547,#6548,#6549);
#6547 = CARTESIAN_POINT('',(111.7615,99.9,0.815));
#6548 = DIRECTION('',(-1.144237745222E-17,1.,0.));
#6549 = DIRECTION('',(1.110223024625E-15,1.27035909039E-32,1.));
#6550 = ADVANCED_FACE('',(#6551),#6629,.T.);
#6551 = FACE_BOUND('',#6552,.F.);
#6552 = EDGE_LOOP('',(#6553,#6554,#6555,#6556,#6564,#6573,#6581,#6589,
    #6597,#6606,#6614,#6623));
#6553 = ORIENTED_EDGE('',*,*,#5211,.F.);
#6554 = ORIENTED_EDGE('',*,*,#5189,.T.);
#6555 = ORIENTED_EDGE('',*,*,#6530,.T.);
#6556 = ORIENTED_EDGE('',*,*,#6557,.T.);
#6557 = EDGE_CURVE('',#6531,#6558,#6560,.T.);
#6558 = VERTEX_POINT('',#6559);
#6559 = CARTESIAN_POINT('',(111.61802836759,99.52,0.546587955583));
#6560 = LINE('',#6561,#6562);
#6561 = CARTESIAN_POINT('',(111.66301922469,99.52,0.832364817767));
#6562 = VECTOR('',#6563,1.);
#6563 = DIRECTION('',(-0.155518033909,-1.779496044609E-18,
    -0.987833053268));
#6564 = ORIENTED_EDGE('',*,*,#6565,.T.);
#6565 = EDGE_CURVE('',#6558,#6566,#6568,.T.);
#6566 = VERTEX_POINT('',#6567);
#6567 = CARTESIAN_POINT('',(111.37182642934,99.52,0.34));
#6568 = CIRCLE('',#6569,0.25);
#6569 = AXIS2_PLACEMENT_3D('',#6570,#6571,#6572);
#6570 = CARTESIAN_POINT('',(111.37182642934,99.52,0.59));
#6571 = DIRECTION('',(-1.144237745222E-17,1.,3.851859888774E-34));
#6572 = DIRECTION('',(0.984807753012,1.126854202784E-17,-0.173648177667)
  );
#6573 = ORIENTED_EDGE('',*,*,#6574,.T.);
#6574 = EDGE_CURVE('',#6566,#6575,#6577,.T.);
#6575 = VERTEX_POINT('',#6576);
#6576 = CARTESIAN_POINT('',(111.2115,99.52,0.34));
#6577 = LINE('',#6578,#6579);
#6578 = CARTESIAN_POINT('',(111.37182642934,99.52,0.34));
#6579 = VECTOR('',#6580,1.);
#6580 = DIRECTION('',(-1.,-1.144237745222E-17,-0.));
#6581 = ORIENTED_EDGE('',*,*,#6582,.T.);
#6582 = EDGE_CURVE('',#6575,#6583,#6585,.T.);
#6583 = VERTEX_POINT('',#6584);
#6584 = CARTESIAN_POINT('',(111.2115,99.52,0.49));
#6585 = LINE('',#6586,#6587);
#6586 = CARTESIAN_POINT('',(111.2115,99.52,0.34));
#6587 = VECTOR('',#6588,1.);
#6588 = DIRECTION('',(0.,0.,1.));
#6589 = ORIENTED_EDGE('',*,*,#6590,.T.);
#6590 = EDGE_CURVE('',#6583,#6591,#6593,.T.);
#6591 = VERTEX_POINT('',#6592);
#6592 = CARTESIAN_POINT('',(111.37182642934,99.52,0.49));
#6593 = LINE('',#6594,#6595);
#6594 = CARTESIAN_POINT('',(111.2115,99.52,0.49));
#6595 = VECTOR('',#6596,1.);
#6596 = DIRECTION('',(1.,1.144237745222E-17,0.));
#6597 = ORIENTED_EDGE('',*,*,#6598,.T.);
#6598 = EDGE_CURVE('',#6591,#6599,#6601,.T.);
#6599 = VERTEX_POINT('',#6600);
#6600 = CARTESIAN_POINT('',(111.47030720464,99.52,0.572635182233));
#6601 = CIRCLE('',#6602,0.1);
#6602 = AXIS2_PLACEMENT_3D('',#6603,#6604,#6605);
#6603 = CARTESIAN_POINT('',(111.37182642934,99.52,0.59));
#6604 = DIRECTION('',(1.144237745222E-17,-1.,-1.094764425254E-47));
#6605 = DIRECTION('',(2.22044604925E-15,2.540718180781E-32,-1.));
#6606 = ORIENTED_EDGE('',*,*,#6607,.T.);
#6607 = EDGE_CURVE('',#6599,#6608,#6610,.T.);
#6608 = VERTEX_POINT('',#6609);
#6609 = CARTESIAN_POINT('',(111.51529806174,99.52,0.858412044417));
#6610 = LINE('',#6611,#6612);
#6611 = CARTESIAN_POINT('',(111.47030720464,99.52,0.572635182233));
#6612 = VECTOR('',#6613,1.);
#6613 = DIRECTION('',(0.155518033909,1.779496044609E-18,0.987833053268)
  );
#6614 = ORIENTED_EDGE('',*,*,#6615,.T.);
#6615 = EDGE_CURVE('',#6608,#6616,#6618,.T.);
#6616 = VERTEX_POINT('',#6617);
#6617 = CARTESIAN_POINT('',(111.7615,99.52,1.065));
#6618 = CIRCLE('',#6619,0.25);
#6619 = AXIS2_PLACEMENT_3D('',#6620,#6621,#6622);
#6620 = CARTESIAN_POINT('',(111.7615,99.52,0.815));
#6621 = DIRECTION('',(-1.144237745222E-17,1.,-1.54074395551E-33));
#6622 = DIRECTION('',(-0.984807753012,-1.126854202784E-17,0.173648177667
    ));
#6623 = ORIENTED_EDGE('',*,*,#6624,.T.);
#6624 = EDGE_CURVE('',#6616,#5212,#6625,.T.);
#6625 = LINE('',#6626,#6627);
#6626 = CARTESIAN_POINT('',(111.7615,99.52,1.065));
#6627 = VECTOR('',#6628,1.);
#6628 = DIRECTION('',(1.,1.144237745222E-17,0.));
#6629 = PLANE('',#6630);
#6630 = AXIS2_PLACEMENT_3D('',#6631,#6632,#6633);
#6631 = CARTESIAN_POINT('',(111.54628122642,99.52,0.687850445948));
#6632 = DIRECTION('',(1.144237745222E-17,-1.,0.));
#6633 = DIRECTION('',(0.,0.,-1.));
#6634 = ADVANCED_FACE('',(#6635),#6646,.F.);
#6635 = FACE_BOUND('',#6636,.T.);
#6636 = EDGE_LOOP('',(#6637,#6638,#6639,#6640));
#6637 = ORIENTED_EDGE('',*,*,#5228,.T.);
#6638 = ORIENTED_EDGE('',*,*,#5648,.T.);
#6639 = ORIENTED_EDGE('',*,*,#5712,.F.);
#6640 = ORIENTED_EDGE('',*,*,#6641,.F.);
#6641 = EDGE_CURVE('',#5212,#5705,#6642,.T.);
#6642 = LINE('',#6643,#6644);
#6643 = CARTESIAN_POINT('',(111.7615,99.52,1.065));
#6644 = VECTOR('',#6645,1.);
#6645 = DIRECTION('',(1.,1.144237745222E-17,0.));
#6646 = PLANE('',#6647);
#6647 = AXIS2_PLACEMENT_3D('',#6648,#6649,#6650);
#6648 = CARTESIAN_POINT('',(112.6115,98.5975,1.065));
#6649 = DIRECTION('',(4.422964059899E-31,3.624848457049E-27,-1.));
#6650 = DIRECTION('',(-1.,1.51922136901E-16,-4.422964059893E-31));
#6651 = ADVANCED_FACE('',(#6652),#6731,.F.);
#6652 = FACE_BOUND('',#6653,.T.);
#6653 = EDGE_LOOP('',(#6654,#6655,#6656,#6665,#6673,#6682,#6690,#6698,
    #6706,#6715,#6723,#6730));
#6654 = ORIENTED_EDGE('',*,*,#5220,.F.);
#6655 = ORIENTED_EDGE('',*,*,#5242,.T.);
#6656 = ORIENTED_EDGE('',*,*,#6657,.T.);
#6657 = EDGE_CURVE('',#5243,#6658,#6660,.T.);
#6658 = VERTEX_POINT('',#6659);
#6659 = CARTESIAN_POINT('',(111.66301922469,99.25,0.832364817767));
#6660 = CIRCLE('',#6661,0.1);
#6661 = AXIS2_PLACEMENT_3D('',#6662,#6663,#6664);
#6662 = CARTESIAN_POINT('',(111.7615,99.25,0.815));
#6663 = DIRECTION('',(1.144237745222E-17,-1.,-5.473822126269E-48));
#6664 = DIRECTION('',(1.110223024625E-15,1.27035909039E-32,1.));
#6665 = ORIENTED_EDGE('',*,*,#6666,.T.);
#6666 = EDGE_CURVE('',#6658,#6667,#6669,.T.);
#6667 = VERTEX_POINT('',#6668);
#6668 = CARTESIAN_POINT('',(111.61802836759,99.25,0.546587955583));
#6669 = LINE('',#6670,#6671);
#6670 = CARTESIAN_POINT('',(111.66301922469,99.25,0.832364817767));
#6671 = VECTOR('',#6672,1.);
#6672 = DIRECTION('',(-0.155518033909,-1.779496044609E-18,
    -0.987833053268));
#6673 = ORIENTED_EDGE('',*,*,#6674,.T.);
#6674 = EDGE_CURVE('',#6667,#6675,#6677,.T.);
#6675 = VERTEX_POINT('',#6676);
#6676 = CARTESIAN_POINT('',(111.37182642934,99.25,0.34));
#6677 = CIRCLE('',#6678,0.25);
#6678 = AXIS2_PLACEMENT_3D('',#6679,#6680,#6681);
#6679 = CARTESIAN_POINT('',(111.37182642934,99.25,0.59));
#6680 = DIRECTION('',(-1.144237745222E-17,1.,3.851859888774E-34));
#6681 = DIRECTION('',(0.984807753012,1.126854202784E-17,-0.173648177667)
  );
#6682 = ORIENTED_EDGE('',*,*,#6683,.T.);
#6683 = EDGE_CURVE('',#6675,#6684,#6686,.T.);
#6684 = VERTEX_POINT('',#6685);
#6685 = CARTESIAN_POINT('',(111.2115,99.25,0.34));
#6686 = LINE('',#6687,#6688);
#6687 = CARTESIAN_POINT('',(111.37182642934,99.25,0.34));
#6688 = VECTOR('',#6689,1.);
#6689 = DIRECTION('',(-1.,-1.144237745222E-17,-0.));
#6690 = ORIENTED_EDGE('',*,*,#6691,.T.);
#6691 = EDGE_CURVE('',#6684,#6692,#6694,.T.);
#6692 = VERTEX_POINT('',#6693);
#6693 = CARTESIAN_POINT('',(111.2115,99.25,0.49));
#6694 = LINE('',#6695,#6696);
#6695 = CARTESIAN_POINT('',(111.2115,99.25,0.34));
#6696 = VECTOR('',#6697,1.);
#6697 = DIRECTION('',(0.,0.,1.));
#6698 = ORIENTED_EDGE('',*,*,#6699,.T.);
#6699 = EDGE_CURVE('',#6692,#6700,#6702,.T.);
#6700 = VERTEX_POINT('',#6701);
#6701 = CARTESIAN_POINT('',(111.37182642934,99.25,0.49));
#6702 = LINE('',#6703,#6704);
#6703 = CARTESIAN_POINT('',(111.2115,99.25,0.49));
#6704 = VECTOR('',#6705,1.);
#6705 = DIRECTION('',(1.,1.144237745222E-17,0.));
#6706 = ORIENTED_EDGE('',*,*,#6707,.T.);
#6707 = EDGE_CURVE('',#6700,#6708,#6710,.T.);
#6708 = VERTEX_POINT('',#6709);
#6709 = CARTESIAN_POINT('',(111.47030720464,99.25,0.572635182233));
#6710 = CIRCLE('',#6711,0.1);
#6711 = AXIS2_PLACEMENT_3D('',#6712,#6713,#6714);
#6712 = CARTESIAN_POINT('',(111.37182642934,99.25,0.59));
#6713 = DIRECTION('',(1.144237745222E-17,-1.,-1.094764425254E-47));
#6714 = DIRECTION('',(2.22044604925E-15,2.540718180781E-32,-1.));
#6715 = ORIENTED_EDGE('',*,*,#6716,.T.);
#6716 = EDGE_CURVE('',#6708,#6717,#6719,.T.);
#6717 = VERTEX_POINT('',#6718);
#6718 = CARTESIAN_POINT('',(111.51529806174,99.25,0.858412044417));
#6719 = LINE('',#6720,#6721);
#6720 = CARTESIAN_POINT('',(111.47030720464,99.25,0.572635182233));
#6721 = VECTOR('',#6722,1.);
#6722 = DIRECTION('',(0.155518033909,1.779496044609E-18,0.987833053268)
  );
#6723 = ORIENTED_EDGE('',*,*,#6724,.T.);
#6724 = EDGE_CURVE('',#6717,#5618,#6725,.T.);
#6725 = CIRCLE('',#6726,0.25);
#6726 = AXIS2_PLACEMENT_3D('',#6727,#6728,#6729);
#6727 = CARTESIAN_POINT('',(111.7615,99.25,0.815));
#6728 = DIRECTION('',(-1.144237745222E-17,1.,-1.54074395551E-33));
#6729 = DIRECTION('',(-0.984807753012,-1.126854202784E-17,0.173648177667
    ));
#6730 = ORIENTED_EDGE('',*,*,#5617,.T.);
#6731 = PLANE('',#6732);
#6732 = AXIS2_PLACEMENT_3D('',#6733,#6734,#6735);
#6733 = CARTESIAN_POINT('',(111.54628122642,99.25,0.687850445948));
#6734 = DIRECTION('',(1.144237745222E-17,-1.,0.));
#6735 = DIRECTION('',(0.,0.,-1.));
#6736 = ADVANCED_FACE('',(#6737),#6756,.F.);
#6737 = FACE_BOUND('',#6738,.T.);
#6738 = EDGE_LOOP('',(#6739,#6740,#6749,#6755));
#6739 = ORIENTED_EDGE('',*,*,#5259,.T.);
#6740 = ORIENTED_EDGE('',*,*,#6741,.T.);
#6741 = EDGE_CURVE('',#5252,#6742,#6744,.T.);
#6742 = VERTEX_POINT('',#6743);
#6743 = CARTESIAN_POINT('',(111.66301922469,98.87,0.832364817767));
#6744 = CIRCLE('',#6745,0.1);
#6745 = AXIS2_PLACEMENT_3D('',#6746,#6747,#6748);
#6746 = CARTESIAN_POINT('',(111.7615,98.87,0.815));
#6747 = DIRECTION('',(1.144237745222E-17,-1.,-5.473822126269E-48));
#6748 = DIRECTION('',(1.110223024625E-15,1.27035909039E-32,1.));
#6749 = ORIENTED_EDGE('',*,*,#6750,.F.);
#6750 = EDGE_CURVE('',#6658,#6742,#6751,.T.);
#6751 = LINE('',#6752,#6753);
#6752 = CARTESIAN_POINT('',(111.66301922469,99.25,0.832364817767));
#6753 = VECTOR('',#6754,1.);
#6754 = DIRECTION('',(1.144237745222E-17,-1.,0.));
#6755 = ORIENTED_EDGE('',*,*,#6657,.F.);
#6756 = CYLINDRICAL_SURFACE('',#6757,0.1);
#6757 = AXIS2_PLACEMENT_3D('',#6758,#6759,#6760);
#6758 = CARTESIAN_POINT('',(111.7615,99.25,0.815));
#6759 = DIRECTION('',(-1.144237745222E-17,1.,0.));
#6760 = DIRECTION('',(1.110223024625E-15,1.27035909039E-32,1.));
#6761 = ADVANCED_FACE('',(#6762),#6833,.T.);
#6762 = FACE_BOUND('',#6763,.F.);
#6763 = EDGE_LOOP('',(#6764,#6765,#6766,#6767,#6775,#6784,#6792,#6800,
    #6808,#6817,#6825,#6832));
#6764 = ORIENTED_EDGE('',*,*,#5273,.F.);
#6765 = ORIENTED_EDGE('',*,*,#5251,.T.);
#6766 = ORIENTED_EDGE('',*,*,#6741,.T.);
#6767 = ORIENTED_EDGE('',*,*,#6768,.T.);
#6768 = EDGE_CURVE('',#6742,#6769,#6771,.T.);
#6769 = VERTEX_POINT('',#6770);
#6770 = CARTESIAN_POINT('',(111.61802836759,98.87,0.546587955583));
#6771 = LINE('',#6772,#6773);
#6772 = CARTESIAN_POINT('',(111.66301922469,98.87,0.832364817767));
#6773 = VECTOR('',#6774,1.);
#6774 = DIRECTION('',(-0.155518033909,-1.779496044609E-18,
    -0.987833053268));
#6775 = ORIENTED_EDGE('',*,*,#6776,.T.);
#6776 = EDGE_CURVE('',#6769,#6777,#6779,.T.);
#6777 = VERTEX_POINT('',#6778);
#6778 = CARTESIAN_POINT('',(111.37182642934,98.87,0.34));
#6779 = CIRCLE('',#6780,0.25);
#6780 = AXIS2_PLACEMENT_3D('',#6781,#6782,#6783);
#6781 = CARTESIAN_POINT('',(111.37182642934,98.87,0.59));
#6782 = DIRECTION('',(-1.144237745222E-17,1.,3.851859888774E-34));
#6783 = DIRECTION('',(0.984807753012,1.126854202784E-17,-0.173648177667)
  );
#6784 = ORIENTED_EDGE('',*,*,#6785,.T.);
#6785 = EDGE_CURVE('',#6777,#6786,#6788,.T.);
#6786 = VERTEX_POINT('',#6787);
#6787 = CARTESIAN_POINT('',(111.2115,98.87,0.34));
#6788 = LINE('',#6789,#6790);
#6789 = CARTESIAN_POINT('',(111.37182642934,98.87,0.34));
#6790 = VECTOR('',#6791,1.);
#6791 = DIRECTION('',(-1.,-1.144237745222E-17,-0.));
#6792 = ORIENTED_EDGE('',*,*,#6793,.T.);
#6793 = EDGE_CURVE('',#6786,#6794,#6796,.T.);
#6794 = VERTEX_POINT('',#6795);
#6795 = CARTESIAN_POINT('',(111.2115,98.87,0.49));
#6796 = LINE('',#6797,#6798);
#6797 = CARTESIAN_POINT('',(111.2115,98.87,0.34));
#6798 = VECTOR('',#6799,1.);
#6799 = DIRECTION('',(0.,0.,1.));
#6800 = ORIENTED_EDGE('',*,*,#6801,.T.);
#6801 = EDGE_CURVE('',#6794,#6802,#6804,.T.);
#6802 = VERTEX_POINT('',#6803);
#6803 = CARTESIAN_POINT('',(111.37182642934,98.87,0.49));
#6804 = LINE('',#6805,#6806);
#6805 = CARTESIAN_POINT('',(111.2115,98.87,0.49));
#6806 = VECTOR('',#6807,1.);
#6807 = DIRECTION('',(1.,1.144237745222E-17,0.));
#6808 = ORIENTED_EDGE('',*,*,#6809,.T.);
#6809 = EDGE_CURVE('',#6802,#6810,#6812,.T.);
#6810 = VERTEX_POINT('',#6811);
#6811 = CARTESIAN_POINT('',(111.47030720464,98.87,0.572635182233));
#6812 = CIRCLE('',#6813,0.1);
#6813 = AXIS2_PLACEMENT_3D('',#6814,#6815,#6816);
#6814 = CARTESIAN_POINT('',(111.37182642934,98.87,0.59));
#6815 = DIRECTION('',(1.144237745222E-17,-1.,-1.094764425254E-47));
#6816 = DIRECTION('',(2.22044604925E-15,2.540718180781E-32,-1.));
#6817 = ORIENTED_EDGE('',*,*,#6818,.T.);
#6818 = EDGE_CURVE('',#6810,#6819,#6821,.T.);
#6819 = VERTEX_POINT('',#6820);
#6820 = CARTESIAN_POINT('',(111.51529806174,98.87,0.858412044417));
#6821 = LINE('',#6822,#6823);
#6822 = CARTESIAN_POINT('',(111.47030720464,98.87,0.572635182233));
#6823 = VECTOR('',#6824,1.);
#6824 = DIRECTION('',(0.155518033909,1.779496044609E-18,0.987833053268)
  );
#6825 = ORIENTED_EDGE('',*,*,#6826,.T.);
#6826 = EDGE_CURVE('',#6819,#5626,#6827,.T.);
#6827 = CIRCLE('',#6828,0.25);
#6828 = AXIS2_PLACEMENT_3D('',#6829,#6830,#6831);
#6829 = CARTESIAN_POINT('',(111.7615,98.87,0.815));
#6830 = DIRECTION('',(-1.144237745222E-17,1.,-1.54074395551E-33));
#6831 = DIRECTION('',(-0.984807753012,-1.126854202784E-17,0.173648177667
    ));
#6832 = ORIENTED_EDGE('',*,*,#5633,.T.);
#6833 = PLANE('',#6834);
#6834 = AXIS2_PLACEMENT_3D('',#6835,#6836,#6837);
#6835 = CARTESIAN_POINT('',(111.54628122642,98.87,0.687850445948));
#6836 = DIRECTION('',(1.144237745222E-17,-1.,0.));
#6837 = DIRECTION('',(0.,0.,-1.));
#6838 = ADVANCED_FACE('',(#6839),#6918,.F.);
#6839 = FACE_BOUND('',#6840,.T.);
#6840 = EDGE_LOOP('',(#6841,#6842,#6843,#6852,#6860,#6869,#6877,#6885,
    #6893,#6902,#6910,#6917));
#6841 = ORIENTED_EDGE('',*,*,#5292,.F.);
#6842 = ORIENTED_EDGE('',*,*,#5307,.T.);
#6843 = ORIENTED_EDGE('',*,*,#6844,.T.);
#6844 = EDGE_CURVE('',#5308,#6845,#6847,.T.);
#6845 = VERTEX_POINT('',#6846);
#6846 = CARTESIAN_POINT('',(113.5599807753,98.87,0.832364817767));
#6847 = CIRCLE('',#6848,0.1);
#6848 = AXIS2_PLACEMENT_3D('',#6849,#6850,#6851);
#6849 = CARTESIAN_POINT('',(113.4615,98.87,0.815));
#6850 = DIRECTION('',(1.110223024625E-16,1.,0.));
#6851 = DIRECTION('',(-1.110223024625E-15,1.232595164407E-31,1.));
#6852 = ORIENTED_EDGE('',*,*,#6853,.T.);
#6853 = EDGE_CURVE('',#6845,#6854,#6856,.T.);
#6854 = VERTEX_POINT('',#6855);
#6855 = CARTESIAN_POINT('',(113.6049716324,98.87,0.546587955583));
#6856 = LINE('',#6857,#6858);
#6857 = CARTESIAN_POINT('',(113.5599807753,98.87,0.832364817767));
#6858 = VECTOR('',#6859,1.);
#6859 = DIRECTION('',(0.155518033909,-1.726597019897E-17,-0.987833053268
    ));
#6860 = ORIENTED_EDGE('',*,*,#6861,.T.);
#6861 = EDGE_CURVE('',#6854,#6862,#6864,.T.);
#6862 = VERTEX_POINT('',#6863);
#6863 = CARTESIAN_POINT('',(113.85117357065,98.87,0.34));
#6864 = CIRCLE('',#6865,0.25);
#6865 = AXIS2_PLACEMENT_3D('',#6866,#6867,#6868);
#6866 = CARTESIAN_POINT('',(113.85117357065,98.87,0.59));
#6867 = DIRECTION('',(-1.110223024625E-16,-1.,0.));
#6868 = DIRECTION('',(-0.984807753012,1.093356242223E-16,-0.173648177667
    ));
#6869 = ORIENTED_EDGE('',*,*,#6870,.T.);
#6870 = EDGE_CURVE('',#6862,#6871,#6873,.T.);
#6871 = VERTEX_POINT('',#6872);
#6872 = CARTESIAN_POINT('',(114.0115,98.87,0.34));
#6873 = LINE('',#6874,#6875);
#6874 = CARTESIAN_POINT('',(113.85117357065,98.87,0.34));
#6875 = VECTOR('',#6876,1.);
#6876 = DIRECTION('',(1.,-1.110223024625E-16,0.));
#6877 = ORIENTED_EDGE('',*,*,#6878,.T.);
#6878 = EDGE_CURVE('',#6871,#6879,#6881,.T.);
#6879 = VERTEX_POINT('',#6880);
#6880 = CARTESIAN_POINT('',(114.0115,98.87,0.49));
#6881 = LINE('',#6882,#6883);
#6882 = CARTESIAN_POINT('',(114.0115,98.87,0.34));
#6883 = VECTOR('',#6884,1.);
#6884 = DIRECTION('',(0.,0.,1.));
#6885 = ORIENTED_EDGE('',*,*,#6886,.T.);
#6886 = EDGE_CURVE('',#6879,#6887,#6889,.T.);
#6887 = VERTEX_POINT('',#6888);
#6888 = CARTESIAN_POINT('',(113.85117357065,98.87,0.49));
#6889 = LINE('',#6890,#6891);
#6890 = CARTESIAN_POINT('',(114.0115,98.87,0.49));
#6891 = VECTOR('',#6892,1.);
#6892 = DIRECTION('',(-1.,1.110223024625E-16,0.));
#6893 = ORIENTED_EDGE('',*,*,#6894,.T.);
#6894 = EDGE_CURVE('',#6887,#6895,#6897,.T.);
#6895 = VERTEX_POINT('',#6896);
#6896 = CARTESIAN_POINT('',(113.75269279535,98.87,0.572635182233));
#6897 = CIRCLE('',#6898,0.1);
#6898 = AXIS2_PLACEMENT_3D('',#6899,#6900,#6901);
#6899 = CARTESIAN_POINT('',(113.85117357065,98.87,0.59));
#6900 = DIRECTION('',(1.110223024625E-16,1.,0.));
#6901 = DIRECTION('',(-2.22044604925E-15,2.465190328815E-31,-1.));
#6902 = ORIENTED_EDGE('',*,*,#6903,.T.);
#6903 = EDGE_CURVE('',#6895,#6904,#6906,.T.);
#6904 = VERTEX_POINT('',#6905);
#6905 = CARTESIAN_POINT('',(113.70770193825,98.87,0.858412044417));
#6906 = LINE('',#6907,#6908);
#6907 = CARTESIAN_POINT('',(113.75269279535,98.87,0.572635182233));
#6908 = VECTOR('',#6909,1.);
#6909 = DIRECTION('',(-0.155518033909,1.726597019897E-17,0.987833053268)
  );
#6910 = ORIENTED_EDGE('',*,*,#6911,.T.);
#6911 = EDGE_CURVE('',#6904,#5905,#6912,.T.);
#6912 = CIRCLE('',#6913,0.25);
#6913 = AXIS2_PLACEMENT_3D('',#6914,#6915,#6916);
#6914 = CARTESIAN_POINT('',(113.4615,98.87,0.815));
#6915 = DIRECTION('',(-1.110223024625E-16,-1.,0.));
#6916 = DIRECTION('',(0.984807753012,-1.093356242223E-16,0.173648177667)
  );
#6917 = ORIENTED_EDGE('',*,*,#5904,.T.);
#6918 = PLANE('',#6919);
#6919 = AXIS2_PLACEMENT_3D('',#6920,#6921,#6922);
#6920 = CARTESIAN_POINT('',(113.67671877357,98.87,0.687850445948));
#6921 = DIRECTION('',(1.110223024625E-16,1.,0.));
#6922 = DIRECTION('',(0.,0.,-1.));
#6923 = ADVANCED_FACE('',(#6924),#6943,.F.);
#6924 = FACE_BOUND('',#6925,.T.);
#6925 = EDGE_LOOP('',(#6926,#6927,#6936,#6942));
#6926 = ORIENTED_EDGE('',*,*,#5324,.T.);
#6927 = ORIENTED_EDGE('',*,*,#6928,.T.);
#6928 = EDGE_CURVE('',#5317,#6929,#6931,.T.);
#6929 = VERTEX_POINT('',#6930);
#6930 = CARTESIAN_POINT('',(113.5599807753,99.25,0.832364817767));
#6931 = CIRCLE('',#6932,0.1);
#6932 = AXIS2_PLACEMENT_3D('',#6933,#6934,#6935);
#6933 = CARTESIAN_POINT('',(113.4615,99.25,0.815));
#6934 = DIRECTION('',(1.110223024625E-16,1.,0.));
#6935 = DIRECTION('',(-1.110223024625E-15,1.232595164407E-31,1.));
#6936 = ORIENTED_EDGE('',*,*,#6937,.F.);
#6937 = EDGE_CURVE('',#6845,#6929,#6938,.T.);
#6938 = LINE('',#6939,#6940);
#6939 = CARTESIAN_POINT('',(113.5599807753,98.87,0.832364817767));
#6940 = VECTOR('',#6941,1.);
#6941 = DIRECTION('',(1.110223024625E-16,1.,0.));
#6942 = ORIENTED_EDGE('',*,*,#6844,.F.);
#6943 = CYLINDRICAL_SURFACE('',#6944,0.1);
#6944 = AXIS2_PLACEMENT_3D('',#6945,#6946,#6947);
#6945 = CARTESIAN_POINT('',(113.4615,98.87,0.815));
#6946 = DIRECTION('',(-1.110223024625E-16,-1.,-0.));
#6947 = DIRECTION('',(-1.110223024625E-15,1.232595164407E-31,1.));
#6948 = ADVANCED_FACE('',(#6949),#7020,.T.);
#6949 = FACE_BOUND('',#6950,.F.);
#6950 = EDGE_LOOP('',(#6951,#6952,#6953,#6954,#6962,#6971,#6979,#6987,
    #6995,#7004,#7012,#7019));
#6951 = ORIENTED_EDGE('',*,*,#5338,.F.);
#6952 = ORIENTED_EDGE('',*,*,#5316,.T.);
#6953 = ORIENTED_EDGE('',*,*,#6928,.T.);
#6954 = ORIENTED_EDGE('',*,*,#6955,.T.);
#6955 = EDGE_CURVE('',#6929,#6956,#6958,.T.);
#6956 = VERTEX_POINT('',#6957);
#6957 = CARTESIAN_POINT('',(113.6049716324,99.25,0.546587955583));
#6958 = LINE('',#6959,#6960);
#6959 = CARTESIAN_POINT('',(113.5599807753,99.25,0.832364817767));
#6960 = VECTOR('',#6961,1.);
#6961 = DIRECTION('',(0.155518033909,-1.726597019897E-17,-0.987833053268
    ));
#6962 = ORIENTED_EDGE('',*,*,#6963,.T.);
#6963 = EDGE_CURVE('',#6956,#6964,#6966,.T.);
#6964 = VERTEX_POINT('',#6965);
#6965 = CARTESIAN_POINT('',(113.85117357065,99.25,0.34));
#6966 = CIRCLE('',#6967,0.25);
#6967 = AXIS2_PLACEMENT_3D('',#6968,#6969,#6970);
#6968 = CARTESIAN_POINT('',(113.85117357065,99.25,0.59));
#6969 = DIRECTION('',(-1.110223024625E-16,-1.,0.));
#6970 = DIRECTION('',(-0.984807753012,1.093356242223E-16,-0.173648177667
    ));
#6971 = ORIENTED_EDGE('',*,*,#6972,.T.);
#6972 = EDGE_CURVE('',#6964,#6973,#6975,.T.);
#6973 = VERTEX_POINT('',#6974);
#6974 = CARTESIAN_POINT('',(114.0115,99.25,0.34));
#6975 = LINE('',#6976,#6977);
#6976 = CARTESIAN_POINT('',(113.85117357065,99.25,0.34));
#6977 = VECTOR('',#6978,1.);
#6978 = DIRECTION('',(1.,-1.110223024625E-16,0.));
#6979 = ORIENTED_EDGE('',*,*,#6980,.T.);
#6980 = EDGE_CURVE('',#6973,#6981,#6983,.T.);
#6981 = VERTEX_POINT('',#6982);
#6982 = CARTESIAN_POINT('',(114.0115,99.25,0.49));
#6983 = LINE('',#6984,#6985);
#6984 = CARTESIAN_POINT('',(114.0115,99.25,0.34));
#6985 = VECTOR('',#6986,1.);
#6986 = DIRECTION('',(0.,0.,1.));
#6987 = ORIENTED_EDGE('',*,*,#6988,.T.);
#6988 = EDGE_CURVE('',#6981,#6989,#6991,.T.);
#6989 = VERTEX_POINT('',#6990);
#6990 = CARTESIAN_POINT('',(113.85117357065,99.25,0.49));
#6991 = LINE('',#6992,#6993);
#6992 = CARTESIAN_POINT('',(114.0115,99.25,0.49));
#6993 = VECTOR('',#6994,1.);
#6994 = DIRECTION('',(-1.,1.110223024625E-16,0.));
#6995 = ORIENTED_EDGE('',*,*,#6996,.T.);
#6996 = EDGE_CURVE('',#6989,#6997,#6999,.T.);
#6997 = VERTEX_POINT('',#6998);
#6998 = CARTESIAN_POINT('',(113.75269279535,99.25,0.572635182233));
#6999 = CIRCLE('',#7000,0.1);
#7000 = AXIS2_PLACEMENT_3D('',#7001,#7002,#7003);
#7001 = CARTESIAN_POINT('',(113.85117357065,99.25,0.59));
#7002 = DIRECTION('',(1.110223024625E-16,1.,0.));
#7003 = DIRECTION('',(-2.22044604925E-15,2.465190328815E-31,-1.));
#7004 = ORIENTED_EDGE('',*,*,#7005,.T.);
#7005 = EDGE_CURVE('',#6997,#7006,#7008,.T.);
#7006 = VERTEX_POINT('',#7007);
#7007 = CARTESIAN_POINT('',(113.70770193825,99.25,0.858412044417));
#7008 = LINE('',#7009,#7010);
#7009 = CARTESIAN_POINT('',(113.75269279535,99.25,0.572635182233));
#7010 = VECTOR('',#7011,1.);
#7011 = DIRECTION('',(-0.155518033909,1.726597019897E-17,0.987833053268)
  );
#7012 = ORIENTED_EDGE('',*,*,#7013,.T.);
#7013 = EDGE_CURVE('',#7006,#5913,#7014,.T.);
#7014 = CIRCLE('',#7015,0.25);
#7015 = AXIS2_PLACEMENT_3D('',#7016,#7017,#7018);
#7016 = CARTESIAN_POINT('',(113.4615,99.25,0.815));
#7017 = DIRECTION('',(-1.110223024625E-16,-1.,0.));
#7018 = DIRECTION('',(0.984807753012,-1.093356242223E-16,0.173648177667)
  );
#7019 = ORIENTED_EDGE('',*,*,#5920,.T.);
#7020 = PLANE('',#7021);
#7021 = AXIS2_PLACEMENT_3D('',#7022,#7023,#7024);
#7022 = CARTESIAN_POINT('',(113.67671877357,99.25,0.687850445948));
#7023 = DIRECTION('',(1.110223024625E-16,1.,0.));
#7024 = DIRECTION('',(0.,0.,-1.));
#7025 = ADVANCED_FACE('',(#7026),#7037,.F.);
#7026 = FACE_BOUND('',#7027,.T.);
#7027 = EDGE_LOOP('',(#7028,#7029,#7030,#7036));
#7028 = ORIENTED_EDGE('',*,*,#5926,.F.);
#7029 = ORIENTED_EDGE('',*,*,#5355,.T.);
#7030 = ORIENTED_EDGE('',*,*,#7031,.T.);
#7031 = EDGE_CURVE('',#5348,#5827,#7032,.T.);
#7032 = LINE('',#7033,#7034);
#7033 = CARTESIAN_POINT('',(113.4615,99.52,1.065));
#7034 = VECTOR('',#7035,1.);
#7035 = DIRECTION('',(-1.,1.110223024625E-16,0.));
#7036 = ORIENTED_EDGE('',*,*,#5826,.F.);
#7037 = PLANE('',#7038);
#7038 = AXIS2_PLACEMENT_3D('',#7039,#7040,#7041);
#7039 = CARTESIAN_POINT('',(112.6115,98.5975,1.065));
#7040 = DIRECTION('',(4.422964059899E-31,3.624848457049E-27,-1.));
#7041 = DIRECTION('',(-1.,1.51922136901E-16,-4.422964059893E-31));
#7042 = ADVANCED_FACE('',(#7043),#7129,.F.);
#7043 = FACE_BOUND('',#7044,.T.);
#7044 = EDGE_LOOP('',(#7045,#7046,#7047,#7056,#7064,#7073,#7081,#7089,
    #7097,#7106,#7114,#7123));
#7045 = ORIENTED_EDGE('',*,*,#5347,.F.);
#7046 = ORIENTED_EDGE('',*,*,#5369,.T.);
#7047 = ORIENTED_EDGE('',*,*,#7048,.T.);
#7048 = EDGE_CURVE('',#5370,#7049,#7051,.T.);
#7049 = VERTEX_POINT('',#7050);
#7050 = CARTESIAN_POINT('',(113.5599807753,99.52,0.832364817767));
#7051 = CIRCLE('',#7052,0.1);
#7052 = AXIS2_PLACEMENT_3D('',#7053,#7054,#7055);
#7053 = CARTESIAN_POINT('',(113.4615,99.52,0.815));
#7054 = DIRECTION('',(1.110223024625E-16,1.,0.));
#7055 = DIRECTION('',(-1.110223024625E-15,1.232595164407E-31,1.));
#7056 = ORIENTED_EDGE('',*,*,#7057,.T.);
#7057 = EDGE_CURVE('',#7049,#7058,#7060,.T.);
#7058 = VERTEX_POINT('',#7059);
#7059 = CARTESIAN_POINT('',(113.6049716324,99.52,0.546587955583));
#7060 = LINE('',#7061,#7062);
#7061 = CARTESIAN_POINT('',(113.5599807753,99.52,0.832364817767));
#7062 = VECTOR('',#7063,1.);
#7063 = DIRECTION('',(0.155518033909,-1.726597019897E-17,-0.987833053268
    ));
#7064 = ORIENTED_EDGE('',*,*,#7065,.T.);
#7065 = EDGE_CURVE('',#7058,#7066,#7068,.T.);
#7066 = VERTEX_POINT('',#7067);
#7067 = CARTESIAN_POINT('',(113.85117357065,99.52,0.34));
#7068 = CIRCLE('',#7069,0.25);
#7069 = AXIS2_PLACEMENT_3D('',#7070,#7071,#7072);
#7070 = CARTESIAN_POINT('',(113.85117357065,99.52,0.59));
#7071 = DIRECTION('',(-1.110223024625E-16,-1.,0.));
#7072 = DIRECTION('',(-0.984807753012,1.093356242223E-16,-0.173648177667
    ));
#7073 = ORIENTED_EDGE('',*,*,#7074,.T.);
#7074 = EDGE_CURVE('',#7066,#7075,#7077,.T.);
#7075 = VERTEX_POINT('',#7076);
#7076 = CARTESIAN_POINT('',(114.0115,99.52,0.34));
#7077 = LINE('',#7078,#7079);
#7078 = CARTESIAN_POINT('',(113.85117357065,99.52,0.34));
#7079 = VECTOR('',#7080,1.);
#7080 = DIRECTION('',(1.,-1.110223024625E-16,0.));
#7081 = ORIENTED_EDGE('',*,*,#7082,.T.);
#7082 = EDGE_CURVE('',#7075,#7083,#7085,.T.);
#7083 = VERTEX_POINT('',#7084);
#7084 = CARTESIAN_POINT('',(114.0115,99.52,0.49));
#7085 = LINE('',#7086,#7087);
#7086 = CARTESIAN_POINT('',(114.0115,99.52,0.34));
#7087 = VECTOR('',#7088,1.);
#7088 = DIRECTION('',(0.,0.,1.));
#7089 = ORIENTED_EDGE('',*,*,#7090,.T.);
#7090 = EDGE_CURVE('',#7083,#7091,#7093,.T.);
#7091 = VERTEX_POINT('',#7092);
#7092 = CARTESIAN_POINT('',(113.85117357065,99.52,0.49));
#7093 = LINE('',#7094,#7095);
#7094 = CARTESIAN_POINT('',(114.0115,99.52,0.49));
#7095 = VECTOR('',#7096,1.);
#7096 = DIRECTION('',(-1.,1.110223024625E-16,0.));
#7097 = ORIENTED_EDGE('',*,*,#7098,.T.);
#7098 = EDGE_CURVE('',#7091,#7099,#7101,.T.);
#7099 = VERTEX_POINT('',#7100);
#7100 = CARTESIAN_POINT('',(113.75269279535,99.52,0.572635182233));
#7101 = CIRCLE('',#7102,0.1);
#7102 = AXIS2_PLACEMENT_3D('',#7103,#7104,#7105);
#7103 = CARTESIAN_POINT('',(113.85117357065,99.52,0.59));
#7104 = DIRECTION('',(1.110223024625E-16,1.,0.));
#7105 = DIRECTION('',(-2.22044604925E-15,2.465190328815E-31,-1.));
#7106 = ORIENTED_EDGE('',*,*,#7107,.T.);
#7107 = EDGE_CURVE('',#7099,#7108,#7110,.T.);
#7108 = VERTEX_POINT('',#7109);
#7109 = CARTESIAN_POINT('',(113.70770193825,99.52,0.858412044417));
#7110 = LINE('',#7111,#7112);
#7111 = CARTESIAN_POINT('',(113.75269279535,99.52,0.572635182233));
#7112 = VECTOR('',#7113,1.);
#7113 = DIRECTION('',(-0.155518033909,1.726597019897E-17,0.987833053268)
  );
#7114 = ORIENTED_EDGE('',*,*,#7115,.T.);
#7115 = EDGE_CURVE('',#7108,#7116,#7118,.T.);
#7116 = VERTEX_POINT('',#7117);
#7117 = CARTESIAN_POINT('',(113.4615,99.52,1.065));
#7118 = CIRCLE('',#7119,0.25);
#7119 = AXIS2_PLACEMENT_3D('',#7120,#7121,#7122);
#7120 = CARTESIAN_POINT('',(113.4615,99.52,0.815));
#7121 = DIRECTION('',(-1.110223024625E-16,-1.,0.));
#7122 = DIRECTION('',(0.984807753012,-1.093356242223E-16,0.173648177667)
  );
#7123 = ORIENTED_EDGE('',*,*,#7124,.T.);
#7124 = EDGE_CURVE('',#7116,#5348,#7125,.T.);
#7125 = LINE('',#7126,#7127);
#7126 = CARTESIAN_POINT('',(113.4615,99.52,1.065));
#7127 = VECTOR('',#7128,1.);
#7128 = DIRECTION('',(-1.,1.110223024625E-16,0.));
#7129 = PLANE('',#7130);
#7130 = AXIS2_PLACEMENT_3D('',#7131,#7132,#7133);
#7131 = CARTESIAN_POINT('',(113.67671877357,99.52,0.687850445948));
#7132 = DIRECTION('',(1.110223024625E-16,1.,0.));
#7133 = DIRECTION('',(0.,0.,-1.));
#7134 = ADVANCED_FACE('',(#7135),#7154,.F.);
#7135 = FACE_BOUND('',#7136,.T.);
#7136 = EDGE_LOOP('',(#7137,#7138,#7147,#7153));
#7137 = ORIENTED_EDGE('',*,*,#5386,.T.);
#7138 = ORIENTED_EDGE('',*,*,#7139,.T.);
#7139 = EDGE_CURVE('',#5379,#7140,#7142,.T.);
#7140 = VERTEX_POINT('',#7141);
#7141 = CARTESIAN_POINT('',(113.5599807753,99.9,0.832364817767));
#7142 = CIRCLE('',#7143,0.1);
#7143 = AXIS2_PLACEMENT_3D('',#7144,#7145,#7146);
#7144 = CARTESIAN_POINT('',(113.4615,99.9,0.815));
#7145 = DIRECTION('',(1.110223024625E-16,1.,0.));
#7146 = DIRECTION('',(-1.110223024625E-15,1.232595164407E-31,1.));
#7147 = ORIENTED_EDGE('',*,*,#7148,.F.);
#7148 = EDGE_CURVE('',#7049,#7140,#7149,.T.);
#7149 = LINE('',#7150,#7151);
#7150 = CARTESIAN_POINT('',(113.5599807753,99.52,0.832364817767));
#7151 = VECTOR('',#7152,1.);
#7152 = DIRECTION('',(1.110223024625E-16,1.,0.));
#7153 = ORIENTED_EDGE('',*,*,#7048,.F.);
#7154 = CYLINDRICAL_SURFACE('',#7155,0.1);
#7155 = AXIS2_PLACEMENT_3D('',#7156,#7157,#7158);
#7156 = CARTESIAN_POINT('',(113.4615,99.52,0.815));
#7157 = DIRECTION('',(-1.110223024625E-16,-1.,-0.));
#7158 = DIRECTION('',(-1.110223024625E-15,1.232595164407E-31,1.));
#7159 = ADVANCED_FACE('',(#7160),#7238,.T.);
#7160 = FACE_BOUND('',#7161,.F.);
#7161 = EDGE_LOOP('',(#7162,#7163,#7164,#7165,#7173,#7182,#7190,#7198,
    #7206,#7215,#7223,#7232));
#7162 = ORIENTED_EDGE('',*,*,#5400,.F.);
#7163 = ORIENTED_EDGE('',*,*,#5378,.T.);
#7164 = ORIENTED_EDGE('',*,*,#7139,.T.);
#7165 = ORIENTED_EDGE('',*,*,#7166,.T.);
#7166 = EDGE_CURVE('',#7140,#7167,#7169,.T.);
#7167 = VERTEX_POINT('',#7168);
#7168 = CARTESIAN_POINT('',(113.6049716324,99.9,0.546587955583));
#7169 = LINE('',#7170,#7171);
#7170 = CARTESIAN_POINT('',(113.5599807753,99.9,0.832364817767));
#7171 = VECTOR('',#7172,1.);
#7172 = DIRECTION('',(0.155518033909,-1.726597019897E-17,-0.987833053268
    ));
#7173 = ORIENTED_EDGE('',*,*,#7174,.T.);
#7174 = EDGE_CURVE('',#7167,#7175,#7177,.T.);
#7175 = VERTEX_POINT('',#7176);
#7176 = CARTESIAN_POINT('',(113.85117357065,99.9,0.34));
#7177 = CIRCLE('',#7178,0.25);
#7178 = AXIS2_PLACEMENT_3D('',#7179,#7180,#7181);
#7179 = CARTESIAN_POINT('',(113.85117357065,99.9,0.59));
#7180 = DIRECTION('',(-1.110223024625E-16,-1.,0.));
#7181 = DIRECTION('',(-0.984807753012,1.093356242223E-16,-0.173648177667
    ));
#7182 = ORIENTED_EDGE('',*,*,#7183,.T.);
#7183 = EDGE_CURVE('',#7175,#7184,#7186,.T.);
#7184 = VERTEX_POINT('',#7185);
#7185 = CARTESIAN_POINT('',(114.0115,99.9,0.34));
#7186 = LINE('',#7187,#7188);
#7187 = CARTESIAN_POINT('',(113.85117357065,99.9,0.34));
#7188 = VECTOR('',#7189,1.);
#7189 = DIRECTION('',(1.,-1.110223024625E-16,0.));
#7190 = ORIENTED_EDGE('',*,*,#7191,.T.);
#7191 = EDGE_CURVE('',#7184,#7192,#7194,.T.);
#7192 = VERTEX_POINT('',#7193);
#7193 = CARTESIAN_POINT('',(114.0115,99.9,0.49));
#7194 = LINE('',#7195,#7196);
#7195 = CARTESIAN_POINT('',(114.0115,99.9,0.34));
#7196 = VECTOR('',#7197,1.);
#7197 = DIRECTION('',(0.,0.,1.));
#7198 = ORIENTED_EDGE('',*,*,#7199,.T.);
#7199 = EDGE_CURVE('',#7192,#7200,#7202,.T.);
#7200 = VERTEX_POINT('',#7201);
#7201 = CARTESIAN_POINT('',(113.85117357065,99.9,0.49));
#7202 = LINE('',#7203,#7204);
#7203 = CARTESIAN_POINT('',(114.0115,99.9,0.49));
#7204 = VECTOR('',#7205,1.);
#7205 = DIRECTION('',(-1.,1.110223024625E-16,0.));
#7206 = ORIENTED_EDGE('',*,*,#7207,.T.);
#7207 = EDGE_CURVE('',#7200,#7208,#7210,.T.);
#7208 = VERTEX_POINT('',#7209);
#7209 = CARTESIAN_POINT('',(113.75269279535,99.9,0.572635182233));
#7210 = CIRCLE('',#7211,0.1);
#7211 = AXIS2_PLACEMENT_3D('',#7212,#7213,#7214);
#7212 = CARTESIAN_POINT('',(113.85117357065,99.9,0.59));
#7213 = DIRECTION('',(1.110223024625E-16,1.,0.));
#7214 = DIRECTION('',(-2.22044604925E-15,2.465190328815E-31,-1.));
#7215 = ORIENTED_EDGE('',*,*,#7216,.T.);
#7216 = EDGE_CURVE('',#7208,#7217,#7219,.T.);
#7217 = VERTEX_POINT('',#7218);
#7218 = CARTESIAN_POINT('',(113.70770193825,99.9,0.858412044417));
#7219 = LINE('',#7220,#7221);
#7220 = CARTESIAN_POINT('',(113.75269279535,99.9,0.572635182233));
#7221 = VECTOR('',#7222,1.);
#7222 = DIRECTION('',(-0.155518033909,1.726597019897E-17,0.987833053268)
  );
#7223 = ORIENTED_EDGE('',*,*,#7224,.T.);
#7224 = EDGE_CURVE('',#7217,#7225,#7227,.T.);
#7225 = VERTEX_POINT('',#7226);
#7226 = CARTESIAN_POINT('',(113.4615,99.9,1.065));
#7227 = CIRCLE('',#7228,0.25);
#7228 = AXIS2_PLACEMENT_3D('',#7229,#7230,#7231);
#7229 = CARTESIAN_POINT('',(113.4615,99.9,0.815));
#7230 = DIRECTION('',(-1.110223024625E-16,-1.,0.));
#7231 = DIRECTION('',(0.984807753012,-1.093356242223E-16,0.173648177667)
  );
#7232 = ORIENTED_EDGE('',*,*,#7233,.T.);
#7233 = EDGE_CURVE('',#7225,#5401,#7234,.T.);
#7234 = LINE('',#7235,#7236);
#7235 = CARTESIAN_POINT('',(113.4615,99.9,1.065));
#7236 = VECTOR('',#7237,1.);
#7237 = DIRECTION('',(-1.,1.110223024625E-16,0.));
#7238 = PLANE('',#7239);
#7239 = AXIS2_PLACEMENT_3D('',#7240,#7241,#7242);
#7240 = CARTESIAN_POINT('',(113.67671877357,99.9,0.687850445948));
#7241 = DIRECTION('',(1.110223024625E-16,1.,0.));
#7242 = DIRECTION('',(0.,0.,-1.));
#7243 = ADVANCED_FACE('',(#7244),#7260,.F.);
#7244 = FACE_BOUND('',#7245,.T.);
#7245 = EDGE_LOOP('',(#7246,#7252,#7253,#7259));
#7246 = ORIENTED_EDGE('',*,*,#7247,.F.);
#7247 = EDGE_CURVE('',#5401,#5835,#7248,.T.);
#7248 = LINE('',#7249,#7250);
#7249 = CARTESIAN_POINT('',(113.4615,99.9,1.065));
#7250 = VECTOR('',#7251,1.);
#7251 = DIRECTION('',(-1.,1.110223024625E-16,0.));
#7252 = ORIENTED_EDGE('',*,*,#5417,.T.);
#7253 = ORIENTED_EDGE('',*,*,#7254,.T.);
#7254 = EDGE_CURVE('',#5410,#5843,#7255,.T.);
#7255 = LINE('',#7256,#7257);
#7256 = CARTESIAN_POINT('',(113.4615,100.17,1.065));
#7257 = VECTOR('',#7258,1.);
#7258 = DIRECTION('',(-1.,1.110223024625E-16,0.));
#7259 = ORIENTED_EDGE('',*,*,#5842,.F.);
#7260 = PLANE('',#7261);
#7261 = AXIS2_PLACEMENT_3D('',#7262,#7263,#7264);
#7262 = CARTESIAN_POINT('',(112.6115,98.5975,1.065));
#7263 = DIRECTION('',(4.422964059899E-31,3.624848457049E-27,-1.));
#7264 = DIRECTION('',(-1.,1.51922136901E-16,-4.422964059893E-31));
#7265 = ADVANCED_FACE('',(#7266),#7352,.F.);
#7266 = FACE_BOUND('',#7267,.T.);
#7267 = EDGE_LOOP('',(#7268,#7269,#7270,#7279,#7287,#7296,#7304,#7312,
    #7320,#7329,#7337,#7346));
#7268 = ORIENTED_EDGE('',*,*,#5409,.F.);
#7269 = ORIENTED_EDGE('',*,*,#5431,.T.);
#7270 = ORIENTED_EDGE('',*,*,#7271,.T.);
#7271 = EDGE_CURVE('',#5432,#7272,#7274,.T.);
#7272 = VERTEX_POINT('',#7273);
#7273 = CARTESIAN_POINT('',(113.5599807753,100.17,0.832364817767));
#7274 = CIRCLE('',#7275,0.1);
#7275 = AXIS2_PLACEMENT_3D('',#7276,#7277,#7278);
#7276 = CARTESIAN_POINT('',(113.4615,100.17,0.815));
#7277 = DIRECTION('',(1.110223024625E-16,1.,0.));
#7278 = DIRECTION('',(-1.110223024625E-15,1.232595164407E-31,1.));
#7279 = ORIENTED_EDGE('',*,*,#7280,.T.);
#7280 = EDGE_CURVE('',#7272,#7281,#7283,.T.);
#7281 = VERTEX_POINT('',#7282);
#7282 = CARTESIAN_POINT('',(113.6049716324,100.17,0.546587955583));
#7283 = LINE('',#7284,#7285);
#7284 = CARTESIAN_POINT('',(113.5599807753,100.17,0.832364817767));
#7285 = VECTOR('',#7286,1.);
#7286 = DIRECTION('',(0.155518033909,-1.726597019897E-17,-0.987833053268
    ));
#7287 = ORIENTED_EDGE('',*,*,#7288,.T.);
#7288 = EDGE_CURVE('',#7281,#7289,#7291,.T.);
#7289 = VERTEX_POINT('',#7290);
#7290 = CARTESIAN_POINT('',(113.85117357065,100.17,0.34));
#7291 = CIRCLE('',#7292,0.25);
#7292 = AXIS2_PLACEMENT_3D('',#7293,#7294,#7295);
#7293 = CARTESIAN_POINT('',(113.85117357065,100.17,0.59));
#7294 = DIRECTION('',(-1.110223024625E-16,-1.,0.));
#7295 = DIRECTION('',(-0.984807753012,1.093356242223E-16,-0.173648177667
    ));
#7296 = ORIENTED_EDGE('',*,*,#7297,.T.);
#7297 = EDGE_CURVE('',#7289,#7298,#7300,.T.);
#7298 = VERTEX_POINT('',#7299);
#7299 = CARTESIAN_POINT('',(114.0115,100.17,0.34));
#7300 = LINE('',#7301,#7302);
#7301 = CARTESIAN_POINT('',(113.85117357065,100.17,0.34));
#7302 = VECTOR('',#7303,1.);
#7303 = DIRECTION('',(1.,-1.110223024625E-16,0.));
#7304 = ORIENTED_EDGE('',*,*,#7305,.T.);
#7305 = EDGE_CURVE('',#7298,#7306,#7308,.T.);
#7306 = VERTEX_POINT('',#7307);
#7307 = CARTESIAN_POINT('',(114.0115,100.17,0.49));
#7308 = LINE('',#7309,#7310);
#7309 = CARTESIAN_POINT('',(114.0115,100.17,0.34));
#7310 = VECTOR('',#7311,1.);
#7311 = DIRECTION('',(0.,0.,1.));
#7312 = ORIENTED_EDGE('',*,*,#7313,.T.);
#7313 = EDGE_CURVE('',#7306,#7314,#7316,.T.);
#7314 = VERTEX_POINT('',#7315);
#7315 = CARTESIAN_POINT('',(113.85117357065,100.17,0.49));
#7316 = LINE('',#7317,#7318);
#7317 = CARTESIAN_POINT('',(114.0115,100.17,0.49));
#7318 = VECTOR('',#7319,1.);
#7319 = DIRECTION('',(-1.,1.110223024625E-16,0.));
#7320 = ORIENTED_EDGE('',*,*,#7321,.T.);
#7321 = EDGE_CURVE('',#7314,#7322,#7324,.T.);
#7322 = VERTEX_POINT('',#7323);
#7323 = CARTESIAN_POINT('',(113.75269279535,100.17,0.572635182233));
#7324 = CIRCLE('',#7325,0.1);
#7325 = AXIS2_PLACEMENT_3D('',#7326,#7327,#7328);
#7326 = CARTESIAN_POINT('',(113.85117357065,100.17,0.59));
#7327 = DIRECTION('',(1.110223024625E-16,1.,0.));
#7328 = DIRECTION('',(-2.22044604925E-15,2.465190328815E-31,-1.));
#7329 = ORIENTED_EDGE('',*,*,#7330,.T.);
#7330 = EDGE_CURVE('',#7322,#7331,#7333,.T.);
#7331 = VERTEX_POINT('',#7332);
#7332 = CARTESIAN_POINT('',(113.70770193825,100.17,0.858412044417));
#7333 = LINE('',#7334,#7335);
#7334 = CARTESIAN_POINT('',(113.75269279535,100.17,0.572635182233));
#7335 = VECTOR('',#7336,1.);
#7336 = DIRECTION('',(-0.155518033909,1.726597019897E-17,0.987833053268)
  );
#7337 = ORIENTED_EDGE('',*,*,#7338,.T.);
#7338 = EDGE_CURVE('',#7331,#7339,#7341,.T.);
#7339 = VERTEX_POINT('',#7340);
#7340 = CARTESIAN_POINT('',(113.4615,100.17,1.065));
#7341 = CIRCLE('',#7342,0.25);
#7342 = AXIS2_PLACEMENT_3D('',#7343,#7344,#7345);
#7343 = CARTESIAN_POINT('',(113.4615,100.17,0.815));
#7344 = DIRECTION('',(-1.110223024625E-16,-1.,0.));
#7345 = DIRECTION('',(0.984807753012,-1.093356242223E-16,0.173648177667)
  );
#7346 = ORIENTED_EDGE('',*,*,#7347,.T.);
#7347 = EDGE_CURVE('',#7339,#5410,#7348,.T.);
#7348 = LINE('',#7349,#7350);
#7349 = CARTESIAN_POINT('',(113.4615,100.17,1.065));
#7350 = VECTOR('',#7351,1.);
#7351 = DIRECTION('',(-1.,1.110223024625E-16,0.));
#7352 = PLANE('',#7353);
#7353 = AXIS2_PLACEMENT_3D('',#7354,#7355,#7356);
#7354 = CARTESIAN_POINT('',(113.67671877357,100.17,0.687850445948));
#7355 = DIRECTION('',(1.110223024625E-16,1.,0.));
#7356 = DIRECTION('',(0.,0.,-1.));
#7357 = ADVANCED_FACE('',(#7358),#7377,.F.);
#7358 = FACE_BOUND('',#7359,.T.);
#7359 = EDGE_LOOP('',(#7360,#7361,#7370,#7376));
#7360 = ORIENTED_EDGE('',*,*,#5448,.T.);
#7361 = ORIENTED_EDGE('',*,*,#7362,.T.);
#7362 = EDGE_CURVE('',#5441,#7363,#7365,.T.);
#7363 = VERTEX_POINT('',#7364);
#7364 = CARTESIAN_POINT('',(113.5599807753,100.55,0.832364817767));
#7365 = CIRCLE('',#7366,0.1);
#7366 = AXIS2_PLACEMENT_3D('',#7367,#7368,#7369);
#7367 = CARTESIAN_POINT('',(113.4615,100.55,0.815));
#7368 = DIRECTION('',(1.110223024625E-16,1.,0.));
#7369 = DIRECTION('',(-1.110223024625E-15,1.232595164407E-31,1.));
#7370 = ORIENTED_EDGE('',*,*,#7371,.F.);
#7371 = EDGE_CURVE('',#7272,#7363,#7372,.T.);
#7372 = LINE('',#7373,#7374);
#7373 = CARTESIAN_POINT('',(113.5599807753,100.17,0.832364817767));
#7374 = VECTOR('',#7375,1.);
#7375 = DIRECTION('',(1.110223024625E-16,1.,0.));
#7376 = ORIENTED_EDGE('',*,*,#7271,.F.);
#7377 = CYLINDRICAL_SURFACE('',#7378,0.1);
#7378 = AXIS2_PLACEMENT_3D('',#7379,#7380,#7381);
#7379 = CARTESIAN_POINT('',(113.4615,100.17,0.815));
#7380 = DIRECTION('',(-1.110223024625E-16,-1.,-0.));
#7381 = DIRECTION('',(-1.110223024625E-15,1.232595164407E-31,1.));
#7382 = ADVANCED_FACE('',(#7383),#7461,.T.);
#7383 = FACE_BOUND('',#7384,.F.);
#7384 = EDGE_LOOP('',(#7385,#7386,#7387,#7388,#7396,#7405,#7413,#7421,
    #7429,#7438,#7446,#7455));
#7385 = ORIENTED_EDGE('',*,*,#5462,.F.);
#7386 = ORIENTED_EDGE('',*,*,#5440,.T.);
#7387 = ORIENTED_EDGE('',*,*,#7362,.T.);
#7388 = ORIENTED_EDGE('',*,*,#7389,.T.);
#7389 = EDGE_CURVE('',#7363,#7390,#7392,.T.);
#7390 = VERTEX_POINT('',#7391);
#7391 = CARTESIAN_POINT('',(113.6049716324,100.55,0.546587955583));
#7392 = LINE('',#7393,#7394);
#7393 = CARTESIAN_POINT('',(113.5599807753,100.55,0.832364817767));
#7394 = VECTOR('',#7395,1.);
#7395 = DIRECTION('',(0.155518033909,-1.726597019897E-17,-0.987833053268
    ));
#7396 = ORIENTED_EDGE('',*,*,#7397,.T.);
#7397 = EDGE_CURVE('',#7390,#7398,#7400,.T.);
#7398 = VERTEX_POINT('',#7399);
#7399 = CARTESIAN_POINT('',(113.85117357065,100.55,0.34));
#7400 = CIRCLE('',#7401,0.25);
#7401 = AXIS2_PLACEMENT_3D('',#7402,#7403,#7404);
#7402 = CARTESIAN_POINT('',(113.85117357065,100.55,0.59));
#7403 = DIRECTION('',(-1.110223024625E-16,-1.,0.));
#7404 = DIRECTION('',(-0.984807753012,1.093356242223E-16,-0.173648177667
    ));
#7405 = ORIENTED_EDGE('',*,*,#7406,.T.);
#7406 = EDGE_CURVE('',#7398,#7407,#7409,.T.);
#7407 = VERTEX_POINT('',#7408);
#7408 = CARTESIAN_POINT('',(114.0115,100.55,0.34));
#7409 = LINE('',#7410,#7411);
#7410 = CARTESIAN_POINT('',(113.85117357065,100.55,0.34));
#7411 = VECTOR('',#7412,1.);
#7412 = DIRECTION('',(1.,-1.110223024625E-16,0.));
#7413 = ORIENTED_EDGE('',*,*,#7414,.T.);
#7414 = EDGE_CURVE('',#7407,#7415,#7417,.T.);
#7415 = VERTEX_POINT('',#7416);
#7416 = CARTESIAN_POINT('',(114.0115,100.55,0.49));
#7417 = LINE('',#7418,#7419);
#7418 = CARTESIAN_POINT('',(114.0115,100.55,0.34));
#7419 = VECTOR('',#7420,1.);
#7420 = DIRECTION('',(0.,0.,1.));
#7421 = ORIENTED_EDGE('',*,*,#7422,.T.);
#7422 = EDGE_CURVE('',#7415,#7423,#7425,.T.);
#7423 = VERTEX_POINT('',#7424);
#7424 = CARTESIAN_POINT('',(113.85117357065,100.55,0.49));
#7425 = LINE('',#7426,#7427);
#7426 = CARTESIAN_POINT('',(114.0115,100.55,0.49));
#7427 = VECTOR('',#7428,1.);
#7428 = DIRECTION('',(-1.,1.110223024625E-16,0.));
#7429 = ORIENTED_EDGE('',*,*,#7430,.T.);
#7430 = EDGE_CURVE('',#7423,#7431,#7433,.T.);
#7431 = VERTEX_POINT('',#7432);
#7432 = CARTESIAN_POINT('',(113.75269279535,100.55,0.572635182233));
#7433 = CIRCLE('',#7434,0.1);
#7434 = AXIS2_PLACEMENT_3D('',#7435,#7436,#7437);
#7435 = CARTESIAN_POINT('',(113.85117357065,100.55,0.59));
#7436 = DIRECTION('',(1.110223024625E-16,1.,0.));
#7437 = DIRECTION('',(-2.22044604925E-15,2.465190328815E-31,-1.));
#7438 = ORIENTED_EDGE('',*,*,#7439,.T.);
#7439 = EDGE_CURVE('',#7431,#7440,#7442,.T.);
#7440 = VERTEX_POINT('',#7441);
#7441 = CARTESIAN_POINT('',(113.70770193825,100.55,0.858412044417));
#7442 = LINE('',#7443,#7444);
#7443 = CARTESIAN_POINT('',(113.75269279535,100.55,0.572635182233));
#7444 = VECTOR('',#7445,1.);
#7445 = DIRECTION('',(-0.155518033909,1.726597019897E-17,0.987833053268)
  );
#7446 = ORIENTED_EDGE('',*,*,#7447,.T.);
#7447 = EDGE_CURVE('',#7440,#7448,#7450,.T.);
#7448 = VERTEX_POINT('',#7449);
#7449 = CARTESIAN_POINT('',(113.4615,100.55,1.065));
#7450 = CIRCLE('',#7451,0.25);
#7451 = AXIS2_PLACEMENT_3D('',#7452,#7453,#7454);
#7452 = CARTESIAN_POINT('',(113.4615,100.55,0.815));
#7453 = DIRECTION('',(-1.110223024625E-16,-1.,0.));
#7454 = DIRECTION('',(0.984807753012,-1.093356242223E-16,0.173648177667)
  );
#7455 = ORIENTED_EDGE('',*,*,#7456,.T.);
#7456 = EDGE_CURVE('',#7448,#5463,#7457,.T.);
#7457 = LINE('',#7458,#7459);
#7458 = CARTESIAN_POINT('',(113.4615,100.55,1.065));
#7459 = VECTOR('',#7460,1.);
#7460 = DIRECTION('',(-1.,1.110223024625E-16,0.));
#7461 = PLANE('',#7462);
#7462 = AXIS2_PLACEMENT_3D('',#7463,#7464,#7465);
#7463 = CARTESIAN_POINT('',(113.67671877357,100.55,0.687850445948));
#7464 = DIRECTION('',(1.110223024625E-16,1.,0.));
#7465 = DIRECTION('',(0.,0.,-1.));
#7466 = ADVANCED_FACE('',(#7467),#7483,.F.);
#7467 = FACE_BOUND('',#7468,.T.);
#7468 = EDGE_LOOP('',(#7469,#7475,#7476,#7482));
#7469 = ORIENTED_EDGE('',*,*,#7470,.F.);
#7470 = EDGE_CURVE('',#5463,#5851,#7471,.T.);
#7471 = LINE('',#7472,#7473);
#7472 = CARTESIAN_POINT('',(113.4615,100.55,1.065));
#7473 = VECTOR('',#7474,1.);
#7474 = DIRECTION('',(-1.,1.110223024625E-16,0.));
#7475 = ORIENTED_EDGE('',*,*,#5479,.T.);
#7476 = ORIENTED_EDGE('',*,*,#7477,.T.);
#7477 = EDGE_CURVE('',#5472,#5859,#7478,.T.);
#7478 = LINE('',#7479,#7480);
#7479 = CARTESIAN_POINT('',(113.4615,100.82,1.065));
#7480 = VECTOR('',#7481,1.);
#7481 = DIRECTION('',(-1.,1.110223024625E-16,0.));
#7482 = ORIENTED_EDGE('',*,*,#5858,.F.);
#7483 = PLANE('',#7484);
#7484 = AXIS2_PLACEMENT_3D('',#7485,#7486,#7487);
#7485 = CARTESIAN_POINT('',(112.6115,98.5975,1.065));
#7486 = DIRECTION('',(4.422964059899E-31,3.624848457049E-27,-1.));
#7487 = DIRECTION('',(-1.,1.51922136901E-16,-4.422964059893E-31));
#7488 = ADVANCED_FACE('',(#7489),#7575,.F.);
#7489 = FACE_BOUND('',#7490,.T.);
#7490 = EDGE_LOOP('',(#7491,#7492,#7493,#7502,#7510,#7519,#7527,#7535,
    #7543,#7552,#7560,#7569));
#7491 = ORIENTED_EDGE('',*,*,#5471,.F.);
#7492 = ORIENTED_EDGE('',*,*,#5493,.T.);
#7493 = ORIENTED_EDGE('',*,*,#7494,.T.);
#7494 = EDGE_CURVE('',#5494,#7495,#7497,.T.);
#7495 = VERTEX_POINT('',#7496);
#7496 = CARTESIAN_POINT('',(113.5599807753,100.82,0.832364817767));
#7497 = CIRCLE('',#7498,0.1);
#7498 = AXIS2_PLACEMENT_3D('',#7499,#7500,#7501);
#7499 = CARTESIAN_POINT('',(113.4615,100.82,0.815));
#7500 = DIRECTION('',(1.110223024625E-16,1.,0.));
#7501 = DIRECTION('',(-1.110223024625E-15,1.232595164407E-31,1.));
#7502 = ORIENTED_EDGE('',*,*,#7503,.T.);
#7503 = EDGE_CURVE('',#7495,#7504,#7506,.T.);
#7504 = VERTEX_POINT('',#7505);
#7505 = CARTESIAN_POINT('',(113.6049716324,100.82,0.546587955583));
#7506 = LINE('',#7507,#7508);
#7507 = CARTESIAN_POINT('',(113.5599807753,100.82,0.832364817767));
#7508 = VECTOR('',#7509,1.);
#7509 = DIRECTION('',(0.155518033909,-1.726597019897E-17,-0.987833053268
    ));
#7510 = ORIENTED_EDGE('',*,*,#7511,.T.);
#7511 = EDGE_CURVE('',#7504,#7512,#7514,.T.);
#7512 = VERTEX_POINT('',#7513);
#7513 = CARTESIAN_POINT('',(113.85117357065,100.82,0.34));
#7514 = CIRCLE('',#7515,0.25);
#7515 = AXIS2_PLACEMENT_3D('',#7516,#7517,#7518);
#7516 = CARTESIAN_POINT('',(113.85117357065,100.82,0.59));
#7517 = DIRECTION('',(-1.110223024625E-16,-1.,0.));
#7518 = DIRECTION('',(-0.984807753012,1.093356242223E-16,-0.173648177667
    ));
#7519 = ORIENTED_EDGE('',*,*,#7520,.T.);
#7520 = EDGE_CURVE('',#7512,#7521,#7523,.T.);
#7521 = VERTEX_POINT('',#7522);
#7522 = CARTESIAN_POINT('',(114.0115,100.82,0.34));
#7523 = LINE('',#7524,#7525);
#7524 = CARTESIAN_POINT('',(113.85117357065,100.82,0.34));
#7525 = VECTOR('',#7526,1.);
#7526 = DIRECTION('',(1.,-1.110223024625E-16,0.));
#7527 = ORIENTED_EDGE('',*,*,#7528,.T.);
#7528 = EDGE_CURVE('',#7521,#7529,#7531,.T.);
#7529 = VERTEX_POINT('',#7530);
#7530 = CARTESIAN_POINT('',(114.0115,100.82,0.49));
#7531 = LINE('',#7532,#7533);
#7532 = CARTESIAN_POINT('',(114.0115,100.82,0.34));
#7533 = VECTOR('',#7534,1.);
#7534 = DIRECTION('',(0.,0.,1.));
#7535 = ORIENTED_EDGE('',*,*,#7536,.T.);
#7536 = EDGE_CURVE('',#7529,#7537,#7539,.T.);
#7537 = VERTEX_POINT('',#7538);
#7538 = CARTESIAN_POINT('',(113.85117357065,100.82,0.49));
#7539 = LINE('',#7540,#7541);
#7540 = CARTESIAN_POINT('',(114.0115,100.82,0.49));
#7541 = VECTOR('',#7542,1.);
#7542 = DIRECTION('',(-1.,1.110223024625E-16,0.));
#7543 = ORIENTED_EDGE('',*,*,#7544,.T.);
#7544 = EDGE_CURVE('',#7537,#7545,#7547,.T.);
#7545 = VERTEX_POINT('',#7546);
#7546 = CARTESIAN_POINT('',(113.75269279535,100.82,0.572635182233));
#7547 = CIRCLE('',#7548,0.1);
#7548 = AXIS2_PLACEMENT_3D('',#7549,#7550,#7551);
#7549 = CARTESIAN_POINT('',(113.85117357065,100.82,0.59));
#7550 = DIRECTION('',(1.110223024625E-16,1.,0.));
#7551 = DIRECTION('',(-2.22044604925E-15,2.465190328815E-31,-1.));
#7552 = ORIENTED_EDGE('',*,*,#7553,.T.);
#7553 = EDGE_CURVE('',#7545,#7554,#7556,.T.);
#7554 = VERTEX_POINT('',#7555);
#7555 = CARTESIAN_POINT('',(113.70770193825,100.82,0.858412044417));
#7556 = LINE('',#7557,#7558);
#7557 = CARTESIAN_POINT('',(113.75269279535,100.82,0.572635182233));
#7558 = VECTOR('',#7559,1.);
#7559 = DIRECTION('',(-0.155518033909,1.726597019897E-17,0.987833053268)
  );
#7560 = ORIENTED_EDGE('',*,*,#7561,.T.);
#7561 = EDGE_CURVE('',#7554,#7562,#7564,.T.);
#7562 = VERTEX_POINT('',#7563);
#7563 = CARTESIAN_POINT('',(113.4615,100.82,1.065));
#7564 = CIRCLE('',#7565,0.25);
#7565 = AXIS2_PLACEMENT_3D('',#7566,#7567,#7568);
#7566 = CARTESIAN_POINT('',(113.4615,100.82,0.815));
#7567 = DIRECTION('',(-1.110223024625E-16,-1.,0.));
#7568 = DIRECTION('',(0.984807753012,-1.093356242223E-16,0.173648177667)
  );
#7569 = ORIENTED_EDGE('',*,*,#7570,.T.);
#7570 = EDGE_CURVE('',#7562,#5472,#7571,.T.);
#7571 = LINE('',#7572,#7573);
#7572 = CARTESIAN_POINT('',(113.4615,100.82,1.065));
#7573 = VECTOR('',#7574,1.);
#7574 = DIRECTION('',(-1.,1.110223024625E-16,0.));
#7575 = PLANE('',#7576);
#7576 = AXIS2_PLACEMENT_3D('',#7577,#7578,#7579);
#7577 = CARTESIAN_POINT('',(113.67671877357,100.82,0.687850445948));
#7578 = DIRECTION('',(1.110223024625E-16,1.,0.));
#7579 = DIRECTION('',(0.,0.,-1.));
#7580 = ADVANCED_FACE('',(#7581),#7600,.F.);
#7581 = FACE_BOUND('',#7582,.T.);
#7582 = EDGE_LOOP('',(#7583,#7584,#7593,#7599));
#7583 = ORIENTED_EDGE('',*,*,#5510,.T.);
#7584 = ORIENTED_EDGE('',*,*,#7585,.T.);
#7585 = EDGE_CURVE('',#5503,#7586,#7588,.T.);
#7586 = VERTEX_POINT('',#7587);
#7587 = CARTESIAN_POINT('',(113.5599807753,101.2,0.832364817767));
#7588 = CIRCLE('',#7589,0.1);
#7589 = AXIS2_PLACEMENT_3D('',#7590,#7591,#7592);
#7590 = CARTESIAN_POINT('',(113.4615,101.2,0.815));
#7591 = DIRECTION('',(1.110223024625E-16,1.,0.));
#7592 = DIRECTION('',(-1.110223024625E-15,1.232595164407E-31,1.));
#7593 = ORIENTED_EDGE('',*,*,#7594,.F.);
#7594 = EDGE_CURVE('',#7495,#7586,#7595,.T.);
#7595 = LINE('',#7596,#7597);
#7596 = CARTESIAN_POINT('',(113.5599807753,100.82,0.832364817767));
#7597 = VECTOR('',#7598,1.);
#7598 = DIRECTION('',(1.110223024625E-16,1.,0.));
#7599 = ORIENTED_EDGE('',*,*,#7494,.F.);
#7600 = CYLINDRICAL_SURFACE('',#7601,0.1);
#7601 = AXIS2_PLACEMENT_3D('',#7602,#7603,#7604);
#7602 = CARTESIAN_POINT('',(113.4615,100.82,0.815));
#7603 = DIRECTION('',(-1.110223024625E-16,-1.,-0.));
#7604 = DIRECTION('',(-1.110223024625E-15,1.232595164407E-31,1.));
#7605 = ADVANCED_FACE('',(#7606),#7684,.T.);
#7606 = FACE_BOUND('',#7607,.F.);
#7607 = EDGE_LOOP('',(#7608,#7609,#7610,#7611,#7619,#7628,#7636,#7644,
    #7652,#7661,#7669,#7678));
#7608 = ORIENTED_EDGE('',*,*,#5524,.F.);
#7609 = ORIENTED_EDGE('',*,*,#5502,.T.);
#7610 = ORIENTED_EDGE('',*,*,#7585,.T.);
#7611 = ORIENTED_EDGE('',*,*,#7612,.T.);
#7612 = EDGE_CURVE('',#7586,#7613,#7615,.T.);
#7613 = VERTEX_POINT('',#7614);
#7614 = CARTESIAN_POINT('',(113.6049716324,101.2,0.546587955583));
#7615 = LINE('',#7616,#7617);
#7616 = CARTESIAN_POINT('',(113.5599807753,101.2,0.832364817767));
#7617 = VECTOR('',#7618,1.);
#7618 = DIRECTION('',(0.155518033909,-1.726597019897E-17,-0.987833053268
    ));
#7619 = ORIENTED_EDGE('',*,*,#7620,.T.);
#7620 = EDGE_CURVE('',#7613,#7621,#7623,.T.);
#7621 = VERTEX_POINT('',#7622);
#7622 = CARTESIAN_POINT('',(113.85117357065,101.2,0.34));
#7623 = CIRCLE('',#7624,0.25);
#7624 = AXIS2_PLACEMENT_3D('',#7625,#7626,#7627);
#7625 = CARTESIAN_POINT('',(113.85117357065,101.2,0.59));
#7626 = DIRECTION('',(-1.110223024625E-16,-1.,0.));
#7627 = DIRECTION('',(-0.984807753012,1.093356242223E-16,-0.173648177667
    ));
#7628 = ORIENTED_EDGE('',*,*,#7629,.T.);
#7629 = EDGE_CURVE('',#7621,#7630,#7632,.T.);
#7630 = VERTEX_POINT('',#7631);
#7631 = CARTESIAN_POINT('',(114.0115,101.2,0.34));
#7632 = LINE('',#7633,#7634);
#7633 = CARTESIAN_POINT('',(113.85117357065,101.2,0.34));
#7634 = VECTOR('',#7635,1.);
#7635 = DIRECTION('',(1.,-1.110223024625E-16,0.));
#7636 = ORIENTED_EDGE('',*,*,#7637,.T.);
#7637 = EDGE_CURVE('',#7630,#7638,#7640,.T.);
#7638 = VERTEX_POINT('',#7639);
#7639 = CARTESIAN_POINT('',(114.0115,101.2,0.49));
#7640 = LINE('',#7641,#7642);
#7641 = CARTESIAN_POINT('',(114.0115,101.2,0.34));
#7642 = VECTOR('',#7643,1.);
#7643 = DIRECTION('',(0.,0.,1.));
#7644 = ORIENTED_EDGE('',*,*,#7645,.T.);
#7645 = EDGE_CURVE('',#7638,#7646,#7648,.T.);
#7646 = VERTEX_POINT('',#7647);
#7647 = CARTESIAN_POINT('',(113.85117357065,101.2,0.49));
#7648 = LINE('',#7649,#7650);
#7649 = CARTESIAN_POINT('',(114.0115,101.2,0.49));
#7650 = VECTOR('',#7651,1.);
#7651 = DIRECTION('',(-1.,1.110223024625E-16,0.));
#7652 = ORIENTED_EDGE('',*,*,#7653,.T.);
#7653 = EDGE_CURVE('',#7646,#7654,#7656,.T.);
#7654 = VERTEX_POINT('',#7655);
#7655 = CARTESIAN_POINT('',(113.75269279535,101.2,0.572635182233));
#7656 = CIRCLE('',#7657,0.1);
#7657 = AXIS2_PLACEMENT_3D('',#7658,#7659,#7660);
#7658 = CARTESIAN_POINT('',(113.85117357065,101.2,0.59));
#7659 = DIRECTION('',(1.110223024625E-16,1.,0.));
#7660 = DIRECTION('',(-2.22044604925E-15,2.465190328815E-31,-1.));
#7661 = ORIENTED_EDGE('',*,*,#7662,.T.);
#7662 = EDGE_CURVE('',#7654,#7663,#7665,.T.);
#7663 = VERTEX_POINT('',#7664);
#7664 = CARTESIAN_POINT('',(113.70770193825,101.2,0.858412044417));
#7665 = LINE('',#7666,#7667);
#7666 = CARTESIAN_POINT('',(113.75269279535,101.2,0.572635182233));
#7667 = VECTOR('',#7668,1.);
#7668 = DIRECTION('',(-0.155518033909,1.726597019897E-17,0.987833053268)
  );
#7669 = ORIENTED_EDGE('',*,*,#7670,.T.);
#7670 = EDGE_CURVE('',#7663,#7671,#7673,.T.);
#7671 = VERTEX_POINT('',#7672);
#7672 = CARTESIAN_POINT('',(113.4615,101.2,1.065));
#7673 = CIRCLE('',#7674,0.25);
#7674 = AXIS2_PLACEMENT_3D('',#7675,#7676,#7677);
#7675 = CARTESIAN_POINT('',(113.4615,101.2,0.815));
#7676 = DIRECTION('',(-1.110223024625E-16,-1.,0.));
#7677 = DIRECTION('',(0.984807753012,-1.093356242223E-16,0.173648177667)
  );
#7678 = ORIENTED_EDGE('',*,*,#7679,.T.);
#7679 = EDGE_CURVE('',#7671,#5525,#7680,.T.);
#7680 = LINE('',#7681,#7682);
#7681 = CARTESIAN_POINT('',(113.4615,101.2,1.065));
#7682 = VECTOR('',#7683,1.);
#7683 = DIRECTION('',(-1.,1.110223024625E-16,0.));
#7684 = PLANE('',#7685);
#7685 = AXIS2_PLACEMENT_3D('',#7686,#7687,#7688);
#7686 = CARTESIAN_POINT('',(113.67671877357,101.2,0.687850445948));
#7687 = DIRECTION('',(1.110223024625E-16,1.,0.));
#7688 = DIRECTION('',(0.,0.,-1.));
#7689 = ADVANCED_FACE('',(#7690),#7701,.T.);
#7690 = FACE_BOUND('',#7691,.F.);
#7691 = EDGE_LOOP('',(#7692,#7693,#7694,#7695));
#7692 = ORIENTED_EDGE('',*,*,#6724,.T.);
#7693 = ORIENTED_EDGE('',*,*,#5625,.T.);
#7694 = ORIENTED_EDGE('',*,*,#6826,.F.);
#7695 = ORIENTED_EDGE('',*,*,#7696,.F.);
#7696 = EDGE_CURVE('',#6717,#6819,#7697,.T.);
#7697 = LINE('',#7698,#7699);
#7698 = CARTESIAN_POINT('',(111.51529806174,99.25,0.858412044417));
#7699 = VECTOR('',#7700,1.);
#7700 = DIRECTION('',(1.144237745222E-17,-1.,0.));
#7701 = CYLINDRICAL_SURFACE('',#7702,0.25);
#7702 = AXIS2_PLACEMENT_3D('',#7703,#7704,#7705);
#7703 = CARTESIAN_POINT('',(111.7615,99.25,0.815));
#7704 = DIRECTION('',(-1.144237745222E-17,1.,0.));
#7705 = DIRECTION('',(-0.984807753012,-1.126854202784E-17,0.173648177667
    ));
#7706 = ADVANCED_FACE('',(#7707),#7720,.F.);
#7707 = FACE_BOUND('',#7708,.T.);
#7708 = EDGE_LOOP('',(#7709,#7710,#7716,#7717,#7718,#7719));
#7709 = ORIENTED_EDGE('',*,*,#6069,.F.);
#7710 = ORIENTED_EDGE('',*,*,#7711,.T.);
#7711 = EDGE_CURVE('',#6061,#6170,#7712,.T.);
#7712 = LINE('',#7713,#7714);
#7713 = CARTESIAN_POINT('',(111.7615,101.2,1.065));
#7714 = VECTOR('',#7715,1.);
#7715 = DIRECTION('',(1.144237745222E-17,-1.,0.));
#7716 = ORIENTED_EDGE('',*,*,#6178,.T.);
#7717 = ORIENTED_EDGE('',*,*,#6200,.T.);
#7718 = ORIENTED_EDGE('',*,*,#5672,.F.);
#7719 = ORIENTED_EDGE('',*,*,#5943,.F.);
#7720 = PLANE('',#7721);
#7721 = AXIS2_PLACEMENT_3D('',#7722,#7723,#7724);
#7722 = CARTESIAN_POINT('',(111.7615,101.2,1.065));
#7723 = DIRECTION('',(-0.,-0.,-1.));
#7724 = DIRECTION('',(-1.,-1.144237745222E-17,0.));
#7725 = ADVANCED_FACE('',(#7726),#7739,.F.);
#7726 = FACE_BOUND('',#7727,.T.);
#7727 = EDGE_LOOP('',(#7728,#7729,#7735,#7736,#7737,#7738));
#7728 = ORIENTED_EDGE('',*,*,#6292,.F.);
#7729 = ORIENTED_EDGE('',*,*,#7730,.T.);
#7730 = EDGE_CURVE('',#6284,#6393,#7731,.T.);
#7731 = LINE('',#7732,#7733);
#7732 = CARTESIAN_POINT('',(111.7615,100.55,1.065));
#7733 = VECTOR('',#7734,1.);
#7734 = DIRECTION('',(1.144237745222E-17,-1.,0.));
#7735 = ORIENTED_EDGE('',*,*,#6401,.T.);
#7736 = ORIENTED_EDGE('',*,*,#6423,.T.);
#7737 = ORIENTED_EDGE('',*,*,#5688,.F.);
#7738 = ORIENTED_EDGE('',*,*,#6193,.F.);
#7739 = PLANE('',#7740);
#7740 = AXIS2_PLACEMENT_3D('',#7741,#7742,#7743);
#7741 = CARTESIAN_POINT('',(111.7615,100.55,1.065));
#7742 = DIRECTION('',(-0.,-0.,-1.));
#7743 = DIRECTION('',(-1.,-1.144237745222E-17,0.));
#7744 = ADVANCED_FACE('',(#7745),#7758,.F.);
#7745 = FACE_BOUND('',#7746,.T.);
#7746 = EDGE_LOOP('',(#7747,#7748,#7754,#7755,#7756,#7757));
#7747 = ORIENTED_EDGE('',*,*,#6515,.F.);
#7748 = ORIENTED_EDGE('',*,*,#7749,.T.);
#7749 = EDGE_CURVE('',#6507,#6616,#7750,.T.);
#7750 = LINE('',#7751,#7752);
#7751 = CARTESIAN_POINT('',(111.7615,99.9,1.065));
#7752 = VECTOR('',#7753,1.);
#7753 = DIRECTION('',(1.144237745222E-17,-1.,0.));
#7754 = ORIENTED_EDGE('',*,*,#6624,.T.);
#7755 = ORIENTED_EDGE('',*,*,#6641,.T.);
#7756 = ORIENTED_EDGE('',*,*,#5704,.F.);
#7757 = ORIENTED_EDGE('',*,*,#6416,.F.);
#7758 = PLANE('',#7759);
#7759 = AXIS2_PLACEMENT_3D('',#7760,#7761,#7762);
#7760 = CARTESIAN_POINT('',(111.7615,99.9,1.065));
#7761 = DIRECTION('',(-0.,-0.,-1.));
#7762 = DIRECTION('',(-1.,-1.144237745222E-17,0.));
#7763 = ADVANCED_FACE('',(#7764,#7793),#7804,.T.);
#7764 = FACE_BOUND('',#7765,.F.);
#7765 = EDGE_LOOP('',(#7766,#7767,#7768,#7769,#7777,#7785,#7791,#7792));
#7766 = ORIENTED_EDGE('',*,*,#5779,.F.);
#7767 = ORIENTED_EDGE('',*,*,#5756,.F.);
#7768 = ORIENTED_EDGE('',*,*,#5727,.F.);
#7769 = ORIENTED_EDGE('',*,*,#7770,.F.);
#7770 = EDGE_CURVE('',#7771,#5728,#7773,.T.);
#7771 = VERTEX_POINT('',#7772);
#7772 = CARTESIAN_POINT('',(111.95237844824,101.39324310351,1.54));
#7773 = LINE('',#7774,#7775);
#7774 = CARTESIAN_POINT('',(111.95237844824,101.39324310351,1.54));
#7775 = VECTOR('',#7776,1.);
#7776 = DIRECTION('',(-0.707106781187,-0.707106781187,-0.));
#7777 = ORIENTED_EDGE('',*,*,#7778,.F.);
#7778 = EDGE_CURVE('',#7779,#7771,#7781,.T.);
#7779 = VERTEX_POINT('',#7780);
#7780 = CARTESIAN_POINT('',(113.27062155175,101.39324310351,1.54));
#7781 = LINE('',#7782,#7783);
#7782 = CARTESIAN_POINT('',(113.27062155175,101.39324310351,1.54));
#7783 = VECTOR('',#7784,1.);
#7784 = DIRECTION('',(-1.,1.110223024625E-16,0.));
#7785 = ORIENTED_EDGE('',*,*,#7786,.F.);
#7786 = EDGE_CURVE('',#5883,#7779,#7787,.T.);
#7787 = LINE('',#7788,#7789);
#7788 = CARTESIAN_POINT('',(113.31974310351,101.34412155175,1.54));
#7789 = VECTOR('',#7790,1.);
#7790 = DIRECTION('',(-0.707106781187,0.707106781187,0.));
#7791 = ORIENTED_EDGE('',*,*,#5889,.F.);
#7792 = ORIENTED_EDGE('',*,*,#5802,.F.);
#7793 = FACE_BOUND('',#7794,.F.);
#7794 = EDGE_LOOP('',(#7795));
#7795 = ORIENTED_EDGE('',*,*,#7796,.T.);
#7796 = EDGE_CURVE('',#7797,#7797,#7799,.T.);
#7797 = VERTEX_POINT('',#7798);
#7798 = CARTESIAN_POINT('',(112.25325689648,99.151756896484,1.54));
#7799 = CIRCLE('',#7800,0.125);
#7800 = AXIS2_PLACEMENT_3D('',#7801,#7802,#7803);
#7801 = CARTESIAN_POINT('',(112.25325689648,99.026756896484,1.54));
#7802 = DIRECTION('',(0.,-0.,1.));
#7803 = DIRECTION('',(1.110223024625E-16,1.,0.));
#7804 = PLANE('',#7805);
#7805 = AXIS2_PLACEMENT_3D('',#7806,#7807,#7808);
#7806 = CARTESIAN_POINT('',(111.95237844824,98.676756896484,1.54));
#7807 = DIRECTION('',(0.,0.,1.));
#7808 = DIRECTION('',(-0.43658423493,-0.899663384723,0.));
#7809 = ADVANCED_FACE('',(#7810),#7820,.T.);
#7810 = FACE_BOUND('',#7811,.T.);
#7811 = EDGE_LOOP('',(#7812,#7813,#7814,#7815));
#7812 = ORIENTED_EDGE('',*,*,#5950,.T.);
#7813 = ORIENTED_EDGE('',*,*,#5735,.T.);
#7814 = ORIENTED_EDGE('',*,*,#7770,.F.);
#7815 = ORIENTED_EDGE('',*,*,#7816,.F.);
#7816 = EDGE_CURVE('',#5951,#7771,#7817,.T.);
#7817 = B_SPLINE_CURVE_WITH_KNOTS('',1,(#7818,#7819),.UNSPECIFIED.,.F.,
  .F.,(2,2),(0.,1.),.PIECEWISE_BEZIER_KNOTS.);
#7818 = CARTESIAN_POINT('',(111.919,101.46,1.065));
#7819 = CARTESIAN_POINT('',(111.95237844824,101.39324310351,1.54));
#7820 = B_SPLINE_SURFACE_WITH_KNOTS('',1,1,(
    (#7821,#7822)
    ,(#7823,#7824
    )),.UNSPECIFIED.,.F.,.F.,.F.,(2,2),(2,2),(0.,0.116672618896),(0.,1.)
  ,.PIECEWISE_BEZIER_KNOTS.);
#7821 = CARTESIAN_POINT('',(111.919,101.46,1.065));
#7822 = CARTESIAN_POINT('',(111.95237844824,101.39324310351,1.54));
#7823 = CARTESIAN_POINT('',(111.8365,101.3775,1.065));
#7824 = CARTESIAN_POINT('',(111.90325689648,101.34412155175,1.54));
#7825 = ADVANCED_FACE('',(#7826),#7839,.F.);
#7826 = FACE_BOUND('',#7827,.T.);
#7827 = EDGE_LOOP('',(#7828,#7829,#7835,#7836,#7837,#7838));
#7828 = ORIENTED_EDGE('',*,*,#7124,.F.);
#7829 = ORIENTED_EDGE('',*,*,#7830,.T.);
#7830 = EDGE_CURVE('',#7116,#7225,#7831,.T.);
#7831 = LINE('',#7832,#7833);
#7832 = CARTESIAN_POINT('',(113.4615,99.52,1.065));
#7833 = VECTOR('',#7834,1.);
#7834 = DIRECTION('',(1.110223024625E-16,1.,0.));
#7835 = ORIENTED_EDGE('',*,*,#7233,.T.);
#7836 = ORIENTED_EDGE('',*,*,#7247,.T.);
#7837 = ORIENTED_EDGE('',*,*,#5834,.F.);
#7838 = ORIENTED_EDGE('',*,*,#7031,.F.);
#7839 = PLANE('',#7840);
#7840 = AXIS2_PLACEMENT_3D('',#7841,#7842,#7843);
#7841 = CARTESIAN_POINT('',(113.4615,99.52,1.065));
#7842 = DIRECTION('',(-0.,-0.,-1.));
#7843 = DIRECTION('',(1.,-1.110223024625E-16,0.));
#7844 = ADVANCED_FACE('',(#7845),#7858,.F.);
#7845 = FACE_BOUND('',#7846,.T.);
#7846 = EDGE_LOOP('',(#7847,#7848,#7854,#7855,#7856,#7857));
#7847 = ORIENTED_EDGE('',*,*,#7347,.F.);
#7848 = ORIENTED_EDGE('',*,*,#7849,.T.);
#7849 = EDGE_CURVE('',#7339,#7448,#7850,.T.);
#7850 = LINE('',#7851,#7852);
#7851 = CARTESIAN_POINT('',(113.4615,100.17,1.065));
#7852 = VECTOR('',#7853,1.);
#7853 = DIRECTION('',(1.110223024625E-16,1.,0.));
#7854 = ORIENTED_EDGE('',*,*,#7456,.T.);
#7855 = ORIENTED_EDGE('',*,*,#7470,.T.);
#7856 = ORIENTED_EDGE('',*,*,#5850,.F.);
#7857 = ORIENTED_EDGE('',*,*,#7254,.F.);
#7858 = PLANE('',#7859);
#7859 = AXIS2_PLACEMENT_3D('',#7860,#7861,#7862);
#7860 = CARTESIAN_POINT('',(113.4615,100.17,1.065));
#7861 = DIRECTION('',(-0.,-0.,-1.));
#7862 = DIRECTION('',(1.,-1.110223024625E-16,0.));
#7863 = ADVANCED_FACE('',(#7864),#7877,.F.);
#7864 = FACE_BOUND('',#7865,.T.);
#7865 = EDGE_LOOP('',(#7866,#7867,#7873,#7874,#7875,#7876));
#7866 = ORIENTED_EDGE('',*,*,#7570,.F.);
#7867 = ORIENTED_EDGE('',*,*,#7868,.T.);
#7868 = EDGE_CURVE('',#7562,#7671,#7869,.T.);
#7869 = LINE('',#7870,#7871);
#7870 = CARTESIAN_POINT('',(113.4615,100.82,1.065));
#7871 = VECTOR('',#7872,1.);
#7872 = DIRECTION('',(1.110223024625E-16,1.,0.));
#7873 = ORIENTED_EDGE('',*,*,#7679,.T.);
#7874 = ORIENTED_EDGE('',*,*,#5973,.T.);
#7875 = ORIENTED_EDGE('',*,*,#5866,.F.);
#7876 = ORIENTED_EDGE('',*,*,#7477,.F.);
#7877 = PLANE('',#7878);
#7878 = AXIS2_PLACEMENT_3D('',#7879,#7880,#7881);
#7879 = CARTESIAN_POINT('',(113.4615,100.82,1.065));
#7880 = DIRECTION('',(-0.,-0.,-1.));
#7881 = DIRECTION('',(1.,-1.110223024625E-16,0.));
#7882 = ADVANCED_FACE('',(#7883),#7893,.T.);
#7883 = FACE_BOUND('',#7884,.T.);
#7884 = EDGE_LOOP('',(#7885,#7886,#7891,#7892));
#7885 = ORIENTED_EDGE('',*,*,#5966,.T.);
#7886 = ORIENTED_EDGE('',*,*,#7887,.T.);
#7887 = EDGE_CURVE('',#5959,#7779,#7888,.T.);
#7888 = B_SPLINE_CURVE_WITH_KNOTS('',1,(#7889,#7890),.UNSPECIFIED.,.F.,
  .F.,(2,2),(0.,1.),.PIECEWISE_BEZIER_KNOTS.);
#7889 = CARTESIAN_POINT('',(113.304,101.46,1.065));
#7890 = CARTESIAN_POINT('',(113.27062155175,101.39324310351,1.54));
#7891 = ORIENTED_EDGE('',*,*,#7786,.F.);
#7892 = ORIENTED_EDGE('',*,*,#5882,.F.);
#7893 = B_SPLINE_SURFACE_WITH_KNOTS('',1,1,(
    (#7894,#7895)
    ,(#7896,#7897
    )),.UNSPECIFIED.,.F.,.F.,.F.,(2,2),(2,2),(0.,0.116672618896),(0.,1.)
  ,.PIECEWISE_BEZIER_KNOTS.);
#7894 = CARTESIAN_POINT('',(113.3865,101.3775,1.065));
#7895 = CARTESIAN_POINT('',(113.31974310351,101.34412155175,1.54));
#7896 = CARTESIAN_POINT('',(113.304,101.46,1.065));
#7897 = CARTESIAN_POINT('',(113.27062155175,101.39324310351,1.54));
#7898 = ADVANCED_FACE('',(#7899),#7910,.T.);
#7899 = FACE_BOUND('',#7900,.F.);
#7900 = EDGE_LOOP('',(#7901,#7902,#7903,#7904));
#7901 = ORIENTED_EDGE('',*,*,#6911,.T.);
#7902 = ORIENTED_EDGE('',*,*,#5912,.T.);
#7903 = ORIENTED_EDGE('',*,*,#7013,.F.);
#7904 = ORIENTED_EDGE('',*,*,#7905,.F.);
#7905 = EDGE_CURVE('',#6904,#7006,#7906,.T.);
#7906 = LINE('',#7907,#7908);
#7907 = CARTESIAN_POINT('',(113.70770193825,98.87,0.858412044417));
#7908 = VECTOR('',#7909,1.);
#7909 = DIRECTION('',(1.110223024625E-16,1.,0.));
#7910 = CYLINDRICAL_SURFACE('',#7911,0.25);
#7911 = AXIS2_PLACEMENT_3D('',#7912,#7913,#7914);
#7912 = CARTESIAN_POINT('',(113.4615,98.87,0.815));
#7913 = DIRECTION('',(-1.110223024625E-16,-1.,-0.));
#7914 = DIRECTION('',(0.984807753012,-1.093356242223E-16,0.173648177667)
  );
#7915 = ADVANCED_FACE('',(#7916),#7922,.T.);
#7916 = FACE_BOUND('',#7917,.T.);
#7917 = EDGE_LOOP('',(#7918,#7919,#7920,#7921));
#7918 = ORIENTED_EDGE('',*,*,#5958,.T.);
#7919 = ORIENTED_EDGE('',*,*,#7816,.T.);
#7920 = ORIENTED_EDGE('',*,*,#7778,.F.);
#7921 = ORIENTED_EDGE('',*,*,#7887,.F.);
#7922 = B_SPLINE_SURFACE_WITH_KNOTS('',1,1,(
    (#7923,#7924)
    ,(#7925,#7926
    )),.UNSPECIFIED.,.F.,.F.,.F.,(2,2),(2,2),(0.,1.385),(0.,1.),
  .PIECEWISE_BEZIER_KNOTS.);
#7923 = CARTESIAN_POINT('',(113.304,101.46,1.065));
#7924 = CARTESIAN_POINT('',(113.27062155175,101.39324310351,1.54));
#7925 = CARTESIAN_POINT('',(111.919,101.46,1.065));
#7926 = CARTESIAN_POINT('',(111.95237844824,101.39324310351,1.54));
#7927 = ADVANCED_FACE('',(#7928),#7939,.T.);
#7928 = FACE_BOUND('',#7929,.F.);
#7929 = EDGE_LOOP('',(#7930,#7931,#7932,#7933));
#7930 = ORIENTED_EDGE('',*,*,#6060,.T.);
#7931 = ORIENTED_EDGE('',*,*,#7711,.T.);
#7932 = ORIENTED_EDGE('',*,*,#6169,.F.);
#7933 = ORIENTED_EDGE('',*,*,#7934,.F.);
#7934 = EDGE_CURVE('',#6053,#6162,#7935,.T.);
#7935 = LINE('',#7936,#7937);
#7936 = CARTESIAN_POINT('',(111.51529806174,101.2,0.858412044417));
#7937 = VECTOR('',#7938,1.);
#7938 = DIRECTION('',(1.144237745222E-17,-1.,0.));
#7939 = CYLINDRICAL_SURFACE('',#7940,0.25);
#7940 = AXIS2_PLACEMENT_3D('',#7941,#7942,#7943);
#7941 = CARTESIAN_POINT('',(111.7615,101.2,0.815));
#7942 = DIRECTION('',(-1.144237745222E-17,1.,0.));
#7943 = DIRECTION('',(-0.984807753012,-1.126854202784E-17,0.173648177667
    ));
#7944 = ADVANCED_FACE('',(#7945),#7956,.F.);
#7945 = FACE_BOUND('',#7946,.T.);
#7946 = EDGE_LOOP('',(#7947,#7953,#7954,#7955));
#7947 = ORIENTED_EDGE('',*,*,#7948,.T.);
#7948 = EDGE_CURVE('',#6044,#6153,#7949,.T.);
#7949 = LINE('',#7950,#7951);
#7950 = CARTESIAN_POINT('',(111.47030720464,101.2,0.572635182233));
#7951 = VECTOR('',#7952,1.);
#7952 = DIRECTION('',(1.144237745222E-17,-1.,0.));
#7953 = ORIENTED_EDGE('',*,*,#6161,.T.);
#7954 = ORIENTED_EDGE('',*,*,#7934,.F.);
#7955 = ORIENTED_EDGE('',*,*,#6052,.F.);
#7956 = PLANE('',#7957);
#7957 = AXIS2_PLACEMENT_3D('',#7958,#7959,#7960);
#7958 = CARTESIAN_POINT('',(111.47030720464,101.2,0.572635182233));
#7959 = DIRECTION('',(0.987833053268,1.130315865527E-17,-0.155518033909)
  );
#7960 = DIRECTION('',(-0.155518033909,-1.779496044609E-18,
    -0.987833053268));
#7961 = ADVANCED_FACE('',(#7962),#7973,.F.);
#7962 = FACE_BOUND('',#7963,.T.);
#7963 = EDGE_LOOP('',(#7964,#7970,#7971,#7972));
#7964 = ORIENTED_EDGE('',*,*,#7965,.T.);
#7965 = EDGE_CURVE('',#6036,#6145,#7966,.T.);
#7966 = LINE('',#7967,#7968);
#7967 = CARTESIAN_POINT('',(111.37182642934,101.2,0.49));
#7968 = VECTOR('',#7969,1.);
#7969 = DIRECTION('',(1.144237745222E-17,-1.,0.));
#7970 = ORIENTED_EDGE('',*,*,#6152,.T.);
#7971 = ORIENTED_EDGE('',*,*,#7948,.F.);
#7972 = ORIENTED_EDGE('',*,*,#6043,.F.);
#7973 = CYLINDRICAL_SURFACE('',#7974,0.1);
#7974 = AXIS2_PLACEMENT_3D('',#7975,#7976,#7977);
#7975 = CARTESIAN_POINT('',(111.37182642934,101.2,0.59));
#7976 = DIRECTION('',(-1.144237745222E-17,1.,0.));
#7977 = DIRECTION('',(2.22044604925E-15,2.540718180781E-32,-1.));
#7978 = ADVANCED_FACE('',(#7979),#7990,.F.);
#7979 = FACE_BOUND('',#7980,.T.);
#7980 = EDGE_LOOP('',(#7981,#7987,#7988,#7989));
#7981 = ORIENTED_EDGE('',*,*,#7982,.T.);
#7982 = EDGE_CURVE('',#6028,#6137,#7983,.T.);
#7983 = LINE('',#7984,#7985);
#7984 = CARTESIAN_POINT('',(111.2115,101.2,0.49));
#7985 = VECTOR('',#7986,1.);
#7986 = DIRECTION('',(1.144237745222E-17,-1.,0.));
#7987 = ORIENTED_EDGE('',*,*,#6144,.T.);
#7988 = ORIENTED_EDGE('',*,*,#7965,.F.);
#7989 = ORIENTED_EDGE('',*,*,#6035,.F.);
#7990 = PLANE('',#7991);
#7991 = AXIS2_PLACEMENT_3D('',#7992,#7993,#7994);
#7992 = CARTESIAN_POINT('',(111.2115,101.2,0.49));
#7993 = DIRECTION('',(-0.,-0.,-1.));
#7994 = DIRECTION('',(-1.,-1.144237745222E-17,0.));
#7995 = ADVANCED_FACE('',(#7996),#8007,.F.);
#7996 = FACE_BOUND('',#7997,.T.);
#7997 = EDGE_LOOP('',(#7998,#8004,#8005,#8006));
#7998 = ORIENTED_EDGE('',*,*,#7999,.T.);
#7999 = EDGE_CURVE('',#6020,#6129,#8000,.T.);
#8000 = LINE('',#8001,#8002);
#8001 = CARTESIAN_POINT('',(111.2115,101.2,0.34));
#8002 = VECTOR('',#8003,1.);
#8003 = DIRECTION('',(1.144237745222E-17,-1.,0.));
#8004 = ORIENTED_EDGE('',*,*,#6136,.T.);
#8005 = ORIENTED_EDGE('',*,*,#7982,.F.);
#8006 = ORIENTED_EDGE('',*,*,#6027,.F.);
#8007 = PLANE('',#8008);
#8008 = AXIS2_PLACEMENT_3D('',#8009,#8010,#8011);
#8009 = CARTESIAN_POINT('',(111.2115,101.2,0.34));
#8010 = DIRECTION('',(1.,1.144237745222E-17,0.));
#8011 = DIRECTION('',(0.,0.,-1.));
#8012 = ADVANCED_FACE('',(#8013),#8024,.F.);
#8013 = FACE_BOUND('',#8014,.T.);
#8014 = EDGE_LOOP('',(#8015,#8021,#8022,#8023));
#8015 = ORIENTED_EDGE('',*,*,#8016,.T.);
#8016 = EDGE_CURVE('',#6011,#6120,#8017,.T.);
#8017 = LINE('',#8018,#8019);
#8018 = CARTESIAN_POINT('',(111.37182642934,101.2,0.34));
#8019 = VECTOR('',#8020,1.);
#8020 = DIRECTION('',(1.144237745222E-17,-1.,0.));
#8021 = ORIENTED_EDGE('',*,*,#6128,.T.);
#8022 = ORIENTED_EDGE('',*,*,#7999,.F.);
#8023 = ORIENTED_EDGE('',*,*,#6019,.F.);
#8024 = PLANE('',#8025);
#8025 = AXIS2_PLACEMENT_3D('',#8026,#8027,#8028);
#8026 = CARTESIAN_POINT('',(111.37182642934,101.2,0.34));
#8027 = DIRECTION('',(0.,0.,1.));
#8028 = DIRECTION('',(1.,1.144237745222E-17,0.));
#8029 = ADVANCED_FACE('',(#8030),#8041,.T.);
#8030 = FACE_BOUND('',#8031,.F.);
#8031 = EDGE_LOOP('',(#8032,#8033,#8034,#8035));
#8032 = ORIENTED_EDGE('',*,*,#6010,.T.);
#8033 = ORIENTED_EDGE('',*,*,#8016,.T.);
#8034 = ORIENTED_EDGE('',*,*,#6119,.F.);
#8035 = ORIENTED_EDGE('',*,*,#8036,.F.);
#8036 = EDGE_CURVE('',#6003,#6112,#8037,.T.);
#8037 = LINE('',#8038,#8039);
#8038 = CARTESIAN_POINT('',(111.61802836759,101.2,0.546587955583));
#8039 = VECTOR('',#8040,1.);
#8040 = DIRECTION('',(1.144237745222E-17,-1.,0.));
#8041 = CYLINDRICAL_SURFACE('',#8042,0.25);
#8042 = AXIS2_PLACEMENT_3D('',#8043,#8044,#8045);
#8043 = CARTESIAN_POINT('',(111.37182642934,101.2,0.59));
#8044 = DIRECTION('',(-1.144237745222E-17,1.,0.));
#8045 = DIRECTION('',(0.984807753012,1.126854202784E-17,-0.173648177667)
  );
#8046 = ADVANCED_FACE('',(#8047),#8053,.F.);
#8047 = FACE_BOUND('',#8048,.T.);
#8048 = EDGE_LOOP('',(#8049,#8050,#8051,#8052));
#8049 = ORIENTED_EDGE('',*,*,#6093,.T.);
#8050 = ORIENTED_EDGE('',*,*,#6111,.T.);
#8051 = ORIENTED_EDGE('',*,*,#8036,.F.);
#8052 = ORIENTED_EDGE('',*,*,#6002,.F.);
#8053 = PLANE('',#8054);
#8054 = AXIS2_PLACEMENT_3D('',#8055,#8056,#8057);
#8055 = CARTESIAN_POINT('',(111.66301922469,101.2,0.832364817767));
#8056 = DIRECTION('',(-0.987833053268,-1.130315865527E-17,0.155518033909
    ));
#8057 = DIRECTION('',(0.155518033909,1.779496044609E-18,0.987833053268)
  );
#8058 = ADVANCED_FACE('',(#8059),#8070,.T.);
#8059 = FACE_BOUND('',#8060,.F.);
#8060 = EDGE_LOOP('',(#8061,#8062,#8063,#8064));
#8061 = ORIENTED_EDGE('',*,*,#6283,.T.);
#8062 = ORIENTED_EDGE('',*,*,#7730,.T.);
#8063 = ORIENTED_EDGE('',*,*,#6392,.F.);
#8064 = ORIENTED_EDGE('',*,*,#8065,.F.);
#8065 = EDGE_CURVE('',#6276,#6385,#8066,.T.);
#8066 = LINE('',#8067,#8068);
#8067 = CARTESIAN_POINT('',(111.51529806174,100.55,0.858412044417));
#8068 = VECTOR('',#8069,1.);
#8069 = DIRECTION('',(1.144237745222E-17,-1.,0.));
#8070 = CYLINDRICAL_SURFACE('',#8071,0.25);
#8071 = AXIS2_PLACEMENT_3D('',#8072,#8073,#8074);
#8072 = CARTESIAN_POINT('',(111.7615,100.55,0.815));
#8073 = DIRECTION('',(-1.144237745222E-17,1.,0.));
#8074 = DIRECTION('',(-0.984807753012,-1.126854202784E-17,0.173648177667
    ));
#8075 = ADVANCED_FACE('',(#8076),#8087,.F.);
#8076 = FACE_BOUND('',#8077,.T.);
#8077 = EDGE_LOOP('',(#8078,#8084,#8085,#8086));
#8078 = ORIENTED_EDGE('',*,*,#8079,.T.);
#8079 = EDGE_CURVE('',#6267,#6376,#8080,.T.);
#8080 = LINE('',#8081,#8082);
#8081 = CARTESIAN_POINT('',(111.47030720464,100.55,0.572635182233));
#8082 = VECTOR('',#8083,1.);
#8083 = DIRECTION('',(1.144237745222E-17,-1.,0.));
#8084 = ORIENTED_EDGE('',*,*,#6384,.T.);
#8085 = ORIENTED_EDGE('',*,*,#8065,.F.);
#8086 = ORIENTED_EDGE('',*,*,#6275,.F.);
#8087 = PLANE('',#8088);
#8088 = AXIS2_PLACEMENT_3D('',#8089,#8090,#8091);
#8089 = CARTESIAN_POINT('',(111.47030720464,100.55,0.572635182233));
#8090 = DIRECTION('',(0.987833053268,1.130315865527E-17,-0.155518033909)
  );
#8091 = DIRECTION('',(-0.155518033909,-1.779496044609E-18,
    -0.987833053268));
#8092 = ADVANCED_FACE('',(#8093),#8104,.F.);
#8093 = FACE_BOUND('',#8094,.T.);
#8094 = EDGE_LOOP('',(#8095,#8101,#8102,#8103));
#8095 = ORIENTED_EDGE('',*,*,#8096,.T.);
#8096 = EDGE_CURVE('',#6259,#6368,#8097,.T.);
#8097 = LINE('',#8098,#8099);
#8098 = CARTESIAN_POINT('',(111.37182642934,100.55,0.49));
#8099 = VECTOR('',#8100,1.);
#8100 = DIRECTION('',(1.144237745222E-17,-1.,0.));
#8101 = ORIENTED_EDGE('',*,*,#6375,.T.);
#8102 = ORIENTED_EDGE('',*,*,#8079,.F.);
#8103 = ORIENTED_EDGE('',*,*,#6266,.F.);
#8104 = CYLINDRICAL_SURFACE('',#8105,0.1);
#8105 = AXIS2_PLACEMENT_3D('',#8106,#8107,#8108);
#8106 = CARTESIAN_POINT('',(111.37182642934,100.55,0.59));
#8107 = DIRECTION('',(-1.144237745222E-17,1.,0.));
#8108 = DIRECTION('',(2.22044604925E-15,2.540718180781E-32,-1.));
#8109 = ADVANCED_FACE('',(#8110),#8121,.F.);
#8110 = FACE_BOUND('',#8111,.T.);
#8111 = EDGE_LOOP('',(#8112,#8118,#8119,#8120));
#8112 = ORIENTED_EDGE('',*,*,#8113,.T.);
#8113 = EDGE_CURVE('',#6251,#6360,#8114,.T.);
#8114 = LINE('',#8115,#8116);
#8115 = CARTESIAN_POINT('',(111.2115,100.55,0.49));
#8116 = VECTOR('',#8117,1.);
#8117 = DIRECTION('',(1.144237745222E-17,-1.,0.));
#8118 = ORIENTED_EDGE('',*,*,#6367,.T.);
#8119 = ORIENTED_EDGE('',*,*,#8096,.F.);
#8120 = ORIENTED_EDGE('',*,*,#6258,.F.);
#8121 = PLANE('',#8122);
#8122 = AXIS2_PLACEMENT_3D('',#8123,#8124,#8125);
#8123 = CARTESIAN_POINT('',(111.2115,100.55,0.49));
#8124 = DIRECTION('',(-0.,-0.,-1.));
#8125 = DIRECTION('',(-1.,-1.144237745222E-17,0.));
#8126 = ADVANCED_FACE('',(#8127),#8138,.F.);
#8127 = FACE_BOUND('',#8128,.T.);
#8128 = EDGE_LOOP('',(#8129,#8135,#8136,#8137));
#8129 = ORIENTED_EDGE('',*,*,#8130,.T.);
#8130 = EDGE_CURVE('',#6243,#6352,#8131,.T.);
#8131 = LINE('',#8132,#8133);
#8132 = CARTESIAN_POINT('',(111.2115,100.55,0.34));
#8133 = VECTOR('',#8134,1.);
#8134 = DIRECTION('',(1.144237745222E-17,-1.,0.));
#8135 = ORIENTED_EDGE('',*,*,#6359,.T.);
#8136 = ORIENTED_EDGE('',*,*,#8113,.F.);
#8137 = ORIENTED_EDGE('',*,*,#6250,.F.);
#8138 = PLANE('',#8139);
#8139 = AXIS2_PLACEMENT_3D('',#8140,#8141,#8142);
#8140 = CARTESIAN_POINT('',(111.2115,100.55,0.34));
#8141 = DIRECTION('',(1.,1.144237745222E-17,0.));
#8142 = DIRECTION('',(0.,0.,-1.));
#8143 = ADVANCED_FACE('',(#8144),#8155,.F.);
#8144 = FACE_BOUND('',#8145,.T.);
#8145 = EDGE_LOOP('',(#8146,#8152,#8153,#8154));
#8146 = ORIENTED_EDGE('',*,*,#8147,.T.);
#8147 = EDGE_CURVE('',#6234,#6343,#8148,.T.);
#8148 = LINE('',#8149,#8150);
#8149 = CARTESIAN_POINT('',(111.37182642934,100.55,0.34));
#8150 = VECTOR('',#8151,1.);
#8151 = DIRECTION('',(1.144237745222E-17,-1.,0.));
#8152 = ORIENTED_EDGE('',*,*,#6351,.T.);
#8153 = ORIENTED_EDGE('',*,*,#8130,.F.);
#8154 = ORIENTED_EDGE('',*,*,#6242,.F.);
#8155 = PLANE('',#8156);
#8156 = AXIS2_PLACEMENT_3D('',#8157,#8158,#8159);
#8157 = CARTESIAN_POINT('',(111.37182642934,100.55,0.34));
#8158 = DIRECTION('',(0.,0.,1.));
#8159 = DIRECTION('',(1.,1.144237745222E-17,0.));
#8160 = ADVANCED_FACE('',(#8161),#8172,.T.);
#8161 = FACE_BOUND('',#8162,.F.);
#8162 = EDGE_LOOP('',(#8163,#8164,#8165,#8166));
#8163 = ORIENTED_EDGE('',*,*,#6233,.T.);
#8164 = ORIENTED_EDGE('',*,*,#8147,.T.);
#8165 = ORIENTED_EDGE('',*,*,#6342,.F.);
#8166 = ORIENTED_EDGE('',*,*,#8167,.F.);
#8167 = EDGE_CURVE('',#6226,#6335,#8168,.T.);
#8168 = LINE('',#8169,#8170);
#8169 = CARTESIAN_POINT('',(111.61802836759,100.55,0.546587955583));
#8170 = VECTOR('',#8171,1.);
#8171 = DIRECTION('',(1.144237745222E-17,-1.,0.));
#8172 = CYLINDRICAL_SURFACE('',#8173,0.25);
#8173 = AXIS2_PLACEMENT_3D('',#8174,#8175,#8176);
#8174 = CARTESIAN_POINT('',(111.37182642934,100.55,0.59));
#8175 = DIRECTION('',(-1.144237745222E-17,1.,0.));
#8176 = DIRECTION('',(0.984807753012,1.126854202784E-17,-0.173648177667)
  );
#8177 = ADVANCED_FACE('',(#8178),#8184,.F.);
#8178 = FACE_BOUND('',#8179,.T.);
#8179 = EDGE_LOOP('',(#8180,#8181,#8182,#8183));
#8180 = ORIENTED_EDGE('',*,*,#6316,.T.);
#8181 = ORIENTED_EDGE('',*,*,#6334,.T.);
#8182 = ORIENTED_EDGE('',*,*,#8167,.F.);
#8183 = ORIENTED_EDGE('',*,*,#6225,.F.);
#8184 = PLANE('',#8185);
#8185 = AXIS2_PLACEMENT_3D('',#8186,#8187,#8188);
#8186 = CARTESIAN_POINT('',(111.66301922469,100.55,0.832364817767));
#8187 = DIRECTION('',(-0.987833053268,-1.130315865527E-17,0.155518033909
    ));
#8188 = DIRECTION('',(0.155518033909,1.779496044609E-18,0.987833053268)
  );
#8189 = ADVANCED_FACE('',(#8190),#8201,.T.);
#8190 = FACE_BOUND('',#8191,.F.);
#8191 = EDGE_LOOP('',(#8192,#8193,#8194,#8195));
#8192 = ORIENTED_EDGE('',*,*,#6506,.T.);
#8193 = ORIENTED_EDGE('',*,*,#7749,.T.);
#8194 = ORIENTED_EDGE('',*,*,#6615,.F.);
#8195 = ORIENTED_EDGE('',*,*,#8196,.F.);
#8196 = EDGE_CURVE('',#6499,#6608,#8197,.T.);
#8197 = LINE('',#8198,#8199);
#8198 = CARTESIAN_POINT('',(111.51529806174,99.9,0.858412044417));
#8199 = VECTOR('',#8200,1.);
#8200 = DIRECTION('',(1.144237745222E-17,-1.,0.));
#8201 = CYLINDRICAL_SURFACE('',#8202,0.25);
#8202 = AXIS2_PLACEMENT_3D('',#8203,#8204,#8205);
#8203 = CARTESIAN_POINT('',(111.7615,99.9,0.815));
#8204 = DIRECTION('',(-1.144237745222E-17,1.,0.));
#8205 = DIRECTION('',(-0.984807753012,-1.126854202784E-17,0.173648177667
    ));
#8206 = ADVANCED_FACE('',(#8207),#8218,.F.);
#8207 = FACE_BOUND('',#8208,.T.);
#8208 = EDGE_LOOP('',(#8209,#8215,#8216,#8217));
#8209 = ORIENTED_EDGE('',*,*,#8210,.T.);
#8210 = EDGE_CURVE('',#6490,#6599,#8211,.T.);
#8211 = LINE('',#8212,#8213);
#8212 = CARTESIAN_POINT('',(111.47030720464,99.9,0.572635182233));
#8213 = VECTOR('',#8214,1.);
#8214 = DIRECTION('',(1.144237745222E-17,-1.,0.));
#8215 = ORIENTED_EDGE('',*,*,#6607,.T.);
#8216 = ORIENTED_EDGE('',*,*,#8196,.F.);
#8217 = ORIENTED_EDGE('',*,*,#6498,.F.);
#8218 = PLANE('',#8219);
#8219 = AXIS2_PLACEMENT_3D('',#8220,#8221,#8222);
#8220 = CARTESIAN_POINT('',(111.47030720464,99.9,0.572635182233));
#8221 = DIRECTION('',(0.987833053268,1.130315865527E-17,-0.155518033909)
  );
#8222 = DIRECTION('',(-0.155518033909,-1.779496044609E-18,
    -0.987833053268));
#8223 = ADVANCED_FACE('',(#8224),#8235,.F.);
#8224 = FACE_BOUND('',#8225,.T.);
#8225 = EDGE_LOOP('',(#8226,#8232,#8233,#8234));
#8226 = ORIENTED_EDGE('',*,*,#8227,.T.);
#8227 = EDGE_CURVE('',#6482,#6591,#8228,.T.);
#8228 = LINE('',#8229,#8230);
#8229 = CARTESIAN_POINT('',(111.37182642934,99.9,0.49));
#8230 = VECTOR('',#8231,1.);
#8231 = DIRECTION('',(1.144237745222E-17,-1.,0.));
#8232 = ORIENTED_EDGE('',*,*,#6598,.T.);
#8233 = ORIENTED_EDGE('',*,*,#8210,.F.);
#8234 = ORIENTED_EDGE('',*,*,#6489,.F.);
#8235 = CYLINDRICAL_SURFACE('',#8236,0.1);
#8236 = AXIS2_PLACEMENT_3D('',#8237,#8238,#8239);
#8237 = CARTESIAN_POINT('',(111.37182642934,99.9,0.59));
#8238 = DIRECTION('',(-1.144237745222E-17,1.,0.));
#8239 = DIRECTION('',(2.22044604925E-15,2.540718180781E-32,-1.));
#8240 = ADVANCED_FACE('',(#8241),#8252,.F.);
#8241 = FACE_BOUND('',#8242,.T.);
#8242 = EDGE_LOOP('',(#8243,#8249,#8250,#8251));
#8243 = ORIENTED_EDGE('',*,*,#8244,.T.);
#8244 = EDGE_CURVE('',#6474,#6583,#8245,.T.);
#8245 = LINE('',#8246,#8247);
#8246 = CARTESIAN_POINT('',(111.2115,99.9,0.49));
#8247 = VECTOR('',#8248,1.);
#8248 = DIRECTION('',(1.144237745222E-17,-1.,0.));
#8249 = ORIENTED_EDGE('',*,*,#6590,.T.);
#8250 = ORIENTED_EDGE('',*,*,#8227,.F.);
#8251 = ORIENTED_EDGE('',*,*,#6481,.F.);
#8252 = PLANE('',#8253);
#8253 = AXIS2_PLACEMENT_3D('',#8254,#8255,#8256);
#8254 = CARTESIAN_POINT('',(111.2115,99.9,0.49));
#8255 = DIRECTION('',(-0.,-0.,-1.));
#8256 = DIRECTION('',(-1.,-1.144237745222E-17,0.));
#8257 = ADVANCED_FACE('',(#8258),#8269,.F.);
#8258 = FACE_BOUND('',#8259,.T.);
#8259 = EDGE_LOOP('',(#8260,#8266,#8267,#8268));
#8260 = ORIENTED_EDGE('',*,*,#8261,.T.);
#8261 = EDGE_CURVE('',#6466,#6575,#8262,.T.);
#8262 = LINE('',#8263,#8264);
#8263 = CARTESIAN_POINT('',(111.2115,99.9,0.34));
#8264 = VECTOR('',#8265,1.);
#8265 = DIRECTION('',(1.144237745222E-17,-1.,0.));
#8266 = ORIENTED_EDGE('',*,*,#6582,.T.);
#8267 = ORIENTED_EDGE('',*,*,#8244,.F.);
#8268 = ORIENTED_EDGE('',*,*,#6473,.F.);
#8269 = PLANE('',#8270);
#8270 = AXIS2_PLACEMENT_3D('',#8271,#8272,#8273);
#8271 = CARTESIAN_POINT('',(111.2115,99.9,0.34));
#8272 = DIRECTION('',(1.,1.144237745222E-17,0.));
#8273 = DIRECTION('',(0.,0.,-1.));
#8274 = ADVANCED_FACE('',(#8275),#8286,.F.);
#8275 = FACE_BOUND('',#8276,.T.);
#8276 = EDGE_LOOP('',(#8277,#8283,#8284,#8285));
#8277 = ORIENTED_EDGE('',*,*,#8278,.T.);
#8278 = EDGE_CURVE('',#6457,#6566,#8279,.T.);
#8279 = LINE('',#8280,#8281);
#8280 = CARTESIAN_POINT('',(111.37182642934,99.9,0.34));
#8281 = VECTOR('',#8282,1.);
#8282 = DIRECTION('',(1.144237745222E-17,-1.,0.));
#8283 = ORIENTED_EDGE('',*,*,#6574,.T.);
#8284 = ORIENTED_EDGE('',*,*,#8261,.F.);
#8285 = ORIENTED_EDGE('',*,*,#6465,.F.);
#8286 = PLANE('',#8287);
#8287 = AXIS2_PLACEMENT_3D('',#8288,#8289,#8290);
#8288 = CARTESIAN_POINT('',(111.37182642934,99.9,0.34));
#8289 = DIRECTION('',(0.,0.,1.));
#8290 = DIRECTION('',(1.,1.144237745222E-17,0.));
#8291 = ADVANCED_FACE('',(#8292),#8303,.T.);
#8292 = FACE_BOUND('',#8293,.F.);
#8293 = EDGE_LOOP('',(#8294,#8295,#8296,#8297));
#8294 = ORIENTED_EDGE('',*,*,#6456,.T.);
#8295 = ORIENTED_EDGE('',*,*,#8278,.T.);
#8296 = ORIENTED_EDGE('',*,*,#6565,.F.);
#8297 = ORIENTED_EDGE('',*,*,#8298,.F.);
#8298 = EDGE_CURVE('',#6449,#6558,#8299,.T.);
#8299 = LINE('',#8300,#8301);
#8300 = CARTESIAN_POINT('',(111.61802836759,99.9,0.546587955583));
#8301 = VECTOR('',#8302,1.);
#8302 = DIRECTION('',(1.144237745222E-17,-1.,0.));
#8303 = CYLINDRICAL_SURFACE('',#8304,0.25);
#8304 = AXIS2_PLACEMENT_3D('',#8305,#8306,#8307);
#8305 = CARTESIAN_POINT('',(111.37182642934,99.9,0.59));
#8306 = DIRECTION('',(-1.144237745222E-17,1.,0.));
#8307 = DIRECTION('',(0.984807753012,1.126854202784E-17,-0.173648177667)
  );
#8308 = ADVANCED_FACE('',(#8309),#8315,.F.);
#8309 = FACE_BOUND('',#8310,.T.);
#8310 = EDGE_LOOP('',(#8311,#8312,#8313,#8314));
#8311 = ORIENTED_EDGE('',*,*,#6539,.T.);
#8312 = ORIENTED_EDGE('',*,*,#6557,.T.);
#8313 = ORIENTED_EDGE('',*,*,#8298,.F.);
#8314 = ORIENTED_EDGE('',*,*,#6448,.F.);
#8315 = PLANE('',#8316);
#8316 = AXIS2_PLACEMENT_3D('',#8317,#8318,#8319);
#8317 = CARTESIAN_POINT('',(111.66301922469,99.9,0.832364817767));
#8318 = DIRECTION('',(-0.987833053268,-1.130315865527E-17,0.155518033909
    ));
#8319 = DIRECTION('',(0.155518033909,1.779496044609E-18,0.987833053268)
  );
#8320 = ADVANCED_FACE('',(#8321),#8332,.F.);
#8321 = FACE_BOUND('',#8322,.T.);
#8322 = EDGE_LOOP('',(#8323,#8329,#8330,#8331));
#8323 = ORIENTED_EDGE('',*,*,#8324,.T.);
#8324 = EDGE_CURVE('',#6708,#6810,#8325,.T.);
#8325 = LINE('',#8326,#8327);
#8326 = CARTESIAN_POINT('',(111.47030720464,99.25,0.572635182233));
#8327 = VECTOR('',#8328,1.);
#8328 = DIRECTION('',(1.144237745222E-17,-1.,0.));
#8329 = ORIENTED_EDGE('',*,*,#6818,.T.);
#8330 = ORIENTED_EDGE('',*,*,#7696,.F.);
#8331 = ORIENTED_EDGE('',*,*,#6716,.F.);
#8332 = PLANE('',#8333);
#8333 = AXIS2_PLACEMENT_3D('',#8334,#8335,#8336);
#8334 = CARTESIAN_POINT('',(111.47030720464,99.25,0.572635182233));
#8335 = DIRECTION('',(0.987833053268,1.130315865527E-17,-0.155518033909)
  );
#8336 = DIRECTION('',(-0.155518033909,-1.779496044609E-18,
    -0.987833053268));
#8337 = ADVANCED_FACE('',(#8338),#8349,.F.);
#8338 = FACE_BOUND('',#8339,.T.);
#8339 = EDGE_LOOP('',(#8340,#8346,#8347,#8348));
#8340 = ORIENTED_EDGE('',*,*,#8341,.T.);
#8341 = EDGE_CURVE('',#6700,#6802,#8342,.T.);
#8342 = LINE('',#8343,#8344);
#8343 = CARTESIAN_POINT('',(111.37182642934,99.25,0.49));
#8344 = VECTOR('',#8345,1.);
#8345 = DIRECTION('',(1.144237745222E-17,-1.,0.));
#8346 = ORIENTED_EDGE('',*,*,#6809,.T.);
#8347 = ORIENTED_EDGE('',*,*,#8324,.F.);
#8348 = ORIENTED_EDGE('',*,*,#6707,.F.);
#8349 = CYLINDRICAL_SURFACE('',#8350,0.1);
#8350 = AXIS2_PLACEMENT_3D('',#8351,#8352,#8353);
#8351 = CARTESIAN_POINT('',(111.37182642934,99.25,0.59));
#8352 = DIRECTION('',(-1.144237745222E-17,1.,0.));
#8353 = DIRECTION('',(2.22044604925E-15,2.540718180781E-32,-1.));
#8354 = ADVANCED_FACE('',(#8355),#8366,.F.);
#8355 = FACE_BOUND('',#8356,.T.);
#8356 = EDGE_LOOP('',(#8357,#8363,#8364,#8365));
#8357 = ORIENTED_EDGE('',*,*,#8358,.T.);
#8358 = EDGE_CURVE('',#6692,#6794,#8359,.T.);
#8359 = LINE('',#8360,#8361);
#8360 = CARTESIAN_POINT('',(111.2115,99.25,0.49));
#8361 = VECTOR('',#8362,1.);
#8362 = DIRECTION('',(1.144237745222E-17,-1.,0.));
#8363 = ORIENTED_EDGE('',*,*,#6801,.T.);
#8364 = ORIENTED_EDGE('',*,*,#8341,.F.);
#8365 = ORIENTED_EDGE('',*,*,#6699,.F.);
#8366 = PLANE('',#8367);
#8367 = AXIS2_PLACEMENT_3D('',#8368,#8369,#8370);
#8368 = CARTESIAN_POINT('',(111.2115,99.25,0.49));
#8369 = DIRECTION('',(-0.,-0.,-1.));
#8370 = DIRECTION('',(-1.,-1.144237745222E-17,0.));
#8371 = ADVANCED_FACE('',(#8372),#8383,.F.);
#8372 = FACE_BOUND('',#8373,.T.);
#8373 = EDGE_LOOP('',(#8374,#8380,#8381,#8382));
#8374 = ORIENTED_EDGE('',*,*,#8375,.T.);
#8375 = EDGE_CURVE('',#6684,#6786,#8376,.T.);
#8376 = LINE('',#8377,#8378);
#8377 = CARTESIAN_POINT('',(111.2115,99.25,0.34));
#8378 = VECTOR('',#8379,1.);
#8379 = DIRECTION('',(1.144237745222E-17,-1.,0.));
#8380 = ORIENTED_EDGE('',*,*,#6793,.T.);
#8381 = ORIENTED_EDGE('',*,*,#8358,.F.);
#8382 = ORIENTED_EDGE('',*,*,#6691,.F.);
#8383 = PLANE('',#8384);
#8384 = AXIS2_PLACEMENT_3D('',#8385,#8386,#8387);
#8385 = CARTESIAN_POINT('',(111.2115,99.25,0.34));
#8386 = DIRECTION('',(1.,1.144237745222E-17,0.));
#8387 = DIRECTION('',(0.,0.,-1.));
#8388 = ADVANCED_FACE('',(#8389),#8400,.F.);
#8389 = FACE_BOUND('',#8390,.T.);
#8390 = EDGE_LOOP('',(#8391,#8397,#8398,#8399));
#8391 = ORIENTED_EDGE('',*,*,#8392,.T.);
#8392 = EDGE_CURVE('',#6675,#6777,#8393,.T.);
#8393 = LINE('',#8394,#8395);
#8394 = CARTESIAN_POINT('',(111.37182642934,99.25,0.34));
#8395 = VECTOR('',#8396,1.);
#8396 = DIRECTION('',(1.144237745222E-17,-1.,0.));
#8397 = ORIENTED_EDGE('',*,*,#6785,.T.);
#8398 = ORIENTED_EDGE('',*,*,#8375,.F.);
#8399 = ORIENTED_EDGE('',*,*,#6683,.F.);
#8400 = PLANE('',#8401);
#8401 = AXIS2_PLACEMENT_3D('',#8402,#8403,#8404);
#8402 = CARTESIAN_POINT('',(111.37182642934,99.25,0.34));
#8403 = DIRECTION('',(0.,0.,1.));
#8404 = DIRECTION('',(1.,1.144237745222E-17,0.));
#8405 = ADVANCED_FACE('',(#8406),#8417,.T.);
#8406 = FACE_BOUND('',#8407,.F.);
#8407 = EDGE_LOOP('',(#8408,#8409,#8410,#8411));
#8408 = ORIENTED_EDGE('',*,*,#6674,.T.);
#8409 = ORIENTED_EDGE('',*,*,#8392,.T.);
#8410 = ORIENTED_EDGE('',*,*,#6776,.F.);
#8411 = ORIENTED_EDGE('',*,*,#8412,.F.);
#8412 = EDGE_CURVE('',#6667,#6769,#8413,.T.);
#8413 = LINE('',#8414,#8415);
#8414 = CARTESIAN_POINT('',(111.61802836759,99.25,0.546587955583));
#8415 = VECTOR('',#8416,1.);
#8416 = DIRECTION('',(1.144237745222E-17,-1.,0.));
#8417 = CYLINDRICAL_SURFACE('',#8418,0.25);
#8418 = AXIS2_PLACEMENT_3D('',#8419,#8420,#8421);
#8419 = CARTESIAN_POINT('',(111.37182642934,99.25,0.59));
#8420 = DIRECTION('',(-1.144237745222E-17,1.,0.));
#8421 = DIRECTION('',(0.984807753012,1.126854202784E-17,-0.173648177667)
  );
#8422 = ADVANCED_FACE('',(#8423),#8429,.F.);
#8423 = FACE_BOUND('',#8424,.T.);
#8424 = EDGE_LOOP('',(#8425,#8426,#8427,#8428));
#8425 = ORIENTED_EDGE('',*,*,#6750,.T.);
#8426 = ORIENTED_EDGE('',*,*,#6768,.T.);
#8427 = ORIENTED_EDGE('',*,*,#8412,.F.);
#8428 = ORIENTED_EDGE('',*,*,#6666,.F.);
#8429 = PLANE('',#8430);
#8430 = AXIS2_PLACEMENT_3D('',#8431,#8432,#8433);
#8431 = CARTESIAN_POINT('',(111.66301922469,99.25,0.832364817767));
#8432 = DIRECTION('',(-0.987833053268,-1.130315865527E-17,0.155518033909
    ));
#8433 = DIRECTION('',(0.155518033909,1.779496044609E-18,0.987833053268)
  );
#8434 = ADVANCED_FACE('',(#8435),#8446,.F.);
#8435 = FACE_BOUND('',#8436,.T.);
#8436 = EDGE_LOOP('',(#8437,#8443,#8444,#8445));
#8437 = ORIENTED_EDGE('',*,*,#8438,.T.);
#8438 = EDGE_CURVE('',#6895,#6997,#8439,.T.);
#8439 = LINE('',#8440,#8441);
#8440 = CARTESIAN_POINT('',(113.75269279535,98.87,0.572635182233));
#8441 = VECTOR('',#8442,1.);
#8442 = DIRECTION('',(1.110223024625E-16,1.,0.));
#8443 = ORIENTED_EDGE('',*,*,#7005,.T.);
#8444 = ORIENTED_EDGE('',*,*,#7905,.F.);
#8445 = ORIENTED_EDGE('',*,*,#6903,.F.);
#8446 = PLANE('',#8447);
#8447 = AXIS2_PLACEMENT_3D('',#8448,#8449,#8450);
#8448 = CARTESIAN_POINT('',(113.75269279535,98.87,0.572635182233));
#8449 = DIRECTION('',(-0.987833053268,1.096715000224E-16,-0.155518033909
    ));
#8450 = DIRECTION('',(0.155518033909,-1.726597019897E-17,-0.987833053268
    ));
#8451 = ADVANCED_FACE('',(#8452),#8463,.F.);
#8452 = FACE_BOUND('',#8453,.T.);
#8453 = EDGE_LOOP('',(#8454,#8460,#8461,#8462));
#8454 = ORIENTED_EDGE('',*,*,#8455,.T.);
#8455 = EDGE_CURVE('',#6887,#6989,#8456,.T.);
#8456 = LINE('',#8457,#8458);
#8457 = CARTESIAN_POINT('',(113.85117357065,98.87,0.49));
#8458 = VECTOR('',#8459,1.);
#8459 = DIRECTION('',(1.110223024625E-16,1.,0.));
#8460 = ORIENTED_EDGE('',*,*,#6996,.T.);
#8461 = ORIENTED_EDGE('',*,*,#8438,.F.);
#8462 = ORIENTED_EDGE('',*,*,#6894,.F.);
#8463 = CYLINDRICAL_SURFACE('',#8464,0.1);
#8464 = AXIS2_PLACEMENT_3D('',#8465,#8466,#8467);
#8465 = CARTESIAN_POINT('',(113.85117357065,98.87,0.59));
#8466 = DIRECTION('',(-1.110223024625E-16,-1.,-0.));
#8467 = DIRECTION('',(-2.22044604925E-15,2.465190328815E-31,-1.));
#8468 = ADVANCED_FACE('',(#8469),#8480,.F.);
#8469 = FACE_BOUND('',#8470,.T.);
#8470 = EDGE_LOOP('',(#8471,#8477,#8478,#8479));
#8471 = ORIENTED_EDGE('',*,*,#8472,.T.);
#8472 = EDGE_CURVE('',#6879,#6981,#8473,.T.);
#8473 = LINE('',#8474,#8475);
#8474 = CARTESIAN_POINT('',(114.0115,98.87,0.49));
#8475 = VECTOR('',#8476,1.);
#8476 = DIRECTION('',(1.110223024625E-16,1.,0.));
#8477 = ORIENTED_EDGE('',*,*,#6988,.T.);
#8478 = ORIENTED_EDGE('',*,*,#8455,.F.);
#8479 = ORIENTED_EDGE('',*,*,#6886,.F.);
#8480 = PLANE('',#8481);
#8481 = AXIS2_PLACEMENT_3D('',#8482,#8483,#8484);
#8482 = CARTESIAN_POINT('',(114.0115,98.87,0.49));
#8483 = DIRECTION('',(-0.,-0.,-1.));
#8484 = DIRECTION('',(1.,-1.110223024625E-16,0.));
#8485 = ADVANCED_FACE('',(#8486),#8497,.F.);
#8486 = FACE_BOUND('',#8487,.T.);
#8487 = EDGE_LOOP('',(#8488,#8494,#8495,#8496));
#8488 = ORIENTED_EDGE('',*,*,#8489,.T.);
#8489 = EDGE_CURVE('',#6871,#6973,#8490,.T.);
#8490 = LINE('',#8491,#8492);
#8491 = CARTESIAN_POINT('',(114.0115,98.87,0.34));
#8492 = VECTOR('',#8493,1.);
#8493 = DIRECTION('',(1.110223024625E-16,1.,0.));
#8494 = ORIENTED_EDGE('',*,*,#6980,.T.);
#8495 = ORIENTED_EDGE('',*,*,#8472,.F.);
#8496 = ORIENTED_EDGE('',*,*,#6878,.F.);
#8497 = PLANE('',#8498);
#8498 = AXIS2_PLACEMENT_3D('',#8499,#8500,#8501);
#8499 = CARTESIAN_POINT('',(114.0115,98.87,0.34));
#8500 = DIRECTION('',(-1.,1.110223024625E-16,0.));
#8501 = DIRECTION('',(0.,0.,-1.));
#8502 = ADVANCED_FACE('',(#8503),#8514,.F.);
#8503 = FACE_BOUND('',#8504,.T.);
#8504 = EDGE_LOOP('',(#8505,#8511,#8512,#8513));
#8505 = ORIENTED_EDGE('',*,*,#8506,.T.);
#8506 = EDGE_CURVE('',#6862,#6964,#8507,.T.);
#8507 = LINE('',#8508,#8509);
#8508 = CARTESIAN_POINT('',(113.85117357065,98.87,0.34));
#8509 = VECTOR('',#8510,1.);
#8510 = DIRECTION('',(1.110223024625E-16,1.,0.));
#8511 = ORIENTED_EDGE('',*,*,#6972,.T.);
#8512 = ORIENTED_EDGE('',*,*,#8489,.F.);
#8513 = ORIENTED_EDGE('',*,*,#6870,.F.);
#8514 = PLANE('',#8515);
#8515 = AXIS2_PLACEMENT_3D('',#8516,#8517,#8518);
#8516 = CARTESIAN_POINT('',(113.85117357065,98.87,0.34));
#8517 = DIRECTION('',(0.,0.,1.));
#8518 = DIRECTION('',(-1.,1.110223024625E-16,0.));
#8519 = ADVANCED_FACE('',(#8520),#8531,.T.);
#8520 = FACE_BOUND('',#8521,.F.);
#8521 = EDGE_LOOP('',(#8522,#8523,#8524,#8525));
#8522 = ORIENTED_EDGE('',*,*,#6861,.T.);
#8523 = ORIENTED_EDGE('',*,*,#8506,.T.);
#8524 = ORIENTED_EDGE('',*,*,#6963,.F.);
#8525 = ORIENTED_EDGE('',*,*,#8526,.F.);
#8526 = EDGE_CURVE('',#6854,#6956,#8527,.T.);
#8527 = LINE('',#8528,#8529);
#8528 = CARTESIAN_POINT('',(113.6049716324,98.87,0.546587955583));
#8529 = VECTOR('',#8530,1.);
#8530 = DIRECTION('',(1.110223024625E-16,1.,0.));
#8531 = CYLINDRICAL_SURFACE('',#8532,0.25);
#8532 = AXIS2_PLACEMENT_3D('',#8533,#8534,#8535);
#8533 = CARTESIAN_POINT('',(113.85117357065,98.87,0.59));
#8534 = DIRECTION('',(-1.110223024625E-16,-1.,-0.));
#8535 = DIRECTION('',(-0.984807753012,1.093356242223E-16,-0.173648177667
    ));
#8536 = ADVANCED_FACE('',(#8537),#8543,.F.);
#8537 = FACE_BOUND('',#8538,.T.);
#8538 = EDGE_LOOP('',(#8539,#8540,#8541,#8542));
#8539 = ORIENTED_EDGE('',*,*,#6937,.T.);
#8540 = ORIENTED_EDGE('',*,*,#6955,.T.);
#8541 = ORIENTED_EDGE('',*,*,#8526,.F.);
#8542 = ORIENTED_EDGE('',*,*,#6853,.F.);
#8543 = PLANE('',#8544);
#8544 = AXIS2_PLACEMENT_3D('',#8545,#8546,#8547);
#8545 = CARTESIAN_POINT('',(113.5599807753,98.87,0.832364817767));
#8546 = DIRECTION('',(0.987833053268,-1.096715000224E-16,0.155518033909)
  );
#8547 = DIRECTION('',(-0.155518033909,1.726597019897E-17,0.987833053268)
  );
#8548 = ADVANCED_FACE('',(#8549),#8560,.T.);
#8549 = FACE_BOUND('',#8550,.F.);
#8550 = EDGE_LOOP('',(#8551,#8552,#8553,#8554));
#8551 = ORIENTED_EDGE('',*,*,#7115,.T.);
#8552 = ORIENTED_EDGE('',*,*,#7830,.T.);
#8553 = ORIENTED_EDGE('',*,*,#7224,.F.);
#8554 = ORIENTED_EDGE('',*,*,#8555,.F.);
#8555 = EDGE_CURVE('',#7108,#7217,#8556,.T.);
#8556 = LINE('',#8557,#8558);
#8557 = CARTESIAN_POINT('',(113.70770193825,99.52,0.858412044417));
#8558 = VECTOR('',#8559,1.);
#8559 = DIRECTION('',(1.110223024625E-16,1.,0.));
#8560 = CYLINDRICAL_SURFACE('',#8561,0.25);
#8561 = AXIS2_PLACEMENT_3D('',#8562,#8563,#8564);
#8562 = CARTESIAN_POINT('',(113.4615,99.52,0.815));
#8563 = DIRECTION('',(-1.110223024625E-16,-1.,-0.));
#8564 = DIRECTION('',(0.984807753012,-1.093356242223E-16,0.173648177667)
  );
#8565 = ADVANCED_FACE('',(#8566),#8577,.F.);
#8566 = FACE_BOUND('',#8567,.T.);
#8567 = EDGE_LOOP('',(#8568,#8574,#8575,#8576));
#8568 = ORIENTED_EDGE('',*,*,#8569,.T.);
#8569 = EDGE_CURVE('',#7099,#7208,#8570,.T.);
#8570 = LINE('',#8571,#8572);
#8571 = CARTESIAN_POINT('',(113.75269279535,99.52,0.572635182233));
#8572 = VECTOR('',#8573,1.);
#8573 = DIRECTION('',(1.110223024625E-16,1.,0.));
#8574 = ORIENTED_EDGE('',*,*,#7216,.T.);
#8575 = ORIENTED_EDGE('',*,*,#8555,.F.);
#8576 = ORIENTED_EDGE('',*,*,#7107,.F.);
#8577 = PLANE('',#8578);
#8578 = AXIS2_PLACEMENT_3D('',#8579,#8580,#8581);
#8579 = CARTESIAN_POINT('',(113.75269279535,99.52,0.572635182233));
#8580 = DIRECTION('',(-0.987833053268,1.096715000224E-16,-0.155518033909
    ));
#8581 = DIRECTION('',(0.155518033909,-1.726597019897E-17,-0.987833053268
    ));
#8582 = ADVANCED_FACE('',(#8583),#8594,.F.);
#8583 = FACE_BOUND('',#8584,.T.);
#8584 = EDGE_LOOP('',(#8585,#8591,#8592,#8593));
#8585 = ORIENTED_EDGE('',*,*,#8586,.T.);
#8586 = EDGE_CURVE('',#7091,#7200,#8587,.T.);
#8587 = LINE('',#8588,#8589);
#8588 = CARTESIAN_POINT('',(113.85117357065,99.52,0.49));
#8589 = VECTOR('',#8590,1.);
#8590 = DIRECTION('',(1.110223024625E-16,1.,0.));
#8591 = ORIENTED_EDGE('',*,*,#7207,.T.);
#8592 = ORIENTED_EDGE('',*,*,#8569,.F.);
#8593 = ORIENTED_EDGE('',*,*,#7098,.F.);
#8594 = CYLINDRICAL_SURFACE('',#8595,0.1);
#8595 = AXIS2_PLACEMENT_3D('',#8596,#8597,#8598);
#8596 = CARTESIAN_POINT('',(113.85117357065,99.52,0.59));
#8597 = DIRECTION('',(-1.110223024625E-16,-1.,-0.));
#8598 = DIRECTION('',(-2.22044604925E-15,2.465190328815E-31,-1.));
#8599 = ADVANCED_FACE('',(#8600),#8611,.F.);
#8600 = FACE_BOUND('',#8601,.T.);
#8601 = EDGE_LOOP('',(#8602,#8608,#8609,#8610));
#8602 = ORIENTED_EDGE('',*,*,#8603,.T.);
#8603 = EDGE_CURVE('',#7083,#7192,#8604,.T.);
#8604 = LINE('',#8605,#8606);
#8605 = CARTESIAN_POINT('',(114.0115,99.52,0.49));
#8606 = VECTOR('',#8607,1.);
#8607 = DIRECTION('',(1.110223024625E-16,1.,0.));
#8608 = ORIENTED_EDGE('',*,*,#7199,.T.);
#8609 = ORIENTED_EDGE('',*,*,#8586,.F.);
#8610 = ORIENTED_EDGE('',*,*,#7090,.F.);
#8611 = PLANE('',#8612);
#8612 = AXIS2_PLACEMENT_3D('',#8613,#8614,#8615);
#8613 = CARTESIAN_POINT('',(114.0115,99.52,0.49));
#8614 = DIRECTION('',(-0.,-0.,-1.));
#8615 = DIRECTION('',(1.,-1.110223024625E-16,0.));
#8616 = ADVANCED_FACE('',(#8617),#8628,.F.);
#8617 = FACE_BOUND('',#8618,.T.);
#8618 = EDGE_LOOP('',(#8619,#8625,#8626,#8627));
#8619 = ORIENTED_EDGE('',*,*,#8620,.T.);
#8620 = EDGE_CURVE('',#7075,#7184,#8621,.T.);
#8621 = LINE('',#8622,#8623);
#8622 = CARTESIAN_POINT('',(114.0115,99.52,0.34));
#8623 = VECTOR('',#8624,1.);
#8624 = DIRECTION('',(1.110223024625E-16,1.,0.));
#8625 = ORIENTED_EDGE('',*,*,#7191,.T.);
#8626 = ORIENTED_EDGE('',*,*,#8603,.F.);
#8627 = ORIENTED_EDGE('',*,*,#7082,.F.);
#8628 = PLANE('',#8629);
#8629 = AXIS2_PLACEMENT_3D('',#8630,#8631,#8632);
#8630 = CARTESIAN_POINT('',(114.0115,99.52,0.34));
#8631 = DIRECTION('',(-1.,1.110223024625E-16,0.));
#8632 = DIRECTION('',(0.,0.,-1.));
#8633 = ADVANCED_FACE('',(#8634),#8645,.F.);
#8634 = FACE_BOUND('',#8635,.T.);
#8635 = EDGE_LOOP('',(#8636,#8642,#8643,#8644));
#8636 = ORIENTED_EDGE('',*,*,#8637,.T.);
#8637 = EDGE_CURVE('',#7066,#7175,#8638,.T.);
#8638 = LINE('',#8639,#8640);
#8639 = CARTESIAN_POINT('',(113.85117357065,99.52,0.34));
#8640 = VECTOR('',#8641,1.);
#8641 = DIRECTION('',(1.110223024625E-16,1.,0.));
#8642 = ORIENTED_EDGE('',*,*,#7183,.T.);
#8643 = ORIENTED_EDGE('',*,*,#8620,.F.);
#8644 = ORIENTED_EDGE('',*,*,#7074,.F.);
#8645 = PLANE('',#8646);
#8646 = AXIS2_PLACEMENT_3D('',#8647,#8648,#8649);
#8647 = CARTESIAN_POINT('',(113.85117357065,99.52,0.34));
#8648 = DIRECTION('',(0.,0.,1.));
#8649 = DIRECTION('',(-1.,1.110223024625E-16,0.));
#8650 = ADVANCED_FACE('',(#8651),#8662,.T.);
#8651 = FACE_BOUND('',#8652,.F.);
#8652 = EDGE_LOOP('',(#8653,#8654,#8655,#8656));
#8653 = ORIENTED_EDGE('',*,*,#7065,.T.);
#8654 = ORIENTED_EDGE('',*,*,#8637,.T.);
#8655 = ORIENTED_EDGE('',*,*,#7174,.F.);
#8656 = ORIENTED_EDGE('',*,*,#8657,.F.);
#8657 = EDGE_CURVE('',#7058,#7167,#8658,.T.);
#8658 = LINE('',#8659,#8660);
#8659 = CARTESIAN_POINT('',(113.6049716324,99.52,0.546587955583));
#8660 = VECTOR('',#8661,1.);
#8661 = DIRECTION('',(1.110223024625E-16,1.,0.));
#8662 = CYLINDRICAL_SURFACE('',#8663,0.25);
#8663 = AXIS2_PLACEMENT_3D('',#8664,#8665,#8666);
#8664 = CARTESIAN_POINT('',(113.85117357065,99.52,0.59));
#8665 = DIRECTION('',(-1.110223024625E-16,-1.,-0.));
#8666 = DIRECTION('',(-0.984807753012,1.093356242223E-16,-0.173648177667
    ));
#8667 = ADVANCED_FACE('',(#8668),#8674,.F.);
#8668 = FACE_BOUND('',#8669,.T.);
#8669 = EDGE_LOOP('',(#8670,#8671,#8672,#8673));
#8670 = ORIENTED_EDGE('',*,*,#7148,.T.);
#8671 = ORIENTED_EDGE('',*,*,#7166,.T.);
#8672 = ORIENTED_EDGE('',*,*,#8657,.F.);
#8673 = ORIENTED_EDGE('',*,*,#7057,.F.);
#8674 = PLANE('',#8675);
#8675 = AXIS2_PLACEMENT_3D('',#8676,#8677,#8678);
#8676 = CARTESIAN_POINT('',(113.5599807753,99.52,0.832364817767));
#8677 = DIRECTION('',(0.987833053268,-1.096715000224E-16,0.155518033909)
  );
#8678 = DIRECTION('',(-0.155518033909,1.726597019897E-17,0.987833053268)
  );
#8679 = ADVANCED_FACE('',(#8680),#8691,.T.);
#8680 = FACE_BOUND('',#8681,.F.);
#8681 = EDGE_LOOP('',(#8682,#8683,#8684,#8685));
#8682 = ORIENTED_EDGE('',*,*,#7338,.T.);
#8683 = ORIENTED_EDGE('',*,*,#7849,.T.);
#8684 = ORIENTED_EDGE('',*,*,#7447,.F.);
#8685 = ORIENTED_EDGE('',*,*,#8686,.F.);
#8686 = EDGE_CURVE('',#7331,#7440,#8687,.T.);
#8687 = LINE('',#8688,#8689);
#8688 = CARTESIAN_POINT('',(113.70770193825,100.17,0.858412044417));
#8689 = VECTOR('',#8690,1.);
#8690 = DIRECTION('',(1.110223024625E-16,1.,0.));
#8691 = CYLINDRICAL_SURFACE('',#8692,0.25);
#8692 = AXIS2_PLACEMENT_3D('',#8693,#8694,#8695);
#8693 = CARTESIAN_POINT('',(113.4615,100.17,0.815));
#8694 = DIRECTION('',(-1.110223024625E-16,-1.,-0.));
#8695 = DIRECTION('',(0.984807753012,-1.093356242223E-16,0.173648177667)
  );
#8696 = ADVANCED_FACE('',(#8697),#8708,.F.);
#8697 = FACE_BOUND('',#8698,.T.);
#8698 = EDGE_LOOP('',(#8699,#8705,#8706,#8707));
#8699 = ORIENTED_EDGE('',*,*,#8700,.T.);
#8700 = EDGE_CURVE('',#7322,#7431,#8701,.T.);
#8701 = LINE('',#8702,#8703);
#8702 = CARTESIAN_POINT('',(113.75269279535,100.17,0.572635182233));
#8703 = VECTOR('',#8704,1.);
#8704 = DIRECTION('',(1.110223024625E-16,1.,0.));
#8705 = ORIENTED_EDGE('',*,*,#7439,.T.);
#8706 = ORIENTED_EDGE('',*,*,#8686,.F.);
#8707 = ORIENTED_EDGE('',*,*,#7330,.F.);
#8708 = PLANE('',#8709);
#8709 = AXIS2_PLACEMENT_3D('',#8710,#8711,#8712);
#8710 = CARTESIAN_POINT('',(113.75269279535,100.17,0.572635182233));
#8711 = DIRECTION('',(-0.987833053268,1.096715000224E-16,-0.155518033909
    ));
#8712 = DIRECTION('',(0.155518033909,-1.726597019897E-17,-0.987833053268
    ));
#8713 = ADVANCED_FACE('',(#8714),#8725,.F.);
#8714 = FACE_BOUND('',#8715,.T.);
#8715 = EDGE_LOOP('',(#8716,#8722,#8723,#8724));
#8716 = ORIENTED_EDGE('',*,*,#8717,.T.);
#8717 = EDGE_CURVE('',#7314,#7423,#8718,.T.);
#8718 = LINE('',#8719,#8720);
#8719 = CARTESIAN_POINT('',(113.85117357065,100.17,0.49));
#8720 = VECTOR('',#8721,1.);
#8721 = DIRECTION('',(1.110223024625E-16,1.,0.));
#8722 = ORIENTED_EDGE('',*,*,#7430,.T.);
#8723 = ORIENTED_EDGE('',*,*,#8700,.F.);
#8724 = ORIENTED_EDGE('',*,*,#7321,.F.);
#8725 = CYLINDRICAL_SURFACE('',#8726,0.1);
#8726 = AXIS2_PLACEMENT_3D('',#8727,#8728,#8729);
#8727 = CARTESIAN_POINT('',(113.85117357065,100.17,0.59));
#8728 = DIRECTION('',(-1.110223024625E-16,-1.,-0.));
#8729 = DIRECTION('',(-2.22044604925E-15,2.465190328815E-31,-1.));
#8730 = ADVANCED_FACE('',(#8731),#8742,.F.);
#8731 = FACE_BOUND('',#8732,.T.);
#8732 = EDGE_LOOP('',(#8733,#8739,#8740,#8741));
#8733 = ORIENTED_EDGE('',*,*,#8734,.T.);
#8734 = EDGE_CURVE('',#7306,#7415,#8735,.T.);
#8735 = LINE('',#8736,#8737);
#8736 = CARTESIAN_POINT('',(114.0115,100.17,0.49));
#8737 = VECTOR('',#8738,1.);
#8738 = DIRECTION('',(1.110223024625E-16,1.,0.));
#8739 = ORIENTED_EDGE('',*,*,#7422,.T.);
#8740 = ORIENTED_EDGE('',*,*,#8717,.F.);
#8741 = ORIENTED_EDGE('',*,*,#7313,.F.);
#8742 = PLANE('',#8743);
#8743 = AXIS2_PLACEMENT_3D('',#8744,#8745,#8746);
#8744 = CARTESIAN_POINT('',(114.0115,100.17,0.49));
#8745 = DIRECTION('',(-0.,-0.,-1.));
#8746 = DIRECTION('',(1.,-1.110223024625E-16,0.));
#8747 = ADVANCED_FACE('',(#8748),#8759,.F.);
#8748 = FACE_BOUND('',#8749,.T.);
#8749 = EDGE_LOOP('',(#8750,#8756,#8757,#8758));
#8750 = ORIENTED_EDGE('',*,*,#8751,.T.);
#8751 = EDGE_CURVE('',#7298,#7407,#8752,.T.);
#8752 = LINE('',#8753,#8754);
#8753 = CARTESIAN_POINT('',(114.0115,100.17,0.34));
#8754 = VECTOR('',#8755,1.);
#8755 = DIRECTION('',(1.110223024625E-16,1.,0.));
#8756 = ORIENTED_EDGE('',*,*,#7414,.T.);
#8757 = ORIENTED_EDGE('',*,*,#8734,.F.);
#8758 = ORIENTED_EDGE('',*,*,#7305,.F.);
#8759 = PLANE('',#8760);
#8760 = AXIS2_PLACEMENT_3D('',#8761,#8762,#8763);
#8761 = CARTESIAN_POINT('',(114.0115,100.17,0.34));
#8762 = DIRECTION('',(-1.,1.110223024625E-16,0.));
#8763 = DIRECTION('',(0.,0.,-1.));
#8764 = ADVANCED_FACE('',(#8765),#8776,.F.);
#8765 = FACE_BOUND('',#8766,.T.);
#8766 = EDGE_LOOP('',(#8767,#8773,#8774,#8775));
#8767 = ORIENTED_EDGE('',*,*,#8768,.T.);
#8768 = EDGE_CURVE('',#7289,#7398,#8769,.T.);
#8769 = LINE('',#8770,#8771);
#8770 = CARTESIAN_POINT('',(113.85117357065,100.17,0.34));
#8771 = VECTOR('',#8772,1.);
#8772 = DIRECTION('',(1.110223024625E-16,1.,0.));
#8773 = ORIENTED_EDGE('',*,*,#7406,.T.);
#8774 = ORIENTED_EDGE('',*,*,#8751,.F.);
#8775 = ORIENTED_EDGE('',*,*,#7297,.F.);
#8776 = PLANE('',#8777);
#8777 = AXIS2_PLACEMENT_3D('',#8778,#8779,#8780);
#8778 = CARTESIAN_POINT('',(113.85117357065,100.17,0.34));
#8779 = DIRECTION('',(0.,0.,1.));
#8780 = DIRECTION('',(-1.,1.110223024625E-16,0.));
#8781 = ADVANCED_FACE('',(#8782),#8793,.T.);
#8782 = FACE_BOUND('',#8783,.F.);
#8783 = EDGE_LOOP('',(#8784,#8785,#8786,#8787));
#8784 = ORIENTED_EDGE('',*,*,#7288,.T.);
#8785 = ORIENTED_EDGE('',*,*,#8768,.T.);
#8786 = ORIENTED_EDGE('',*,*,#7397,.F.);
#8787 = ORIENTED_EDGE('',*,*,#8788,.F.);
#8788 = EDGE_CURVE('',#7281,#7390,#8789,.T.);
#8789 = LINE('',#8790,#8791);
#8790 = CARTESIAN_POINT('',(113.6049716324,100.17,0.546587955583));
#8791 = VECTOR('',#8792,1.);
#8792 = DIRECTION('',(1.110223024625E-16,1.,0.));
#8793 = CYLINDRICAL_SURFACE('',#8794,0.25);
#8794 = AXIS2_PLACEMENT_3D('',#8795,#8796,#8797);
#8795 = CARTESIAN_POINT('',(113.85117357065,100.17,0.59));
#8796 = DIRECTION('',(-1.110223024625E-16,-1.,-0.));
#8797 = DIRECTION('',(-0.984807753012,1.093356242223E-16,-0.173648177667
    ));
#8798 = ADVANCED_FACE('',(#8799),#8805,.F.);
#8799 = FACE_BOUND('',#8800,.T.);
#8800 = EDGE_LOOP('',(#8801,#8802,#8803,#8804));
#8801 = ORIENTED_EDGE('',*,*,#7371,.T.);
#8802 = ORIENTED_EDGE('',*,*,#7389,.T.);
#8803 = ORIENTED_EDGE('',*,*,#8788,.F.);
#8804 = ORIENTED_EDGE('',*,*,#7280,.F.);
#8805 = PLANE('',#8806);
#8806 = AXIS2_PLACEMENT_3D('',#8807,#8808,#8809);
#8807 = CARTESIAN_POINT('',(113.5599807753,100.17,0.832364817767));
#8808 = DIRECTION('',(0.987833053268,-1.096715000224E-16,0.155518033909)
  );
#8809 = DIRECTION('',(-0.155518033909,1.726597019897E-17,0.987833053268)
  );
#8810 = ADVANCED_FACE('',(#8811),#8822,.T.);
#8811 = FACE_BOUND('',#8812,.F.);
#8812 = EDGE_LOOP('',(#8813,#8814,#8815,#8816));
#8813 = ORIENTED_EDGE('',*,*,#7561,.T.);
#8814 = ORIENTED_EDGE('',*,*,#7868,.T.);
#8815 = ORIENTED_EDGE('',*,*,#7670,.F.);
#8816 = ORIENTED_EDGE('',*,*,#8817,.F.);
#8817 = EDGE_CURVE('',#7554,#7663,#8818,.T.);
#8818 = LINE('',#8819,#8820);
#8819 = CARTESIAN_POINT('',(113.70770193825,100.82,0.858412044417));
#8820 = VECTOR('',#8821,1.);
#8821 = DIRECTION('',(1.110223024625E-16,1.,0.));
#8822 = CYLINDRICAL_SURFACE('',#8823,0.25);
#8823 = AXIS2_PLACEMENT_3D('',#8824,#8825,#8826);
#8824 = CARTESIAN_POINT('',(113.4615,100.82,0.815));
#8825 = DIRECTION('',(-1.110223024625E-16,-1.,-0.));
#8826 = DIRECTION('',(0.984807753012,-1.093356242223E-16,0.173648177667)
  );
#8827 = ADVANCED_FACE('',(#8828),#8839,.F.);
#8828 = FACE_BOUND('',#8829,.T.);
#8829 = EDGE_LOOP('',(#8830,#8836,#8837,#8838));
#8830 = ORIENTED_EDGE('',*,*,#8831,.T.);
#8831 = EDGE_CURVE('',#7545,#7654,#8832,.T.);
#8832 = LINE('',#8833,#8834);
#8833 = CARTESIAN_POINT('',(113.75269279535,100.82,0.572635182233));
#8834 = VECTOR('',#8835,1.);
#8835 = DIRECTION('',(1.110223024625E-16,1.,0.));
#8836 = ORIENTED_EDGE('',*,*,#7662,.T.);
#8837 = ORIENTED_EDGE('',*,*,#8817,.F.);
#8838 = ORIENTED_EDGE('',*,*,#7553,.F.);
#8839 = PLANE('',#8840);
#8840 = AXIS2_PLACEMENT_3D('',#8841,#8842,#8843);
#8841 = CARTESIAN_POINT('',(113.75269279535,100.82,0.572635182233));
#8842 = DIRECTION('',(-0.987833053268,1.096715000224E-16,-0.155518033909
    ));
#8843 = DIRECTION('',(0.155518033909,-1.726597019897E-17,-0.987833053268
    ));
#8844 = ADVANCED_FACE('',(#8845),#8856,.F.);
#8845 = FACE_BOUND('',#8846,.T.);
#8846 = EDGE_LOOP('',(#8847,#8853,#8854,#8855));
#8847 = ORIENTED_EDGE('',*,*,#8848,.T.);
#8848 = EDGE_CURVE('',#7537,#7646,#8849,.T.);
#8849 = LINE('',#8850,#8851);
#8850 = CARTESIAN_POINT('',(113.85117357065,100.82,0.49));
#8851 = VECTOR('',#8852,1.);
#8852 = DIRECTION('',(1.110223024625E-16,1.,0.));
#8853 = ORIENTED_EDGE('',*,*,#7653,.T.);
#8854 = ORIENTED_EDGE('',*,*,#8831,.F.);
#8855 = ORIENTED_EDGE('',*,*,#7544,.F.);
#8856 = CYLINDRICAL_SURFACE('',#8857,0.1);
#8857 = AXIS2_PLACEMENT_3D('',#8858,#8859,#8860);
#8858 = CARTESIAN_POINT('',(113.85117357065,100.82,0.59));
#8859 = DIRECTION('',(-1.110223024625E-16,-1.,-0.));
#8860 = DIRECTION('',(-2.22044604925E-15,2.465190328815E-31,-1.));
#8861 = ADVANCED_FACE('',(#8862),#8873,.F.);
#8862 = FACE_BOUND('',#8863,.T.);
#8863 = EDGE_LOOP('',(#8864,#8870,#8871,#8872));
#8864 = ORIENTED_EDGE('',*,*,#8865,.T.);
#8865 = EDGE_CURVE('',#7529,#7638,#8866,.T.);
#8866 = LINE('',#8867,#8868);
#8867 = CARTESIAN_POINT('',(114.0115,100.82,0.49));
#8868 = VECTOR('',#8869,1.);
#8869 = DIRECTION('',(1.110223024625E-16,1.,0.));
#8870 = ORIENTED_EDGE('',*,*,#7645,.T.);
#8871 = ORIENTED_EDGE('',*,*,#8848,.F.);
#8872 = ORIENTED_EDGE('',*,*,#7536,.F.);
#8873 = PLANE('',#8874);
#8874 = AXIS2_PLACEMENT_3D('',#8875,#8876,#8877);
#8875 = CARTESIAN_POINT('',(114.0115,100.82,0.49));
#8876 = DIRECTION('',(-0.,-0.,-1.));
#8877 = DIRECTION('',(1.,-1.110223024625E-16,0.));
#8878 = ADVANCED_FACE('',(#8879),#8890,.F.);
#8879 = FACE_BOUND('',#8880,.T.);
#8880 = EDGE_LOOP('',(#8881,#8887,#8888,#8889));
#8881 = ORIENTED_EDGE('',*,*,#8882,.T.);
#8882 = EDGE_CURVE('',#7521,#7630,#8883,.T.);
#8883 = LINE('',#8884,#8885);
#8884 = CARTESIAN_POINT('',(114.0115,100.82,0.34));
#8885 = VECTOR('',#8886,1.);
#8886 = DIRECTION('',(1.110223024625E-16,1.,0.));
#8887 = ORIENTED_EDGE('',*,*,#7637,.T.);
#8888 = ORIENTED_EDGE('',*,*,#8865,.F.);
#8889 = ORIENTED_EDGE('',*,*,#7528,.F.);
#8890 = PLANE('',#8891);
#8891 = AXIS2_PLACEMENT_3D('',#8892,#8893,#8894);
#8892 = CARTESIAN_POINT('',(114.0115,100.82,0.34));
#8893 = DIRECTION('',(-1.,1.110223024625E-16,0.));
#8894 = DIRECTION('',(0.,0.,-1.));
#8895 = ADVANCED_FACE('',(#8896),#8907,.F.);
#8896 = FACE_BOUND('',#8897,.T.);
#8897 = EDGE_LOOP('',(#8898,#8904,#8905,#8906));
#8898 = ORIENTED_EDGE('',*,*,#8899,.T.);
#8899 = EDGE_CURVE('',#7512,#7621,#8900,.T.);
#8900 = LINE('',#8901,#8902);
#8901 = CARTESIAN_POINT('',(113.85117357065,100.82,0.34));
#8902 = VECTOR('',#8903,1.);
#8903 = DIRECTION('',(1.110223024625E-16,1.,0.));
#8904 = ORIENTED_EDGE('',*,*,#7629,.T.);
#8905 = ORIENTED_EDGE('',*,*,#8882,.F.);
#8906 = ORIENTED_EDGE('',*,*,#7520,.F.);
#8907 = PLANE('',#8908);
#8908 = AXIS2_PLACEMENT_3D('',#8909,#8910,#8911);
#8909 = CARTESIAN_POINT('',(113.85117357065,100.82,0.34));
#8910 = DIRECTION('',(0.,0.,1.));
#8911 = DIRECTION('',(-1.,1.110223024625E-16,0.));
#8912 = ADVANCED_FACE('',(#8913),#8924,.T.);
#8913 = FACE_BOUND('',#8914,.F.);
#8914 = EDGE_LOOP('',(#8915,#8916,#8917,#8918));
#8915 = ORIENTED_EDGE('',*,*,#7511,.T.);
#8916 = ORIENTED_EDGE('',*,*,#8899,.T.);
#8917 = ORIENTED_EDGE('',*,*,#7620,.F.);
#8918 = ORIENTED_EDGE('',*,*,#8919,.F.);
#8919 = EDGE_CURVE('',#7504,#7613,#8920,.T.);
#8920 = LINE('',#8921,#8922);
#8921 = CARTESIAN_POINT('',(113.6049716324,100.82,0.546587955583));
#8922 = VECTOR('',#8923,1.);
#8923 = DIRECTION('',(1.110223024625E-16,1.,0.));
#8924 = CYLINDRICAL_SURFACE('',#8925,0.25);
#8925 = AXIS2_PLACEMENT_3D('',#8926,#8927,#8928);
#8926 = CARTESIAN_POINT('',(113.85117357065,100.82,0.59));
#8927 = DIRECTION('',(-1.110223024625E-16,-1.,-0.));
#8928 = DIRECTION('',(-0.984807753012,1.093356242223E-16,-0.173648177667
    ));
#8929 = ADVANCED_FACE('',(#8930),#8936,.F.);
#8930 = FACE_BOUND('',#8931,.T.);
#8931 = EDGE_LOOP('',(#8932,#8933,#8934,#8935));
#8932 = ORIENTED_EDGE('',*,*,#7594,.T.);
#8933 = ORIENTED_EDGE('',*,*,#7612,.T.);
#8934 = ORIENTED_EDGE('',*,*,#8919,.F.);
#8935 = ORIENTED_EDGE('',*,*,#7503,.F.);
#8936 = PLANE('',#8937);
#8937 = AXIS2_PLACEMENT_3D('',#8938,#8939,#8940);
#8938 = CARTESIAN_POINT('',(113.5599807753,100.82,0.832364817767));
#8939 = DIRECTION('',(0.987833053268,-1.096715000224E-16,0.155518033909)
  );
#8940 = DIRECTION('',(-0.155518033909,1.726597019897E-17,0.987833053268)
  );
#8941 = ADVANCED_FACE('',(#8942),#8945,.F.);
#8942 = FACE_BOUND('',#8943,.F.);
#8943 = EDGE_LOOP('',(#8944));
#8944 = ORIENTED_EDGE('',*,*,#7796,.F.);
#8945 = PLANE('',#8946);
#8946 = AXIS2_PLACEMENT_3D('',#8947,#8948,#8949);
#8947 = CARTESIAN_POINT('',(112.25325689648,99.026756896484,1.54));
#8948 = DIRECTION('',(-0.,-0.,-1.));
#8949 = DIRECTION('',(-1.110223024625E-16,-1.,0.));
#8950 = MANIFOLD_SOLID_BREP('',#8951);
#8951 = CLOSED_SHELL('',(#8952,#9120,#9162,#9314,#9820,#9860,#9884,#9917
    ,#9957,#9981,#10014,#10054,#10078,#10111,#10151,#10175,#10208,#10317
    ,#10421,#10446,#10486,#10510,#10543,#10583,#10607,#10640,#10680,
    #10704,#10737,#10777,#10801,#10834,#10851,#10868,#10885,#10902,
    #10919,#10936,#10953,#10970,#11010,#11034,#11067,#11107,#11131,
    #11164,#11204,#11228,#11261,#11301,#11325,#11358,#11398,#11422,
    #11455,#11495,#11519,#11552,#11592,#11616,#11649,#11689,#11713,
    #11746,#11777,#11801,#11825,#11849,#11866,#11883,#11895,#11912,
    #11924,#11941,#11953,#11970,#11982,#11999,#12016,#12033,#12050,
    #12067,#12084,#12101,#12118,#12127,#12144,#12156,#12173,#12185,
    #12202,#12214,#12231,#12243,#12260,#12272,#12289,#12301,#12318,
    #12330,#12347,#12359,#12376,#12388,#12405,#12417,#12434,#12446,
    #12463,#12475));
#8952 = ADVANCED_FACE('',(#8953),#9115,.F.);
#8953 = FACE_BOUND('',#8954,.T.);
#8954 = EDGE_LOOP('',(#8955,#8965,#8973,#8981,#8989,#8997,#9005,#9013,
    #9021,#9029,#9037,#9045,#9053,#9061,#9069,#9077,#9085,#9093,#9101,
    #9109));
#8955 = ORIENTED_EDGE('',*,*,#8956,.F.);
#8956 = EDGE_CURVE('',#8957,#8959,#8961,.T.);
#8957 = VERTEX_POINT('',#8958);
#8958 = CARTESIAN_POINT('',(113.512499,98.5125,4.544203673205));
#8959 = VERTEX_POINT('',#8960);
#8960 = CARTESIAN_POINT('',(116.487499,98.5125,4.544203673205));
#8961 = LINE('',#8962,#8963);
#8962 = CARTESIAN_POINT('',(113.512499,98.5125,4.544203673205));
#8963 = VECTOR('',#8964,1.);
#8964 = DIRECTION('',(1.,-2.334869823772E-16,1.224646799147E-16));
#8965 = ORIENTED_EDGE('',*,*,#8966,.F.);
#8966 = EDGE_CURVE('',#8967,#8957,#8969,.T.);
#8967 = VERTEX_POINT('',#8968);
#8968 = CARTESIAN_POINT('',(113.512499,98.5125,3.794203673205));
#8969 = LINE('',#8970,#8971);
#8970 = CARTESIAN_POINT('',(113.512499,98.5125,3.794203673205));
#8971 = VECTOR('',#8972,1.);
#8972 = DIRECTION('',(-1.224646799147E-16,-1.224646799147E-16,1.));
#8973 = ORIENTED_EDGE('',*,*,#8974,.T.);
#8974 = EDGE_CURVE('',#8967,#8975,#8977,.T.);
#8975 = VERTEX_POINT('',#8976);
#8976 = CARTESIAN_POINT('',(114.129999,98.5125,3.794203673205));
#8977 = LINE('',#8978,#8979);
#8978 = CARTESIAN_POINT('',(113.512499,98.5125,3.794203673205));
#8979 = VECTOR('',#8980,1.);
#8980 = DIRECTION('',(1.,-2.334869823772E-16,1.224646799147E-16));
#8981 = ORIENTED_EDGE('',*,*,#8982,.T.);
#8982 = EDGE_CURVE('',#8975,#8983,#8985,.T.);
#8983 = VERTEX_POINT('',#8984);
#8984 = CARTESIAN_POINT('',(114.129999,98.5125,3.969203673205));
#8985 = LINE('',#8986,#8987);
#8986 = CARTESIAN_POINT('',(114.129999,98.5125,3.781703673205));
#8987 = VECTOR('',#8988,1.);
#8988 = DIRECTION('',(-1.224646799147E-16,-1.224646799147E-16,1.));
#8989 = ORIENTED_EDGE('',*,*,#8990,.F.);
#8990 = EDGE_CURVE('',#8991,#8983,#8993,.T.);
#8991 = VERTEX_POINT('',#8992);
#8992 = CARTESIAN_POINT('',(114.369999,98.5125,3.969203673205));
#8993 = LINE('',#8994,#8995);
#8994 = CARTESIAN_POINT('',(113.881249,98.5125,3.969203673205));
#8995 = VECTOR('',#8996,1.);
#8996 = DIRECTION('',(-1.,2.334869823772E-16,-1.224646799147E-16));
#8997 = ORIENTED_EDGE('',*,*,#8998,.T.);
#8998 = EDGE_CURVE('',#8991,#8999,#9001,.T.);
#8999 = VERTEX_POINT('',#9000);
#9000 = CARTESIAN_POINT('',(114.369999,98.5125,3.794203673205));
#9001 = LINE('',#9002,#9003);
#9002 = CARTESIAN_POINT('',(114.369999,98.5125,3.781703673205));
#9003 = VECTOR('',#9004,1.);
#9004 = DIRECTION('',(1.224646799147E-16,1.224646799147E-16,-1.));
#9005 = ORIENTED_EDGE('',*,*,#9006,.T.);
#9006 = EDGE_CURVE('',#8999,#9007,#9009,.T.);
#9007 = VERTEX_POINT('',#9008);
#9008 = CARTESIAN_POINT('',(114.629999,98.5125,3.794203673205));
#9009 = LINE('',#9010,#9011);
#9010 = CARTESIAN_POINT('',(113.512499,98.5125,3.794203673205));
#9011 = VECTOR('',#9012,1.);
#9012 = DIRECTION('',(1.,-2.334869823772E-16,1.224646799147E-16));
#9013 = ORIENTED_EDGE('',*,*,#9014,.T.);
#9014 = EDGE_CURVE('',#9007,#9015,#9017,.T.);
#9015 = VERTEX_POINT('',#9016);
#9016 = CARTESIAN_POINT('',(114.629999,98.5125,3.969203673205));
#9017 = LINE('',#9018,#9019);
#9018 = CARTESIAN_POINT('',(114.629999,98.5125,3.781703673205));
#9019 = VECTOR('',#9020,1.);
#9020 = DIRECTION('',(-1.224646799147E-16,-1.224646799147E-16,1.));
#9021 = ORIENTED_EDGE('',*,*,#9022,.F.);
#9022 = EDGE_CURVE('',#9023,#9015,#9025,.T.);
#9023 = VERTEX_POINT('',#9024);
#9024 = CARTESIAN_POINT('',(114.869999,98.5125,3.969203673205));
#9025 = LINE('',#9026,#9027);
#9026 = CARTESIAN_POINT('',(114.131249,98.5125,3.969203673205));
#9027 = VECTOR('',#9028,1.);
#9028 = DIRECTION('',(-1.,2.334869823772E-16,-1.224646799147E-16));
#9029 = ORIENTED_EDGE('',*,*,#9030,.T.);
#9030 = EDGE_CURVE('',#9023,#9031,#9033,.T.);
#9031 = VERTEX_POINT('',#9032);
#9032 = CARTESIAN_POINT('',(114.869999,98.5125,3.794203673205));
#9033 = LINE('',#9034,#9035);
#9034 = CARTESIAN_POINT('',(114.869999,98.5125,3.781703673205));
#9035 = VECTOR('',#9036,1.);
#9036 = DIRECTION('',(1.224646799147E-16,1.224646799147E-16,-1.));
#9037 = ORIENTED_EDGE('',*,*,#9038,.T.);
#9038 = EDGE_CURVE('',#9031,#9039,#9041,.T.);
#9039 = VERTEX_POINT('',#9040);
#9040 = CARTESIAN_POINT('',(115.129999,98.5125,3.794203673205));
#9041 = LINE('',#9042,#9043);
#9042 = CARTESIAN_POINT('',(113.512499,98.5125,3.794203673205));
#9043 = VECTOR('',#9044,1.);
#9044 = DIRECTION('',(1.,-2.334869823772E-16,1.224646799147E-16));
#9045 = ORIENTED_EDGE('',*,*,#9046,.T.);
#9046 = EDGE_CURVE('',#9039,#9047,#9049,.T.);
#9047 = VERTEX_POINT('',#9048);
#9048 = CARTESIAN_POINT('',(115.129999,98.5125,3.969203673205));
#9049 = LINE('',#9050,#9051);
#9050 = CARTESIAN_POINT('',(115.129999,98.5125,3.781703673205));
#9051 = VECTOR('',#9052,1.);
#9052 = DIRECTION('',(-1.224646799147E-16,-1.224646799147E-16,1.));
#9053 = ORIENTED_EDGE('',*,*,#9054,.F.);
#9054 = EDGE_CURVE('',#9055,#9047,#9057,.T.);
#9055 = VERTEX_POINT('',#9056);
#9056 = CARTESIAN_POINT('',(115.369999,98.5125,3.969203673205));
#9057 = LINE('',#9058,#9059);
#9058 = CARTESIAN_POINT('',(114.381249,98.5125,3.969203673205));
#9059 = VECTOR('',#9060,1.);
#9060 = DIRECTION('',(-1.,2.334869823772E-16,-1.224646799147E-16));
#9061 = ORIENTED_EDGE('',*,*,#9062,.T.);
#9062 = EDGE_CURVE('',#9055,#9063,#9065,.T.);
#9063 = VERTEX_POINT('',#9064);
#9064 = CARTESIAN_POINT('',(115.369999,98.5125,3.794203673205));
#9065 = LINE('',#9066,#9067);
#9066 = CARTESIAN_POINT('',(115.369999,98.5125,3.781703673205));
#9067 = VECTOR('',#9068,1.);
#9068 = DIRECTION('',(1.224646799147E-16,1.224646799147E-16,-1.));
#9069 = ORIENTED_EDGE('',*,*,#9070,.T.);
#9070 = EDGE_CURVE('',#9063,#9071,#9073,.T.);
#9071 = VERTEX_POINT('',#9072);
#9072 = CARTESIAN_POINT('',(115.629999,98.5125,3.794203673205));
#9073 = LINE('',#9074,#9075);
#9074 = CARTESIAN_POINT('',(113.512499,98.5125,3.794203673205));
#9075 = VECTOR('',#9076,1.);
#9076 = DIRECTION('',(1.,-2.334869823772E-16,1.224646799147E-16));
#9077 = ORIENTED_EDGE('',*,*,#9078,.T.);
#9078 = EDGE_CURVE('',#9071,#9079,#9081,.T.);
#9079 = VERTEX_POINT('',#9080);
#9080 = CARTESIAN_POINT('',(115.629999,98.5125,3.969203673205));
#9081 = LINE('',#9082,#9083);
#9082 = CARTESIAN_POINT('',(115.629999,98.5125,3.781703673205));
#9083 = VECTOR('',#9084,1.);
#9084 = DIRECTION('',(-1.224646799147E-16,-1.224646799147E-16,1.));
#9085 = ORIENTED_EDGE('',*,*,#9086,.F.);
#9086 = EDGE_CURVE('',#9087,#9079,#9089,.T.);
#9087 = VERTEX_POINT('',#9088);
#9088 = CARTESIAN_POINT('',(115.869999,98.5125,3.969203673205));
#9089 = LINE('',#9090,#9091);
#9090 = CARTESIAN_POINT('',(114.631249,98.5125,3.969203673205));
#9091 = VECTOR('',#9092,1.);
#9092 = DIRECTION('',(-1.,2.334869823772E-16,-1.224646799147E-16));
#9093 = ORIENTED_EDGE('',*,*,#9094,.T.);
#9094 = EDGE_CURVE('',#9087,#9095,#9097,.T.);
#9095 = VERTEX_POINT('',#9096);
#9096 = CARTESIAN_POINT('',(115.869999,98.5125,3.794203673205));
#9097 = LINE('',#9098,#9099);
#9098 = CARTESIAN_POINT('',(115.869999,98.5125,3.781703673205));
#9099 = VECTOR('',#9100,1.);
#9100 = DIRECTION('',(1.224646799147E-16,1.224646799147E-16,-1.));
#9101 = ORIENTED_EDGE('',*,*,#9102,.T.);
#9102 = EDGE_CURVE('',#9095,#9103,#9105,.T.);
#9103 = VERTEX_POINT('',#9104);
#9104 = CARTESIAN_POINT('',(116.487499,98.5125,3.794203673205));
#9105 = LINE('',#9106,#9107);
#9106 = CARTESIAN_POINT('',(113.512499,98.5125,3.794203673205));
#9107 = VECTOR('',#9108,1.);
#9108 = DIRECTION('',(1.,-2.334869823772E-16,1.224646799147E-16));
#9109 = ORIENTED_EDGE('',*,*,#9110,.T.);
#9110 = EDGE_CURVE('',#9103,#8959,#9111,.T.);
#9111 = LINE('',#9112,#9113);
#9112 = CARTESIAN_POINT('',(116.487499,98.5125,3.794203673205));
#9113 = VECTOR('',#9114,1.);
#9114 = DIRECTION('',(-1.224646799147E-16,-1.224646799147E-16,1.));
#9115 = PLANE('',#9116);
#9116 = AXIS2_PLACEMENT_3D('',#9117,#9118,#9119);
#9117 = CARTESIAN_POINT('',(113.512499,98.5125,3.794203673205));
#9118 = DIRECTION('',(2.334869823772E-16,1.,1.224646799147E-16));
#9119 = DIRECTION('',(1.224646799147E-16,1.224646799147E-16,-1.));
#9120 = ADVANCED_FACE('',(#9121,#9146),#9157,.T.);
#9121 = FACE_BOUND('',#9122,.F.);
#9122 = EDGE_LOOP('',(#9123,#9124,#9132,#9140));
#9123 = ORIENTED_EDGE('',*,*,#8956,.F.);
#9124 = ORIENTED_EDGE('',*,*,#9125,.T.);
#9125 = EDGE_CURVE('',#8957,#9126,#9128,.T.);
#9126 = VERTEX_POINT('',#9127);
#9127 = CARTESIAN_POINT('',(113.512499,101.4875,4.544203673205));
#9128 = LINE('',#9129,#9130);
#9129 = CARTESIAN_POINT('',(113.512499,98.5125,4.544203673205));
#9130 = VECTOR('',#9131,1.);
#9131 = DIRECTION('',(2.334869823772E-16,1.,1.224646799147E-16));
#9132 = ORIENTED_EDGE('',*,*,#9133,.T.);
#9133 = EDGE_CURVE('',#9126,#9134,#9136,.T.);
#9134 = VERTEX_POINT('',#9135);
#9135 = CARTESIAN_POINT('',(116.487499,101.4875,4.544203673205));
#9136 = LINE('',#9137,#9138);
#9137 = CARTESIAN_POINT('',(113.512499,101.4875,4.544203673205));
#9138 = VECTOR('',#9139,1.);
#9139 = DIRECTION('',(1.,-2.334869823772E-16,1.224646799147E-16));
#9140 = ORIENTED_EDGE('',*,*,#9141,.F.);
#9141 = EDGE_CURVE('',#8959,#9134,#9142,.T.);
#9142 = LINE('',#9143,#9144);
#9143 = CARTESIAN_POINT('',(116.487499,98.5125,4.544203673205));
#9144 = VECTOR('',#9145,1.);
#9145 = DIRECTION('',(2.334869823772E-16,1.,1.224646799147E-16));
#9146 = FACE_BOUND('',#9147,.F.);
#9147 = EDGE_LOOP('',(#9148));
#9148 = ORIENTED_EDGE('',*,*,#9149,.T.);
#9149 = EDGE_CURVE('',#9150,#9150,#9152,.T.);
#9150 = VERTEX_POINT('',#9151);
#9151 = CARTESIAN_POINT('',(113.999999,99.1,4.544203673205));
#9152 = CIRCLE('',#9153,0.1);
#9153 = AXIS2_PLACEMENT_3D('',#9154,#9155,#9156);
#9154 = CARTESIAN_POINT('',(113.999999,99.,4.544203673205));
#9155 = DIRECTION('',(-1.224646799147E-16,-1.224646799147E-16,1.));
#9156 = DIRECTION('',(2.334869823772E-16,1.,1.224646799147E-16));
#9157 = PLANE('',#9158);
#9158 = AXIS2_PLACEMENT_3D('',#9159,#9160,#9161);
#9159 = CARTESIAN_POINT('',(113.512499,98.5125,4.544203673205));
#9160 = DIRECTION('',(-1.224646799147E-16,-1.224646799147E-16,1.));
#9161 = DIRECTION('',(-2.334869823772E-16,-1.,-1.224646799147E-16));
#9162 = ADVANCED_FACE('',(#9163),#9309,.T.);
#9163 = FACE_BOUND('',#9164,.F.);
#9164 = EDGE_LOOP('',(#9165,#9173,#9174,#9175,#9183,#9191,#9199,#9207,
    #9215,#9223,#9231,#9239,#9247,#9255,#9263,#9271,#9279,#9287,#9295,
    #9303));
#9165 = ORIENTED_EDGE('',*,*,#9166,.F.);
#9166 = EDGE_CURVE('',#9103,#9167,#9169,.T.);
#9167 = VERTEX_POINT('',#9168);
#9168 = CARTESIAN_POINT('',(116.487499,99.13,3.794203673205));
#9169 = LINE('',#9170,#9171);
#9170 = CARTESIAN_POINT('',(116.487499,98.5125,3.794203673205));
#9171 = VECTOR('',#9172,1.);
#9172 = DIRECTION('',(2.334869823772E-16,1.,1.224646799147E-16));
#9173 = ORIENTED_EDGE('',*,*,#9110,.T.);
#9174 = ORIENTED_EDGE('',*,*,#9141,.T.);
#9175 = ORIENTED_EDGE('',*,*,#9176,.F.);
#9176 = EDGE_CURVE('',#9177,#9134,#9179,.T.);
#9177 = VERTEX_POINT('',#9178);
#9178 = CARTESIAN_POINT('',(116.487499,101.4875,3.794203673205));
#9179 = LINE('',#9180,#9181);
#9180 = CARTESIAN_POINT('',(116.487499,101.4875,3.794203673205));
#9181 = VECTOR('',#9182,1.);
#9182 = DIRECTION('',(-1.224646799147E-16,-1.224646799147E-16,1.));
#9183 = ORIENTED_EDGE('',*,*,#9184,.F.);
#9184 = EDGE_CURVE('',#9185,#9177,#9187,.T.);
#9185 = VERTEX_POINT('',#9186);
#9186 = CARTESIAN_POINT('',(116.487499,100.87,3.794203673205));
#9187 = LINE('',#9188,#9189);
#9188 = CARTESIAN_POINT('',(116.487499,98.5125,3.794203673205));
#9189 = VECTOR('',#9190,1.);
#9190 = DIRECTION('',(2.334869823772E-16,1.,1.224646799147E-16));
#9191 = ORIENTED_EDGE('',*,*,#9192,.T.);
#9192 = EDGE_CURVE('',#9185,#9193,#9195,.T.);
#9193 = VERTEX_POINT('',#9194);
#9194 = CARTESIAN_POINT('',(116.487499,100.87,3.969203673205));
#9195 = LINE('',#9196,#9197);
#9196 = CARTESIAN_POINT('',(116.487499,100.87,3.781703673205));
#9197 = VECTOR('',#9198,1.);
#9198 = DIRECTION('',(-1.224646799147E-16,-1.224646799147E-16,1.));
#9199 = ORIENTED_EDGE('',*,*,#9200,.F.);
#9200 = EDGE_CURVE('',#9201,#9193,#9203,.T.);
#9201 = VERTEX_POINT('',#9202);
#9202 = CARTESIAN_POINT('',(116.487499,100.63,3.969203673205));
#9203 = LINE('',#9204,#9205);
#9204 = CARTESIAN_POINT('',(116.487499,99.63125,3.969203673205));
#9205 = VECTOR('',#9206,1.);
#9206 = DIRECTION('',(2.334869823772E-16,1.,1.224646799147E-16));
#9207 = ORIENTED_EDGE('',*,*,#9208,.T.);
#9208 = EDGE_CURVE('',#9201,#9209,#9211,.T.);
#9209 = VERTEX_POINT('',#9210);
#9210 = CARTESIAN_POINT('',(116.487499,100.63,3.794203673205));
#9211 = LINE('',#9212,#9213);
#9212 = CARTESIAN_POINT('',(116.487499,100.63,3.781703673205));
#9213 = VECTOR('',#9214,1.);
#9214 = DIRECTION('',(1.224646799147E-16,1.224646799147E-16,-1.));
#9215 = ORIENTED_EDGE('',*,*,#9216,.F.);
#9216 = EDGE_CURVE('',#9217,#9209,#9219,.T.);
#9217 = VERTEX_POINT('',#9218);
#9218 = CARTESIAN_POINT('',(116.487499,100.37,3.794203673205));
#9219 = LINE('',#9220,#9221);
#9220 = CARTESIAN_POINT('',(116.487499,98.5125,3.794203673205));
#9221 = VECTOR('',#9222,1.);
#9222 = DIRECTION('',(2.334869823772E-16,1.,1.224646799147E-16));
#9223 = ORIENTED_EDGE('',*,*,#9224,.T.);
#9224 = EDGE_CURVE('',#9217,#9225,#9227,.T.);
#9225 = VERTEX_POINT('',#9226);
#9226 = CARTESIAN_POINT('',(116.487499,100.37,3.969203673205));
#9227 = LINE('',#9228,#9229);
#9228 = CARTESIAN_POINT('',(116.487499,100.37,3.781703673205));
#9229 = VECTOR('',#9230,1.);
#9230 = DIRECTION('',(-1.224646799147E-16,-1.224646799147E-16,1.));
#9231 = ORIENTED_EDGE('',*,*,#9232,.F.);
#9232 = EDGE_CURVE('',#9233,#9225,#9235,.T.);
#9233 = VERTEX_POINT('',#9234);
#9234 = CARTESIAN_POINT('',(116.487499,100.13,3.969203673205));
#9235 = LINE('',#9236,#9237);
#9236 = CARTESIAN_POINT('',(116.487499,99.38125,3.969203673205));
#9237 = VECTOR('',#9238,1.);
#9238 = DIRECTION('',(2.334869823772E-16,1.,1.224646799147E-16));
#9239 = ORIENTED_EDGE('',*,*,#9240,.T.);
#9240 = EDGE_CURVE('',#9233,#9241,#9243,.T.);
#9241 = VERTEX_POINT('',#9242);
#9242 = CARTESIAN_POINT('',(116.487499,100.13,3.794203673205));
#9243 = LINE('',#9244,#9245);
#9244 = CARTESIAN_POINT('',(116.487499,100.13,3.781703673205));
#9245 = VECTOR('',#9246,1.);
#9246 = DIRECTION('',(1.224646799147E-16,1.224646799147E-16,-1.));
#9247 = ORIENTED_EDGE('',*,*,#9248,.F.);
#9248 = EDGE_CURVE('',#9249,#9241,#9251,.T.);
#9249 = VERTEX_POINT('',#9250);
#9250 = CARTESIAN_POINT('',(116.487499,99.87,3.794203673205));
#9251 = LINE('',#9252,#9253);
#9252 = CARTESIAN_POINT('',(116.487499,98.5125,3.794203673205));
#9253 = VECTOR('',#9254,1.);
#9254 = DIRECTION('',(2.334869823772E-16,1.,1.224646799147E-16));
#9255 = ORIENTED_EDGE('',*,*,#9256,.T.);
#9256 = EDGE_CURVE('',#9249,#9257,#9259,.T.);
#9257 = VERTEX_POINT('',#9258);
#9258 = CARTESIAN_POINT('',(116.487499,99.87,3.969203673205));
#9259 = LINE('',#9260,#9261);
#9260 = CARTESIAN_POINT('',(116.487499,99.87,3.781703673205));
#9261 = VECTOR('',#9262,1.);
#9262 = DIRECTION('',(-1.224646799147E-16,-1.224646799147E-16,1.));
#9263 = ORIENTED_EDGE('',*,*,#9264,.F.);
#9264 = EDGE_CURVE('',#9265,#9257,#9267,.T.);
#9265 = VERTEX_POINT('',#9266);
#9266 = CARTESIAN_POINT('',(116.487499,99.63,3.969203673205));
#9267 = LINE('',#9268,#9269);
#9268 = CARTESIAN_POINT('',(116.487499,99.13125,3.969203673205));
#9269 = VECTOR('',#9270,1.);
#9270 = DIRECTION('',(2.334869823772E-16,1.,1.224646799147E-16));
#9271 = ORIENTED_EDGE('',*,*,#9272,.T.);
#9272 = EDGE_CURVE('',#9265,#9273,#9275,.T.);
#9273 = VERTEX_POINT('',#9274);
#9274 = CARTESIAN_POINT('',(116.487499,99.63,3.794203673205));
#9275 = LINE('',#9276,#9277);
#9276 = CARTESIAN_POINT('',(116.487499,99.63,3.781703673205));
#9277 = VECTOR('',#9278,1.);
#9278 = DIRECTION('',(1.224646799147E-16,1.224646799147E-16,-1.));
#9279 = ORIENTED_EDGE('',*,*,#9280,.F.);
#9280 = EDGE_CURVE('',#9281,#9273,#9283,.T.);
#9281 = VERTEX_POINT('',#9282);
#9282 = CARTESIAN_POINT('',(116.487499,99.37,3.794203673205));
#9283 = LINE('',#9284,#9285);
#9284 = CARTESIAN_POINT('',(116.487499,98.5125,3.794203673205));
#9285 = VECTOR('',#9286,1.);
#9286 = DIRECTION('',(2.334869823772E-16,1.,1.224646799147E-16));
#9287 = ORIENTED_EDGE('',*,*,#9288,.T.);
#9288 = EDGE_CURVE('',#9281,#9289,#9291,.T.);
#9289 = VERTEX_POINT('',#9290);
#9290 = CARTESIAN_POINT('',(116.487499,99.37,3.969203673205));
#9291 = LINE('',#9292,#9293);
#9292 = CARTESIAN_POINT('',(116.487499,99.37,3.781703673205));
#9293 = VECTOR('',#9294,1.);
#9294 = DIRECTION('',(-1.224646799147E-16,-1.224646799147E-16,1.));
#9295 = ORIENTED_EDGE('',*,*,#9296,.F.);
#9296 = EDGE_CURVE('',#9297,#9289,#9299,.T.);
#9297 = VERTEX_POINT('',#9298);
#9298 = CARTESIAN_POINT('',(116.487499,99.13,3.969203673205));
#9299 = LINE('',#9300,#9301);
#9300 = CARTESIAN_POINT('',(116.487499,98.88125,3.969203673205));
#9301 = VECTOR('',#9302,1.);
#9302 = DIRECTION('',(2.334869823772E-16,1.,1.224646799147E-16));
#9303 = ORIENTED_EDGE('',*,*,#9304,.T.);
#9304 = EDGE_CURVE('',#9297,#9167,#9305,.T.);
#9305 = LINE('',#9306,#9307);
#9306 = CARTESIAN_POINT('',(116.487499,99.13,3.781703673205));
#9307 = VECTOR('',#9308,1.);
#9308 = DIRECTION('',(1.224646799147E-16,1.224646799147E-16,-1.));
#9309 = PLANE('',#9310);
#9310 = AXIS2_PLACEMENT_3D('',#9311,#9312,#9313);
#9311 = CARTESIAN_POINT('',(116.487499,98.5125,3.794203673205));
#9312 = DIRECTION('',(1.,-2.334869823772E-16,1.224646799147E-16));
#9313 = DIRECTION('',(1.224646799147E-16,1.224646799147E-16,-1.));
#9314 = ADVANCED_FACE('',(#9315,#9773),#9815,.F.);
#9315 = FACE_BOUND('',#9316,.T.);
#9316 = EDGE_LOOP('',(#9317,#9318,#9326,#9334,#9342,#9350,#9358,#9366,
    #9374,#9382,#9390,#9398,#9406,#9414,#9422,#9430,#9438,#9446,#9454,
    #9462,#9470,#9478,#9486,#9494,#9502,#9510,#9518,#9526,#9534,#9542,
    #9550,#9558,#9566,#9574,#9582,#9588,#9589,#9597,#9605,#9611,#9612,
    #9620,#9628,#9634,#9635,#9643,#9651,#9657,#9658,#9666,#9674,#9680,
    #9681,#9682,#9690,#9698,#9704,#9705,#9713,#9721,#9727,#9728,#9736,
    #9744,#9750,#9751,#9759,#9767));
#9317 = ORIENTED_EDGE('',*,*,#8974,.F.);
#9318 = ORIENTED_EDGE('',*,*,#9319,.T.);
#9319 = EDGE_CURVE('',#8967,#9320,#9322,.T.);
#9320 = VERTEX_POINT('',#9321);
#9321 = CARTESIAN_POINT('',(113.512499,99.13,3.794203673205));
#9322 = LINE('',#9323,#9324);
#9323 = CARTESIAN_POINT('',(113.512499,98.5125,3.794203673205));
#9324 = VECTOR('',#9325,1.);
#9325 = DIRECTION('',(2.334869823772E-16,1.,1.224646799147E-16));
#9326 = ORIENTED_EDGE('',*,*,#9327,.T.);
#9327 = EDGE_CURVE('',#9320,#9328,#9330,.T.);
#9328 = VERTEX_POINT('',#9329);
#9329 = CARTESIAN_POINT('',(113.899999,99.13,3.794203673205));
#9330 = LINE('',#9331,#9332);
#9331 = CARTESIAN_POINT('',(113.706249,99.13,3.794203673205));
#9332 = VECTOR('',#9333,1.);
#9333 = DIRECTION('',(1.,-2.334869823772E-16,1.224646799147E-16));
#9334 = ORIENTED_EDGE('',*,*,#9335,.T.);
#9335 = EDGE_CURVE('',#9328,#9336,#9338,.T.);
#9336 = VERTEX_POINT('',#9337);
#9337 = CARTESIAN_POINT('',(113.899999,99.37,3.794203673205));
#9338 = LINE('',#9339,#9340);
#9339 = CARTESIAN_POINT('',(113.899999,98.94125,3.794203673205));
#9340 = VECTOR('',#9341,1.);
#9341 = DIRECTION('',(2.334869823772E-16,1.,1.224646799147E-16));
#9342 = ORIENTED_EDGE('',*,*,#9343,.T.);
#9343 = EDGE_CURVE('',#9336,#9344,#9346,.T.);
#9344 = VERTEX_POINT('',#9345);
#9345 = CARTESIAN_POINT('',(113.512499,99.37,3.794203673205));
#9346 = LINE('',#9347,#9348);
#9347 = CARTESIAN_POINT('',(113.506249,99.37,3.794203673205));
#9348 = VECTOR('',#9349,1.);
#9349 = DIRECTION('',(-1.,2.334869823772E-16,-1.224646799147E-16));
#9350 = ORIENTED_EDGE('',*,*,#9351,.T.);
#9351 = EDGE_CURVE('',#9344,#9352,#9354,.T.);
#9352 = VERTEX_POINT('',#9353);
#9353 = CARTESIAN_POINT('',(113.512499,99.63,3.794203673205));
#9354 = LINE('',#9355,#9356);
#9355 = CARTESIAN_POINT('',(113.512499,98.5125,3.794203673205));
#9356 = VECTOR('',#9357,1.);
#9357 = DIRECTION('',(2.334869823772E-16,1.,1.224646799147E-16));
#9358 = ORIENTED_EDGE('',*,*,#9359,.T.);
#9359 = EDGE_CURVE('',#9352,#9360,#9362,.T.);
#9360 = VERTEX_POINT('',#9361);
#9361 = CARTESIAN_POINT('',(113.899999,99.63,3.794203673205));
#9362 = LINE('',#9363,#9364);
#9363 = CARTESIAN_POINT('',(113.706249,99.63,3.794203673205));
#9364 = VECTOR('',#9365,1.);
#9365 = DIRECTION('',(1.,-2.334869823772E-16,1.224646799147E-16));
#9366 = ORIENTED_EDGE('',*,*,#9367,.T.);
#9367 = EDGE_CURVE('',#9360,#9368,#9370,.T.);
#9368 = VERTEX_POINT('',#9369);
#9369 = CARTESIAN_POINT('',(113.899999,99.87,3.794203673205));
#9370 = LINE('',#9371,#9372);
#9371 = CARTESIAN_POINT('',(113.899999,99.19125,3.794203673205));
#9372 = VECTOR('',#9373,1.);
#9373 = DIRECTION('',(2.334869823772E-16,1.,1.224646799147E-16));
#9374 = ORIENTED_EDGE('',*,*,#9375,.T.);
#9375 = EDGE_CURVE('',#9368,#9376,#9378,.T.);
#9376 = VERTEX_POINT('',#9377);
#9377 = CARTESIAN_POINT('',(113.512499,99.87,3.794203673205));
#9378 = LINE('',#9379,#9380);
#9379 = CARTESIAN_POINT('',(113.506249,99.87,3.794203673205));
#9380 = VECTOR('',#9381,1.);
#9381 = DIRECTION('',(-1.,2.334869823772E-16,-1.224646799147E-16));
#9382 = ORIENTED_EDGE('',*,*,#9383,.T.);
#9383 = EDGE_CURVE('',#9376,#9384,#9386,.T.);
#9384 = VERTEX_POINT('',#9385);
#9385 = CARTESIAN_POINT('',(113.512499,100.13,3.794203673205));
#9386 = LINE('',#9387,#9388);
#9387 = CARTESIAN_POINT('',(113.512499,98.5125,3.794203673205));
#9388 = VECTOR('',#9389,1.);
#9389 = DIRECTION('',(2.334869823772E-16,1.,1.224646799147E-16));
#9390 = ORIENTED_EDGE('',*,*,#9391,.T.);
#9391 = EDGE_CURVE('',#9384,#9392,#9394,.T.);
#9392 = VERTEX_POINT('',#9393);
#9393 = CARTESIAN_POINT('',(113.899999,100.13,3.794203673205));
#9394 = LINE('',#9395,#9396);
#9395 = CARTESIAN_POINT('',(113.706249,100.13,3.794203673205));
#9396 = VECTOR('',#9397,1.);
#9397 = DIRECTION('',(1.,-2.334869823772E-16,1.224646799147E-16));
#9398 = ORIENTED_EDGE('',*,*,#9399,.T.);
#9399 = EDGE_CURVE('',#9392,#9400,#9402,.T.);
#9400 = VERTEX_POINT('',#9401);
#9401 = CARTESIAN_POINT('',(113.899999,100.37,3.794203673205));
#9402 = LINE('',#9403,#9404);
#9403 = CARTESIAN_POINT('',(113.899999,99.44125,3.794203673205));
#9404 = VECTOR('',#9405,1.);
#9405 = DIRECTION('',(2.334869823772E-16,1.,1.224646799147E-16));
#9406 = ORIENTED_EDGE('',*,*,#9407,.T.);
#9407 = EDGE_CURVE('',#9400,#9408,#9410,.T.);
#9408 = VERTEX_POINT('',#9409);
#9409 = CARTESIAN_POINT('',(113.512499,100.37,3.794203673205));
#9410 = LINE('',#9411,#9412);
#9411 = CARTESIAN_POINT('',(113.506249,100.37,3.794203673205));
#9412 = VECTOR('',#9413,1.);
#9413 = DIRECTION('',(-1.,2.334869823772E-16,-1.224646799147E-16));
#9414 = ORIENTED_EDGE('',*,*,#9415,.T.);
#9415 = EDGE_CURVE('',#9408,#9416,#9418,.T.);
#9416 = VERTEX_POINT('',#9417);
#9417 = CARTESIAN_POINT('',(113.512499,100.63,3.794203673205));
#9418 = LINE('',#9419,#9420);
#9419 = CARTESIAN_POINT('',(113.512499,98.5125,3.794203673205));
#9420 = VECTOR('',#9421,1.);
#9421 = DIRECTION('',(2.334869823772E-16,1.,1.224646799147E-16));
#9422 = ORIENTED_EDGE('',*,*,#9423,.T.);
#9423 = EDGE_CURVE('',#9416,#9424,#9426,.T.);
#9424 = VERTEX_POINT('',#9425);
#9425 = CARTESIAN_POINT('',(113.899999,100.63,3.794203673205));
#9426 = LINE('',#9427,#9428);
#9427 = CARTESIAN_POINT('',(113.706249,100.63,3.794203673205));
#9428 = VECTOR('',#9429,1.);
#9429 = DIRECTION('',(1.,-2.334869823772E-16,1.224646799147E-16));
#9430 = ORIENTED_EDGE('',*,*,#9431,.T.);
#9431 = EDGE_CURVE('',#9424,#9432,#9434,.T.);
#9432 = VERTEX_POINT('',#9433);
#9433 = CARTESIAN_POINT('',(113.899999,100.87,3.794203673205));
#9434 = LINE('',#9435,#9436);
#9435 = CARTESIAN_POINT('',(113.899999,99.69125,3.794203673205));
#9436 = VECTOR('',#9437,1.);
#9437 = DIRECTION('',(2.334869823772E-16,1.,1.224646799147E-16));
#9438 = ORIENTED_EDGE('',*,*,#9439,.T.);
#9439 = EDGE_CURVE('',#9432,#9440,#9442,.T.);
#9440 = VERTEX_POINT('',#9441);
#9441 = CARTESIAN_POINT('',(113.512499,100.87,3.794203673205));
#9442 = LINE('',#9443,#9444);
#9443 = CARTESIAN_POINT('',(113.506249,100.87,3.794203673205));
#9444 = VECTOR('',#9445,1.);
#9445 = DIRECTION('',(-1.,2.334869823772E-16,-1.224646799147E-16));
#9446 = ORIENTED_EDGE('',*,*,#9447,.T.);
#9447 = EDGE_CURVE('',#9440,#9448,#9450,.T.);
#9448 = VERTEX_POINT('',#9449);
#9449 = CARTESIAN_POINT('',(113.512499,101.4875,3.794203673205));
#9450 = LINE('',#9451,#9452);
#9451 = CARTESIAN_POINT('',(113.512499,98.5125,3.794203673205));
#9452 = VECTOR('',#9453,1.);
#9453 = DIRECTION('',(2.334869823772E-16,1.,1.224646799147E-16));
#9454 = ORIENTED_EDGE('',*,*,#9455,.T.);
#9455 = EDGE_CURVE('',#9448,#9456,#9458,.T.);
#9456 = VERTEX_POINT('',#9457);
#9457 = CARTESIAN_POINT('',(114.129999,101.4875,3.794203673205));
#9458 = LINE('',#9459,#9460);
#9459 = CARTESIAN_POINT('',(113.512499,101.4875,3.794203673205));
#9460 = VECTOR('',#9461,1.);
#9461 = DIRECTION('',(1.,-2.334869823772E-16,1.224646799147E-16));
#9462 = ORIENTED_EDGE('',*,*,#9463,.T.);
#9463 = EDGE_CURVE('',#9456,#9464,#9466,.T.);
#9464 = VERTEX_POINT('',#9465);
#9465 = CARTESIAN_POINT('',(114.129999,101.1,3.794203673205));
#9466 = LINE('',#9467,#9468);
#9467 = CARTESIAN_POINT('',(114.129999,99.80625,3.794203673205));
#9468 = VECTOR('',#9469,1.);
#9469 = DIRECTION('',(-1.339070573669E-16,-1.,-1.224646799147E-16));
#9470 = ORIENTED_EDGE('',*,*,#9471,.T.);
#9471 = EDGE_CURVE('',#9464,#9472,#9474,.T.);
#9472 = VERTEX_POINT('',#9473);
#9473 = CARTESIAN_POINT('',(114.369999,101.1,3.794203673205));
#9474 = LINE('',#9475,#9476);
#9475 = CARTESIAN_POINT('',(113.941249,101.1,3.794203673205));
#9476 = VECTOR('',#9477,1.);
#9477 = DIRECTION('',(1.,-1.339070573669E-16,1.224646799147E-16));
#9478 = ORIENTED_EDGE('',*,*,#9479,.T.);
#9479 = EDGE_CURVE('',#9472,#9480,#9482,.T.);
#9480 = VERTEX_POINT('',#9481);
#9481 = CARTESIAN_POINT('',(114.369999,101.4875,3.794203673205));
#9482 = LINE('',#9483,#9484);
#9483 = CARTESIAN_POINT('',(114.369999,100.00625,3.794203673205));
#9484 = VECTOR('',#9485,1.);
#9485 = DIRECTION('',(1.339070573669E-16,1.,1.224646799147E-16));
#9486 = ORIENTED_EDGE('',*,*,#9487,.T.);
#9487 = EDGE_CURVE('',#9480,#9488,#9490,.T.);
#9488 = VERTEX_POINT('',#9489);
#9489 = CARTESIAN_POINT('',(114.629999,101.4875,3.794203673205));
#9490 = LINE('',#9491,#9492);
#9491 = CARTESIAN_POINT('',(113.512499,101.4875,3.794203673205));
#9492 = VECTOR('',#9493,1.);
#9493 = DIRECTION('',(1.,-2.334869823772E-16,1.224646799147E-16));
#9494 = ORIENTED_EDGE('',*,*,#9495,.T.);
#9495 = EDGE_CURVE('',#9488,#9496,#9498,.T.);
#9496 = VERTEX_POINT('',#9497);
#9497 = CARTESIAN_POINT('',(114.629999,101.1,3.794203673205));
#9498 = LINE('',#9499,#9500);
#9499 = CARTESIAN_POINT('',(114.629999,99.80625,3.794203673205));
#9500 = VECTOR('',#9501,1.);
#9501 = DIRECTION('',(-1.339070573669E-16,-1.,-1.224646799147E-16));
#9502 = ORIENTED_EDGE('',*,*,#9503,.T.);
#9503 = EDGE_CURVE('',#9496,#9504,#9506,.T.);
#9504 = VERTEX_POINT('',#9505);
#9505 = CARTESIAN_POINT('',(114.869999,101.1,3.794203673205));
#9506 = LINE('',#9507,#9508);
#9507 = CARTESIAN_POINT('',(114.191249,101.1,3.794203673205));
#9508 = VECTOR('',#9509,1.);
#9509 = DIRECTION('',(1.,-1.339070573669E-16,1.224646799147E-16));
#9510 = ORIENTED_EDGE('',*,*,#9511,.T.);
#9511 = EDGE_CURVE('',#9504,#9512,#9514,.T.);
#9512 = VERTEX_POINT('',#9513);
#9513 = CARTESIAN_POINT('',(114.869999,101.4875,3.794203673205));
#9514 = LINE('',#9515,#9516);
#9515 = CARTESIAN_POINT('',(114.869999,100.00625,3.794203673205));
#9516 = VECTOR('',#9517,1.);
#9517 = DIRECTION('',(1.339070573669E-16,1.,1.224646799147E-16));
#9518 = ORIENTED_EDGE('',*,*,#9519,.T.);
#9519 = EDGE_CURVE('',#9512,#9520,#9522,.T.);
#9520 = VERTEX_POINT('',#9521);
#9521 = CARTESIAN_POINT('',(115.129999,101.4875,3.794203673205));
#9522 = LINE('',#9523,#9524);
#9523 = CARTESIAN_POINT('',(113.512499,101.4875,3.794203673205));
#9524 = VECTOR('',#9525,1.);
#9525 = DIRECTION('',(1.,-2.334869823772E-16,1.224646799147E-16));
#9526 = ORIENTED_EDGE('',*,*,#9527,.T.);
#9527 = EDGE_CURVE('',#9520,#9528,#9530,.T.);
#9528 = VERTEX_POINT('',#9529);
#9529 = CARTESIAN_POINT('',(115.129999,101.1,3.794203673205));
#9530 = LINE('',#9531,#9532);
#9531 = CARTESIAN_POINT('',(115.129999,99.80625,3.794203673205));
#9532 = VECTOR('',#9533,1.);
#9533 = DIRECTION('',(-1.339070573669E-16,-1.,-1.224646799147E-16));
#9534 = ORIENTED_EDGE('',*,*,#9535,.T.);
#9535 = EDGE_CURVE('',#9528,#9536,#9538,.T.);
#9536 = VERTEX_POINT('',#9537);
#9537 = CARTESIAN_POINT('',(115.369999,101.1,3.794203673205));
#9538 = LINE('',#9539,#9540);
#9539 = CARTESIAN_POINT('',(114.441249,101.1,3.794203673205));
#9540 = VECTOR('',#9541,1.);
#9541 = DIRECTION('',(1.,-1.339070573669E-16,1.224646799147E-16));
#9542 = ORIENTED_EDGE('',*,*,#9543,.T.);
#9543 = EDGE_CURVE('',#9536,#9544,#9546,.T.);
#9544 = VERTEX_POINT('',#9545);
#9545 = CARTESIAN_POINT('',(115.369999,101.4875,3.794203673205));
#9546 = LINE('',#9547,#9548);
#9547 = CARTESIAN_POINT('',(115.369999,100.00625,3.794203673205));
#9548 = VECTOR('',#9549,1.);
#9549 = DIRECTION('',(1.339070573669E-16,1.,1.224646799147E-16));
#9550 = ORIENTED_EDGE('',*,*,#9551,.T.);
#9551 = EDGE_CURVE('',#9544,#9552,#9554,.T.);
#9552 = VERTEX_POINT('',#9553);
#9553 = CARTESIAN_POINT('',(115.629999,101.4875,3.794203673205));
#9554 = LINE('',#9555,#9556);
#9555 = CARTESIAN_POINT('',(113.512499,101.4875,3.794203673205));
#9556 = VECTOR('',#9557,1.);
#9557 = DIRECTION('',(1.,-2.334869823772E-16,1.224646799147E-16));
#9558 = ORIENTED_EDGE('',*,*,#9559,.T.);
#9559 = EDGE_CURVE('',#9552,#9560,#9562,.T.);
#9560 = VERTEX_POINT('',#9561);
#9561 = CARTESIAN_POINT('',(115.629999,101.1,3.794203673205));
#9562 = LINE('',#9563,#9564);
#9563 = CARTESIAN_POINT('',(115.629999,99.80625,3.794203673205));
#9564 = VECTOR('',#9565,1.);
#9565 = DIRECTION('',(-1.339070573669E-16,-1.,-1.224646799147E-16));
#9566 = ORIENTED_EDGE('',*,*,#9567,.T.);
#9567 = EDGE_CURVE('',#9560,#9568,#9570,.T.);
#9568 = VERTEX_POINT('',#9569);
#9569 = CARTESIAN_POINT('',(115.869999,101.1,3.794203673205));
#9570 = LINE('',#9571,#9572);
#9571 = CARTESIAN_POINT('',(114.691249,101.1,3.794203673205));
#9572 = VECTOR('',#9573,1.);
#9573 = DIRECTION('',(1.,-1.339070573669E-16,1.224646799147E-16));
#9574 = ORIENTED_EDGE('',*,*,#9575,.T.);
#9575 = EDGE_CURVE('',#9568,#9576,#9578,.T.);
#9576 = VERTEX_POINT('',#9577);
#9577 = CARTESIAN_POINT('',(115.869999,101.4875,3.794203673205));
#9578 = LINE('',#9579,#9580);
#9579 = CARTESIAN_POINT('',(115.869999,100.00625,3.794203673205));
#9580 = VECTOR('',#9581,1.);
#9581 = DIRECTION('',(1.339070573669E-16,1.,1.224646799147E-16));
#9582 = ORIENTED_EDGE('',*,*,#9583,.T.);
#9583 = EDGE_CURVE('',#9576,#9177,#9584,.T.);
#9584 = LINE('',#9585,#9586);
#9585 = CARTESIAN_POINT('',(113.512499,101.4875,3.794203673205));
#9586 = VECTOR('',#9587,1.);
#9587 = DIRECTION('',(1.,-2.334869823772E-16,1.224646799147E-16));
#9588 = ORIENTED_EDGE('',*,*,#9184,.F.);
#9589 = ORIENTED_EDGE('',*,*,#9590,.T.);
#9590 = EDGE_CURVE('',#9185,#9591,#9593,.T.);
#9591 = VERTEX_POINT('',#9592);
#9592 = CARTESIAN_POINT('',(116.099999,100.87,3.794203673205));
#9593 = LINE('',#9594,#9595);
#9594 = CARTESIAN_POINT('',(114.806249,100.87,3.794203673205));
#9595 = VECTOR('',#9596,1.);
#9596 = DIRECTION('',(-1.,3.55951662292E-16,-1.224646799147E-16));
#9597 = ORIENTED_EDGE('',*,*,#9598,.T.);
#9598 = EDGE_CURVE('',#9591,#9599,#9601,.T.);
#9599 = VERTEX_POINT('',#9600);
#9600 = CARTESIAN_POINT('',(116.099999,100.63,3.794203673205));
#9601 = LINE('',#9602,#9603);
#9602 = CARTESIAN_POINT('',(116.099999,99.57125,3.794203673205));
#9603 = VECTOR('',#9604,1.);
#9604 = DIRECTION('',(-3.55951662292E-16,-1.,-1.224646799147E-16));
#9605 = ORIENTED_EDGE('',*,*,#9606,.T.);
#9606 = EDGE_CURVE('',#9599,#9209,#9607,.T.);
#9607 = LINE('',#9608,#9609);
#9608 = CARTESIAN_POINT('',(115.006249,100.63,3.794203673205));
#9609 = VECTOR('',#9610,1.);
#9610 = DIRECTION('',(1.,-3.55951662292E-16,1.224646799147E-16));
#9611 = ORIENTED_EDGE('',*,*,#9216,.F.);
#9612 = ORIENTED_EDGE('',*,*,#9613,.T.);
#9613 = EDGE_CURVE('',#9217,#9614,#9616,.T.);
#9614 = VERTEX_POINT('',#9615);
#9615 = CARTESIAN_POINT('',(116.099999,100.37,3.794203673205));
#9616 = LINE('',#9617,#9618);
#9617 = CARTESIAN_POINT('',(114.806249,100.37,3.794203673205));
#9618 = VECTOR('',#9619,1.);
#9619 = DIRECTION('',(-1.,3.55951662292E-16,-1.224646799147E-16));
#9620 = ORIENTED_EDGE('',*,*,#9621,.T.);
#9621 = EDGE_CURVE('',#9614,#9622,#9624,.T.);
#9622 = VERTEX_POINT('',#9623);
#9623 = CARTESIAN_POINT('',(116.099999,100.13,3.794203673205));
#9624 = LINE('',#9625,#9626);
#9625 = CARTESIAN_POINT('',(116.099999,99.32125,3.794203673205));
#9626 = VECTOR('',#9627,1.);
#9627 = DIRECTION('',(-3.55951662292E-16,-1.,-1.224646799147E-16));
#9628 = ORIENTED_EDGE('',*,*,#9629,.T.);
#9629 = EDGE_CURVE('',#9622,#9241,#9630,.T.);
#9630 = LINE('',#9631,#9632);
#9631 = CARTESIAN_POINT('',(115.006249,100.13,3.794203673205));
#9632 = VECTOR('',#9633,1.);
#9633 = DIRECTION('',(1.,-3.55951662292E-16,1.224646799147E-16));
#9634 = ORIENTED_EDGE('',*,*,#9248,.F.);
#9635 = ORIENTED_EDGE('',*,*,#9636,.T.);
#9636 = EDGE_CURVE('',#9249,#9637,#9639,.T.);
#9637 = VERTEX_POINT('',#9638);
#9638 = CARTESIAN_POINT('',(116.099999,99.87,3.794203673205));
#9639 = LINE('',#9640,#9641);
#9640 = CARTESIAN_POINT('',(114.806249,99.87,3.794203673205));
#9641 = VECTOR('',#9642,1.);
#9642 = DIRECTION('',(-1.,3.55951662292E-16,-1.224646799147E-16));
#9643 = ORIENTED_EDGE('',*,*,#9644,.T.);
#9644 = EDGE_CURVE('',#9637,#9645,#9647,.T.);
#9645 = VERTEX_POINT('',#9646);
#9646 = CARTESIAN_POINT('',(116.099999,99.63,3.794203673205));
#9647 = LINE('',#9648,#9649);
#9648 = CARTESIAN_POINT('',(116.099999,99.07125,3.794203673205));
#9649 = VECTOR('',#9650,1.);
#9650 = DIRECTION('',(-3.55951662292E-16,-1.,-1.224646799147E-16));
#9651 = ORIENTED_EDGE('',*,*,#9652,.T.);
#9652 = EDGE_CURVE('',#9645,#9273,#9653,.T.);
#9653 = LINE('',#9654,#9655);
#9654 = CARTESIAN_POINT('',(115.006249,99.63,3.794203673205));
#9655 = VECTOR('',#9656,1.);
#9656 = DIRECTION('',(1.,-3.55951662292E-16,1.224646799147E-16));
#9657 = ORIENTED_EDGE('',*,*,#9280,.F.);
#9658 = ORIENTED_EDGE('',*,*,#9659,.T.);
#9659 = EDGE_CURVE('',#9281,#9660,#9662,.T.);
#9660 = VERTEX_POINT('',#9661);
#9661 = CARTESIAN_POINT('',(116.099999,99.37,3.794203673205));
#9662 = LINE('',#9663,#9664);
#9663 = CARTESIAN_POINT('',(114.806249,99.37,3.794203673205));
#9664 = VECTOR('',#9665,1.);
#9665 = DIRECTION('',(-1.,3.55951662292E-16,-1.224646799147E-16));
#9666 = ORIENTED_EDGE('',*,*,#9667,.T.);
#9667 = EDGE_CURVE('',#9660,#9668,#9670,.T.);
#9668 = VERTEX_POINT('',#9669);
#9669 = CARTESIAN_POINT('',(116.099999,99.13,3.794203673205));
#9670 = LINE('',#9671,#9672);
#9671 = CARTESIAN_POINT('',(116.099999,98.82125,3.794203673205));
#9672 = VECTOR('',#9673,1.);
#9673 = DIRECTION('',(-3.55951662292E-16,-1.,-1.224646799147E-16));
#9674 = ORIENTED_EDGE('',*,*,#9675,.T.);
#9675 = EDGE_CURVE('',#9668,#9167,#9676,.T.);
#9676 = LINE('',#9677,#9678);
#9677 = CARTESIAN_POINT('',(115.006249,99.13,3.794203673205));
#9678 = VECTOR('',#9679,1.);
#9679 = DIRECTION('',(1.,-3.55951662292E-16,1.224646799147E-16));
#9680 = ORIENTED_EDGE('',*,*,#9166,.F.);
#9681 = ORIENTED_EDGE('',*,*,#9102,.F.);
#9682 = ORIENTED_EDGE('',*,*,#9683,.T.);
#9683 = EDGE_CURVE('',#9095,#9684,#9686,.T.);
#9684 = VERTEX_POINT('',#9685);
#9685 = CARTESIAN_POINT('',(115.869999,98.9,3.794203673205));
#9686 = LINE('',#9687,#9688);
#9687 = CARTESIAN_POINT('',(115.869999,98.70625,3.794203673205));
#9688 = VECTOR('',#9689,1.);
#9689 = DIRECTION('',(2.449293598294E-16,1.,1.224646799147E-16));
#9690 = ORIENTED_EDGE('',*,*,#9691,.T.);
#9691 = EDGE_CURVE('',#9684,#9692,#9694,.T.);
#9692 = VERTEX_POINT('',#9693);
#9693 = CARTESIAN_POINT('',(115.629999,98.9,3.794203673205));
#9694 = LINE('',#9695,#9696);
#9695 = CARTESIAN_POINT('',(114.571249,98.9,3.794203673205));
#9696 = VECTOR('',#9697,1.);
#9697 = DIRECTION('',(-1.,2.449293598294E-16,-1.224646799147E-16));
#9698 = ORIENTED_EDGE('',*,*,#9699,.T.);
#9699 = EDGE_CURVE('',#9692,#9071,#9700,.T.);
#9700 = LINE('',#9701,#9702);
#9701 = CARTESIAN_POINT('',(115.629999,98.50625,3.794203673205));
#9702 = VECTOR('',#9703,1.);
#9703 = DIRECTION('',(-2.449293598294E-16,-1.,-1.224646799147E-16));
#9704 = ORIENTED_EDGE('',*,*,#9070,.F.);
#9705 = ORIENTED_EDGE('',*,*,#9706,.T.);
#9706 = EDGE_CURVE('',#9063,#9707,#9709,.T.);
#9707 = VERTEX_POINT('',#9708);
#9708 = CARTESIAN_POINT('',(115.369999,98.9,3.794203673205));
#9709 = LINE('',#9710,#9711);
#9710 = CARTESIAN_POINT('',(115.369999,98.70625,3.794203673205));
#9711 = VECTOR('',#9712,1.);
#9712 = DIRECTION('',(2.449293598294E-16,1.,1.224646799147E-16));
#9713 = ORIENTED_EDGE('',*,*,#9714,.T.);
#9714 = EDGE_CURVE('',#9707,#9715,#9717,.T.);
#9715 = VERTEX_POINT('',#9716);
#9716 = CARTESIAN_POINT('',(115.129999,98.9,3.794203673205));
#9717 = LINE('',#9718,#9719);
#9718 = CARTESIAN_POINT('',(114.321249,98.9,3.794203673205));
#9719 = VECTOR('',#9720,1.);
#9720 = DIRECTION('',(-1.,2.449293598294E-16,-1.224646799147E-16));
#9721 = ORIENTED_EDGE('',*,*,#9722,.T.);
#9722 = EDGE_CURVE('',#9715,#9039,#9723,.T.);
#9723 = LINE('',#9724,#9725);
#9724 = CARTESIAN_POINT('',(115.129999,98.50625,3.794203673205));
#9725 = VECTOR('',#9726,1.);
#9726 = DIRECTION('',(-2.449293598294E-16,-1.,-1.224646799147E-16));
#9727 = ORIENTED_EDGE('',*,*,#9038,.F.);
#9728 = ORIENTED_EDGE('',*,*,#9729,.T.);
#9729 = EDGE_CURVE('',#9031,#9730,#9732,.T.);
#9730 = VERTEX_POINT('',#9731);
#9731 = CARTESIAN_POINT('',(114.869999,98.9,3.794203673205));
#9732 = LINE('',#9733,#9734);
#9733 = CARTESIAN_POINT('',(114.869999,98.70625,3.794203673205));
#9734 = VECTOR('',#9735,1.);
#9735 = DIRECTION('',(2.449293598294E-16,1.,1.224646799147E-16));
#9736 = ORIENTED_EDGE('',*,*,#9737,.T.);
#9737 = EDGE_CURVE('',#9730,#9738,#9740,.T.);
#9738 = VERTEX_POINT('',#9739);
#9739 = CARTESIAN_POINT('',(114.629999,98.9,3.794203673205));
#9740 = LINE('',#9741,#9742);
#9741 = CARTESIAN_POINT('',(114.071249,98.9,3.794203673205));
#9742 = VECTOR('',#9743,1.);
#9743 = DIRECTION('',(-1.,2.449293598294E-16,-1.224646799147E-16));
#9744 = ORIENTED_EDGE('',*,*,#9745,.T.);
#9745 = EDGE_CURVE('',#9738,#9007,#9746,.T.);
#9746 = LINE('',#9747,#9748);
#9747 = CARTESIAN_POINT('',(114.629999,98.50625,3.794203673205));
#9748 = VECTOR('',#9749,1.);
#9749 = DIRECTION('',(-2.449293598294E-16,-1.,-1.224646799147E-16));
#9750 = ORIENTED_EDGE('',*,*,#9006,.F.);
#9751 = ORIENTED_EDGE('',*,*,#9752,.T.);
#9752 = EDGE_CURVE('',#8999,#9753,#9755,.T.);
#9753 = VERTEX_POINT('',#9754);
#9754 = CARTESIAN_POINT('',(114.369999,98.9,3.794203673205));
#9755 = LINE('',#9756,#9757);
#9756 = CARTESIAN_POINT('',(114.369999,98.70625,3.794203673205));
#9757 = VECTOR('',#9758,1.);
#9758 = DIRECTION('',(2.449293598294E-16,1.,1.224646799147E-16));
#9759 = ORIENTED_EDGE('',*,*,#9760,.T.);
#9760 = EDGE_CURVE('',#9753,#9761,#9763,.T.);
#9761 = VERTEX_POINT('',#9762);
#9762 = CARTESIAN_POINT('',(114.129999,98.9,3.794203673205));
#9763 = LINE('',#9764,#9765);
#9764 = CARTESIAN_POINT('',(113.821249,98.9,3.794203673205));
#9765 = VECTOR('',#9766,1.);
#9766 = DIRECTION('',(-1.,2.449293598294E-16,-1.224646799147E-16));
#9767 = ORIENTED_EDGE('',*,*,#9768,.T.);
#9768 = EDGE_CURVE('',#9761,#8975,#9769,.T.);
#9769 = LINE('',#9770,#9771);
#9770 = CARTESIAN_POINT('',(114.129999,98.50625,3.794203673205));
#9771 = VECTOR('',#9772,1.);
#9772 = DIRECTION('',(-2.449293598294E-16,-1.,-1.224646799147E-16));
#9773 = FACE_BOUND('',#9774,.T.);
#9774 = EDGE_LOOP('',(#9775,#9785,#9793,#9801,#9809));
#9775 = ORIENTED_EDGE('',*,*,#9776,.T.);
#9776 = EDGE_CURVE('',#9777,#9779,#9781,.T.);
#9777 = VERTEX_POINT('',#9778);
#9778 = CARTESIAN_POINT('',(115.849999,100.85,3.794203673205));
#9779 = VERTEX_POINT('',#9780);
#9780 = CARTESIAN_POINT('',(114.149999,100.85,3.794203673205));
#9781 = LINE('',#9782,#9783);
#9782 = CARTESIAN_POINT('',(113.831249,100.85,3.794203673205));
#9783 = VECTOR('',#9784,1.);
#9784 = DIRECTION('',(-1.,2.987942191199E-16,-1.224646799147E-16));
#9785 = ORIENTED_EDGE('',*,*,#9786,.T.);
#9786 = EDGE_CURVE('',#9779,#9787,#9789,.T.);
#9787 = VERTEX_POINT('',#9788);
#9788 = CARTESIAN_POINT('',(114.149999,99.35,3.794203673205));
#9789 = LINE('',#9790,#9791);
#9790 = CARTESIAN_POINT('',(114.149999,98.93125,3.794203673205));
#9791 = VECTOR('',#9792,1.);
#9792 = DIRECTION('',(-2.334869823772E-16,-1.,-1.224646799147E-16));
#9793 = ORIENTED_EDGE('',*,*,#9794,.T.);
#9794 = EDGE_CURVE('',#9787,#9795,#9797,.T.);
#9795 = VERTEX_POINT('',#9796);
#9796 = CARTESIAN_POINT('',(114.349999,99.15,3.794203673205));
#9797 = LINE('',#9798,#9799);
#9798 = CARTESIAN_POINT('',(114.299999,99.2,3.794203673205));
#9799 = VECTOR('',#9800,1.);
#9800 = DIRECTION('',(0.707106781187,-0.707106781187,2.49723780309E-29)
  );
#9801 = ORIENTED_EDGE('',*,*,#9802,.T.);
#9802 = EDGE_CURVE('',#9795,#9803,#9805,.T.);
#9803 = VERTEX_POINT('',#9804);
#9804 = CARTESIAN_POINT('',(115.849999,99.15,3.794203673205));
#9805 = LINE('',#9806,#9807);
#9806 = CARTESIAN_POINT('',(114.681249,99.15,3.794203673205));
#9807 = VECTOR('',#9808,1.);
#9808 = DIRECTION('',(1.,-2.334869823772E-16,1.224646799147E-16));
#9809 = ORIENTED_EDGE('',*,*,#9810,.T.);
#9810 = EDGE_CURVE('',#9803,#9777,#9811,.T.);
#9811 = LINE('',#9812,#9813);
#9812 = CARTESIAN_POINT('',(115.849999,99.68125,3.794203673205));
#9813 = VECTOR('',#9814,1.);
#9814 = DIRECTION('',(2.334869823772E-16,1.,1.224646799147E-16));
#9815 = PLANE('',#9816);
#9816 = AXIS2_PLACEMENT_3D('',#9817,#9818,#9819);
#9817 = CARTESIAN_POINT('',(113.512499,98.5125,3.794203673205));
#9818 = DIRECTION('',(-1.224646799147E-16,-1.224646799147E-16,1.));
#9819 = DIRECTION('',(-2.334869823772E-16,-1.,-1.224646799147E-16));
#9820 = ADVANCED_FACE('',(#9821),#9855,.F.);
#9821 = FACE_BOUND('',#9822,.T.);
#9822 = EDGE_LOOP('',(#9823,#9833,#9839,#9840,#9841,#9849));
#9823 = ORIENTED_EDGE('',*,*,#9824,.F.);
#9824 = EDGE_CURVE('',#9825,#9827,#9829,.T.);
#9825 = VERTEX_POINT('',#9826);
#9826 = CARTESIAN_POINT('',(115.869999,98.9,3.769203673205));
#9827 = VERTEX_POINT('',#9828);
#9828 = CARTESIAN_POINT('',(115.869999,98.5,3.769203673205));
#9829 = LINE('',#9830,#9831);
#9830 = CARTESIAN_POINT('',(115.869999,98.9,3.769203673205));
#9831 = VECTOR('',#9832,1.);
#9832 = DIRECTION('',(-2.449293598294E-16,-1.,-1.224646799147E-16));
#9833 = ORIENTED_EDGE('',*,*,#9834,.T.);
#9834 = EDGE_CURVE('',#9825,#9684,#9835,.T.);
#9835 = LINE('',#9836,#9837);
#9836 = CARTESIAN_POINT('',(115.869999,98.9,3.769203673205));
#9837 = VECTOR('',#9838,1.);
#9838 = DIRECTION('',(-1.224646799147E-16,-1.224646799147E-16,1.));
#9839 = ORIENTED_EDGE('',*,*,#9683,.F.);
#9840 = ORIENTED_EDGE('',*,*,#9094,.F.);
#9841 = ORIENTED_EDGE('',*,*,#9842,.T.);
#9842 = EDGE_CURVE('',#9087,#9843,#9845,.T.);
#9843 = VERTEX_POINT('',#9844);
#9844 = CARTESIAN_POINT('',(115.869999,98.5,3.969203673205));
#9845 = LINE('',#9846,#9847);
#9846 = CARTESIAN_POINT('',(115.869999,98.9,3.969203673205));
#9847 = VECTOR('',#9848,1.);
#9848 = DIRECTION('',(-2.449293598294E-16,-1.,-1.224646799147E-16));
#9849 = ORIENTED_EDGE('',*,*,#9850,.F.);
#9850 = EDGE_CURVE('',#9827,#9843,#9851,.T.);
#9851 = LINE('',#9852,#9853);
#9852 = CARTESIAN_POINT('',(115.869999,98.5,3.769203673205));
#9853 = VECTOR('',#9854,1.);
#9854 = DIRECTION('',(-1.224646799147E-16,-1.224646799147E-16,1.));
#9855 = PLANE('',#9856);
#9856 = AXIS2_PLACEMENT_3D('',#9857,#9858,#9859);
#9857 = CARTESIAN_POINT('',(115.869999,98.9,3.769203673205));
#9858 = DIRECTION('',(-1.,2.449293598294E-16,-1.224646799147E-16));
#9859 = DIRECTION('',(2.449293598294E-16,1.,1.224646799147E-16));
#9860 = ADVANCED_FACE('',(#9861),#9879,.T.);
#9861 = FACE_BOUND('',#9862,.F.);
#9862 = EDGE_LOOP('',(#9863,#9871,#9877,#9878));
#9863 = ORIENTED_EDGE('',*,*,#9864,.T.);
#9864 = EDGE_CURVE('',#9843,#9865,#9867,.T.);
#9865 = VERTEX_POINT('',#9866);
#9866 = CARTESIAN_POINT('',(115.629999,98.5,3.969203673205));
#9867 = LINE('',#9868,#9869);
#9868 = CARTESIAN_POINT('',(115.869999,98.5,3.969203673205));
#9869 = VECTOR('',#9870,1.);
#9870 = DIRECTION('',(-1.,2.449293598294E-16,-1.224646799147E-16));
#9871 = ORIENTED_EDGE('',*,*,#9872,.T.);
#9872 = EDGE_CURVE('',#9865,#9079,#9873,.T.);
#9873 = LINE('',#9874,#9875);
#9874 = CARTESIAN_POINT('',(115.629999,98.5,3.969203673205));
#9875 = VECTOR('',#9876,1.);
#9876 = DIRECTION('',(2.449293598294E-16,1.,1.224646799147E-16));
#9877 = ORIENTED_EDGE('',*,*,#9086,.F.);
#9878 = ORIENTED_EDGE('',*,*,#9842,.T.);
#9879 = PLANE('',#9880);
#9880 = AXIS2_PLACEMENT_3D('',#9881,#9882,#9883);
#9881 = CARTESIAN_POINT('',(115.749999,98.7,3.969203673205));
#9882 = DIRECTION('',(-1.224646799147E-16,-1.224646799147E-16,1.));
#9883 = DIRECTION('',(1.,-2.449293598294E-16,1.224646799147E-16));
#9884 = ADVANCED_FACE('',(#9885),#9912,.F.);
#9885 = FACE_BOUND('',#9886,.T.);
#9886 = EDGE_LOOP('',(#9887,#9897,#9903,#9904,#9905,#9906));
#9887 = ORIENTED_EDGE('',*,*,#9888,.F.);
#9888 = EDGE_CURVE('',#9889,#9891,#9893,.T.);
#9889 = VERTEX_POINT('',#9890);
#9890 = CARTESIAN_POINT('',(115.629999,98.5,3.769203673205));
#9891 = VERTEX_POINT('',#9892);
#9892 = CARTESIAN_POINT('',(115.629999,98.9,3.769203673205));
#9893 = LINE('',#9894,#9895);
#9894 = CARTESIAN_POINT('',(115.629999,98.5,3.769203673205));
#9895 = VECTOR('',#9896,1.);
#9896 = DIRECTION('',(2.449293598294E-16,1.,1.224646799147E-16));
#9897 = ORIENTED_EDGE('',*,*,#9898,.T.);
#9898 = EDGE_CURVE('',#9889,#9865,#9899,.T.);
#9899 = LINE('',#9900,#9901);
#9900 = CARTESIAN_POINT('',(115.629999,98.5,3.769203673205));
#9901 = VECTOR('',#9902,1.);
#9902 = DIRECTION('',(-1.224646799147E-16,-1.224646799147E-16,1.));
#9903 = ORIENTED_EDGE('',*,*,#9872,.T.);
#9904 = ORIENTED_EDGE('',*,*,#9078,.F.);
#9905 = ORIENTED_EDGE('',*,*,#9699,.F.);
#9906 = ORIENTED_EDGE('',*,*,#9907,.F.);
#9907 = EDGE_CURVE('',#9891,#9692,#9908,.T.);
#9908 = LINE('',#9909,#9910);
#9909 = CARTESIAN_POINT('',(115.629999,98.9,3.769203673205));
#9910 = VECTOR('',#9911,1.);
#9911 = DIRECTION('',(-1.224646799147E-16,-1.224646799147E-16,1.));
#9912 = PLANE('',#9913);
#9913 = AXIS2_PLACEMENT_3D('',#9914,#9915,#9916);
#9914 = CARTESIAN_POINT('',(115.629999,98.5,3.769203673205));
#9915 = DIRECTION('',(1.,-2.449293598294E-16,1.224646799147E-16));
#9916 = DIRECTION('',(-2.449293598294E-16,-1.,-1.224646799147E-16));
#9917 = ADVANCED_FACE('',(#9918),#9952,.F.);
#9918 = FACE_BOUND('',#9919,.T.);
#9919 = EDGE_LOOP('',(#9920,#9930,#9936,#9937,#9938,#9946));
#9920 = ORIENTED_EDGE('',*,*,#9921,.F.);
#9921 = EDGE_CURVE('',#9922,#9924,#9926,.T.);
#9922 = VERTEX_POINT('',#9923);
#9923 = CARTESIAN_POINT('',(115.369999,98.9,3.769203673205));
#9924 = VERTEX_POINT('',#9925);
#9925 = CARTESIAN_POINT('',(115.369999,98.5,3.769203673205));
#9926 = LINE('',#9927,#9928);
#9927 = CARTESIAN_POINT('',(115.369999,98.9,3.769203673205));
#9928 = VECTOR('',#9929,1.);
#9929 = DIRECTION('',(-2.449293598294E-16,-1.,-1.224646799147E-16));
#9930 = ORIENTED_EDGE('',*,*,#9931,.T.);
#9931 = EDGE_CURVE('',#9922,#9707,#9932,.T.);
#9932 = LINE('',#9933,#9934);
#9933 = CARTESIAN_POINT('',(115.369999,98.9,3.769203673205));
#9934 = VECTOR('',#9935,1.);
#9935 = DIRECTION('',(-1.224646799147E-16,-1.224646799147E-16,1.));
#9936 = ORIENTED_EDGE('',*,*,#9706,.F.);
#9937 = ORIENTED_EDGE('',*,*,#9062,.F.);
#9938 = ORIENTED_EDGE('',*,*,#9939,.T.);
#9939 = EDGE_CURVE('',#9055,#9940,#9942,.T.);
#9940 = VERTEX_POINT('',#9941);
#9941 = CARTESIAN_POINT('',(115.369999,98.5,3.969203673205));
#9942 = LINE('',#9943,#9944);
#9943 = CARTESIAN_POINT('',(115.369999,98.9,3.969203673205));
#9944 = VECTOR('',#9945,1.);
#9945 = DIRECTION('',(-2.449293598294E-16,-1.,-1.224646799147E-16));
#9946 = ORIENTED_EDGE('',*,*,#9947,.F.);
#9947 = EDGE_CURVE('',#9924,#9940,#9948,.T.);
#9948 = LINE('',#9949,#9950);
#9949 = CARTESIAN_POINT('',(115.369999,98.5,3.769203673205));
#9950 = VECTOR('',#9951,1.);
#9951 = DIRECTION('',(-1.224646799147E-16,-1.224646799147E-16,1.));
#9952 = PLANE('',#9953);
#9953 = AXIS2_PLACEMENT_3D('',#9954,#9955,#9956);
#9954 = CARTESIAN_POINT('',(115.369999,98.9,3.769203673205));
#9955 = DIRECTION('',(-1.,2.449293598294E-16,-1.224646799147E-16));
#9956 = DIRECTION('',(2.449293598294E-16,1.,1.224646799147E-16));
#9957 = ADVANCED_FACE('',(#9958),#9976,.T.);
#9958 = FACE_BOUND('',#9959,.F.);
#9959 = EDGE_LOOP('',(#9960,#9968,#9974,#9975));
#9960 = ORIENTED_EDGE('',*,*,#9961,.T.);
#9961 = EDGE_CURVE('',#9940,#9962,#9964,.T.);
#9962 = VERTEX_POINT('',#9963);
#9963 = CARTESIAN_POINT('',(115.129999,98.5,3.969203673205));
#9964 = LINE('',#9965,#9966);
#9965 = CARTESIAN_POINT('',(115.369999,98.5,3.969203673205));
#9966 = VECTOR('',#9967,1.);
#9967 = DIRECTION('',(-1.,2.449293598294E-16,-1.224646799147E-16));
#9968 = ORIENTED_EDGE('',*,*,#9969,.T.);
#9969 = EDGE_CURVE('',#9962,#9047,#9970,.T.);
#9970 = LINE('',#9971,#9972);
#9971 = CARTESIAN_POINT('',(115.129999,98.5,3.969203673205));
#9972 = VECTOR('',#9973,1.);
#9973 = DIRECTION('',(2.449293598294E-16,1.,1.224646799147E-16));
#9974 = ORIENTED_EDGE('',*,*,#9054,.F.);
#9975 = ORIENTED_EDGE('',*,*,#9939,.T.);
#9976 = PLANE('',#9977);
#9977 = AXIS2_PLACEMENT_3D('',#9978,#9979,#9980);
#9978 = CARTESIAN_POINT('',(115.249999,98.7,3.969203673205));
#9979 = DIRECTION('',(-1.224646799147E-16,-1.224646799147E-16,1.));
#9980 = DIRECTION('',(1.,-2.449293598294E-16,1.224646799147E-16));
#9981 = ADVANCED_FACE('',(#9982),#10009,.F.);
#9982 = FACE_BOUND('',#9983,.T.);
#9983 = EDGE_LOOP('',(#9984,#9994,#10000,#10001,#10002,#10003));
#9984 = ORIENTED_EDGE('',*,*,#9985,.F.);
#9985 = EDGE_CURVE('',#9986,#9988,#9990,.T.);
#9986 = VERTEX_POINT('',#9987);
#9987 = CARTESIAN_POINT('',(115.129999,98.5,3.769203673205));
#9988 = VERTEX_POINT('',#9989);
#9989 = CARTESIAN_POINT('',(115.129999,98.9,3.769203673205));
#9990 = LINE('',#9991,#9992);
#9991 = CARTESIAN_POINT('',(115.129999,98.5,3.769203673205));
#9992 = VECTOR('',#9993,1.);
#9993 = DIRECTION('',(2.449293598294E-16,1.,1.224646799147E-16));
#9994 = ORIENTED_EDGE('',*,*,#9995,.T.);
#9995 = EDGE_CURVE('',#9986,#9962,#9996,.T.);
#9996 = LINE('',#9997,#9998);
#9997 = CARTESIAN_POINT('',(115.129999,98.5,3.769203673205));
#9998 = VECTOR('',#9999,1.);
#9999 = DIRECTION('',(-1.224646799147E-16,-1.224646799147E-16,1.));
#10000 = ORIENTED_EDGE('',*,*,#9969,.T.);
#10001 = ORIENTED_EDGE('',*,*,#9046,.F.);
#10002 = ORIENTED_EDGE('',*,*,#9722,.F.);
#10003 = ORIENTED_EDGE('',*,*,#10004,.F.);
#10004 = EDGE_CURVE('',#9988,#9715,#10005,.T.);
#10005 = LINE('',#10006,#10007);
#10006 = CARTESIAN_POINT('',(115.129999,98.9,3.769203673205));
#10007 = VECTOR('',#10008,1.);
#10008 = DIRECTION('',(-1.224646799147E-16,-1.224646799147E-16,1.));
#10009 = PLANE('',#10010);
#10010 = AXIS2_PLACEMENT_3D('',#10011,#10012,#10013);
#10011 = CARTESIAN_POINT('',(115.129999,98.5,3.769203673205));
#10012 = DIRECTION('',(1.,-2.449293598294E-16,1.224646799147E-16));
#10013 = DIRECTION('',(-2.449293598294E-16,-1.,-1.224646799147E-16));
#10014 = ADVANCED_FACE('',(#10015),#10049,.F.);
#10015 = FACE_BOUND('',#10016,.T.);
#10016 = EDGE_LOOP('',(#10017,#10027,#10033,#10034,#10035,#10043));
#10017 = ORIENTED_EDGE('',*,*,#10018,.F.);
#10018 = EDGE_CURVE('',#10019,#10021,#10023,.T.);
#10019 = VERTEX_POINT('',#10020);
#10020 = CARTESIAN_POINT('',(114.869999,98.9,3.769203673205));
#10021 = VERTEX_POINT('',#10022);
#10022 = CARTESIAN_POINT('',(114.869999,98.5,3.769203673205));
#10023 = LINE('',#10024,#10025);
#10024 = CARTESIAN_POINT('',(114.869999,98.9,3.769203673205));
#10025 = VECTOR('',#10026,1.);
#10026 = DIRECTION('',(-2.449293598294E-16,-1.,-1.224646799147E-16));
#10027 = ORIENTED_EDGE('',*,*,#10028,.T.);
#10028 = EDGE_CURVE('',#10019,#9730,#10029,.T.);
#10029 = LINE('',#10030,#10031);
#10030 = CARTESIAN_POINT('',(114.869999,98.9,3.769203673205));
#10031 = VECTOR('',#10032,1.);
#10032 = DIRECTION('',(-1.224646799147E-16,-1.224646799147E-16,1.));
#10033 = ORIENTED_EDGE('',*,*,#9729,.F.);
#10034 = ORIENTED_EDGE('',*,*,#9030,.F.);
#10035 = ORIENTED_EDGE('',*,*,#10036,.T.);
#10036 = EDGE_CURVE('',#9023,#10037,#10039,.T.);
#10037 = VERTEX_POINT('',#10038);
#10038 = CARTESIAN_POINT('',(114.869999,98.5,3.969203673205));
#10039 = LINE('',#10040,#10041);
#10040 = CARTESIAN_POINT('',(114.869999,98.9,3.969203673205));
#10041 = VECTOR('',#10042,1.);
#10042 = DIRECTION('',(-2.449293598294E-16,-1.,-1.224646799147E-16));
#10043 = ORIENTED_EDGE('',*,*,#10044,.F.);
#10044 = EDGE_CURVE('',#10021,#10037,#10045,.T.);
#10045 = LINE('',#10046,#10047);
#10046 = CARTESIAN_POINT('',(114.869999,98.5,3.769203673205));
#10047 = VECTOR('',#10048,1.);
#10048 = DIRECTION('',(-1.224646799147E-16,-1.224646799147E-16,1.));
#10049 = PLANE('',#10050);
#10050 = AXIS2_PLACEMENT_3D('',#10051,#10052,#10053);
#10051 = CARTESIAN_POINT('',(114.869999,98.9,3.769203673205));
#10052 = DIRECTION('',(-1.,2.449293598294E-16,-1.224646799147E-16));
#10053 = DIRECTION('',(2.449293598294E-16,1.,1.224646799147E-16));
#10054 = ADVANCED_FACE('',(#10055),#10073,.T.);
#10055 = FACE_BOUND('',#10056,.F.);
#10056 = EDGE_LOOP('',(#10057,#10065,#10071,#10072));
#10057 = ORIENTED_EDGE('',*,*,#10058,.T.);
#10058 = EDGE_CURVE('',#10037,#10059,#10061,.T.);
#10059 = VERTEX_POINT('',#10060);
#10060 = CARTESIAN_POINT('',(114.629999,98.5,3.969203673205));
#10061 = LINE('',#10062,#10063);
#10062 = CARTESIAN_POINT('',(114.869999,98.5,3.969203673205));
#10063 = VECTOR('',#10064,1.);
#10064 = DIRECTION('',(-1.,2.449293598294E-16,-1.224646799147E-16));
#10065 = ORIENTED_EDGE('',*,*,#10066,.T.);
#10066 = EDGE_CURVE('',#10059,#9015,#10067,.T.);
#10067 = LINE('',#10068,#10069);
#10068 = CARTESIAN_POINT('',(114.629999,98.5,3.969203673205));
#10069 = VECTOR('',#10070,1.);
#10070 = DIRECTION('',(2.449293598294E-16,1.,1.224646799147E-16));
#10071 = ORIENTED_EDGE('',*,*,#9022,.F.);
#10072 = ORIENTED_EDGE('',*,*,#10036,.T.);
#10073 = PLANE('',#10074);
#10074 = AXIS2_PLACEMENT_3D('',#10075,#10076,#10077);
#10075 = CARTESIAN_POINT('',(114.749999,98.7,3.969203673205));
#10076 = DIRECTION('',(-1.224646799147E-16,-1.224646799147E-16,1.));
#10077 = DIRECTION('',(1.,-2.449293598294E-16,1.224646799147E-16));
#10078 = ADVANCED_FACE('',(#10079),#10106,.F.);
#10079 = FACE_BOUND('',#10080,.T.);
#10080 = EDGE_LOOP('',(#10081,#10091,#10097,#10098,#10099,#10100));
#10081 = ORIENTED_EDGE('',*,*,#10082,.F.);
#10082 = EDGE_CURVE('',#10083,#10085,#10087,.T.);
#10083 = VERTEX_POINT('',#10084);
#10084 = CARTESIAN_POINT('',(114.629999,98.5,3.769203673205));
#10085 = VERTEX_POINT('',#10086);
#10086 = CARTESIAN_POINT('',(114.629999,98.9,3.769203673205));
#10087 = LINE('',#10088,#10089);
#10088 = CARTESIAN_POINT('',(114.629999,98.5,3.769203673205));
#10089 = VECTOR('',#10090,1.);
#10090 = DIRECTION('',(2.449293598294E-16,1.,1.224646799147E-16));
#10091 = ORIENTED_EDGE('',*,*,#10092,.T.);
#10092 = EDGE_CURVE('',#10083,#10059,#10093,.T.);
#10093 = LINE('',#10094,#10095);
#10094 = CARTESIAN_POINT('',(114.629999,98.5,3.769203673205));
#10095 = VECTOR('',#10096,1.);
#10096 = DIRECTION('',(-1.224646799147E-16,-1.224646799147E-16,1.));
#10097 = ORIENTED_EDGE('',*,*,#10066,.T.);
#10098 = ORIENTED_EDGE('',*,*,#9014,.F.);
#10099 = ORIENTED_EDGE('',*,*,#9745,.F.);
#10100 = ORIENTED_EDGE('',*,*,#10101,.F.);
#10101 = EDGE_CURVE('',#10085,#9738,#10102,.T.);
#10102 = LINE('',#10103,#10104);
#10103 = CARTESIAN_POINT('',(114.629999,98.9,3.769203673205));
#10104 = VECTOR('',#10105,1.);
#10105 = DIRECTION('',(-1.224646799147E-16,-1.224646799147E-16,1.));
#10106 = PLANE('',#10107);
#10107 = AXIS2_PLACEMENT_3D('',#10108,#10109,#10110);
#10108 = CARTESIAN_POINT('',(114.629999,98.5,3.769203673205));
#10109 = DIRECTION('',(1.,-2.449293598294E-16,1.224646799147E-16));
#10110 = DIRECTION('',(-2.449293598294E-16,-1.,-1.224646799147E-16));
#10111 = ADVANCED_FACE('',(#10112),#10146,.F.);
#10112 = FACE_BOUND('',#10113,.T.);
#10113 = EDGE_LOOP('',(#10114,#10124,#10130,#10131,#10132,#10140));
#10114 = ORIENTED_EDGE('',*,*,#10115,.F.);
#10115 = EDGE_CURVE('',#10116,#10118,#10120,.T.);
#10116 = VERTEX_POINT('',#10117);
#10117 = CARTESIAN_POINT('',(114.369999,98.9,3.769203673205));
#10118 = VERTEX_POINT('',#10119);
#10119 = CARTESIAN_POINT('',(114.369999,98.5,3.769203673205));
#10120 = LINE('',#10121,#10122);
#10121 = CARTESIAN_POINT('',(114.369999,98.9,3.769203673205));
#10122 = VECTOR('',#10123,1.);
#10123 = DIRECTION('',(-2.449293598294E-16,-1.,-1.224646799147E-16));
#10124 = ORIENTED_EDGE('',*,*,#10125,.T.);
#10125 = EDGE_CURVE('',#10116,#9753,#10126,.T.);
#10126 = LINE('',#10127,#10128);
#10127 = CARTESIAN_POINT('',(114.369999,98.9,3.769203673205));
#10128 = VECTOR('',#10129,1.);
#10129 = DIRECTION('',(-1.224646799147E-16,-1.224646799147E-16,1.));
#10130 = ORIENTED_EDGE('',*,*,#9752,.F.);
#10131 = ORIENTED_EDGE('',*,*,#8998,.F.);
#10132 = ORIENTED_EDGE('',*,*,#10133,.T.);
#10133 = EDGE_CURVE('',#8991,#10134,#10136,.T.);
#10134 = VERTEX_POINT('',#10135);
#10135 = CARTESIAN_POINT('',(114.369999,98.5,3.969203673205));
#10136 = LINE('',#10137,#10138);
#10137 = CARTESIAN_POINT('',(114.369999,98.9,3.969203673205));
#10138 = VECTOR('',#10139,1.);
#10139 = DIRECTION('',(-2.449293598294E-16,-1.,-1.224646799147E-16));
#10140 = ORIENTED_EDGE('',*,*,#10141,.F.);
#10141 = EDGE_CURVE('',#10118,#10134,#10142,.T.);
#10142 = LINE('',#10143,#10144);
#10143 = CARTESIAN_POINT('',(114.369999,98.5,3.769203673205));
#10144 = VECTOR('',#10145,1.);
#10145 = DIRECTION('',(-1.224646799147E-16,-1.224646799147E-16,1.));
#10146 = PLANE('',#10147);
#10147 = AXIS2_PLACEMENT_3D('',#10148,#10149,#10150);
#10148 = CARTESIAN_POINT('',(114.369999,98.9,3.769203673205));
#10149 = DIRECTION('',(-1.,2.449293598294E-16,-1.224646799147E-16));
#10150 = DIRECTION('',(2.449293598294E-16,1.,1.224646799147E-16));
#10151 = ADVANCED_FACE('',(#10152),#10170,.T.);
#10152 = FACE_BOUND('',#10153,.F.);
#10153 = EDGE_LOOP('',(#10154,#10162,#10168,#10169));
#10154 = ORIENTED_EDGE('',*,*,#10155,.T.);
#10155 = EDGE_CURVE('',#10134,#10156,#10158,.T.);
#10156 = VERTEX_POINT('',#10157);
#10157 = CARTESIAN_POINT('',(114.129999,98.5,3.969203673205));
#10158 = LINE('',#10159,#10160);
#10159 = CARTESIAN_POINT('',(114.369999,98.5,3.969203673205));
#10160 = VECTOR('',#10161,1.);
#10161 = DIRECTION('',(-1.,2.449293598294E-16,-1.224646799147E-16));
#10162 = ORIENTED_EDGE('',*,*,#10163,.T.);
#10163 = EDGE_CURVE('',#10156,#8983,#10164,.T.);
#10164 = LINE('',#10165,#10166);
#10165 = CARTESIAN_POINT('',(114.129999,98.5,3.969203673205));
#10166 = VECTOR('',#10167,1.);
#10167 = DIRECTION('',(2.449293598294E-16,1.,1.224646799147E-16));
#10168 = ORIENTED_EDGE('',*,*,#8990,.F.);
#10169 = ORIENTED_EDGE('',*,*,#10133,.T.);
#10170 = PLANE('',#10171);
#10171 = AXIS2_PLACEMENT_3D('',#10172,#10173,#10174);
#10172 = CARTESIAN_POINT('',(114.249999,98.7,3.969203673205));
#10173 = DIRECTION('',(-1.224646799147E-16,-1.224646799147E-16,1.));
#10174 = DIRECTION('',(1.,-2.449293598294E-16,1.224646799147E-16));
#10175 = ADVANCED_FACE('',(#10176),#10203,.F.);
#10176 = FACE_BOUND('',#10177,.T.);
#10177 = EDGE_LOOP('',(#10178,#10188,#10194,#10195,#10196,#10197));
#10178 = ORIENTED_EDGE('',*,*,#10179,.F.);
#10179 = EDGE_CURVE('',#10180,#10182,#10184,.T.);
#10180 = VERTEX_POINT('',#10181);
#10181 = CARTESIAN_POINT('',(114.129999,98.5,3.769203673205));
#10182 = VERTEX_POINT('',#10183);
#10183 = CARTESIAN_POINT('',(114.129999,98.9,3.769203673205));
#10184 = LINE('',#10185,#10186);
#10185 = CARTESIAN_POINT('',(114.129999,98.5,3.769203673205));
#10186 = VECTOR('',#10187,1.);
#10187 = DIRECTION('',(2.449293598294E-16,1.,1.224646799147E-16));
#10188 = ORIENTED_EDGE('',*,*,#10189,.T.);
#10189 = EDGE_CURVE('',#10180,#10156,#10190,.T.);
#10190 = LINE('',#10191,#10192);
#10191 = CARTESIAN_POINT('',(114.129999,98.5,3.769203673205));
#10192 = VECTOR('',#10193,1.);
#10193 = DIRECTION('',(-1.224646799147E-16,-1.224646799147E-16,1.));
#10194 = ORIENTED_EDGE('',*,*,#10163,.T.);
#10195 = ORIENTED_EDGE('',*,*,#8982,.F.);
#10196 = ORIENTED_EDGE('',*,*,#9768,.F.);
#10197 = ORIENTED_EDGE('',*,*,#10198,.F.);
#10198 = EDGE_CURVE('',#10182,#9761,#10199,.T.);
#10199 = LINE('',#10200,#10201);
#10200 = CARTESIAN_POINT('',(114.129999,98.9,3.769203673205));
#10201 = VECTOR('',#10202,1.);
#10202 = DIRECTION('',(-1.224646799147E-16,-1.224646799147E-16,1.));
#10203 = PLANE('',#10204);
#10204 = AXIS2_PLACEMENT_3D('',#10205,#10206,#10207);
#10205 = CARTESIAN_POINT('',(114.129999,98.5,3.769203673205));
#10206 = DIRECTION('',(1.,-2.449293598294E-16,1.224646799147E-16));
#10207 = DIRECTION('',(-2.449293598294E-16,-1.,-1.224646799147E-16));
#10208 = ADVANCED_FACE('',(#10209),#10312,.F.);
#10209 = FACE_BOUND('',#10210,.T.);
#10210 = EDGE_LOOP('',(#10211,#10212,#10213,#10214,#10220,#10221,#10229,
    #10237,#10243,#10244,#10252,#10260,#10266,#10267,#10275,#10283,
    #10289,#10290,#10298,#10306));
#10211 = ORIENTED_EDGE('',*,*,#9319,.F.);
#10212 = ORIENTED_EDGE('',*,*,#8966,.T.);
#10213 = ORIENTED_EDGE('',*,*,#9125,.T.);
#10214 = ORIENTED_EDGE('',*,*,#10215,.F.);
#10215 = EDGE_CURVE('',#9448,#9126,#10216,.T.);
#10216 = LINE('',#10217,#10218);
#10217 = CARTESIAN_POINT('',(113.512499,101.4875,3.794203673205));
#10218 = VECTOR('',#10219,1.);
#10219 = DIRECTION('',(-1.224646799147E-16,-1.224646799147E-16,1.));
#10220 = ORIENTED_EDGE('',*,*,#9447,.F.);
#10221 = ORIENTED_EDGE('',*,*,#10222,.T.);
#10222 = EDGE_CURVE('',#9440,#10223,#10225,.T.);
#10223 = VERTEX_POINT('',#10224);
#10224 = CARTESIAN_POINT('',(113.512499,100.87,3.969203673205));
#10225 = LINE('',#10226,#10227);
#10226 = CARTESIAN_POINT('',(113.512499,100.87,3.781703673205));
#10227 = VECTOR('',#10228,1.);
#10228 = DIRECTION('',(-1.224646799147E-16,-1.224646799147E-16,1.));
#10229 = ORIENTED_EDGE('',*,*,#10230,.F.);
#10230 = EDGE_CURVE('',#10231,#10223,#10233,.T.);
#10231 = VERTEX_POINT('',#10232);
#10232 = CARTESIAN_POINT('',(113.512499,100.63,3.969203673205));
#10233 = LINE('',#10234,#10235);
#10234 = CARTESIAN_POINT('',(113.512499,99.63125,3.969203673205));
#10235 = VECTOR('',#10236,1.);
#10236 = DIRECTION('',(2.334869823772E-16,1.,1.224646799147E-16));
#10237 = ORIENTED_EDGE('',*,*,#10238,.T.);
#10238 = EDGE_CURVE('',#10231,#9416,#10239,.T.);
#10239 = LINE('',#10240,#10241);
#10240 = CARTESIAN_POINT('',(113.512499,100.63,3.781703673205));
#10241 = VECTOR('',#10242,1.);
#10242 = DIRECTION('',(1.224646799147E-16,1.224646799147E-16,-1.));
#10243 = ORIENTED_EDGE('',*,*,#9415,.F.);
#10244 = ORIENTED_EDGE('',*,*,#10245,.T.);
#10245 = EDGE_CURVE('',#9408,#10246,#10248,.T.);
#10246 = VERTEX_POINT('',#10247);
#10247 = CARTESIAN_POINT('',(113.512499,100.37,3.969203673205));
#10248 = LINE('',#10249,#10250);
#10249 = CARTESIAN_POINT('',(113.512499,100.37,3.781703673205));
#10250 = VECTOR('',#10251,1.);
#10251 = DIRECTION('',(-1.224646799147E-16,-1.224646799147E-16,1.));
#10252 = ORIENTED_EDGE('',*,*,#10253,.F.);
#10253 = EDGE_CURVE('',#10254,#10246,#10256,.T.);
#10254 = VERTEX_POINT('',#10255);
#10255 = CARTESIAN_POINT('',(113.512499,100.13,3.969203673205));
#10256 = LINE('',#10257,#10258);
#10257 = CARTESIAN_POINT('',(113.512499,99.38125,3.969203673205));
#10258 = VECTOR('',#10259,1.);
#10259 = DIRECTION('',(2.334869823772E-16,1.,1.224646799147E-16));
#10260 = ORIENTED_EDGE('',*,*,#10261,.T.);
#10261 = EDGE_CURVE('',#10254,#9384,#10262,.T.);
#10262 = LINE('',#10263,#10264);
#10263 = CARTESIAN_POINT('',(113.512499,100.13,3.781703673205));
#10264 = VECTOR('',#10265,1.);
#10265 = DIRECTION('',(1.224646799147E-16,1.224646799147E-16,-1.));
#10266 = ORIENTED_EDGE('',*,*,#9383,.F.);
#10267 = ORIENTED_EDGE('',*,*,#10268,.T.);
#10268 = EDGE_CURVE('',#9376,#10269,#10271,.T.);
#10269 = VERTEX_POINT('',#10270);
#10270 = CARTESIAN_POINT('',(113.512499,99.87,3.969203673205));
#10271 = LINE('',#10272,#10273);
#10272 = CARTESIAN_POINT('',(113.512499,99.87,3.781703673205));
#10273 = VECTOR('',#10274,1.);
#10274 = DIRECTION('',(-1.224646799147E-16,-1.224646799147E-16,1.));
#10275 = ORIENTED_EDGE('',*,*,#10276,.F.);
#10276 = EDGE_CURVE('',#10277,#10269,#10279,.T.);
#10277 = VERTEX_POINT('',#10278);
#10278 = CARTESIAN_POINT('',(113.512499,99.63,3.969203673205));
#10279 = LINE('',#10280,#10281);
#10280 = CARTESIAN_POINT('',(113.512499,99.13125,3.969203673205));
#10281 = VECTOR('',#10282,1.);
#10282 = DIRECTION('',(2.334869823772E-16,1.,1.224646799147E-16));
#10283 = ORIENTED_EDGE('',*,*,#10284,.T.);
#10284 = EDGE_CURVE('',#10277,#9352,#10285,.T.);
#10285 = LINE('',#10286,#10287);
#10286 = CARTESIAN_POINT('',(113.512499,99.63,3.781703673205));
#10287 = VECTOR('',#10288,1.);
#10288 = DIRECTION('',(1.224646799147E-16,1.224646799147E-16,-1.));
#10289 = ORIENTED_EDGE('',*,*,#9351,.F.);
#10290 = ORIENTED_EDGE('',*,*,#10291,.T.);
#10291 = EDGE_CURVE('',#9344,#10292,#10294,.T.);
#10292 = VERTEX_POINT('',#10293);
#10293 = CARTESIAN_POINT('',(113.512499,99.37,3.969203673205));
#10294 = LINE('',#10295,#10296);
#10295 = CARTESIAN_POINT('',(113.512499,99.37,3.781703673205));
#10296 = VECTOR('',#10297,1.);
#10297 = DIRECTION('',(-1.224646799147E-16,-1.224646799147E-16,1.));
#10298 = ORIENTED_EDGE('',*,*,#10299,.F.);
#10299 = EDGE_CURVE('',#10300,#10292,#10302,.T.);
#10300 = VERTEX_POINT('',#10301);
#10301 = CARTESIAN_POINT('',(113.512499,99.13,3.969203673205));
#10302 = LINE('',#10303,#10304);
#10303 = CARTESIAN_POINT('',(113.512499,98.88125,3.969203673205));
#10304 = VECTOR('',#10305,1.);
#10305 = DIRECTION('',(2.334869823772E-16,1.,1.224646799147E-16));
#10306 = ORIENTED_EDGE('',*,*,#10307,.T.);
#10307 = EDGE_CURVE('',#10300,#9320,#10308,.T.);
#10308 = LINE('',#10309,#10310);
#10309 = CARTESIAN_POINT('',(113.512499,99.13,3.781703673205));
#10310 = VECTOR('',#10311,1.);
#10311 = DIRECTION('',(1.224646799147E-16,1.224646799147E-16,-1.));
#10312 = PLANE('',#10313);
#10313 = AXIS2_PLACEMENT_3D('',#10314,#10315,#10316);
#10314 = CARTESIAN_POINT('',(113.512499,98.5125,3.794203673205));
#10315 = DIRECTION('',(1.,-2.334869823772E-16,1.224646799147E-16));
#10316 = DIRECTION('',(1.224646799147E-16,1.224646799147E-16,-1.));
#10317 = ADVANCED_FACE('',(#10318),#10416,.T.);
#10318 = FACE_BOUND('',#10319,.F.);
#10319 = EDGE_LOOP('',(#10320,#10321,#10322,#10323,#10331,#10339,#10345,
    #10346,#10354,#10362,#10368,#10369,#10377,#10385,#10391,#10392,
    #10400,#10408,#10414,#10415));
#10320 = ORIENTED_EDGE('',*,*,#9133,.F.);
#10321 = ORIENTED_EDGE('',*,*,#10215,.F.);
#10322 = ORIENTED_EDGE('',*,*,#9455,.T.);
#10323 = ORIENTED_EDGE('',*,*,#10324,.T.);
#10324 = EDGE_CURVE('',#9456,#10325,#10327,.T.);
#10325 = VERTEX_POINT('',#10326);
#10326 = CARTESIAN_POINT('',(114.129999,101.4875,3.969203673205));
#10327 = LINE('',#10328,#10329);
#10328 = CARTESIAN_POINT('',(114.129999,101.4875,3.781703673205));
#10329 = VECTOR('',#10330,1.);
#10330 = DIRECTION('',(-1.224646799147E-16,-1.224646799147E-16,1.));
#10331 = ORIENTED_EDGE('',*,*,#10332,.F.);
#10332 = EDGE_CURVE('',#10333,#10325,#10335,.T.);
#10333 = VERTEX_POINT('',#10334);
#10334 = CARTESIAN_POINT('',(114.369999,101.4875,3.969203673205));
#10335 = LINE('',#10336,#10337);
#10336 = CARTESIAN_POINT('',(113.881249,101.4875,3.969203673205));
#10337 = VECTOR('',#10338,1.);
#10338 = DIRECTION('',(-1.,2.334869823772E-16,-1.224646799147E-16));
#10339 = ORIENTED_EDGE('',*,*,#10340,.T.);
#10340 = EDGE_CURVE('',#10333,#9480,#10341,.T.);
#10341 = LINE('',#10342,#10343);
#10342 = CARTESIAN_POINT('',(114.369999,101.4875,3.781703673205));
#10343 = VECTOR('',#10344,1.);
#10344 = DIRECTION('',(1.224646799147E-16,1.224646799147E-16,-1.));
#10345 = ORIENTED_EDGE('',*,*,#9487,.T.);
#10346 = ORIENTED_EDGE('',*,*,#10347,.T.);
#10347 = EDGE_CURVE('',#9488,#10348,#10350,.T.);
#10348 = VERTEX_POINT('',#10349);
#10349 = CARTESIAN_POINT('',(114.629999,101.4875,3.969203673205));
#10350 = LINE('',#10351,#10352);
#10351 = CARTESIAN_POINT('',(114.629999,101.4875,3.781703673205));
#10352 = VECTOR('',#10353,1.);
#10353 = DIRECTION('',(-1.224646799147E-16,-1.224646799147E-16,1.));
#10354 = ORIENTED_EDGE('',*,*,#10355,.F.);
#10355 = EDGE_CURVE('',#10356,#10348,#10358,.T.);
#10356 = VERTEX_POINT('',#10357);
#10357 = CARTESIAN_POINT('',(114.869999,101.4875,3.969203673205));
#10358 = LINE('',#10359,#10360);
#10359 = CARTESIAN_POINT('',(114.131249,101.4875,3.969203673205));
#10360 = VECTOR('',#10361,1.);
#10361 = DIRECTION('',(-1.,2.334869823772E-16,-1.224646799147E-16));
#10362 = ORIENTED_EDGE('',*,*,#10363,.T.);
#10363 = EDGE_CURVE('',#10356,#9512,#10364,.T.);
#10364 = LINE('',#10365,#10366);
#10365 = CARTESIAN_POINT('',(114.869999,101.4875,3.781703673205));
#10366 = VECTOR('',#10367,1.);
#10367 = DIRECTION('',(1.224646799147E-16,1.224646799147E-16,-1.));
#10368 = ORIENTED_EDGE('',*,*,#9519,.T.);
#10369 = ORIENTED_EDGE('',*,*,#10370,.T.);
#10370 = EDGE_CURVE('',#9520,#10371,#10373,.T.);
#10371 = VERTEX_POINT('',#10372);
#10372 = CARTESIAN_POINT('',(115.129999,101.4875,3.969203673205));
#10373 = LINE('',#10374,#10375);
#10374 = CARTESIAN_POINT('',(115.129999,101.4875,3.781703673205));
#10375 = VECTOR('',#10376,1.);
#10376 = DIRECTION('',(-1.224646799147E-16,-1.224646799147E-16,1.));
#10377 = ORIENTED_EDGE('',*,*,#10378,.F.);
#10378 = EDGE_CURVE('',#10379,#10371,#10381,.T.);
#10379 = VERTEX_POINT('',#10380);
#10380 = CARTESIAN_POINT('',(115.369999,101.4875,3.969203673205));
#10381 = LINE('',#10382,#10383);
#10382 = CARTESIAN_POINT('',(114.381249,101.4875,3.969203673205));
#10383 = VECTOR('',#10384,1.);
#10384 = DIRECTION('',(-1.,2.334869823772E-16,-1.224646799147E-16));
#10385 = ORIENTED_EDGE('',*,*,#10386,.T.);
#10386 = EDGE_CURVE('',#10379,#9544,#10387,.T.);
#10387 = LINE('',#10388,#10389);
#10388 = CARTESIAN_POINT('',(115.369999,101.4875,3.781703673205));
#10389 = VECTOR('',#10390,1.);
#10390 = DIRECTION('',(1.224646799147E-16,1.224646799147E-16,-1.));
#10391 = ORIENTED_EDGE('',*,*,#9551,.T.);
#10392 = ORIENTED_EDGE('',*,*,#10393,.T.);
#10393 = EDGE_CURVE('',#9552,#10394,#10396,.T.);
#10394 = VERTEX_POINT('',#10395);
#10395 = CARTESIAN_POINT('',(115.629999,101.4875,3.969203673205));
#10396 = LINE('',#10397,#10398);
#10397 = CARTESIAN_POINT('',(115.629999,101.4875,3.781703673205));
#10398 = VECTOR('',#10399,1.);
#10399 = DIRECTION('',(-1.224646799147E-16,-1.224646799147E-16,1.));
#10400 = ORIENTED_EDGE('',*,*,#10401,.F.);
#10401 = EDGE_CURVE('',#10402,#10394,#10404,.T.);
#10402 = VERTEX_POINT('',#10403);
#10403 = CARTESIAN_POINT('',(115.869999,101.4875,3.969203673205));
#10404 = LINE('',#10405,#10406);
#10405 = CARTESIAN_POINT('',(114.631249,101.4875,3.969203673205));
#10406 = VECTOR('',#10407,1.);
#10407 = DIRECTION('',(-1.,2.334869823772E-16,-1.224646799147E-16));
#10408 = ORIENTED_EDGE('',*,*,#10409,.T.);
#10409 = EDGE_CURVE('',#10402,#9576,#10410,.T.);
#10410 = LINE('',#10411,#10412);
#10411 = CARTESIAN_POINT('',(115.869999,101.4875,3.781703673205));
#10412 = VECTOR('',#10413,1.);
#10413 = DIRECTION('',(1.224646799147E-16,1.224646799147E-16,-1.));
#10414 = ORIENTED_EDGE('',*,*,#9583,.T.);
#10415 = ORIENTED_EDGE('',*,*,#9176,.T.);
#10416 = PLANE('',#10417);
#10417 = AXIS2_PLACEMENT_3D('',#10418,#10419,#10420);
#10418 = CARTESIAN_POINT('',(113.512499,101.4875,3.794203673205));
#10419 = DIRECTION('',(2.334869823772E-16,1.,1.224646799147E-16));
#10420 = DIRECTION('',(1.224646799147E-16,1.224646799147E-16,-1.));
#10421 = ADVANCED_FACE('',(#10422),#10441,.T.);
#10422 = FACE_BOUND('',#10423,.F.);
#10423 = EDGE_LOOP('',(#10424,#10432,#10439,#10440));
#10424 = ORIENTED_EDGE('',*,*,#10425,.F.);
#10425 = EDGE_CURVE('',#10426,#9150,#10428,.T.);
#10426 = VERTEX_POINT('',#10427);
#10427 = CARTESIAN_POINT('',(113.999999,99.1,4.554203673205));
#10428 = LINE('',#10429,#10430);
#10429 = CARTESIAN_POINT('',(113.999999,99.1,4.554203673205));
#10430 = VECTOR('',#10431,1.);
#10431 = DIRECTION('',(1.224646799147E-16,1.224646799147E-16,-1.));
#10432 = ORIENTED_EDGE('',*,*,#10433,.T.);
#10433 = EDGE_CURVE('',#10426,#10426,#10434,.T.);
#10434 = CIRCLE('',#10435,0.1);
#10435 = AXIS2_PLACEMENT_3D('',#10436,#10437,#10438);
#10436 = CARTESIAN_POINT('',(113.999999,99.,4.554203673205));
#10437 = DIRECTION('',(-1.224646799147E-16,-1.224646799147E-16,1.));
#10438 = DIRECTION('',(2.334869823772E-16,1.,1.224646799147E-16));
#10439 = ORIENTED_EDGE('',*,*,#10425,.T.);
#10440 = ORIENTED_EDGE('',*,*,#9149,.F.);
#10441 = CYLINDRICAL_SURFACE('',#10442,0.1);
#10442 = AXIS2_PLACEMENT_3D('',#10443,#10444,#10445);
#10443 = CARTESIAN_POINT('',(113.999999,99.,4.554203673205));
#10444 = DIRECTION('',(1.224646799147E-16,1.224646799147E-16,-1.));
#10445 = DIRECTION('',(2.334869823772E-16,1.,1.224646799147E-16));
#10446 = ADVANCED_FACE('',(#10447),#10481,.F.);
#10447 = FACE_BOUND('',#10448,.T.);
#10448 = EDGE_LOOP('',(#10449,#10459,#10467,#10473,#10474,#10475));
#10449 = ORIENTED_EDGE('',*,*,#10450,.F.);
#10450 = EDGE_CURVE('',#10451,#10453,#10455,.T.);
#10451 = VERTEX_POINT('',#10452);
#10452 = CARTESIAN_POINT('',(116.499999,99.13,3.769203673205));
#10453 = VERTEX_POINT('',#10454);
#10454 = CARTESIAN_POINT('',(116.099999,99.13,3.769203673205));
#10455 = LINE('',#10456,#10457);
#10456 = CARTESIAN_POINT('',(116.499999,99.13,3.769203673205));
#10457 = VECTOR('',#10458,1.);
#10458 = DIRECTION('',(-1.,3.55951662292E-16,-1.224646799147E-16));
#10459 = ORIENTED_EDGE('',*,*,#10460,.T.);
#10460 = EDGE_CURVE('',#10451,#10461,#10463,.T.);
#10461 = VERTEX_POINT('',#10462);
#10462 = CARTESIAN_POINT('',(116.499999,99.13,3.969203673205));
#10463 = LINE('',#10464,#10465);
#10464 = CARTESIAN_POINT('',(116.499999,99.13,3.769203673205));
#10465 = VECTOR('',#10466,1.);
#10466 = DIRECTION('',(-1.224646799147E-16,-1.224646799147E-16,1.));
#10467 = ORIENTED_EDGE('',*,*,#10468,.T.);
#10468 = EDGE_CURVE('',#10461,#9297,#10469,.T.);
#10469 = LINE('',#10470,#10471);
#10470 = CARTESIAN_POINT('',(116.499999,99.13,3.969203673205));
#10471 = VECTOR('',#10472,1.);
#10472 = DIRECTION('',(-1.,3.55951662292E-16,-1.224646799147E-16));
#10473 = ORIENTED_EDGE('',*,*,#9304,.T.);
#10474 = ORIENTED_EDGE('',*,*,#9675,.F.);
#10475 = ORIENTED_EDGE('',*,*,#10476,.F.);
#10476 = EDGE_CURVE('',#10453,#9668,#10477,.T.);
#10477 = LINE('',#10478,#10479);
#10478 = CARTESIAN_POINT('',(116.099999,99.13,3.769203673205));
#10479 = VECTOR('',#10480,1.);
#10480 = DIRECTION('',(-1.224646799147E-16,-1.224646799147E-16,1.));
#10481 = PLANE('',#10482);
#10482 = AXIS2_PLACEMENT_3D('',#10483,#10484,#10485);
#10483 = CARTESIAN_POINT('',(116.499999,99.13,3.769203673205));
#10484 = DIRECTION('',(3.55951662292E-16,1.,1.224646799147E-16));
#10485 = DIRECTION('',(1.,-3.55951662292E-16,1.224646799147E-16));
#10486 = ADVANCED_FACE('',(#10487),#10505,.T.);
#10487 = FACE_BOUND('',#10488,.F.);
#10488 = EDGE_LOOP('',(#10489,#10497,#10498,#10499));
#10489 = ORIENTED_EDGE('',*,*,#10490,.T.);
#10490 = EDGE_CURVE('',#10491,#10461,#10493,.T.);
#10491 = VERTEX_POINT('',#10492);
#10492 = CARTESIAN_POINT('',(116.499999,99.37,3.969203673205));
#10493 = LINE('',#10494,#10495);
#10494 = CARTESIAN_POINT('',(116.499999,99.37,3.969203673205));
#10495 = VECTOR('',#10496,1.);
#10496 = DIRECTION('',(-3.55951662292E-16,-1.,-1.224646799147E-16));
#10497 = ORIENTED_EDGE('',*,*,#10468,.T.);
#10498 = ORIENTED_EDGE('',*,*,#9296,.T.);
#10499 = ORIENTED_EDGE('',*,*,#10500,.T.);
#10500 = EDGE_CURVE('',#9289,#10491,#10501,.T.);
#10501 = LINE('',#10502,#10503);
#10502 = CARTESIAN_POINT('',(116.099999,99.37,3.969203673205));
#10503 = VECTOR('',#10504,1.);
#10504 = DIRECTION('',(1.,-3.55951662292E-16,1.224646799147E-16));
#10505 = PLANE('',#10506);
#10506 = AXIS2_PLACEMENT_3D('',#10507,#10508,#10509);
#10507 = CARTESIAN_POINT('',(116.299999,99.25,3.969203673205));
#10508 = DIRECTION('',(-1.224646799147E-16,-1.224646799147E-16,1.));
#10509 = DIRECTION('',(3.55951662292E-16,1.,1.224646799147E-16));
#10510 = ADVANCED_FACE('',(#10511),#10538,.F.);
#10511 = FACE_BOUND('',#10512,.T.);
#10512 = EDGE_LOOP('',(#10513,#10523,#10529,#10530,#10531,#10532));
#10513 = ORIENTED_EDGE('',*,*,#10514,.F.);
#10514 = EDGE_CURVE('',#10515,#10517,#10519,.T.);
#10515 = VERTEX_POINT('',#10516);
#10516 = CARTESIAN_POINT('',(116.099999,99.37,3.769203673205));
#10517 = VERTEX_POINT('',#10518);
#10518 = CARTESIAN_POINT('',(116.499999,99.37,3.769203673205));
#10519 = LINE('',#10520,#10521);
#10520 = CARTESIAN_POINT('',(116.099999,99.37,3.769203673205));
#10521 = VECTOR('',#10522,1.);
#10522 = DIRECTION('',(1.,-3.55951662292E-16,1.224646799147E-16));
#10523 = ORIENTED_EDGE('',*,*,#10524,.T.);
#10524 = EDGE_CURVE('',#10515,#9660,#10525,.T.);
#10525 = LINE('',#10526,#10527);
#10526 = CARTESIAN_POINT('',(116.099999,99.37,3.769203673205));
#10527 = VECTOR('',#10528,1.);
#10528 = DIRECTION('',(-1.224646799147E-16,-1.224646799147E-16,1.));
#10529 = ORIENTED_EDGE('',*,*,#9659,.F.);
#10530 = ORIENTED_EDGE('',*,*,#9288,.T.);
#10531 = ORIENTED_EDGE('',*,*,#10500,.T.);
#10532 = ORIENTED_EDGE('',*,*,#10533,.F.);
#10533 = EDGE_CURVE('',#10517,#10491,#10534,.T.);
#10534 = LINE('',#10535,#10536);
#10535 = CARTESIAN_POINT('',(116.499999,99.37,3.769203673205));
#10536 = VECTOR('',#10537,1.);
#10537 = DIRECTION('',(-1.224646799147E-16,-1.224646799147E-16,1.));
#10538 = PLANE('',#10539);
#10539 = AXIS2_PLACEMENT_3D('',#10540,#10541,#10542);
#10540 = CARTESIAN_POINT('',(116.099999,99.37,3.769203673205));
#10541 = DIRECTION('',(-3.55951662292E-16,-1.,-1.224646799147E-16));
#10542 = DIRECTION('',(-1.,3.55951662292E-16,-1.224646799147E-16));
#10543 = ADVANCED_FACE('',(#10544),#10578,.F.);
#10544 = FACE_BOUND('',#10545,.T.);
#10545 = EDGE_LOOP('',(#10546,#10556,#10564,#10570,#10571,#10572));
#10546 = ORIENTED_EDGE('',*,*,#10547,.F.);
#10547 = EDGE_CURVE('',#10548,#10550,#10552,.T.);
#10548 = VERTEX_POINT('',#10549);
#10549 = CARTESIAN_POINT('',(116.499999,99.63,3.769203673205));
#10550 = VERTEX_POINT('',#10551);
#10551 = CARTESIAN_POINT('',(116.099999,99.63,3.769203673205));
#10552 = LINE('',#10553,#10554);
#10553 = CARTESIAN_POINT('',(116.499999,99.63,3.769203673205));
#10554 = VECTOR('',#10555,1.);
#10555 = DIRECTION('',(-1.,3.55951662292E-16,-1.224646799147E-16));
#10556 = ORIENTED_EDGE('',*,*,#10557,.T.);
#10557 = EDGE_CURVE('',#10548,#10558,#10560,.T.);
#10558 = VERTEX_POINT('',#10559);
#10559 = CARTESIAN_POINT('',(116.499999,99.63,3.969203673205));
#10560 = LINE('',#10561,#10562);
#10561 = CARTESIAN_POINT('',(116.499999,99.63,3.769203673205));
#10562 = VECTOR('',#10563,1.);
#10563 = DIRECTION('',(-1.224646799147E-16,-1.224646799147E-16,1.));
#10564 = ORIENTED_EDGE('',*,*,#10565,.T.);
#10565 = EDGE_CURVE('',#10558,#9265,#10566,.T.);
#10566 = LINE('',#10567,#10568);
#10567 = CARTESIAN_POINT('',(116.499999,99.63,3.969203673205));
#10568 = VECTOR('',#10569,1.);
#10569 = DIRECTION('',(-1.,3.55951662292E-16,-1.224646799147E-16));
#10570 = ORIENTED_EDGE('',*,*,#9272,.T.);
#10571 = ORIENTED_EDGE('',*,*,#9652,.F.);
#10572 = ORIENTED_EDGE('',*,*,#10573,.F.);
#10573 = EDGE_CURVE('',#10550,#9645,#10574,.T.);
#10574 = LINE('',#10575,#10576);
#10575 = CARTESIAN_POINT('',(116.099999,99.63,3.769203673205));
#10576 = VECTOR('',#10577,1.);
#10577 = DIRECTION('',(-1.224646799147E-16,-1.224646799147E-16,1.));
#10578 = PLANE('',#10579);
#10579 = AXIS2_PLACEMENT_3D('',#10580,#10581,#10582);
#10580 = CARTESIAN_POINT('',(116.499999,99.63,3.769203673205));
#10581 = DIRECTION('',(3.55951662292E-16,1.,1.224646799147E-16));
#10582 = DIRECTION('',(1.,-3.55951662292E-16,1.224646799147E-16));
#10583 = ADVANCED_FACE('',(#10584),#10602,.T.);
#10584 = FACE_BOUND('',#10585,.F.);
#10585 = EDGE_LOOP('',(#10586,#10594,#10595,#10596));
#10586 = ORIENTED_EDGE('',*,*,#10587,.T.);
#10587 = EDGE_CURVE('',#10588,#10558,#10590,.T.);
#10588 = VERTEX_POINT('',#10589);
#10589 = CARTESIAN_POINT('',(116.499999,99.87,3.969203673205));
#10590 = LINE('',#10591,#10592);
#10591 = CARTESIAN_POINT('',(116.499999,99.87,3.969203673205));
#10592 = VECTOR('',#10593,1.);
#10593 = DIRECTION('',(-3.55951662292E-16,-1.,-1.224646799147E-16));
#10594 = ORIENTED_EDGE('',*,*,#10565,.T.);
#10595 = ORIENTED_EDGE('',*,*,#9264,.T.);
#10596 = ORIENTED_EDGE('',*,*,#10597,.T.);
#10597 = EDGE_CURVE('',#9257,#10588,#10598,.T.);
#10598 = LINE('',#10599,#10600);
#10599 = CARTESIAN_POINT('',(116.099999,99.87,3.969203673205));
#10600 = VECTOR('',#10601,1.);
#10601 = DIRECTION('',(1.,-3.55951662292E-16,1.224646799147E-16));
#10602 = PLANE('',#10603);
#10603 = AXIS2_PLACEMENT_3D('',#10604,#10605,#10606);
#10604 = CARTESIAN_POINT('',(116.299999,99.75,3.969203673205));
#10605 = DIRECTION('',(-1.224646799147E-16,-1.224646799147E-16,1.));
#10606 = DIRECTION('',(3.55951662292E-16,1.,1.224646799147E-16));
#10607 = ADVANCED_FACE('',(#10608),#10635,.F.);
#10608 = FACE_BOUND('',#10609,.T.);
#10609 = EDGE_LOOP('',(#10610,#10620,#10626,#10627,#10628,#10629));
#10610 = ORIENTED_EDGE('',*,*,#10611,.F.);
#10611 = EDGE_CURVE('',#10612,#10614,#10616,.T.);
#10612 = VERTEX_POINT('',#10613);
#10613 = CARTESIAN_POINT('',(116.099999,99.87,3.769203673205));
#10614 = VERTEX_POINT('',#10615);
#10615 = CARTESIAN_POINT('',(116.499999,99.87,3.769203673205));
#10616 = LINE('',#10617,#10618);
#10617 = CARTESIAN_POINT('',(116.099999,99.87,3.769203673205));
#10618 = VECTOR('',#10619,1.);
#10619 = DIRECTION('',(1.,-3.55951662292E-16,1.224646799147E-16));
#10620 = ORIENTED_EDGE('',*,*,#10621,.T.);
#10621 = EDGE_CURVE('',#10612,#9637,#10622,.T.);
#10622 = LINE('',#10623,#10624);
#10623 = CARTESIAN_POINT('',(116.099999,99.87,3.769203673205));
#10624 = VECTOR('',#10625,1.);
#10625 = DIRECTION('',(-1.224646799147E-16,-1.224646799147E-16,1.));
#10626 = ORIENTED_EDGE('',*,*,#9636,.F.);
#10627 = ORIENTED_EDGE('',*,*,#9256,.T.);
#10628 = ORIENTED_EDGE('',*,*,#10597,.T.);
#10629 = ORIENTED_EDGE('',*,*,#10630,.F.);
#10630 = EDGE_CURVE('',#10614,#10588,#10631,.T.);
#10631 = LINE('',#10632,#10633);
#10632 = CARTESIAN_POINT('',(116.499999,99.87,3.769203673205));
#10633 = VECTOR('',#10634,1.);
#10634 = DIRECTION('',(-1.224646799147E-16,-1.224646799147E-16,1.));
#10635 = PLANE('',#10636);
#10636 = AXIS2_PLACEMENT_3D('',#10637,#10638,#10639);
#10637 = CARTESIAN_POINT('',(116.099999,99.87,3.769203673205));
#10638 = DIRECTION('',(-3.55951662292E-16,-1.,-1.224646799147E-16));
#10639 = DIRECTION('',(-1.,3.55951662292E-16,-1.224646799147E-16));
#10640 = ADVANCED_FACE('',(#10641),#10675,.F.);
#10641 = FACE_BOUND('',#10642,.T.);
#10642 = EDGE_LOOP('',(#10643,#10653,#10661,#10667,#10668,#10669));
#10643 = ORIENTED_EDGE('',*,*,#10644,.F.);
#10644 = EDGE_CURVE('',#10645,#10647,#10649,.T.);
#10645 = VERTEX_POINT('',#10646);
#10646 = CARTESIAN_POINT('',(116.499999,100.13,3.769203673205));
#10647 = VERTEX_POINT('',#10648);
#10648 = CARTESIAN_POINT('',(116.099999,100.13,3.769203673205));
#10649 = LINE('',#10650,#10651);
#10650 = CARTESIAN_POINT('',(116.499999,100.13,3.769203673205));
#10651 = VECTOR('',#10652,1.);
#10652 = DIRECTION('',(-1.,3.55951662292E-16,-1.224646799147E-16));
#10653 = ORIENTED_EDGE('',*,*,#10654,.T.);
#10654 = EDGE_CURVE('',#10645,#10655,#10657,.T.);
#10655 = VERTEX_POINT('',#10656);
#10656 = CARTESIAN_POINT('',(116.499999,100.13,3.969203673205));
#10657 = LINE('',#10658,#10659);
#10658 = CARTESIAN_POINT('',(116.499999,100.13,3.769203673205));
#10659 = VECTOR('',#10660,1.);
#10660 = DIRECTION('',(-1.224646799147E-16,-1.224646799147E-16,1.));
#10661 = ORIENTED_EDGE('',*,*,#10662,.T.);
#10662 = EDGE_CURVE('',#10655,#9233,#10663,.T.);
#10663 = LINE('',#10664,#10665);
#10664 = CARTESIAN_POINT('',(116.499999,100.13,3.969203673205));
#10665 = VECTOR('',#10666,1.);
#10666 = DIRECTION('',(-1.,3.55951662292E-16,-1.224646799147E-16));
#10667 = ORIENTED_EDGE('',*,*,#9240,.T.);
#10668 = ORIENTED_EDGE('',*,*,#9629,.F.);
#10669 = ORIENTED_EDGE('',*,*,#10670,.F.);
#10670 = EDGE_CURVE('',#10647,#9622,#10671,.T.);
#10671 = LINE('',#10672,#10673);
#10672 = CARTESIAN_POINT('',(116.099999,100.13,3.769203673205));
#10673 = VECTOR('',#10674,1.);
#10674 = DIRECTION('',(-1.224646799147E-16,-1.224646799147E-16,1.));
#10675 = PLANE('',#10676);
#10676 = AXIS2_PLACEMENT_3D('',#10677,#10678,#10679);
#10677 = CARTESIAN_POINT('',(116.499999,100.13,3.769203673205));
#10678 = DIRECTION('',(3.55951662292E-16,1.,1.224646799147E-16));
#10679 = DIRECTION('',(1.,-3.55951662292E-16,1.224646799147E-16));
#10680 = ADVANCED_FACE('',(#10681),#10699,.T.);
#10681 = FACE_BOUND('',#10682,.F.);
#10682 = EDGE_LOOP('',(#10683,#10691,#10692,#10693));
#10683 = ORIENTED_EDGE('',*,*,#10684,.T.);
#10684 = EDGE_CURVE('',#10685,#10655,#10687,.T.);
#10685 = VERTEX_POINT('',#10686);
#10686 = CARTESIAN_POINT('',(116.499999,100.37,3.969203673205));
#10687 = LINE('',#10688,#10689);
#10688 = CARTESIAN_POINT('',(116.499999,100.37,3.969203673205));
#10689 = VECTOR('',#10690,1.);
#10690 = DIRECTION('',(-3.55951662292E-16,-1.,-1.224646799147E-16));
#10691 = ORIENTED_EDGE('',*,*,#10662,.T.);
#10692 = ORIENTED_EDGE('',*,*,#9232,.T.);
#10693 = ORIENTED_EDGE('',*,*,#10694,.T.);
#10694 = EDGE_CURVE('',#9225,#10685,#10695,.T.);
#10695 = LINE('',#10696,#10697);
#10696 = CARTESIAN_POINT('',(116.099999,100.37,3.969203673205));
#10697 = VECTOR('',#10698,1.);
#10698 = DIRECTION('',(1.,-3.55951662292E-16,1.224646799147E-16));
#10699 = PLANE('',#10700);
#10700 = AXIS2_PLACEMENT_3D('',#10701,#10702,#10703);
#10701 = CARTESIAN_POINT('',(116.299999,100.25,3.969203673205));
#10702 = DIRECTION('',(-1.224646799147E-16,-1.224646799147E-16,1.));
#10703 = DIRECTION('',(3.55951662292E-16,1.,1.224646799147E-16));
#10704 = ADVANCED_FACE('',(#10705),#10732,.F.);
#10705 = FACE_BOUND('',#10706,.T.);
#10706 = EDGE_LOOP('',(#10707,#10717,#10723,#10724,#10725,#10726));
#10707 = ORIENTED_EDGE('',*,*,#10708,.F.);
#10708 = EDGE_CURVE('',#10709,#10711,#10713,.T.);
#10709 = VERTEX_POINT('',#10710);
#10710 = CARTESIAN_POINT('',(116.099999,100.37,3.769203673205));
#10711 = VERTEX_POINT('',#10712);
#10712 = CARTESIAN_POINT('',(116.499999,100.37,3.769203673205));
#10713 = LINE('',#10714,#10715);
#10714 = CARTESIAN_POINT('',(116.099999,100.37,3.769203673205));
#10715 = VECTOR('',#10716,1.);
#10716 = DIRECTION('',(1.,-3.55951662292E-16,1.224646799147E-16));
#10717 = ORIENTED_EDGE('',*,*,#10718,.T.);
#10718 = EDGE_CURVE('',#10709,#9614,#10719,.T.);
#10719 = LINE('',#10720,#10721);
#10720 = CARTESIAN_POINT('',(116.099999,100.37,3.769203673205));
#10721 = VECTOR('',#10722,1.);
#10722 = DIRECTION('',(-1.224646799147E-16,-1.224646799147E-16,1.));
#10723 = ORIENTED_EDGE('',*,*,#9613,.F.);
#10724 = ORIENTED_EDGE('',*,*,#9224,.T.);
#10725 = ORIENTED_EDGE('',*,*,#10694,.T.);
#10726 = ORIENTED_EDGE('',*,*,#10727,.F.);
#10727 = EDGE_CURVE('',#10711,#10685,#10728,.T.);
#10728 = LINE('',#10729,#10730);
#10729 = CARTESIAN_POINT('',(116.499999,100.37,3.769203673205));
#10730 = VECTOR('',#10731,1.);
#10731 = DIRECTION('',(-1.224646799147E-16,-1.224646799147E-16,1.));
#10732 = PLANE('',#10733);
#10733 = AXIS2_PLACEMENT_3D('',#10734,#10735,#10736);
#10734 = CARTESIAN_POINT('',(116.099999,100.37,3.769203673205));
#10735 = DIRECTION('',(-3.55951662292E-16,-1.,-1.224646799147E-16));
#10736 = DIRECTION('',(-1.,3.55951662292E-16,-1.224646799147E-16));
#10737 = ADVANCED_FACE('',(#10738),#10772,.F.);
#10738 = FACE_BOUND('',#10739,.T.);
#10739 = EDGE_LOOP('',(#10740,#10750,#10758,#10764,#10765,#10766));
#10740 = ORIENTED_EDGE('',*,*,#10741,.F.);
#10741 = EDGE_CURVE('',#10742,#10744,#10746,.T.);
#10742 = VERTEX_POINT('',#10743);
#10743 = CARTESIAN_POINT('',(116.499999,100.63,3.769203673205));
#10744 = VERTEX_POINT('',#10745);
#10745 = CARTESIAN_POINT('',(116.099999,100.63,3.769203673205));
#10746 = LINE('',#10747,#10748);
#10747 = CARTESIAN_POINT('',(116.499999,100.63,3.769203673205));
#10748 = VECTOR('',#10749,1.);
#10749 = DIRECTION('',(-1.,3.55951662292E-16,-1.224646799147E-16));
#10750 = ORIENTED_EDGE('',*,*,#10751,.T.);
#10751 = EDGE_CURVE('',#10742,#10752,#10754,.T.);
#10752 = VERTEX_POINT('',#10753);
#10753 = CARTESIAN_POINT('',(116.499999,100.63,3.969203673205));
#10754 = LINE('',#10755,#10756);
#10755 = CARTESIAN_POINT('',(116.499999,100.63,3.769203673205));
#10756 = VECTOR('',#10757,1.);
#10757 = DIRECTION('',(-1.224646799147E-16,-1.224646799147E-16,1.));
#10758 = ORIENTED_EDGE('',*,*,#10759,.T.);
#10759 = EDGE_CURVE('',#10752,#9201,#10760,.T.);
#10760 = LINE('',#10761,#10762);
#10761 = CARTESIAN_POINT('',(116.499999,100.63,3.969203673205));
#10762 = VECTOR('',#10763,1.);
#10763 = DIRECTION('',(-1.,3.55951662292E-16,-1.224646799147E-16));
#10764 = ORIENTED_EDGE('',*,*,#9208,.T.);
#10765 = ORIENTED_EDGE('',*,*,#9606,.F.);
#10766 = ORIENTED_EDGE('',*,*,#10767,.F.);
#10767 = EDGE_CURVE('',#10744,#9599,#10768,.T.);
#10768 = LINE('',#10769,#10770);
#10769 = CARTESIAN_POINT('',(116.099999,100.63,3.769203673205));
#10770 = VECTOR('',#10771,1.);
#10771 = DIRECTION('',(-1.224646799147E-16,-1.224646799147E-16,1.));
#10772 = PLANE('',#10773);
#10773 = AXIS2_PLACEMENT_3D('',#10774,#10775,#10776);
#10774 = CARTESIAN_POINT('',(116.499999,100.63,3.769203673205));
#10775 = DIRECTION('',(3.55951662292E-16,1.,1.224646799147E-16));
#10776 = DIRECTION('',(1.,-3.55951662292E-16,1.224646799147E-16));
#10777 = ADVANCED_FACE('',(#10778),#10796,.T.);
#10778 = FACE_BOUND('',#10779,.F.);
#10779 = EDGE_LOOP('',(#10780,#10788,#10789,#10790));
#10780 = ORIENTED_EDGE('',*,*,#10781,.T.);
#10781 = EDGE_CURVE('',#10782,#10752,#10784,.T.);
#10782 = VERTEX_POINT('',#10783);
#10783 = CARTESIAN_POINT('',(116.499999,100.87,3.969203673205));
#10784 = LINE('',#10785,#10786);
#10785 = CARTESIAN_POINT('',(116.499999,100.87,3.969203673205));
#10786 = VECTOR('',#10787,1.);
#10787 = DIRECTION('',(-3.55951662292E-16,-1.,-1.224646799147E-16));
#10788 = ORIENTED_EDGE('',*,*,#10759,.T.);
#10789 = ORIENTED_EDGE('',*,*,#9200,.T.);
#10790 = ORIENTED_EDGE('',*,*,#10791,.T.);
#10791 = EDGE_CURVE('',#9193,#10782,#10792,.T.);
#10792 = LINE('',#10793,#10794);
#10793 = CARTESIAN_POINT('',(116.099999,100.87,3.969203673205));
#10794 = VECTOR('',#10795,1.);
#10795 = DIRECTION('',(1.,-3.55951662292E-16,1.224646799147E-16));
#10796 = PLANE('',#10797);
#10797 = AXIS2_PLACEMENT_3D('',#10798,#10799,#10800);
#10798 = CARTESIAN_POINT('',(116.299999,100.75,3.969203673205));
#10799 = DIRECTION('',(-1.224646799147E-16,-1.224646799147E-16,1.));
#10800 = DIRECTION('',(3.55951662292E-16,1.,1.224646799147E-16));
#10801 = ADVANCED_FACE('',(#10802),#10829,.F.);
#10802 = FACE_BOUND('',#10803,.T.);
#10803 = EDGE_LOOP('',(#10804,#10814,#10820,#10821,#10822,#10823));
#10804 = ORIENTED_EDGE('',*,*,#10805,.F.);
#10805 = EDGE_CURVE('',#10806,#10808,#10810,.T.);
#10806 = VERTEX_POINT('',#10807);
#10807 = CARTESIAN_POINT('',(116.099999,100.87,3.769203673205));
#10808 = VERTEX_POINT('',#10809);
#10809 = CARTESIAN_POINT('',(116.499999,100.87,3.769203673205));
#10810 = LINE('',#10811,#10812);
#10811 = CARTESIAN_POINT('',(116.099999,100.87,3.769203673205));
#10812 = VECTOR('',#10813,1.);
#10813 = DIRECTION('',(1.,-3.55951662292E-16,1.224646799147E-16));
#10814 = ORIENTED_EDGE('',*,*,#10815,.T.);
#10815 = EDGE_CURVE('',#10806,#9591,#10816,.T.);
#10816 = LINE('',#10817,#10818);
#10817 = CARTESIAN_POINT('',(116.099999,100.87,3.769203673205));
#10818 = VECTOR('',#10819,1.);
#10819 = DIRECTION('',(-1.224646799147E-16,-1.224646799147E-16,1.));
#10820 = ORIENTED_EDGE('',*,*,#9590,.F.);
#10821 = ORIENTED_EDGE('',*,*,#9192,.T.);
#10822 = ORIENTED_EDGE('',*,*,#10791,.T.);
#10823 = ORIENTED_EDGE('',*,*,#10824,.F.);
#10824 = EDGE_CURVE('',#10808,#10782,#10825,.T.);
#10825 = LINE('',#10826,#10827);
#10826 = CARTESIAN_POINT('',(116.499999,100.87,3.769203673205));
#10827 = VECTOR('',#10828,1.);
#10828 = DIRECTION('',(-1.224646799147E-16,-1.224646799147E-16,1.));
#10829 = PLANE('',#10830);
#10830 = AXIS2_PLACEMENT_3D('',#10831,#10832,#10833);
#10831 = CARTESIAN_POINT('',(116.099999,100.87,3.769203673205));
#10832 = DIRECTION('',(-3.55951662292E-16,-1.,-1.224646799147E-16));
#10833 = DIRECTION('',(-1.,3.55951662292E-16,-1.224646799147E-16));
#10834 = ADVANCED_FACE('',(#10835),#10846,.F.);
#10835 = FACE_BOUND('',#10836,.T.);
#10836 = EDGE_LOOP('',(#10837,#10843,#10844,#10845));
#10837 = ORIENTED_EDGE('',*,*,#10838,.F.);
#10838 = EDGE_CURVE('',#10182,#10116,#10839,.T.);
#10839 = LINE('',#10840,#10841);
#10840 = CARTESIAN_POINT('',(114.129999,98.9,3.769203673205));
#10841 = VECTOR('',#10842,1.);
#10842 = DIRECTION('',(1.,-2.449293598294E-16,1.224646799147E-16));
#10843 = ORIENTED_EDGE('',*,*,#10198,.T.);
#10844 = ORIENTED_EDGE('',*,*,#9760,.F.);
#10845 = ORIENTED_EDGE('',*,*,#10125,.F.);
#10846 = PLANE('',#10847);
#10847 = AXIS2_PLACEMENT_3D('',#10848,#10849,#10850);
#10848 = CARTESIAN_POINT('',(114.129999,98.9,3.769203673205));
#10849 = DIRECTION('',(-2.449293598294E-16,-1.,-1.224646799147E-16));
#10850 = DIRECTION('',(-1.,2.449293598294E-16,-1.224646799147E-16));
#10851 = ADVANCED_FACE('',(#10852),#10863,.F.);
#10852 = FACE_BOUND('',#10853,.T.);
#10853 = EDGE_LOOP('',(#10854,#10860,#10861,#10862));
#10854 = ORIENTED_EDGE('',*,*,#10855,.F.);
#10855 = EDGE_CURVE('',#10085,#10019,#10856,.T.);
#10856 = LINE('',#10857,#10858);
#10857 = CARTESIAN_POINT('',(114.629999,98.9,3.769203673205));
#10858 = VECTOR('',#10859,1.);
#10859 = DIRECTION('',(1.,-2.449293598294E-16,1.224646799147E-16));
#10860 = ORIENTED_EDGE('',*,*,#10101,.T.);
#10861 = ORIENTED_EDGE('',*,*,#9737,.F.);
#10862 = ORIENTED_EDGE('',*,*,#10028,.F.);
#10863 = PLANE('',#10864);
#10864 = AXIS2_PLACEMENT_3D('',#10865,#10866,#10867);
#10865 = CARTESIAN_POINT('',(114.629999,98.9,3.769203673205));
#10866 = DIRECTION('',(-2.449293598294E-16,-1.,-1.224646799147E-16));
#10867 = DIRECTION('',(-1.,2.449293598294E-16,-1.224646799147E-16));
#10868 = ADVANCED_FACE('',(#10869),#10880,.F.);
#10869 = FACE_BOUND('',#10870,.T.);
#10870 = EDGE_LOOP('',(#10871,#10877,#10878,#10879));
#10871 = ORIENTED_EDGE('',*,*,#10872,.F.);
#10872 = EDGE_CURVE('',#9988,#9922,#10873,.T.);
#10873 = LINE('',#10874,#10875);
#10874 = CARTESIAN_POINT('',(115.129999,98.9,3.769203673205));
#10875 = VECTOR('',#10876,1.);
#10876 = DIRECTION('',(1.,-2.449293598294E-16,1.224646799147E-16));
#10877 = ORIENTED_EDGE('',*,*,#10004,.T.);
#10878 = ORIENTED_EDGE('',*,*,#9714,.F.);
#10879 = ORIENTED_EDGE('',*,*,#9931,.F.);
#10880 = PLANE('',#10881);
#10881 = AXIS2_PLACEMENT_3D('',#10882,#10883,#10884);
#10882 = CARTESIAN_POINT('',(115.129999,98.9,3.769203673205));
#10883 = DIRECTION('',(-2.449293598294E-16,-1.,-1.224646799147E-16));
#10884 = DIRECTION('',(-1.,2.449293598294E-16,-1.224646799147E-16));
#10885 = ADVANCED_FACE('',(#10886),#10897,.F.);
#10886 = FACE_BOUND('',#10887,.T.);
#10887 = EDGE_LOOP('',(#10888,#10894,#10895,#10896));
#10888 = ORIENTED_EDGE('',*,*,#10889,.F.);
#10889 = EDGE_CURVE('',#9891,#9825,#10890,.T.);
#10890 = LINE('',#10891,#10892);
#10891 = CARTESIAN_POINT('',(115.629999,98.9,3.769203673205));
#10892 = VECTOR('',#10893,1.);
#10893 = DIRECTION('',(1.,-2.449293598294E-16,1.224646799147E-16));
#10894 = ORIENTED_EDGE('',*,*,#9907,.T.);
#10895 = ORIENTED_EDGE('',*,*,#9691,.F.);
#10896 = ORIENTED_EDGE('',*,*,#9834,.F.);
#10897 = PLANE('',#10898);
#10898 = AXIS2_PLACEMENT_3D('',#10899,#10900,#10901);
#10899 = CARTESIAN_POINT('',(115.629999,98.9,3.769203673205));
#10900 = DIRECTION('',(-2.449293598294E-16,-1.,-1.224646799147E-16));
#10901 = DIRECTION('',(-1.,2.449293598294E-16,-1.224646799147E-16));
#10902 = ADVANCED_FACE('',(#10903),#10914,.F.);
#10903 = FACE_BOUND('',#10904,.T.);
#10904 = EDGE_LOOP('',(#10905,#10911,#10912,#10913));
#10905 = ORIENTED_EDGE('',*,*,#10906,.F.);
#10906 = EDGE_CURVE('',#10453,#10515,#10907,.T.);
#10907 = LINE('',#10908,#10909);
#10908 = CARTESIAN_POINT('',(116.099999,99.13,3.769203673205));
#10909 = VECTOR('',#10910,1.);
#10910 = DIRECTION('',(3.55951662292E-16,1.,1.224646799147E-16));
#10911 = ORIENTED_EDGE('',*,*,#10476,.T.);
#10912 = ORIENTED_EDGE('',*,*,#9667,.F.);
#10913 = ORIENTED_EDGE('',*,*,#10524,.F.);
#10914 = PLANE('',#10915);
#10915 = AXIS2_PLACEMENT_3D('',#10916,#10917,#10918);
#10916 = CARTESIAN_POINT('',(116.099999,99.13,3.769203673205));
#10917 = DIRECTION('',(1.,-3.55951662292E-16,1.224646799147E-16));
#10918 = DIRECTION('',(-3.55951662292E-16,-1.,-1.224646799147E-16));
#10919 = ADVANCED_FACE('',(#10920),#10931,.F.);
#10920 = FACE_BOUND('',#10921,.T.);
#10921 = EDGE_LOOP('',(#10922,#10928,#10929,#10930));
#10922 = ORIENTED_EDGE('',*,*,#10923,.F.);
#10923 = EDGE_CURVE('',#10550,#10612,#10924,.T.);
#10924 = LINE('',#10925,#10926);
#10925 = CARTESIAN_POINT('',(116.099999,99.63,3.769203673205));
#10926 = VECTOR('',#10927,1.);
#10927 = DIRECTION('',(3.55951662292E-16,1.,1.224646799147E-16));
#10928 = ORIENTED_EDGE('',*,*,#10573,.T.);
#10929 = ORIENTED_EDGE('',*,*,#9644,.F.);
#10930 = ORIENTED_EDGE('',*,*,#10621,.F.);
#10931 = PLANE('',#10932);
#10932 = AXIS2_PLACEMENT_3D('',#10933,#10934,#10935);
#10933 = CARTESIAN_POINT('',(116.099999,99.63,3.769203673205));
#10934 = DIRECTION('',(1.,-3.55951662292E-16,1.224646799147E-16));
#10935 = DIRECTION('',(-3.55951662292E-16,-1.,-1.224646799147E-16));
#10936 = ADVANCED_FACE('',(#10937),#10948,.F.);
#10937 = FACE_BOUND('',#10938,.T.);
#10938 = EDGE_LOOP('',(#10939,#10945,#10946,#10947));
#10939 = ORIENTED_EDGE('',*,*,#10940,.F.);
#10940 = EDGE_CURVE('',#10647,#10709,#10941,.T.);
#10941 = LINE('',#10942,#10943);
#10942 = CARTESIAN_POINT('',(116.099999,100.13,3.769203673205));
#10943 = VECTOR('',#10944,1.);
#10944 = DIRECTION('',(3.55951662292E-16,1.,1.224646799147E-16));
#10945 = ORIENTED_EDGE('',*,*,#10670,.T.);
#10946 = ORIENTED_EDGE('',*,*,#9621,.F.);
#10947 = ORIENTED_EDGE('',*,*,#10718,.F.);
#10948 = PLANE('',#10949);
#10949 = AXIS2_PLACEMENT_3D('',#10950,#10951,#10952);
#10950 = CARTESIAN_POINT('',(116.099999,100.13,3.769203673205));
#10951 = DIRECTION('',(1.,-3.55951662292E-16,1.224646799147E-16));
#10952 = DIRECTION('',(-3.55951662292E-16,-1.,-1.224646799147E-16));
#10953 = ADVANCED_FACE('',(#10954),#10965,.F.);
#10954 = FACE_BOUND('',#10955,.T.);
#10955 = EDGE_LOOP('',(#10956,#10962,#10963,#10964));
#10956 = ORIENTED_EDGE('',*,*,#10957,.F.);
#10957 = EDGE_CURVE('',#10744,#10806,#10958,.T.);
#10958 = LINE('',#10959,#10960);
#10959 = CARTESIAN_POINT('',(116.099999,100.63,3.769203673205));
#10960 = VECTOR('',#10961,1.);
#10961 = DIRECTION('',(3.55951662292E-16,1.,1.224646799147E-16));
#10962 = ORIENTED_EDGE('',*,*,#10767,.T.);
#10963 = ORIENTED_EDGE('',*,*,#9598,.F.);
#10964 = ORIENTED_EDGE('',*,*,#10815,.F.);
#10965 = PLANE('',#10966);
#10966 = AXIS2_PLACEMENT_3D('',#10967,#10968,#10969);
#10967 = CARTESIAN_POINT('',(116.099999,100.63,3.769203673205));
#10968 = DIRECTION('',(1.,-3.55951662292E-16,1.224646799147E-16));
#10969 = DIRECTION('',(-3.55951662292E-16,-1.,-1.224646799147E-16));
#10970 = ADVANCED_FACE('',(#10971),#11005,.F.);
#10971 = FACE_BOUND('',#10972,.T.);
#10972 = EDGE_LOOP('',(#10973,#10983,#10991,#10997,#10998,#10999));
#10973 = ORIENTED_EDGE('',*,*,#10974,.F.);
#10974 = EDGE_CURVE('',#10975,#10977,#10979,.T.);
#10975 = VERTEX_POINT('',#10976);
#10976 = CARTESIAN_POINT('',(115.869999,101.5,3.769203673205));
#10977 = VERTEX_POINT('',#10978);
#10978 = CARTESIAN_POINT('',(115.869999,101.1,3.769203673205));
#10979 = LINE('',#10980,#10981);
#10980 = CARTESIAN_POINT('',(115.869999,101.5,3.769203673205));
#10981 = VECTOR('',#10982,1.);
#10982 = DIRECTION('',(-1.339070573669E-16,-1.,-1.224646799147E-16));
#10983 = ORIENTED_EDGE('',*,*,#10984,.T.);
#10984 = EDGE_CURVE('',#10975,#10985,#10987,.T.);
#10985 = VERTEX_POINT('',#10986);
#10986 = CARTESIAN_POINT('',(115.869999,101.5,3.969203673205));
#10987 = LINE('',#10988,#10989);
#10988 = CARTESIAN_POINT('',(115.869999,101.5,3.769203673205));
#10989 = VECTOR('',#10990,1.);
#10990 = DIRECTION('',(-1.224646799147E-16,-1.224646799147E-16,1.));
#10991 = ORIENTED_EDGE('',*,*,#10992,.T.);
#10992 = EDGE_CURVE('',#10985,#10402,#10993,.T.);
#10993 = LINE('',#10994,#10995);
#10994 = CARTESIAN_POINT('',(115.869999,101.5,3.969203673205));
#10995 = VECTOR('',#10996,1.);
#10996 = DIRECTION('',(-1.339070573669E-16,-1.,-1.224646799147E-16));
#10997 = ORIENTED_EDGE('',*,*,#10409,.T.);
#10998 = ORIENTED_EDGE('',*,*,#9575,.F.);
#10999 = ORIENTED_EDGE('',*,*,#11000,.F.);
#11000 = EDGE_CURVE('',#10977,#9568,#11001,.T.);
#11001 = LINE('',#11002,#11003);
#11002 = CARTESIAN_POINT('',(115.869999,101.1,3.769203673205));
#11003 = VECTOR('',#11004,1.);
#11004 = DIRECTION('',(-1.224646799147E-16,-1.224646799147E-16,1.));
#11005 = PLANE('',#11006);
#11006 = AXIS2_PLACEMENT_3D('',#11007,#11008,#11009);
#11007 = CARTESIAN_POINT('',(115.869999,101.5,3.769203673205));
#11008 = DIRECTION('',(-1.,1.339070573669E-16,-1.224646799147E-16));
#11009 = DIRECTION('',(1.339070573669E-16,1.,1.224646799147E-16));
#11010 = ADVANCED_FACE('',(#11011),#11029,.F.);
#11011 = FACE_BOUND('',#11012,.T.);
#11012 = EDGE_LOOP('',(#11013,#11021,#11022,#11023));
#11013 = ORIENTED_EDGE('',*,*,#11014,.F.);
#11014 = EDGE_CURVE('',#10977,#11015,#11017,.T.);
#11015 = VERTEX_POINT('',#11016);
#11016 = CARTESIAN_POINT('',(115.629999,101.1,3.769203673205));
#11017 = LINE('',#11018,#11019);
#11018 = CARTESIAN_POINT('',(115.869999,101.1,3.769203673205));
#11019 = VECTOR('',#11020,1.);
#11020 = DIRECTION('',(-1.,1.339070573669E-16,-1.224646799147E-16));
#11021 = ORIENTED_EDGE('',*,*,#11000,.T.);
#11022 = ORIENTED_EDGE('',*,*,#9567,.F.);
#11023 = ORIENTED_EDGE('',*,*,#11024,.F.);
#11024 = EDGE_CURVE('',#11015,#9560,#11025,.T.);
#11025 = LINE('',#11026,#11027);
#11026 = CARTESIAN_POINT('',(115.629999,101.1,3.769203673205));
#11027 = VECTOR('',#11028,1.);
#11028 = DIRECTION('',(-1.224646799147E-16,-1.224646799147E-16,1.));
#11029 = PLANE('',#11030);
#11030 = AXIS2_PLACEMENT_3D('',#11031,#11032,#11033);
#11031 = CARTESIAN_POINT('',(115.869999,101.1,3.769203673205));
#11032 = DIRECTION('',(1.339070573669E-16,1.,1.224646799147E-16));
#11033 = DIRECTION('',(1.,-1.339070573669E-16,1.224646799147E-16));
#11034 = ADVANCED_FACE('',(#11035),#11062,.F.);
#11035 = FACE_BOUND('',#11036,.T.);
#11036 = EDGE_LOOP('',(#11037,#11045,#11046,#11047,#11048,#11056));
#11037 = ORIENTED_EDGE('',*,*,#11038,.F.);
#11038 = EDGE_CURVE('',#11015,#11039,#11041,.T.);
#11039 = VERTEX_POINT('',#11040);
#11040 = CARTESIAN_POINT('',(115.629999,101.5,3.769203673205));
#11041 = LINE('',#11042,#11043);
#11042 = CARTESIAN_POINT('',(115.629999,101.1,3.769203673205));
#11043 = VECTOR('',#11044,1.);
#11044 = DIRECTION('',(1.339070573669E-16,1.,1.224646799147E-16));
#11045 = ORIENTED_EDGE('',*,*,#11024,.T.);
#11046 = ORIENTED_EDGE('',*,*,#9559,.F.);
#11047 = ORIENTED_EDGE('',*,*,#10393,.T.);
#11048 = ORIENTED_EDGE('',*,*,#11049,.T.);
#11049 = EDGE_CURVE('',#10394,#11050,#11052,.T.);
#11050 = VERTEX_POINT('',#11051);
#11051 = CARTESIAN_POINT('',(115.629999,101.5,3.969203673205));
#11052 = LINE('',#11053,#11054);
#11053 = CARTESIAN_POINT('',(115.629999,101.1,3.969203673205));
#11054 = VECTOR('',#11055,1.);
#11055 = DIRECTION('',(1.339070573669E-16,1.,1.224646799147E-16));
#11056 = ORIENTED_EDGE('',*,*,#11057,.F.);
#11057 = EDGE_CURVE('',#11039,#11050,#11058,.T.);
#11058 = LINE('',#11059,#11060);
#11059 = CARTESIAN_POINT('',(115.629999,101.5,3.769203673205));
#11060 = VECTOR('',#11061,1.);
#11061 = DIRECTION('',(-1.224646799147E-16,-1.224646799147E-16,1.));
#11062 = PLANE('',#11063);
#11063 = AXIS2_PLACEMENT_3D('',#11064,#11065,#11066);
#11064 = CARTESIAN_POINT('',(115.629999,101.1,3.769203673205));
#11065 = DIRECTION('',(1.,-1.339070573669E-16,1.224646799147E-16));
#11066 = DIRECTION('',(-1.339070573669E-16,-1.,-1.224646799147E-16));
#11067 = ADVANCED_FACE('',(#11068),#11102,.F.);
#11068 = FACE_BOUND('',#11069,.T.);
#11069 = EDGE_LOOP('',(#11070,#11080,#11088,#11094,#11095,#11096));
#11070 = ORIENTED_EDGE('',*,*,#11071,.F.);
#11071 = EDGE_CURVE('',#11072,#11074,#11076,.T.);
#11072 = VERTEX_POINT('',#11073);
#11073 = CARTESIAN_POINT('',(115.369999,101.5,3.769203673205));
#11074 = VERTEX_POINT('',#11075);
#11075 = CARTESIAN_POINT('',(115.369999,101.1,3.769203673205));
#11076 = LINE('',#11077,#11078);
#11077 = CARTESIAN_POINT('',(115.369999,101.5,3.769203673205));
#11078 = VECTOR('',#11079,1.);
#11079 = DIRECTION('',(-1.339070573669E-16,-1.,-1.224646799147E-16));
#11080 = ORIENTED_EDGE('',*,*,#11081,.T.);
#11081 = EDGE_CURVE('',#11072,#11082,#11084,.T.);
#11082 = VERTEX_POINT('',#11083);
#11083 = CARTESIAN_POINT('',(115.369999,101.5,3.969203673205));
#11084 = LINE('',#11085,#11086);
#11085 = CARTESIAN_POINT('',(115.369999,101.5,3.769203673205));
#11086 = VECTOR('',#11087,1.);
#11087 = DIRECTION('',(-1.224646799147E-16,-1.224646799147E-16,1.));
#11088 = ORIENTED_EDGE('',*,*,#11089,.T.);
#11089 = EDGE_CURVE('',#11082,#10379,#11090,.T.);
#11090 = LINE('',#11091,#11092);
#11091 = CARTESIAN_POINT('',(115.369999,101.5,3.969203673205));
#11092 = VECTOR('',#11093,1.);
#11093 = DIRECTION('',(-1.339070573669E-16,-1.,-1.224646799147E-16));
#11094 = ORIENTED_EDGE('',*,*,#10386,.T.);
#11095 = ORIENTED_EDGE('',*,*,#9543,.F.);
#11096 = ORIENTED_EDGE('',*,*,#11097,.F.);
#11097 = EDGE_CURVE('',#11074,#9536,#11098,.T.);
#11098 = LINE('',#11099,#11100);
#11099 = CARTESIAN_POINT('',(115.369999,101.1,3.769203673205));
#11100 = VECTOR('',#11101,1.);
#11101 = DIRECTION('',(-1.224646799147E-16,-1.224646799147E-16,1.));
#11102 = PLANE('',#11103);
#11103 = AXIS2_PLACEMENT_3D('',#11104,#11105,#11106);
#11104 = CARTESIAN_POINT('',(115.369999,101.5,3.769203673205));
#11105 = DIRECTION('',(-1.,1.339070573669E-16,-1.224646799147E-16));
#11106 = DIRECTION('',(1.339070573669E-16,1.,1.224646799147E-16));
#11107 = ADVANCED_FACE('',(#11108),#11126,.F.);
#11108 = FACE_BOUND('',#11109,.T.);
#11109 = EDGE_LOOP('',(#11110,#11118,#11119,#11120));
#11110 = ORIENTED_EDGE('',*,*,#11111,.F.);
#11111 = EDGE_CURVE('',#11074,#11112,#11114,.T.);
#11112 = VERTEX_POINT('',#11113);
#11113 = CARTESIAN_POINT('',(115.129999,101.1,3.769203673205));
#11114 = LINE('',#11115,#11116);
#11115 = CARTESIAN_POINT('',(115.369999,101.1,3.769203673205));
#11116 = VECTOR('',#11117,1.);
#11117 = DIRECTION('',(-1.,1.339070573669E-16,-1.224646799147E-16));
#11118 = ORIENTED_EDGE('',*,*,#11097,.T.);
#11119 = ORIENTED_EDGE('',*,*,#9535,.F.);
#11120 = ORIENTED_EDGE('',*,*,#11121,.F.);
#11121 = EDGE_CURVE('',#11112,#9528,#11122,.T.);
#11122 = LINE('',#11123,#11124);
#11123 = CARTESIAN_POINT('',(115.129999,101.1,3.769203673205));
#11124 = VECTOR('',#11125,1.);
#11125 = DIRECTION('',(-1.224646799147E-16,-1.224646799147E-16,1.));
#11126 = PLANE('',#11127);
#11127 = AXIS2_PLACEMENT_3D('',#11128,#11129,#11130);
#11128 = CARTESIAN_POINT('',(115.369999,101.1,3.769203673205));
#11129 = DIRECTION('',(1.339070573669E-16,1.,1.224646799147E-16));
#11130 = DIRECTION('',(1.,-1.339070573669E-16,1.224646799147E-16));
#11131 = ADVANCED_FACE('',(#11132),#11159,.F.);
#11132 = FACE_BOUND('',#11133,.T.);
#11133 = EDGE_LOOP('',(#11134,#11142,#11143,#11144,#11145,#11153));
#11134 = ORIENTED_EDGE('',*,*,#11135,.F.);
#11135 = EDGE_CURVE('',#11112,#11136,#11138,.T.);
#11136 = VERTEX_POINT('',#11137);
#11137 = CARTESIAN_POINT('',(115.129999,101.5,3.769203673205));
#11138 = LINE('',#11139,#11140);
#11139 = CARTESIAN_POINT('',(115.129999,101.1,3.769203673205));
#11140 = VECTOR('',#11141,1.);
#11141 = DIRECTION('',(1.339070573669E-16,1.,1.224646799147E-16));
#11142 = ORIENTED_EDGE('',*,*,#11121,.T.);
#11143 = ORIENTED_EDGE('',*,*,#9527,.F.);
#11144 = ORIENTED_EDGE('',*,*,#10370,.T.);
#11145 = ORIENTED_EDGE('',*,*,#11146,.T.);
#11146 = EDGE_CURVE('',#10371,#11147,#11149,.T.);
#11147 = VERTEX_POINT('',#11148);
#11148 = CARTESIAN_POINT('',(115.129999,101.5,3.969203673205));
#11149 = LINE('',#11150,#11151);
#11150 = CARTESIAN_POINT('',(115.129999,101.1,3.969203673205));
#11151 = VECTOR('',#11152,1.);
#11152 = DIRECTION('',(1.339070573669E-16,1.,1.224646799147E-16));
#11153 = ORIENTED_EDGE('',*,*,#11154,.F.);
#11154 = EDGE_CURVE('',#11136,#11147,#11155,.T.);
#11155 = LINE('',#11156,#11157);
#11156 = CARTESIAN_POINT('',(115.129999,101.5,3.769203673205));
#11157 = VECTOR('',#11158,1.);
#11158 = DIRECTION('',(-1.224646799147E-16,-1.224646799147E-16,1.));
#11159 = PLANE('',#11160);
#11160 = AXIS2_PLACEMENT_3D('',#11161,#11162,#11163);
#11161 = CARTESIAN_POINT('',(115.129999,101.1,3.769203673205));
#11162 = DIRECTION('',(1.,-1.339070573669E-16,1.224646799147E-16));
#11163 = DIRECTION('',(-1.339070573669E-16,-1.,-1.224646799147E-16));
#11164 = ADVANCED_FACE('',(#11165),#11199,.F.);
#11165 = FACE_BOUND('',#11166,.T.);
#11166 = EDGE_LOOP('',(#11167,#11177,#11185,#11191,#11192,#11193));
#11167 = ORIENTED_EDGE('',*,*,#11168,.F.);
#11168 = EDGE_CURVE('',#11169,#11171,#11173,.T.);
#11169 = VERTEX_POINT('',#11170);
#11170 = CARTESIAN_POINT('',(114.869999,101.5,3.769203673205));
#11171 = VERTEX_POINT('',#11172);
#11172 = CARTESIAN_POINT('',(114.869999,101.1,3.769203673205));
#11173 = LINE('',#11174,#11175);
#11174 = CARTESIAN_POINT('',(114.869999,101.5,3.769203673205));
#11175 = VECTOR('',#11176,1.);
#11176 = DIRECTION('',(-1.339070573669E-16,-1.,-1.224646799147E-16));
#11177 = ORIENTED_EDGE('',*,*,#11178,.T.);
#11178 = EDGE_CURVE('',#11169,#11179,#11181,.T.);
#11179 = VERTEX_POINT('',#11180);
#11180 = CARTESIAN_POINT('',(114.869999,101.5,3.969203673205));
#11181 = LINE('',#11182,#11183);
#11182 = CARTESIAN_POINT('',(114.869999,101.5,3.769203673205));
#11183 = VECTOR('',#11184,1.);
#11184 = DIRECTION('',(-1.224646799147E-16,-1.224646799147E-16,1.));
#11185 = ORIENTED_EDGE('',*,*,#11186,.T.);
#11186 = EDGE_CURVE('',#11179,#10356,#11187,.T.);
#11187 = LINE('',#11188,#11189);
#11188 = CARTESIAN_POINT('',(114.869999,101.5,3.969203673205));
#11189 = VECTOR('',#11190,1.);
#11190 = DIRECTION('',(-1.339070573669E-16,-1.,-1.224646799147E-16));
#11191 = ORIENTED_EDGE('',*,*,#10363,.T.);
#11192 = ORIENTED_EDGE('',*,*,#9511,.F.);
#11193 = ORIENTED_EDGE('',*,*,#11194,.F.);
#11194 = EDGE_CURVE('',#11171,#9504,#11195,.T.);
#11195 = LINE('',#11196,#11197);
#11196 = CARTESIAN_POINT('',(114.869999,101.1,3.769203673205));
#11197 = VECTOR('',#11198,1.);
#11198 = DIRECTION('',(-1.224646799147E-16,-1.224646799147E-16,1.));
#11199 = PLANE('',#11200);
#11200 = AXIS2_PLACEMENT_3D('',#11201,#11202,#11203);
#11201 = CARTESIAN_POINT('',(114.869999,101.5,3.769203673205));
#11202 = DIRECTION('',(-1.,1.339070573669E-16,-1.224646799147E-16));
#11203 = DIRECTION('',(1.339070573669E-16,1.,1.224646799147E-16));
#11204 = ADVANCED_FACE('',(#11205),#11223,.F.);
#11205 = FACE_BOUND('',#11206,.T.);
#11206 = EDGE_LOOP('',(#11207,#11215,#11216,#11217));
#11207 = ORIENTED_EDGE('',*,*,#11208,.F.);
#11208 = EDGE_CURVE('',#11171,#11209,#11211,.T.);
#11209 = VERTEX_POINT('',#11210);
#11210 = CARTESIAN_POINT('',(114.629999,101.1,3.769203673205));
#11211 = LINE('',#11212,#11213);
#11212 = CARTESIAN_POINT('',(114.869999,101.1,3.769203673205));
#11213 = VECTOR('',#11214,1.);
#11214 = DIRECTION('',(-1.,1.339070573669E-16,-1.224646799147E-16));
#11215 = ORIENTED_EDGE('',*,*,#11194,.T.);
#11216 = ORIENTED_EDGE('',*,*,#9503,.F.);
#11217 = ORIENTED_EDGE('',*,*,#11218,.F.);
#11218 = EDGE_CURVE('',#11209,#9496,#11219,.T.);
#11219 = LINE('',#11220,#11221);
#11220 = CARTESIAN_POINT('',(114.629999,101.1,3.769203673205));
#11221 = VECTOR('',#11222,1.);
#11222 = DIRECTION('',(-1.224646799147E-16,-1.224646799147E-16,1.));
#11223 = PLANE('',#11224);
#11224 = AXIS2_PLACEMENT_3D('',#11225,#11226,#11227);
#11225 = CARTESIAN_POINT('',(114.869999,101.1,3.769203673205));
#11226 = DIRECTION('',(1.339070573669E-16,1.,1.224646799147E-16));
#11227 = DIRECTION('',(1.,-1.339070573669E-16,1.224646799147E-16));
#11228 = ADVANCED_FACE('',(#11229),#11256,.F.);
#11229 = FACE_BOUND('',#11230,.T.);
#11230 = EDGE_LOOP('',(#11231,#11239,#11240,#11241,#11242,#11250));
#11231 = ORIENTED_EDGE('',*,*,#11232,.F.);
#11232 = EDGE_CURVE('',#11209,#11233,#11235,.T.);
#11233 = VERTEX_POINT('',#11234);
#11234 = CARTESIAN_POINT('',(114.629999,101.5,3.769203673205));
#11235 = LINE('',#11236,#11237);
#11236 = CARTESIAN_POINT('',(114.629999,101.1,3.769203673205));
#11237 = VECTOR('',#11238,1.);
#11238 = DIRECTION('',(1.339070573669E-16,1.,1.224646799147E-16));
#11239 = ORIENTED_EDGE('',*,*,#11218,.T.);
#11240 = ORIENTED_EDGE('',*,*,#9495,.F.);
#11241 = ORIENTED_EDGE('',*,*,#10347,.T.);
#11242 = ORIENTED_EDGE('',*,*,#11243,.T.);
#11243 = EDGE_CURVE('',#10348,#11244,#11246,.T.);
#11244 = VERTEX_POINT('',#11245);
#11245 = CARTESIAN_POINT('',(114.629999,101.5,3.969203673205));
#11246 = LINE('',#11247,#11248);
#11247 = CARTESIAN_POINT('',(114.629999,101.1,3.969203673205));
#11248 = VECTOR('',#11249,1.);
#11249 = DIRECTION('',(1.339070573669E-16,1.,1.224646799147E-16));
#11250 = ORIENTED_EDGE('',*,*,#11251,.F.);
#11251 = EDGE_CURVE('',#11233,#11244,#11252,.T.);
#11252 = LINE('',#11253,#11254);
#11253 = CARTESIAN_POINT('',(114.629999,101.5,3.769203673205));
#11254 = VECTOR('',#11255,1.);
#11255 = DIRECTION('',(-1.224646799147E-16,-1.224646799147E-16,1.));
#11256 = PLANE('',#11257);
#11257 = AXIS2_PLACEMENT_3D('',#11258,#11259,#11260);
#11258 = CARTESIAN_POINT('',(114.629999,101.1,3.769203673205));
#11259 = DIRECTION('',(1.,-1.339070573669E-16,1.224646799147E-16));
#11260 = DIRECTION('',(-1.339070573669E-16,-1.,-1.224646799147E-16));
#11261 = ADVANCED_FACE('',(#11262),#11296,.F.);
#11262 = FACE_BOUND('',#11263,.T.);
#11263 = EDGE_LOOP('',(#11264,#11274,#11282,#11288,#11289,#11290));
#11264 = ORIENTED_EDGE('',*,*,#11265,.F.);
#11265 = EDGE_CURVE('',#11266,#11268,#11270,.T.);
#11266 = VERTEX_POINT('',#11267);
#11267 = CARTESIAN_POINT('',(114.369999,101.5,3.769203673205));
#11268 = VERTEX_POINT('',#11269);
#11269 = CARTESIAN_POINT('',(114.369999,101.1,3.769203673205));
#11270 = LINE('',#11271,#11272);
#11271 = CARTESIAN_POINT('',(114.369999,101.5,3.769203673205));
#11272 = VECTOR('',#11273,1.);
#11273 = DIRECTION('',(-1.339070573669E-16,-1.,-1.224646799147E-16));
#11274 = ORIENTED_EDGE('',*,*,#11275,.T.);
#11275 = EDGE_CURVE('',#11266,#11276,#11278,.T.);
#11276 = VERTEX_POINT('',#11277);
#11277 = CARTESIAN_POINT('',(114.369999,101.5,3.969203673205));
#11278 = LINE('',#11279,#11280);
#11279 = CARTESIAN_POINT('',(114.369999,101.5,3.769203673205));
#11280 = VECTOR('',#11281,1.);
#11281 = DIRECTION('',(-1.224646799147E-16,-1.224646799147E-16,1.));
#11282 = ORIENTED_EDGE('',*,*,#11283,.T.);
#11283 = EDGE_CURVE('',#11276,#10333,#11284,.T.);
#11284 = LINE('',#11285,#11286);
#11285 = CARTESIAN_POINT('',(114.369999,101.5,3.969203673205));
#11286 = VECTOR('',#11287,1.);
#11287 = DIRECTION('',(-1.339070573669E-16,-1.,-1.224646799147E-16));
#11288 = ORIENTED_EDGE('',*,*,#10340,.T.);
#11289 = ORIENTED_EDGE('',*,*,#9479,.F.);
#11290 = ORIENTED_EDGE('',*,*,#11291,.F.);
#11291 = EDGE_CURVE('',#11268,#9472,#11292,.T.);
#11292 = LINE('',#11293,#11294);
#11293 = CARTESIAN_POINT('',(114.369999,101.1,3.769203673205));
#11294 = VECTOR('',#11295,1.);
#11295 = DIRECTION('',(-1.224646799147E-16,-1.224646799147E-16,1.));
#11296 = PLANE('',#11297);
#11297 = AXIS2_PLACEMENT_3D('',#11298,#11299,#11300);
#11298 = CARTESIAN_POINT('',(114.369999,101.5,3.769203673205));
#11299 = DIRECTION('',(-1.,1.339070573669E-16,-1.224646799147E-16));
#11300 = DIRECTION('',(1.339070573669E-16,1.,1.224646799147E-16));
#11301 = ADVANCED_FACE('',(#11302),#11320,.F.);
#11302 = FACE_BOUND('',#11303,.T.);
#11303 = EDGE_LOOP('',(#11304,#11312,#11313,#11314));
#11304 = ORIENTED_EDGE('',*,*,#11305,.F.);
#11305 = EDGE_CURVE('',#11268,#11306,#11308,.T.);
#11306 = VERTEX_POINT('',#11307);
#11307 = CARTESIAN_POINT('',(114.129999,101.1,3.769203673205));
#11308 = LINE('',#11309,#11310);
#11309 = CARTESIAN_POINT('',(114.369999,101.1,3.769203673205));
#11310 = VECTOR('',#11311,1.);
#11311 = DIRECTION('',(-1.,1.339070573669E-16,-1.224646799147E-16));
#11312 = ORIENTED_EDGE('',*,*,#11291,.T.);
#11313 = ORIENTED_EDGE('',*,*,#9471,.F.);
#11314 = ORIENTED_EDGE('',*,*,#11315,.F.);
#11315 = EDGE_CURVE('',#11306,#9464,#11316,.T.);
#11316 = LINE('',#11317,#11318);
#11317 = CARTESIAN_POINT('',(114.129999,101.1,3.769203673205));
#11318 = VECTOR('',#11319,1.);
#11319 = DIRECTION('',(-1.224646799147E-16,-1.224646799147E-16,1.));
#11320 = PLANE('',#11321);
#11321 = AXIS2_PLACEMENT_3D('',#11322,#11323,#11324);
#11322 = CARTESIAN_POINT('',(114.369999,101.1,3.769203673205));
#11323 = DIRECTION('',(1.339070573669E-16,1.,1.224646799147E-16));
#11324 = DIRECTION('',(1.,-1.339070573669E-16,1.224646799147E-16));
#11325 = ADVANCED_FACE('',(#11326),#11353,.F.);
#11326 = FACE_BOUND('',#11327,.T.);
#11327 = EDGE_LOOP('',(#11328,#11336,#11337,#11338,#11339,#11347));
#11328 = ORIENTED_EDGE('',*,*,#11329,.F.);
#11329 = EDGE_CURVE('',#11306,#11330,#11332,.T.);
#11330 = VERTEX_POINT('',#11331);
#11331 = CARTESIAN_POINT('',(114.129999,101.5,3.769203673205));
#11332 = LINE('',#11333,#11334);
#11333 = CARTESIAN_POINT('',(114.129999,101.1,3.769203673205));
#11334 = VECTOR('',#11335,1.);
#11335 = DIRECTION('',(1.339070573669E-16,1.,1.224646799147E-16));
#11336 = ORIENTED_EDGE('',*,*,#11315,.T.);
#11337 = ORIENTED_EDGE('',*,*,#9463,.F.);
#11338 = ORIENTED_EDGE('',*,*,#10324,.T.);
#11339 = ORIENTED_EDGE('',*,*,#11340,.T.);
#11340 = EDGE_CURVE('',#10325,#11341,#11343,.T.);
#11341 = VERTEX_POINT('',#11342);
#11342 = CARTESIAN_POINT('',(114.129999,101.5,3.969203673205));
#11343 = LINE('',#11344,#11345);
#11344 = CARTESIAN_POINT('',(114.129999,101.1,3.969203673205));
#11345 = VECTOR('',#11346,1.);
#11346 = DIRECTION('',(1.339070573669E-16,1.,1.224646799147E-16));
#11347 = ORIENTED_EDGE('',*,*,#11348,.F.);
#11348 = EDGE_CURVE('',#11330,#11341,#11349,.T.);
#11349 = LINE('',#11350,#11351);
#11350 = CARTESIAN_POINT('',(114.129999,101.5,3.769203673205));
#11351 = VECTOR('',#11352,1.);
#11352 = DIRECTION('',(-1.224646799147E-16,-1.224646799147E-16,1.));
#11353 = PLANE('',#11354);
#11354 = AXIS2_PLACEMENT_3D('',#11355,#11356,#11357);
#11355 = CARTESIAN_POINT('',(114.129999,101.1,3.769203673205));
#11356 = DIRECTION('',(1.,-1.339070573669E-16,1.224646799147E-16));
#11357 = DIRECTION('',(-1.339070573669E-16,-1.,-1.224646799147E-16));
#11358 = ADVANCED_FACE('',(#11359),#11393,.F.);
#11359 = FACE_BOUND('',#11360,.T.);
#11360 = EDGE_LOOP('',(#11361,#11371,#11379,#11385,#11386,#11387));
#11361 = ORIENTED_EDGE('',*,*,#11362,.F.);
#11362 = EDGE_CURVE('',#11363,#11365,#11367,.T.);
#11363 = VERTEX_POINT('',#11364);
#11364 = CARTESIAN_POINT('',(113.499999,100.87,3.769203673205));
#11365 = VERTEX_POINT('',#11366);
#11366 = CARTESIAN_POINT('',(113.899999,100.87,3.769203673205));
#11367 = LINE('',#11368,#11369);
#11368 = CARTESIAN_POINT('',(113.499999,100.87,3.769203673205));
#11369 = VECTOR('',#11370,1.);
#11370 = DIRECTION('',(1.,-2.334869823772E-16,1.224646799147E-16));
#11371 = ORIENTED_EDGE('',*,*,#11372,.T.);
#11372 = EDGE_CURVE('',#11363,#11373,#11375,.T.);
#11373 = VERTEX_POINT('',#11374);
#11374 = CARTESIAN_POINT('',(113.499999,100.87,3.969203673205));
#11375 = LINE('',#11376,#11377);
#11376 = CARTESIAN_POINT('',(113.499999,100.87,3.769203673205));
#11377 = VECTOR('',#11378,1.);
#11378 = DIRECTION('',(-1.224646799147E-16,-1.224646799147E-16,1.));
#11379 = ORIENTED_EDGE('',*,*,#11380,.T.);
#11380 = EDGE_CURVE('',#11373,#10223,#11381,.T.);
#11381 = LINE('',#11382,#11383);
#11382 = CARTESIAN_POINT('',(113.499999,100.87,3.969203673205));
#11383 = VECTOR('',#11384,1.);
#11384 = DIRECTION('',(1.,-2.334869823772E-16,1.224646799147E-16));
#11385 = ORIENTED_EDGE('',*,*,#10222,.F.);
#11386 = ORIENTED_EDGE('',*,*,#9439,.F.);
#11387 = ORIENTED_EDGE('',*,*,#11388,.F.);
#11388 = EDGE_CURVE('',#11365,#9432,#11389,.T.);
#11389 = LINE('',#11390,#11391);
#11390 = CARTESIAN_POINT('',(113.899999,100.87,3.769203673205));
#11391 = VECTOR('',#11392,1.);
#11392 = DIRECTION('',(-1.224646799147E-16,-1.224646799147E-16,1.));
#11393 = PLANE('',#11394);
#11394 = AXIS2_PLACEMENT_3D('',#11395,#11396,#11397);
#11395 = CARTESIAN_POINT('',(113.499999,100.87,3.769203673205));
#11396 = DIRECTION('',(-2.334869823772E-16,-1.,-1.224646799147E-16));
#11397 = DIRECTION('',(-1.,2.334869823772E-16,-1.224646799147E-16));
#11398 = ADVANCED_FACE('',(#11399),#11417,.F.);
#11399 = FACE_BOUND('',#11400,.T.);
#11400 = EDGE_LOOP('',(#11401,#11409,#11410,#11411));
#11401 = ORIENTED_EDGE('',*,*,#11402,.F.);
#11402 = EDGE_CURVE('',#11365,#11403,#11405,.T.);
#11403 = VERTEX_POINT('',#11404);
#11404 = CARTESIAN_POINT('',(113.899999,100.63,3.769203673205));
#11405 = LINE('',#11406,#11407);
#11406 = CARTESIAN_POINT('',(113.899999,100.87,3.769203673205));
#11407 = VECTOR('',#11408,1.);
#11408 = DIRECTION('',(-2.334869823772E-16,-1.,-1.224646799147E-16));
#11409 = ORIENTED_EDGE('',*,*,#11388,.T.);
#11410 = ORIENTED_EDGE('',*,*,#9431,.F.);
#11411 = ORIENTED_EDGE('',*,*,#11412,.F.);
#11412 = EDGE_CURVE('',#11403,#9424,#11413,.T.);
#11413 = LINE('',#11414,#11415);
#11414 = CARTESIAN_POINT('',(113.899999,100.63,3.769203673205));
#11415 = VECTOR('',#11416,1.);
#11416 = DIRECTION('',(-1.224646799147E-16,-1.224646799147E-16,1.));
#11417 = PLANE('',#11418);
#11418 = AXIS2_PLACEMENT_3D('',#11419,#11420,#11421);
#11419 = CARTESIAN_POINT('',(113.899999,100.87,3.769203673205));
#11420 = DIRECTION('',(-1.,2.334869823772E-16,-1.224646799147E-16));
#11421 = DIRECTION('',(2.334869823772E-16,1.,1.224646799147E-16));
#11422 = ADVANCED_FACE('',(#11423),#11450,.F.);
#11423 = FACE_BOUND('',#11424,.T.);
#11424 = EDGE_LOOP('',(#11425,#11433,#11434,#11435,#11436,#11444));
#11425 = ORIENTED_EDGE('',*,*,#11426,.F.);
#11426 = EDGE_CURVE('',#11403,#11427,#11429,.T.);
#11427 = VERTEX_POINT('',#11428);
#11428 = CARTESIAN_POINT('',(113.499999,100.63,3.769203673205));
#11429 = LINE('',#11430,#11431);
#11430 = CARTESIAN_POINT('',(113.899999,100.63,3.769203673205));
#11431 = VECTOR('',#11432,1.);
#11432 = DIRECTION('',(-1.,2.334869823772E-16,-1.224646799147E-16));
#11433 = ORIENTED_EDGE('',*,*,#11412,.T.);
#11434 = ORIENTED_EDGE('',*,*,#9423,.F.);
#11435 = ORIENTED_EDGE('',*,*,#10238,.F.);
#11436 = ORIENTED_EDGE('',*,*,#11437,.T.);
#11437 = EDGE_CURVE('',#10231,#11438,#11440,.T.);
#11438 = VERTEX_POINT('',#11439);
#11439 = CARTESIAN_POINT('',(113.499999,100.63,3.969203673205));
#11440 = LINE('',#11441,#11442);
#11441 = CARTESIAN_POINT('',(113.899999,100.63,3.969203673205));
#11442 = VECTOR('',#11443,1.);
#11443 = DIRECTION('',(-1.,2.334869823772E-16,-1.224646799147E-16));
#11444 = ORIENTED_EDGE('',*,*,#11445,.F.);
#11445 = EDGE_CURVE('',#11427,#11438,#11446,.T.);
#11446 = LINE('',#11447,#11448);
#11447 = CARTESIAN_POINT('',(113.499999,100.63,3.769203673205));
#11448 = VECTOR('',#11449,1.);
#11449 = DIRECTION('',(-1.224646799147E-16,-1.224646799147E-16,1.));
#11450 = PLANE('',#11451);
#11451 = AXIS2_PLACEMENT_3D('',#11452,#11453,#11454);
#11452 = CARTESIAN_POINT('',(113.899999,100.63,3.769203673205));
#11453 = DIRECTION('',(2.334869823772E-16,1.,1.224646799147E-16));
#11454 = DIRECTION('',(1.,-2.334869823772E-16,1.224646799147E-16));
#11455 = ADVANCED_FACE('',(#11456),#11490,.F.);
#11456 = FACE_BOUND('',#11457,.T.);
#11457 = EDGE_LOOP('',(#11458,#11468,#11476,#11482,#11483,#11484));
#11458 = ORIENTED_EDGE('',*,*,#11459,.F.);
#11459 = EDGE_CURVE('',#11460,#11462,#11464,.T.);
#11460 = VERTEX_POINT('',#11461);
#11461 = CARTESIAN_POINT('',(113.499999,100.37,3.769203673205));
#11462 = VERTEX_POINT('',#11463);
#11463 = CARTESIAN_POINT('',(113.899999,100.37,3.769203673205));
#11464 = LINE('',#11465,#11466);
#11465 = CARTESIAN_POINT('',(113.499999,100.37,3.769203673205));
#11466 = VECTOR('',#11467,1.);
#11467 = DIRECTION('',(1.,-2.334869823772E-16,1.224646799147E-16));
#11468 = ORIENTED_EDGE('',*,*,#11469,.T.);
#11469 = EDGE_CURVE('',#11460,#11470,#11472,.T.);
#11470 = VERTEX_POINT('',#11471);
#11471 = CARTESIAN_POINT('',(113.499999,100.37,3.969203673205));
#11472 = LINE('',#11473,#11474);
#11473 = CARTESIAN_POINT('',(113.499999,100.37,3.769203673205));
#11474 = VECTOR('',#11475,1.);
#11475 = DIRECTION('',(-1.224646799147E-16,-1.224646799147E-16,1.));
#11476 = ORIENTED_EDGE('',*,*,#11477,.T.);
#11477 = EDGE_CURVE('',#11470,#10246,#11478,.T.);
#11478 = LINE('',#11479,#11480);
#11479 = CARTESIAN_POINT('',(113.499999,100.37,3.969203673205));
#11480 = VECTOR('',#11481,1.);
#11481 = DIRECTION('',(1.,-2.334869823772E-16,1.224646799147E-16));
#11482 = ORIENTED_EDGE('',*,*,#10245,.F.);
#11483 = ORIENTED_EDGE('',*,*,#9407,.F.);
#11484 = ORIENTED_EDGE('',*,*,#11485,.F.);
#11485 = EDGE_CURVE('',#11462,#9400,#11486,.T.);
#11486 = LINE('',#11487,#11488);
#11487 = CARTESIAN_POINT('',(113.899999,100.37,3.769203673205));
#11488 = VECTOR('',#11489,1.);
#11489 = DIRECTION('',(-1.224646799147E-16,-1.224646799147E-16,1.));
#11490 = PLANE('',#11491);
#11491 = AXIS2_PLACEMENT_3D('',#11492,#11493,#11494);
#11492 = CARTESIAN_POINT('',(113.499999,100.37,3.769203673205));
#11493 = DIRECTION('',(-2.334869823772E-16,-1.,-1.224646799147E-16));
#11494 = DIRECTION('',(-1.,2.334869823772E-16,-1.224646799147E-16));
#11495 = ADVANCED_FACE('',(#11496),#11514,.F.);
#11496 = FACE_BOUND('',#11497,.T.);
#11497 = EDGE_LOOP('',(#11498,#11506,#11507,#11508));
#11498 = ORIENTED_EDGE('',*,*,#11499,.F.);
#11499 = EDGE_CURVE('',#11462,#11500,#11502,.T.);
#11500 = VERTEX_POINT('',#11501);
#11501 = CARTESIAN_POINT('',(113.899999,100.13,3.769203673205));
#11502 = LINE('',#11503,#11504);
#11503 = CARTESIAN_POINT('',(113.899999,100.37,3.769203673205));
#11504 = VECTOR('',#11505,1.);
#11505 = DIRECTION('',(-2.334869823772E-16,-1.,-1.224646799147E-16));
#11506 = ORIENTED_EDGE('',*,*,#11485,.T.);
#11507 = ORIENTED_EDGE('',*,*,#9399,.F.);
#11508 = ORIENTED_EDGE('',*,*,#11509,.F.);
#11509 = EDGE_CURVE('',#11500,#9392,#11510,.T.);
#11510 = LINE('',#11511,#11512);
#11511 = CARTESIAN_POINT('',(113.899999,100.13,3.769203673205));
#11512 = VECTOR('',#11513,1.);
#11513 = DIRECTION('',(-1.224646799147E-16,-1.224646799147E-16,1.));
#11514 = PLANE('',#11515);
#11515 = AXIS2_PLACEMENT_3D('',#11516,#11517,#11518);
#11516 = CARTESIAN_POINT('',(113.899999,100.37,3.769203673205));
#11517 = DIRECTION('',(-1.,2.334869823772E-16,-1.224646799147E-16));
#11518 = DIRECTION('',(2.334869823772E-16,1.,1.224646799147E-16));
#11519 = ADVANCED_FACE('',(#11520),#11547,.F.);
#11520 = FACE_BOUND('',#11521,.T.);
#11521 = EDGE_LOOP('',(#11522,#11530,#11531,#11532,#11533,#11541));
#11522 = ORIENTED_EDGE('',*,*,#11523,.F.);
#11523 = EDGE_CURVE('',#11500,#11524,#11526,.T.);
#11524 = VERTEX_POINT('',#11525);
#11525 = CARTESIAN_POINT('',(113.499999,100.13,3.769203673205));
#11526 = LINE('',#11527,#11528);
#11527 = CARTESIAN_POINT('',(113.899999,100.13,3.769203673205));
#11528 = VECTOR('',#11529,1.);
#11529 = DIRECTION('',(-1.,2.334869823772E-16,-1.224646799147E-16));
#11530 = ORIENTED_EDGE('',*,*,#11509,.T.);
#11531 = ORIENTED_EDGE('',*,*,#9391,.F.);
#11532 = ORIENTED_EDGE('',*,*,#10261,.F.);
#11533 = ORIENTED_EDGE('',*,*,#11534,.T.);
#11534 = EDGE_CURVE('',#10254,#11535,#11537,.T.);
#11535 = VERTEX_POINT('',#11536);
#11536 = CARTESIAN_POINT('',(113.499999,100.13,3.969203673205));
#11537 = LINE('',#11538,#11539);
#11538 = CARTESIAN_POINT('',(113.899999,100.13,3.969203673205));
#11539 = VECTOR('',#11540,1.);
#11540 = DIRECTION('',(-1.,2.334869823772E-16,-1.224646799147E-16));
#11541 = ORIENTED_EDGE('',*,*,#11542,.F.);
#11542 = EDGE_CURVE('',#11524,#11535,#11543,.T.);
#11543 = LINE('',#11544,#11545);
#11544 = CARTESIAN_POINT('',(113.499999,100.13,3.769203673205));
#11545 = VECTOR('',#11546,1.);
#11546 = DIRECTION('',(-1.224646799147E-16,-1.224646799147E-16,1.));
#11547 = PLANE('',#11548);
#11548 = AXIS2_PLACEMENT_3D('',#11549,#11550,#11551);
#11549 = CARTESIAN_POINT('',(113.899999,100.13,3.769203673205));
#11550 = DIRECTION('',(2.334869823772E-16,1.,1.224646799147E-16));
#11551 = DIRECTION('',(1.,-2.334869823772E-16,1.224646799147E-16));
#11552 = ADVANCED_FACE('',(#11553),#11587,.F.);
#11553 = FACE_BOUND('',#11554,.T.);
#11554 = EDGE_LOOP('',(#11555,#11565,#11573,#11579,#11580,#11581));
#11555 = ORIENTED_EDGE('',*,*,#11556,.F.);
#11556 = EDGE_CURVE('',#11557,#11559,#11561,.T.);
#11557 = VERTEX_POINT('',#11558);
#11558 = CARTESIAN_POINT('',(113.499999,99.87,3.769203673205));
#11559 = VERTEX_POINT('',#11560);
#11560 = CARTESIAN_POINT('',(113.899999,99.87,3.769203673205));
#11561 = LINE('',#11562,#11563);
#11562 = CARTESIAN_POINT('',(113.499999,99.87,3.769203673205));
#11563 = VECTOR('',#11564,1.);
#11564 = DIRECTION('',(1.,-2.334869823772E-16,1.224646799147E-16));
#11565 = ORIENTED_EDGE('',*,*,#11566,.T.);
#11566 = EDGE_CURVE('',#11557,#11567,#11569,.T.);
#11567 = VERTEX_POINT('',#11568);
#11568 = CARTESIAN_POINT('',(113.499999,99.87,3.969203673205));
#11569 = LINE('',#11570,#11571);
#11570 = CARTESIAN_POINT('',(113.499999,99.87,3.769203673205));
#11571 = VECTOR('',#11572,1.);
#11572 = DIRECTION('',(-1.224646799147E-16,-1.224646799147E-16,1.));
#11573 = ORIENTED_EDGE('',*,*,#11574,.T.);
#11574 = EDGE_CURVE('',#11567,#10269,#11575,.T.);
#11575 = LINE('',#11576,#11577);
#11576 = CARTESIAN_POINT('',(113.499999,99.87,3.969203673205));
#11577 = VECTOR('',#11578,1.);
#11578 = DIRECTION('',(1.,-2.334869823772E-16,1.224646799147E-16));
#11579 = ORIENTED_EDGE('',*,*,#10268,.F.);
#11580 = ORIENTED_EDGE('',*,*,#9375,.F.);
#11581 = ORIENTED_EDGE('',*,*,#11582,.F.);
#11582 = EDGE_CURVE('',#11559,#9368,#11583,.T.);
#11583 = LINE('',#11584,#11585);
#11584 = CARTESIAN_POINT('',(113.899999,99.87,3.769203673205));
#11585 = VECTOR('',#11586,1.);
#11586 = DIRECTION('',(-1.224646799147E-16,-1.224646799147E-16,1.));
#11587 = PLANE('',#11588);
#11588 = AXIS2_PLACEMENT_3D('',#11589,#11590,#11591);
#11589 = CARTESIAN_POINT('',(113.499999,99.87,3.769203673205));
#11590 = DIRECTION('',(-2.334869823772E-16,-1.,-1.224646799147E-16));
#11591 = DIRECTION('',(-1.,2.334869823772E-16,-1.224646799147E-16));
#11592 = ADVANCED_FACE('',(#11593),#11611,.F.);
#11593 = FACE_BOUND('',#11594,.T.);
#11594 = EDGE_LOOP('',(#11595,#11603,#11604,#11605));
#11595 = ORIENTED_EDGE('',*,*,#11596,.F.);
#11596 = EDGE_CURVE('',#11559,#11597,#11599,.T.);
#11597 = VERTEX_POINT('',#11598);
#11598 = CARTESIAN_POINT('',(113.899999,99.63,3.769203673205));
#11599 = LINE('',#11600,#11601);
#11600 = CARTESIAN_POINT('',(113.899999,99.87,3.769203673205));
#11601 = VECTOR('',#11602,1.);
#11602 = DIRECTION('',(-2.334869823772E-16,-1.,-1.224646799147E-16));
#11603 = ORIENTED_EDGE('',*,*,#11582,.T.);
#11604 = ORIENTED_EDGE('',*,*,#9367,.F.);
#11605 = ORIENTED_EDGE('',*,*,#11606,.F.);
#11606 = EDGE_CURVE('',#11597,#9360,#11607,.T.);
#11607 = LINE('',#11608,#11609);
#11608 = CARTESIAN_POINT('',(113.899999,99.63,3.769203673205));
#11609 = VECTOR('',#11610,1.);
#11610 = DIRECTION('',(-1.224646799147E-16,-1.224646799147E-16,1.));
#11611 = PLANE('',#11612);
#11612 = AXIS2_PLACEMENT_3D('',#11613,#11614,#11615);
#11613 = CARTESIAN_POINT('',(113.899999,99.87,3.769203673205));
#11614 = DIRECTION('',(-1.,2.334869823772E-16,-1.224646799147E-16));
#11615 = DIRECTION('',(2.334869823772E-16,1.,1.224646799147E-16));
#11616 = ADVANCED_FACE('',(#11617),#11644,.F.);
#11617 = FACE_BOUND('',#11618,.T.);
#11618 = EDGE_LOOP('',(#11619,#11627,#11628,#11629,#11630,#11638));
#11619 = ORIENTED_EDGE('',*,*,#11620,.F.);
#11620 = EDGE_CURVE('',#11597,#11621,#11623,.T.);
#11621 = VERTEX_POINT('',#11622);
#11622 = CARTESIAN_POINT('',(113.499999,99.63,3.769203673205));
#11623 = LINE('',#11624,#11625);
#11624 = CARTESIAN_POINT('',(113.899999,99.63,3.769203673205));
#11625 = VECTOR('',#11626,1.);
#11626 = DIRECTION('',(-1.,2.334869823772E-16,-1.224646799147E-16));
#11627 = ORIENTED_EDGE('',*,*,#11606,.T.);
#11628 = ORIENTED_EDGE('',*,*,#9359,.F.);
#11629 = ORIENTED_EDGE('',*,*,#10284,.F.);
#11630 = ORIENTED_EDGE('',*,*,#11631,.T.);
#11631 = EDGE_CURVE('',#10277,#11632,#11634,.T.);
#11632 = VERTEX_POINT('',#11633);
#11633 = CARTESIAN_POINT('',(113.499999,99.63,3.969203673205));
#11634 = LINE('',#11635,#11636);
#11635 = CARTESIAN_POINT('',(113.899999,99.63,3.969203673205));
#11636 = VECTOR('',#11637,1.);
#11637 = DIRECTION('',(-1.,2.334869823772E-16,-1.224646799147E-16));
#11638 = ORIENTED_EDGE('',*,*,#11639,.F.);
#11639 = EDGE_CURVE('',#11621,#11632,#11640,.T.);
#11640 = LINE('',#11641,#11642);
#11641 = CARTESIAN_POINT('',(113.499999,99.63,3.769203673205));
#11642 = VECTOR('',#11643,1.);
#11643 = DIRECTION('',(-1.224646799147E-16,-1.224646799147E-16,1.));
#11644 = PLANE('',#11645);
#11645 = AXIS2_PLACEMENT_3D('',#11646,#11647,#11648);
#11646 = CARTESIAN_POINT('',(113.899999,99.63,3.769203673205));
#11647 = DIRECTION('',(2.334869823772E-16,1.,1.224646799147E-16));
#11648 = DIRECTION('',(1.,-2.334869823772E-16,1.224646799147E-16));
#11649 = ADVANCED_FACE('',(#11650),#11684,.F.);
#11650 = FACE_BOUND('',#11651,.T.);
#11651 = EDGE_LOOP('',(#11652,#11662,#11670,#11676,#11677,#11678));
#11652 = ORIENTED_EDGE('',*,*,#11653,.F.);
#11653 = EDGE_CURVE('',#11654,#11656,#11658,.T.);
#11654 = VERTEX_POINT('',#11655);
#11655 = CARTESIAN_POINT('',(113.499999,99.37,3.769203673205));
#11656 = VERTEX_POINT('',#11657);
#11657 = CARTESIAN_POINT('',(113.899999,99.37,3.769203673205));
#11658 = LINE('',#11659,#11660);
#11659 = CARTESIAN_POINT('',(113.499999,99.37,3.769203673205));
#11660 = VECTOR('',#11661,1.);
#11661 = DIRECTION('',(1.,-2.334869823772E-16,1.224646799147E-16));
#11662 = ORIENTED_EDGE('',*,*,#11663,.T.);
#11663 = EDGE_CURVE('',#11654,#11664,#11666,.T.);
#11664 = VERTEX_POINT('',#11665);
#11665 = CARTESIAN_POINT('',(113.499999,99.37,3.969203673205));
#11666 = LINE('',#11667,#11668);
#11667 = CARTESIAN_POINT('',(113.499999,99.37,3.769203673205));
#11668 = VECTOR('',#11669,1.);
#11669 = DIRECTION('',(-1.224646799147E-16,-1.224646799147E-16,1.));
#11670 = ORIENTED_EDGE('',*,*,#11671,.T.);
#11671 = EDGE_CURVE('',#11664,#10292,#11672,.T.);
#11672 = LINE('',#11673,#11674);
#11673 = CARTESIAN_POINT('',(113.499999,99.37,3.969203673205));
#11674 = VECTOR('',#11675,1.);
#11675 = DIRECTION('',(1.,-2.334869823772E-16,1.224646799147E-16));
#11676 = ORIENTED_EDGE('',*,*,#10291,.F.);
#11677 = ORIENTED_EDGE('',*,*,#9343,.F.);
#11678 = ORIENTED_EDGE('',*,*,#11679,.F.);
#11679 = EDGE_CURVE('',#11656,#9336,#11680,.T.);
#11680 = LINE('',#11681,#11682);
#11681 = CARTESIAN_POINT('',(113.899999,99.37,3.769203673205));
#11682 = VECTOR('',#11683,1.);
#11683 = DIRECTION('',(-1.224646799147E-16,-1.224646799147E-16,1.));
#11684 = PLANE('',#11685);
#11685 = AXIS2_PLACEMENT_3D('',#11686,#11687,#11688);
#11686 = CARTESIAN_POINT('',(113.499999,99.37,3.769203673205));
#11687 = DIRECTION('',(-2.334869823772E-16,-1.,-1.224646799147E-16));
#11688 = DIRECTION('',(-1.,2.334869823772E-16,-1.224646799147E-16));
#11689 = ADVANCED_FACE('',(#11690),#11708,.F.);
#11690 = FACE_BOUND('',#11691,.T.);
#11691 = EDGE_LOOP('',(#11692,#11700,#11701,#11702));
#11692 = ORIENTED_EDGE('',*,*,#11693,.F.);
#11693 = EDGE_CURVE('',#11656,#11694,#11696,.T.);
#11694 = VERTEX_POINT('',#11695);
#11695 = CARTESIAN_POINT('',(113.899999,99.13,3.769203673205));
#11696 = LINE('',#11697,#11698);
#11697 = CARTESIAN_POINT('',(113.899999,99.37,3.769203673205));
#11698 = VECTOR('',#11699,1.);
#11699 = DIRECTION('',(-2.334869823772E-16,-1.,-1.224646799147E-16));
#11700 = ORIENTED_EDGE('',*,*,#11679,.T.);
#11701 = ORIENTED_EDGE('',*,*,#9335,.F.);
#11702 = ORIENTED_EDGE('',*,*,#11703,.F.);
#11703 = EDGE_CURVE('',#11694,#9328,#11704,.T.);
#11704 = LINE('',#11705,#11706);
#11705 = CARTESIAN_POINT('',(113.899999,99.13,3.769203673205));
#11706 = VECTOR('',#11707,1.);
#11707 = DIRECTION('',(-1.224646799147E-16,-1.224646799147E-16,1.));
#11708 = PLANE('',#11709);
#11709 = AXIS2_PLACEMENT_3D('',#11710,#11711,#11712);
#11710 = CARTESIAN_POINT('',(113.899999,99.37,3.769203673205));
#11711 = DIRECTION('',(-1.,2.334869823772E-16,-1.224646799147E-16));
#11712 = DIRECTION('',(2.334869823772E-16,1.,1.224646799147E-16));
#11713 = ADVANCED_FACE('',(#11714),#11741,.F.);
#11714 = FACE_BOUND('',#11715,.T.);
#11715 = EDGE_LOOP('',(#11716,#11724,#11725,#11726,#11727,#11735));
#11716 = ORIENTED_EDGE('',*,*,#11717,.F.);
#11717 = EDGE_CURVE('',#11694,#11718,#11720,.T.);
#11718 = VERTEX_POINT('',#11719);
#11719 = CARTESIAN_POINT('',(113.499999,99.13,3.769203673205));
#11720 = LINE('',#11721,#11722);
#11721 = CARTESIAN_POINT('',(113.899999,99.13,3.769203673205));
#11722 = VECTOR('',#11723,1.);
#11723 = DIRECTION('',(-1.,2.334869823772E-16,-1.224646799147E-16));
#11724 = ORIENTED_EDGE('',*,*,#11703,.T.);
#11725 = ORIENTED_EDGE('',*,*,#9327,.F.);
#11726 = ORIENTED_EDGE('',*,*,#10307,.F.);
#11727 = ORIENTED_EDGE('',*,*,#11728,.T.);
#11728 = EDGE_CURVE('',#10300,#11729,#11731,.T.);
#11729 = VERTEX_POINT('',#11730);
#11730 = CARTESIAN_POINT('',(113.499999,99.13,3.969203673205));
#11731 = LINE('',#11732,#11733);
#11732 = CARTESIAN_POINT('',(113.899999,99.13,3.969203673205));
#11733 = VECTOR('',#11734,1.);
#11734 = DIRECTION('',(-1.,2.334869823772E-16,-1.224646799147E-16));
#11735 = ORIENTED_EDGE('',*,*,#11736,.F.);
#11736 = EDGE_CURVE('',#11718,#11729,#11737,.T.);
#11737 = LINE('',#11738,#11739);
#11738 = CARTESIAN_POINT('',(113.499999,99.13,3.769203673205));
#11739 = VECTOR('',#11740,1.);
#11740 = DIRECTION('',(-1.224646799147E-16,-1.224646799147E-16,1.));
#11741 = PLANE('',#11742);
#11742 = AXIS2_PLACEMENT_3D('',#11743,#11744,#11745);
#11743 = CARTESIAN_POINT('',(113.899999,99.13,3.769203673205));
#11744 = DIRECTION('',(2.334869823772E-16,1.,1.224646799147E-16));
#11745 = DIRECTION('',(1.,-2.334869823772E-16,1.224646799147E-16));
#11746 = ADVANCED_FACE('',(#11747),#11772,.F.);
#11747 = FACE_BOUND('',#11748,.T.);
#11748 = EDGE_LOOP('',(#11749,#11759,#11765,#11766));
#11749 = ORIENTED_EDGE('',*,*,#11750,.F.);
#11750 = EDGE_CURVE('',#11751,#11753,#11755,.T.);
#11751 = VERTEX_POINT('',#11752);
#11752 = CARTESIAN_POINT('',(114.149999,100.85,3.769203673205));
#11753 = VERTEX_POINT('',#11754);
#11754 = CARTESIAN_POINT('',(115.849999,100.85,3.769203673205));
#11755 = LINE('',#11756,#11757);
#11756 = CARTESIAN_POINT('',(114.149999,100.85,3.769203673205));
#11757 = VECTOR('',#11758,1.);
#11758 = DIRECTION('',(1.,-2.987942191199E-16,1.224646799147E-16));
#11759 = ORIENTED_EDGE('',*,*,#11760,.T.);
#11760 = EDGE_CURVE('',#11751,#9779,#11761,.T.);
#11761 = LINE('',#11762,#11763);
#11762 = CARTESIAN_POINT('',(114.149999,100.85,3.769203673205));
#11763 = VECTOR('',#11764,1.);
#11764 = DIRECTION('',(-1.224646799147E-16,-1.224646799147E-16,1.));
#11765 = ORIENTED_EDGE('',*,*,#9776,.F.);
#11766 = ORIENTED_EDGE('',*,*,#11767,.F.);
#11767 = EDGE_CURVE('',#11753,#9777,#11768,.T.);
#11768 = LINE('',#11769,#11770);
#11769 = CARTESIAN_POINT('',(115.849999,100.85,3.769203673205));
#11770 = VECTOR('',#11771,1.);
#11771 = DIRECTION('',(-1.224646799147E-16,-1.224646799147E-16,1.));
#11772 = PLANE('',#11773);
#11773 = AXIS2_PLACEMENT_3D('',#11774,#11775,#11776);
#11774 = CARTESIAN_POINT('',(114.149999,100.85,3.769203673205));
#11775 = DIRECTION('',(-2.987942191199E-16,-1.,-1.224646799147E-16));
#11776 = DIRECTION('',(-1.,2.987942191199E-16,-1.224646799147E-16));
#11777 = ADVANCED_FACE('',(#11778),#11796,.F.);
#11778 = FACE_BOUND('',#11779,.T.);
#11779 = EDGE_LOOP('',(#11780,#11788,#11789,#11790));
#11780 = ORIENTED_EDGE('',*,*,#11781,.F.);
#11781 = EDGE_CURVE('',#11753,#11782,#11784,.T.);
#11782 = VERTEX_POINT('',#11783);
#11783 = CARTESIAN_POINT('',(115.849999,99.15,3.769203673205));
#11784 = LINE('',#11785,#11786);
#11785 = CARTESIAN_POINT('',(115.849999,100.85,3.769203673205));
#11786 = VECTOR('',#11787,1.);
#11787 = DIRECTION('',(-2.334869823772E-16,-1.,-1.224646799147E-16));
#11788 = ORIENTED_EDGE('',*,*,#11767,.T.);
#11789 = ORIENTED_EDGE('',*,*,#9810,.F.);
#11790 = ORIENTED_EDGE('',*,*,#11791,.F.);
#11791 = EDGE_CURVE('',#11782,#9803,#11792,.T.);
#11792 = LINE('',#11793,#11794);
#11793 = CARTESIAN_POINT('',(115.849999,99.15,3.769203673205));
#11794 = VECTOR('',#11795,1.);
#11795 = DIRECTION('',(-1.224646799147E-16,-1.224646799147E-16,1.));
#11796 = PLANE('',#11797);
#11797 = AXIS2_PLACEMENT_3D('',#11798,#11799,#11800);
#11798 = CARTESIAN_POINT('',(115.849999,100.85,3.769203673205));
#11799 = DIRECTION('',(-1.,2.334869823772E-16,-1.224646799147E-16));
#11800 = DIRECTION('',(2.334869823772E-16,1.,1.224646799147E-16));
#11801 = ADVANCED_FACE('',(#11802),#11820,.F.);
#11802 = FACE_BOUND('',#11803,.T.);
#11803 = EDGE_LOOP('',(#11804,#11812,#11813,#11814));
#11804 = ORIENTED_EDGE('',*,*,#11805,.F.);
#11805 = EDGE_CURVE('',#11782,#11806,#11808,.T.);
#11806 = VERTEX_POINT('',#11807);
#11807 = CARTESIAN_POINT('',(114.349999,99.15,3.769203673205));
#11808 = LINE('',#11809,#11810);
#11809 = CARTESIAN_POINT('',(115.849999,99.15,3.769203673205));
#11810 = VECTOR('',#11811,1.);
#11811 = DIRECTION('',(-1.,2.334869823772E-16,-1.224646799147E-16));
#11812 = ORIENTED_EDGE('',*,*,#11791,.T.);
#11813 = ORIENTED_EDGE('',*,*,#9802,.F.);
#11814 = ORIENTED_EDGE('',*,*,#11815,.F.);
#11815 = EDGE_CURVE('',#11806,#9795,#11816,.T.);
#11816 = LINE('',#11817,#11818);
#11817 = CARTESIAN_POINT('',(114.349999,99.15,3.769203673205));
#11818 = VECTOR('',#11819,1.);
#11819 = DIRECTION('',(-1.224646799147E-16,-1.224646799147E-16,1.));
#11820 = PLANE('',#11821);
#11821 = AXIS2_PLACEMENT_3D('',#11822,#11823,#11824);
#11822 = CARTESIAN_POINT('',(115.849999,99.15,3.769203673205));
#11823 = DIRECTION('',(2.334869823772E-16,1.,1.224646799147E-16));
#11824 = DIRECTION('',(1.,-2.334869823772E-16,1.224646799147E-16));
#11825 = ADVANCED_FACE('',(#11826),#11844,.F.);
#11826 = FACE_BOUND('',#11827,.T.);
#11827 = EDGE_LOOP('',(#11828,#11836,#11837,#11838));
#11828 = ORIENTED_EDGE('',*,*,#11829,.F.);
#11829 = EDGE_CURVE('',#11806,#11830,#11832,.T.);
#11830 = VERTEX_POINT('',#11831);
#11831 = CARTESIAN_POINT('',(114.149999,99.35,3.769203673205));
#11832 = LINE('',#11833,#11834);
#11833 = CARTESIAN_POINT('',(114.349999,99.15,3.769203673205));
#11834 = VECTOR('',#11835,1.);
#11835 = DIRECTION('',(-0.707106781187,0.707106781187,-2.49723780309E-29
    ));
#11836 = ORIENTED_EDGE('',*,*,#11815,.T.);
#11837 = ORIENTED_EDGE('',*,*,#9794,.F.);
#11838 = ORIENTED_EDGE('',*,*,#11839,.F.);
#11839 = EDGE_CURVE('',#11830,#9787,#11840,.T.);
#11840 = LINE('',#11841,#11842);
#11841 = CARTESIAN_POINT('',(114.149999,99.35,3.769203673205));
#11842 = VECTOR('',#11843,1.);
#11843 = DIRECTION('',(-1.224646799147E-16,-1.224646799147E-16,1.));
#11844 = PLANE('',#11845);
#11845 = AXIS2_PLACEMENT_3D('',#11846,#11847,#11848);
#11846 = CARTESIAN_POINT('',(114.349999,99.15,3.769203673205));
#11847 = DIRECTION('',(0.707106781187,0.707106781187,1.731912112471E-16)
  );
#11848 = DIRECTION('',(0.707106781187,-0.707106781187,2.49723780309E-29)
  );
#11849 = ADVANCED_FACE('',(#11850),#11861,.F.);
#11850 = FACE_BOUND('',#11851,.T.);
#11851 = EDGE_LOOP('',(#11852,#11858,#11859,#11860));
#11852 = ORIENTED_EDGE('',*,*,#11853,.F.);
#11853 = EDGE_CURVE('',#11830,#11751,#11854,.T.);
#11854 = LINE('',#11855,#11856);
#11855 = CARTESIAN_POINT('',(114.149999,99.35,3.769203673205));
#11856 = VECTOR('',#11857,1.);
#11857 = DIRECTION('',(2.334869823772E-16,1.,1.224646799147E-16));
#11858 = ORIENTED_EDGE('',*,*,#11839,.T.);
#11859 = ORIENTED_EDGE('',*,*,#9786,.F.);
#11860 = ORIENTED_EDGE('',*,*,#11760,.F.);
#11861 = PLANE('',#11862);
#11862 = AXIS2_PLACEMENT_3D('',#11863,#11864,#11865);
#11863 = CARTESIAN_POINT('',(114.149999,99.35,3.769203673205));
#11864 = DIRECTION('',(1.,-2.334869823772E-16,1.224646799147E-16));
#11865 = DIRECTION('',(-2.334869823772E-16,-1.,-1.224646799147E-16));
#11866 = ADVANCED_FACE('',(#11867),#11878,.F.);
#11867 = FACE_BOUND('',#11868,.T.);
#11868 = EDGE_LOOP('',(#11869,#11870,#11871,#11872));
#11869 = ORIENTED_EDGE('',*,*,#9888,.T.);
#11870 = ORIENTED_EDGE('',*,*,#10889,.T.);
#11871 = ORIENTED_EDGE('',*,*,#9824,.T.);
#11872 = ORIENTED_EDGE('',*,*,#11873,.T.);
#11873 = EDGE_CURVE('',#9827,#9889,#11874,.T.);
#11874 = LINE('',#11875,#11876);
#11875 = CARTESIAN_POINT('',(115.869999,98.5,3.769203673205));
#11876 = VECTOR('',#11877,1.);
#11877 = DIRECTION('',(-1.,2.449293598294E-16,-1.224646799147E-16));
#11878 = PLANE('',#11879);
#11879 = AXIS2_PLACEMENT_3D('',#11880,#11881,#11882);
#11880 = CARTESIAN_POINT('',(115.749999,98.7,3.769203673205));
#11881 = DIRECTION('',(-1.224646799147E-16,-1.224646799147E-16,1.));
#11882 = DIRECTION('',(1.,-2.449293598294E-16,1.224646799147E-16));
#11883 = ADVANCED_FACE('',(#11884),#11890,.F.);
#11884 = FACE_BOUND('',#11885,.T.);
#11885 = EDGE_LOOP('',(#11886,#11887,#11888,#11889));
#11886 = ORIENTED_EDGE('',*,*,#9850,.T.);
#11887 = ORIENTED_EDGE('',*,*,#9864,.T.);
#11888 = ORIENTED_EDGE('',*,*,#9898,.F.);
#11889 = ORIENTED_EDGE('',*,*,#11873,.F.);
#11890 = PLANE('',#11891);
#11891 = AXIS2_PLACEMENT_3D('',#11892,#11893,#11894);
#11892 = CARTESIAN_POINT('',(115.869999,98.5,3.769203673205));
#11893 = DIRECTION('',(2.449293598294E-16,1.,1.224646799147E-16));
#11894 = DIRECTION('',(1.,-2.449293598294E-16,1.224646799147E-16));
#11895 = ADVANCED_FACE('',(#11896),#11907,.F.);
#11896 = FACE_BOUND('',#11897,.T.);
#11897 = EDGE_LOOP('',(#11898,#11899,#11900,#11901));
#11898 = ORIENTED_EDGE('',*,*,#9985,.T.);
#11899 = ORIENTED_EDGE('',*,*,#10872,.T.);
#11900 = ORIENTED_EDGE('',*,*,#9921,.T.);
#11901 = ORIENTED_EDGE('',*,*,#11902,.T.);
#11902 = EDGE_CURVE('',#9924,#9986,#11903,.T.);
#11903 = LINE('',#11904,#11905);
#11904 = CARTESIAN_POINT('',(115.369999,98.5,3.769203673205));
#11905 = VECTOR('',#11906,1.);
#11906 = DIRECTION('',(-1.,2.449293598294E-16,-1.224646799147E-16));
#11907 = PLANE('',#11908);
#11908 = AXIS2_PLACEMENT_3D('',#11909,#11910,#11911);
#11909 = CARTESIAN_POINT('',(115.249999,98.7,3.769203673205));
#11910 = DIRECTION('',(-1.224646799147E-16,-1.224646799147E-16,1.));
#11911 = DIRECTION('',(1.,-2.449293598294E-16,1.224646799147E-16));
#11912 = ADVANCED_FACE('',(#11913),#11919,.F.);
#11913 = FACE_BOUND('',#11914,.T.);
#11914 = EDGE_LOOP('',(#11915,#11916,#11917,#11918));
#11915 = ORIENTED_EDGE('',*,*,#9947,.T.);
#11916 = ORIENTED_EDGE('',*,*,#9961,.T.);
#11917 = ORIENTED_EDGE('',*,*,#9995,.F.);
#11918 = ORIENTED_EDGE('',*,*,#11902,.F.);
#11919 = PLANE('',#11920);
#11920 = AXIS2_PLACEMENT_3D('',#11921,#11922,#11923);
#11921 = CARTESIAN_POINT('',(115.369999,98.5,3.769203673205));
#11922 = DIRECTION('',(2.449293598294E-16,1.,1.224646799147E-16));
#11923 = DIRECTION('',(1.,-2.449293598294E-16,1.224646799147E-16));
#11924 = ADVANCED_FACE('',(#11925),#11936,.F.);
#11925 = FACE_BOUND('',#11926,.T.);
#11926 = EDGE_LOOP('',(#11927,#11928,#11929,#11930));
#11927 = ORIENTED_EDGE('',*,*,#10082,.T.);
#11928 = ORIENTED_EDGE('',*,*,#10855,.T.);
#11929 = ORIENTED_EDGE('',*,*,#10018,.T.);
#11930 = ORIENTED_EDGE('',*,*,#11931,.T.);
#11931 = EDGE_CURVE('',#10021,#10083,#11932,.T.);
#11932 = LINE('',#11933,#11934);
#11933 = CARTESIAN_POINT('',(114.869999,98.5,3.769203673205));
#11934 = VECTOR('',#11935,1.);
#11935 = DIRECTION('',(-1.,2.449293598294E-16,-1.224646799147E-16));
#11936 = PLANE('',#11937);
#11937 = AXIS2_PLACEMENT_3D('',#11938,#11939,#11940);
#11938 = CARTESIAN_POINT('',(114.749999,98.7,3.769203673205));
#11939 = DIRECTION('',(-1.224646799147E-16,-1.224646799147E-16,1.));
#11940 = DIRECTION('',(1.,-2.449293598294E-16,1.224646799147E-16));
#11941 = ADVANCED_FACE('',(#11942),#11948,.F.);
#11942 = FACE_BOUND('',#11943,.T.);
#11943 = EDGE_LOOP('',(#11944,#11945,#11946,#11947));
#11944 = ORIENTED_EDGE('',*,*,#10044,.T.);
#11945 = ORIENTED_EDGE('',*,*,#10058,.T.);
#11946 = ORIENTED_EDGE('',*,*,#10092,.F.);
#11947 = ORIENTED_EDGE('',*,*,#11931,.F.);
#11948 = PLANE('',#11949);
#11949 = AXIS2_PLACEMENT_3D('',#11950,#11951,#11952);
#11950 = CARTESIAN_POINT('',(114.869999,98.5,3.769203673205));
#11951 = DIRECTION('',(2.449293598294E-16,1.,1.224646799147E-16));
#11952 = DIRECTION('',(1.,-2.449293598294E-16,1.224646799147E-16));
#11953 = ADVANCED_FACE('',(#11954),#11965,.F.);
#11954 = FACE_BOUND('',#11955,.T.);
#11955 = EDGE_LOOP('',(#11956,#11957,#11958,#11959));
#11956 = ORIENTED_EDGE('',*,*,#10179,.T.);
#11957 = ORIENTED_EDGE('',*,*,#10838,.T.);
#11958 = ORIENTED_EDGE('',*,*,#10115,.T.);
#11959 = ORIENTED_EDGE('',*,*,#11960,.T.);
#11960 = EDGE_CURVE('',#10118,#10180,#11961,.T.);
#11961 = LINE('',#11962,#11963);
#11962 = CARTESIAN_POINT('',(114.369999,98.5,3.769203673205));
#11963 = VECTOR('',#11964,1.);
#11964 = DIRECTION('',(-1.,2.449293598294E-16,-1.224646799147E-16));
#11965 = PLANE('',#11966);
#11966 = AXIS2_PLACEMENT_3D('',#11967,#11968,#11969);
#11967 = CARTESIAN_POINT('',(114.249999,98.7,3.769203673205));
#11968 = DIRECTION('',(-1.224646799147E-16,-1.224646799147E-16,1.));
#11969 = DIRECTION('',(1.,-2.449293598294E-16,1.224646799147E-16));
#11970 = ADVANCED_FACE('',(#11971),#11977,.F.);
#11971 = FACE_BOUND('',#11972,.T.);
#11972 = EDGE_LOOP('',(#11973,#11974,#11975,#11976));
#11973 = ORIENTED_EDGE('',*,*,#10141,.T.);
#11974 = ORIENTED_EDGE('',*,*,#10155,.T.);
#11975 = ORIENTED_EDGE('',*,*,#10189,.F.);
#11976 = ORIENTED_EDGE('',*,*,#11960,.F.);
#11977 = PLANE('',#11978);
#11978 = AXIS2_PLACEMENT_3D('',#11979,#11980,#11981);
#11979 = CARTESIAN_POINT('',(114.369999,98.5,3.769203673205));
#11980 = DIRECTION('',(2.449293598294E-16,1.,1.224646799147E-16));
#11981 = DIRECTION('',(1.,-2.449293598294E-16,1.224646799147E-16));
#11982 = ADVANCED_FACE('',(#11983),#11994,.T.);
#11983 = FACE_BOUND('',#11984,.F.);
#11984 = EDGE_LOOP('',(#11985,#11991,#11992,#11993));
#11985 = ORIENTED_EDGE('',*,*,#11986,.T.);
#11986 = EDGE_CURVE('',#11729,#11664,#11987,.T.);
#11987 = LINE('',#11988,#11989);
#11988 = CARTESIAN_POINT('',(113.499999,99.13,3.969203673205));
#11989 = VECTOR('',#11990,1.);
#11990 = DIRECTION('',(2.334869823772E-16,1.,1.224646799147E-16));
#11991 = ORIENTED_EDGE('',*,*,#11671,.T.);
#11992 = ORIENTED_EDGE('',*,*,#10299,.F.);
#11993 = ORIENTED_EDGE('',*,*,#11728,.T.);
#11994 = PLANE('',#11995);
#11995 = AXIS2_PLACEMENT_3D('',#11996,#11997,#11998);
#11996 = CARTESIAN_POINT('',(113.699999,99.25,3.969203673205));
#11997 = DIRECTION('',(-1.224646799147E-16,-1.224646799147E-16,1.));
#11998 = DIRECTION('',(-2.334869823772E-16,-1.,-1.224646799147E-16));
#11999 = ADVANCED_FACE('',(#12000),#12011,.T.);
#12000 = FACE_BOUND('',#12001,.F.);
#12001 = EDGE_LOOP('',(#12002,#12008,#12009,#12010));
#12002 = ORIENTED_EDGE('',*,*,#12003,.T.);
#12003 = EDGE_CURVE('',#11632,#11567,#12004,.T.);
#12004 = LINE('',#12005,#12006);
#12005 = CARTESIAN_POINT('',(113.499999,99.63,3.969203673205));
#12006 = VECTOR('',#12007,1.);
#12007 = DIRECTION('',(2.334869823772E-16,1.,1.224646799147E-16));
#12008 = ORIENTED_EDGE('',*,*,#11574,.T.);
#12009 = ORIENTED_EDGE('',*,*,#10276,.F.);
#12010 = ORIENTED_EDGE('',*,*,#11631,.T.);
#12011 = PLANE('',#12012);
#12012 = AXIS2_PLACEMENT_3D('',#12013,#12014,#12015);
#12013 = CARTESIAN_POINT('',(113.699999,99.75,3.969203673205));
#12014 = DIRECTION('',(-1.224646799147E-16,-1.224646799147E-16,1.));
#12015 = DIRECTION('',(-2.334869823772E-16,-1.,-1.224646799147E-16));
#12016 = ADVANCED_FACE('',(#12017),#12028,.T.);
#12017 = FACE_BOUND('',#12018,.F.);
#12018 = EDGE_LOOP('',(#12019,#12025,#12026,#12027));
#12019 = ORIENTED_EDGE('',*,*,#12020,.T.);
#12020 = EDGE_CURVE('',#11535,#11470,#12021,.T.);
#12021 = LINE('',#12022,#12023);
#12022 = CARTESIAN_POINT('',(113.499999,100.13,3.969203673205));
#12023 = VECTOR('',#12024,1.);
#12024 = DIRECTION('',(2.334869823772E-16,1.,1.224646799147E-16));
#12025 = ORIENTED_EDGE('',*,*,#11477,.T.);
#12026 = ORIENTED_EDGE('',*,*,#10253,.F.);
#12027 = ORIENTED_EDGE('',*,*,#11534,.T.);
#12028 = PLANE('',#12029);
#12029 = AXIS2_PLACEMENT_3D('',#12030,#12031,#12032);
#12030 = CARTESIAN_POINT('',(113.699999,100.25,3.969203673205));
#12031 = DIRECTION('',(-1.224646799147E-16,-1.224646799147E-16,1.));
#12032 = DIRECTION('',(-2.334869823772E-16,-1.,-1.224646799147E-16));
#12033 = ADVANCED_FACE('',(#12034),#12045,.T.);
#12034 = FACE_BOUND('',#12035,.F.);
#12035 = EDGE_LOOP('',(#12036,#12042,#12043,#12044));
#12036 = ORIENTED_EDGE('',*,*,#12037,.T.);
#12037 = EDGE_CURVE('',#11438,#11373,#12038,.T.);
#12038 = LINE('',#12039,#12040);
#12039 = CARTESIAN_POINT('',(113.499999,100.63,3.969203673205));
#12040 = VECTOR('',#12041,1.);
#12041 = DIRECTION('',(2.334869823772E-16,1.,1.224646799147E-16));
#12042 = ORIENTED_EDGE('',*,*,#11380,.T.);
#12043 = ORIENTED_EDGE('',*,*,#10230,.F.);
#12044 = ORIENTED_EDGE('',*,*,#11437,.T.);
#12045 = PLANE('',#12046);
#12046 = AXIS2_PLACEMENT_3D('',#12047,#12048,#12049);
#12047 = CARTESIAN_POINT('',(113.699999,100.75,3.969203673205));
#12048 = DIRECTION('',(-1.224646799147E-16,-1.224646799147E-16,1.));
#12049 = DIRECTION('',(-2.334869823772E-16,-1.,-1.224646799147E-16));
#12050 = ADVANCED_FACE('',(#12051),#12062,.T.);
#12051 = FACE_BOUND('',#12052,.F.);
#12052 = EDGE_LOOP('',(#12053,#12059,#12060,#12061));
#12053 = ORIENTED_EDGE('',*,*,#12054,.T.);
#12054 = EDGE_CURVE('',#11050,#10985,#12055,.T.);
#12055 = LINE('',#12056,#12057);
#12056 = CARTESIAN_POINT('',(115.629999,101.5,3.969203673205));
#12057 = VECTOR('',#12058,1.);
#12058 = DIRECTION('',(1.,-1.339070573669E-16,1.224646799147E-16));
#12059 = ORIENTED_EDGE('',*,*,#10992,.T.);
#12060 = ORIENTED_EDGE('',*,*,#10401,.T.);
#12061 = ORIENTED_EDGE('',*,*,#11049,.T.);
#12062 = PLANE('',#12063);
#12063 = AXIS2_PLACEMENT_3D('',#12064,#12065,#12066);
#12064 = CARTESIAN_POINT('',(115.749999,101.3,3.969203673205));
#12065 = DIRECTION('',(-1.224646799147E-16,-1.224646799147E-16,1.));
#12066 = DIRECTION('',(-1.,1.339070573669E-16,-1.224646799147E-16));
#12067 = ADVANCED_FACE('',(#12068),#12079,.T.);
#12068 = FACE_BOUND('',#12069,.F.);
#12069 = EDGE_LOOP('',(#12070,#12076,#12077,#12078));
#12070 = ORIENTED_EDGE('',*,*,#12071,.T.);
#12071 = EDGE_CURVE('',#11147,#11082,#12072,.T.);
#12072 = LINE('',#12073,#12074);
#12073 = CARTESIAN_POINT('',(115.129999,101.5,3.969203673205));
#12074 = VECTOR('',#12075,1.);
#12075 = DIRECTION('',(1.,-1.339070573669E-16,1.224646799147E-16));
#12076 = ORIENTED_EDGE('',*,*,#11089,.T.);
#12077 = ORIENTED_EDGE('',*,*,#10378,.T.);
#12078 = ORIENTED_EDGE('',*,*,#11146,.T.);
#12079 = PLANE('',#12080);
#12080 = AXIS2_PLACEMENT_3D('',#12081,#12082,#12083);
#12081 = CARTESIAN_POINT('',(115.249999,101.3,3.969203673205));
#12082 = DIRECTION('',(-1.224646799147E-16,-1.224646799147E-16,1.));
#12083 = DIRECTION('',(-1.,1.339070573669E-16,-1.224646799147E-16));
#12084 = ADVANCED_FACE('',(#12085),#12096,.T.);
#12085 = FACE_BOUND('',#12086,.F.);
#12086 = EDGE_LOOP('',(#12087,#12093,#12094,#12095));
#12087 = ORIENTED_EDGE('',*,*,#12088,.T.);
#12088 = EDGE_CURVE('',#11244,#11179,#12089,.T.);
#12089 = LINE('',#12090,#12091);
#12090 = CARTESIAN_POINT('',(114.629999,101.5,3.969203673205));
#12091 = VECTOR('',#12092,1.);
#12092 = DIRECTION('',(1.,-1.339070573669E-16,1.224646799147E-16));
#12093 = ORIENTED_EDGE('',*,*,#11186,.T.);
#12094 = ORIENTED_EDGE('',*,*,#10355,.T.);
#12095 = ORIENTED_EDGE('',*,*,#11243,.T.);
#12096 = PLANE('',#12097);
#12097 = AXIS2_PLACEMENT_3D('',#12098,#12099,#12100);
#12098 = CARTESIAN_POINT('',(114.749999,101.3,3.969203673205));
#12099 = DIRECTION('',(-1.224646799147E-16,-1.224646799147E-16,1.));
#12100 = DIRECTION('',(-1.,1.339070573669E-16,-1.224646799147E-16));
#12101 = ADVANCED_FACE('',(#12102),#12113,.T.);
#12102 = FACE_BOUND('',#12103,.F.);
#12103 = EDGE_LOOP('',(#12104,#12110,#12111,#12112));
#12104 = ORIENTED_EDGE('',*,*,#12105,.T.);
#12105 = EDGE_CURVE('',#11341,#11276,#12106,.T.);
#12106 = LINE('',#12107,#12108);
#12107 = CARTESIAN_POINT('',(114.129999,101.5,3.969203673205));
#12108 = VECTOR('',#12109,1.);
#12109 = DIRECTION('',(1.,-1.339070573669E-16,1.224646799147E-16));
#12110 = ORIENTED_EDGE('',*,*,#11283,.T.);
#12111 = ORIENTED_EDGE('',*,*,#10332,.T.);
#12112 = ORIENTED_EDGE('',*,*,#11340,.T.);
#12113 = PLANE('',#12114);
#12114 = AXIS2_PLACEMENT_3D('',#12115,#12116,#12117);
#12115 = CARTESIAN_POINT('',(114.249999,101.3,3.969203673205));
#12116 = DIRECTION('',(-1.224646799147E-16,-1.224646799147E-16,1.));
#12117 = DIRECTION('',(-1.,1.339070573669E-16,-1.224646799147E-16));
#12118 = ADVANCED_FACE('',(#12119),#12122,.F.);
#12119 = FACE_BOUND('',#12120,.F.);
#12120 = EDGE_LOOP('',(#12121));
#12121 = ORIENTED_EDGE('',*,*,#10433,.F.);
#12122 = PLANE('',#12123);
#12123 = AXIS2_PLACEMENT_3D('',#12124,#12125,#12126);
#12124 = CARTESIAN_POINT('',(113.999999,99.,4.554203673205));
#12125 = DIRECTION('',(1.224646799147E-16,1.224646799147E-16,-1.));
#12126 = DIRECTION('',(-2.334869823772E-16,-1.,-1.224646799147E-16));
#12127 = ADVANCED_FACE('',(#12128),#12139,.F.);
#12128 = FACE_BOUND('',#12129,.T.);
#12129 = EDGE_LOOP('',(#12130,#12131,#12132,#12133));
#12130 = ORIENTED_EDGE('',*,*,#10450,.T.);
#12131 = ORIENTED_EDGE('',*,*,#10906,.T.);
#12132 = ORIENTED_EDGE('',*,*,#10514,.T.);
#12133 = ORIENTED_EDGE('',*,*,#12134,.T.);
#12134 = EDGE_CURVE('',#10517,#10451,#12135,.T.);
#12135 = LINE('',#12136,#12137);
#12136 = CARTESIAN_POINT('',(116.499999,99.37,3.769203673205));
#12137 = VECTOR('',#12138,1.);
#12138 = DIRECTION('',(-3.55951662292E-16,-1.,-1.224646799147E-16));
#12139 = PLANE('',#12140);
#12140 = AXIS2_PLACEMENT_3D('',#12141,#12142,#12143);
#12141 = CARTESIAN_POINT('',(116.299999,99.25,3.769203673205));
#12142 = DIRECTION('',(-1.224646799147E-16,-1.224646799147E-16,1.));
#12143 = DIRECTION('',(3.55951662292E-16,1.,1.224646799147E-16));
#12144 = ADVANCED_FACE('',(#12145),#12151,.F.);
#12145 = FACE_BOUND('',#12146,.T.);
#12146 = EDGE_LOOP('',(#12147,#12148,#12149,#12150));
#12147 = ORIENTED_EDGE('',*,*,#10533,.T.);
#12148 = ORIENTED_EDGE('',*,*,#10490,.T.);
#12149 = ORIENTED_EDGE('',*,*,#10460,.F.);
#12150 = ORIENTED_EDGE('',*,*,#12134,.F.);
#12151 = PLANE('',#12152);
#12152 = AXIS2_PLACEMENT_3D('',#12153,#12154,#12155);
#12153 = CARTESIAN_POINT('',(116.499999,99.37,3.769203673205));
#12154 = DIRECTION('',(-1.,3.55951662292E-16,-1.224646799147E-16));
#12155 = DIRECTION('',(3.55951662292E-16,1.,1.224646799147E-16));
#12156 = ADVANCED_FACE('',(#12157),#12168,.F.);
#12157 = FACE_BOUND('',#12158,.T.);
#12158 = EDGE_LOOP('',(#12159,#12160,#12161,#12162));
#12159 = ORIENTED_EDGE('',*,*,#10547,.T.);
#12160 = ORIENTED_EDGE('',*,*,#10923,.T.);
#12161 = ORIENTED_EDGE('',*,*,#10611,.T.);
#12162 = ORIENTED_EDGE('',*,*,#12163,.T.);
#12163 = EDGE_CURVE('',#10614,#10548,#12164,.T.);
#12164 = LINE('',#12165,#12166);
#12165 = CARTESIAN_POINT('',(116.499999,99.87,3.769203673205));
#12166 = VECTOR('',#12167,1.);
#12167 = DIRECTION('',(-3.55951662292E-16,-1.,-1.224646799147E-16));
#12168 = PLANE('',#12169);
#12169 = AXIS2_PLACEMENT_3D('',#12170,#12171,#12172);
#12170 = CARTESIAN_POINT('',(116.299999,99.75,3.769203673205));
#12171 = DIRECTION('',(-1.224646799147E-16,-1.224646799147E-16,1.));
#12172 = DIRECTION('',(3.55951662292E-16,1.,1.224646799147E-16));
#12173 = ADVANCED_FACE('',(#12174),#12180,.F.);
#12174 = FACE_BOUND('',#12175,.T.);
#12175 = EDGE_LOOP('',(#12176,#12177,#12178,#12179));
#12176 = ORIENTED_EDGE('',*,*,#10630,.T.);
#12177 = ORIENTED_EDGE('',*,*,#10587,.T.);
#12178 = ORIENTED_EDGE('',*,*,#10557,.F.);
#12179 = ORIENTED_EDGE('',*,*,#12163,.F.);
#12180 = PLANE('',#12181);
#12181 = AXIS2_PLACEMENT_3D('',#12182,#12183,#12184);
#12182 = CARTESIAN_POINT('',(116.499999,99.87,3.769203673205));
#12183 = DIRECTION('',(-1.,3.55951662292E-16,-1.224646799147E-16));
#12184 = DIRECTION('',(3.55951662292E-16,1.,1.224646799147E-16));
#12185 = ADVANCED_FACE('',(#12186),#12197,.F.);
#12186 = FACE_BOUND('',#12187,.T.);
#12187 = EDGE_LOOP('',(#12188,#12189,#12190,#12191));
#12188 = ORIENTED_EDGE('',*,*,#10644,.T.);
#12189 = ORIENTED_EDGE('',*,*,#10940,.T.);
#12190 = ORIENTED_EDGE('',*,*,#10708,.T.);
#12191 = ORIENTED_EDGE('',*,*,#12192,.T.);
#12192 = EDGE_CURVE('',#10711,#10645,#12193,.T.);
#12193 = LINE('',#12194,#12195);
#12194 = CARTESIAN_POINT('',(116.499999,100.37,3.769203673205));
#12195 = VECTOR('',#12196,1.);
#12196 = DIRECTION('',(-3.55951662292E-16,-1.,-1.224646799147E-16));
#12197 = PLANE('',#12198);
#12198 = AXIS2_PLACEMENT_3D('',#12199,#12200,#12201);
#12199 = CARTESIAN_POINT('',(116.299999,100.25,3.769203673205));
#12200 = DIRECTION('',(-1.224646799147E-16,-1.224646799147E-16,1.));
#12201 = DIRECTION('',(3.55951662292E-16,1.,1.224646799147E-16));
#12202 = ADVANCED_FACE('',(#12203),#12209,.F.);
#12203 = FACE_BOUND('',#12204,.T.);
#12204 = EDGE_LOOP('',(#12205,#12206,#12207,#12208));
#12205 = ORIENTED_EDGE('',*,*,#10727,.T.);
#12206 = ORIENTED_EDGE('',*,*,#10684,.T.);
#12207 = ORIENTED_EDGE('',*,*,#10654,.F.);
#12208 = ORIENTED_EDGE('',*,*,#12192,.F.);
#12209 = PLANE('',#12210);
#12210 = AXIS2_PLACEMENT_3D('',#12211,#12212,#12213);
#12211 = CARTESIAN_POINT('',(116.499999,100.37,3.769203673205));
#12212 = DIRECTION('',(-1.,3.55951662292E-16,-1.224646799147E-16));
#12213 = DIRECTION('',(3.55951662292E-16,1.,1.224646799147E-16));
#12214 = ADVANCED_FACE('',(#12215),#12226,.F.);
#12215 = FACE_BOUND('',#12216,.T.);
#12216 = EDGE_LOOP('',(#12217,#12218,#12219,#12220));
#12217 = ORIENTED_EDGE('',*,*,#10741,.T.);
#12218 = ORIENTED_EDGE('',*,*,#10957,.T.);
#12219 = ORIENTED_EDGE('',*,*,#10805,.T.);
#12220 = ORIENTED_EDGE('',*,*,#12221,.T.);
#12221 = EDGE_CURVE('',#10808,#10742,#12222,.T.);
#12222 = LINE('',#12223,#12224);
#12223 = CARTESIAN_POINT('',(116.499999,100.87,3.769203673205));
#12224 = VECTOR('',#12225,1.);
#12225 = DIRECTION('',(-3.55951662292E-16,-1.,-1.224646799147E-16));
#12226 = PLANE('',#12227);
#12227 = AXIS2_PLACEMENT_3D('',#12228,#12229,#12230);
#12228 = CARTESIAN_POINT('',(116.299999,100.75,3.769203673205));
#12229 = DIRECTION('',(-1.224646799147E-16,-1.224646799147E-16,1.));
#12230 = DIRECTION('',(3.55951662292E-16,1.,1.224646799147E-16));
#12231 = ADVANCED_FACE('',(#12232),#12238,.F.);
#12232 = FACE_BOUND('',#12233,.T.);
#12233 = EDGE_LOOP('',(#12234,#12235,#12236,#12237));
#12234 = ORIENTED_EDGE('',*,*,#10824,.T.);
#12235 = ORIENTED_EDGE('',*,*,#10781,.T.);
#12236 = ORIENTED_EDGE('',*,*,#10751,.F.);
#12237 = ORIENTED_EDGE('',*,*,#12221,.F.);
#12238 = PLANE('',#12239);
#12239 = AXIS2_PLACEMENT_3D('',#12240,#12241,#12242);
#12240 = CARTESIAN_POINT('',(116.499999,100.87,3.769203673205));
#12241 = DIRECTION('',(-1.,3.55951662292E-16,-1.224646799147E-16));
#12242 = DIRECTION('',(3.55951662292E-16,1.,1.224646799147E-16));
#12243 = ADVANCED_FACE('',(#12244),#12255,.F.);
#12244 = FACE_BOUND('',#12245,.T.);
#12245 = EDGE_LOOP('',(#12246,#12247,#12248,#12249));
#12246 = ORIENTED_EDGE('',*,*,#10974,.T.);
#12247 = ORIENTED_EDGE('',*,*,#11014,.T.);
#12248 = ORIENTED_EDGE('',*,*,#11038,.T.);
#12249 = ORIENTED_EDGE('',*,*,#12250,.T.);
#12250 = EDGE_CURVE('',#11039,#10975,#12251,.T.);
#12251 = LINE('',#12252,#12253);
#12252 = CARTESIAN_POINT('',(115.629999,101.5,3.769203673205));
#12253 = VECTOR('',#12254,1.);
#12254 = DIRECTION('',(1.,-1.339070573669E-16,1.224646799147E-16));
#12255 = PLANE('',#12256);
#12256 = AXIS2_PLACEMENT_3D('',#12257,#12258,#12259);
#12257 = CARTESIAN_POINT('',(115.749999,101.3,3.769203673205));
#12258 = DIRECTION('',(-1.224646799147E-16,-1.224646799147E-16,1.));
#12259 = DIRECTION('',(-1.,1.339070573669E-16,-1.224646799147E-16));
#12260 = ADVANCED_FACE('',(#12261),#12267,.F.);
#12261 = FACE_BOUND('',#12262,.T.);
#12262 = EDGE_LOOP('',(#12263,#12264,#12265,#12266));
#12263 = ORIENTED_EDGE('',*,*,#11057,.T.);
#12264 = ORIENTED_EDGE('',*,*,#12054,.T.);
#12265 = ORIENTED_EDGE('',*,*,#10984,.F.);
#12266 = ORIENTED_EDGE('',*,*,#12250,.F.);
#12267 = PLANE('',#12268);
#12268 = AXIS2_PLACEMENT_3D('',#12269,#12270,#12271);
#12269 = CARTESIAN_POINT('',(115.629999,101.5,3.769203673205));
#12270 = DIRECTION('',(-1.339070573669E-16,-1.,-1.224646799147E-16));
#12271 = DIRECTION('',(-1.,1.339070573669E-16,-1.224646799147E-16));
#12272 = ADVANCED_FACE('',(#12273),#12284,.F.);
#12273 = FACE_BOUND('',#12274,.T.);
#12274 = EDGE_LOOP('',(#12275,#12276,#12277,#12278));
#12275 = ORIENTED_EDGE('',*,*,#11071,.T.);
#12276 = ORIENTED_EDGE('',*,*,#11111,.T.);
#12277 = ORIENTED_EDGE('',*,*,#11135,.T.);
#12278 = ORIENTED_EDGE('',*,*,#12279,.T.);
#12279 = EDGE_CURVE('',#11136,#11072,#12280,.T.);
#12280 = LINE('',#12281,#12282);
#12281 = CARTESIAN_POINT('',(115.129999,101.5,3.769203673205));
#12282 = VECTOR('',#12283,1.);
#12283 = DIRECTION('',(1.,-1.339070573669E-16,1.224646799147E-16));
#12284 = PLANE('',#12285);
#12285 = AXIS2_PLACEMENT_3D('',#12286,#12287,#12288);
#12286 = CARTESIAN_POINT('',(115.249999,101.3,3.769203673205));
#12287 = DIRECTION('',(-1.224646799147E-16,-1.224646799147E-16,1.));
#12288 = DIRECTION('',(-1.,1.339070573669E-16,-1.224646799147E-16));
#12289 = ADVANCED_FACE('',(#12290),#12296,.F.);
#12290 = FACE_BOUND('',#12291,.T.);
#12291 = EDGE_LOOP('',(#12292,#12293,#12294,#12295));
#12292 = ORIENTED_EDGE('',*,*,#11154,.T.);
#12293 = ORIENTED_EDGE('',*,*,#12071,.T.);
#12294 = ORIENTED_EDGE('',*,*,#11081,.F.);
#12295 = ORIENTED_EDGE('',*,*,#12279,.F.);
#12296 = PLANE('',#12297);
#12297 = AXIS2_PLACEMENT_3D('',#12298,#12299,#12300);
#12298 = CARTESIAN_POINT('',(115.129999,101.5,3.769203673205));
#12299 = DIRECTION('',(-1.339070573669E-16,-1.,-1.224646799147E-16));
#12300 = DIRECTION('',(-1.,1.339070573669E-16,-1.224646799147E-16));
#12301 = ADVANCED_FACE('',(#12302),#12313,.F.);
#12302 = FACE_BOUND('',#12303,.T.);
#12303 = EDGE_LOOP('',(#12304,#12305,#12306,#12307));
#12304 = ORIENTED_EDGE('',*,*,#11168,.T.);
#12305 = ORIENTED_EDGE('',*,*,#11208,.T.);
#12306 = ORIENTED_EDGE('',*,*,#11232,.T.);
#12307 = ORIENTED_EDGE('',*,*,#12308,.T.);
#12308 = EDGE_CURVE('',#11233,#11169,#12309,.T.);
#12309 = LINE('',#12310,#12311);
#12310 = CARTESIAN_POINT('',(114.629999,101.5,3.769203673205));
#12311 = VECTOR('',#12312,1.);
#12312 = DIRECTION('',(1.,-1.339070573669E-16,1.224646799147E-16));
#12313 = PLANE('',#12314);
#12314 = AXIS2_PLACEMENT_3D('',#12315,#12316,#12317);
#12315 = CARTESIAN_POINT('',(114.749999,101.3,3.769203673205));
#12316 = DIRECTION('',(-1.224646799147E-16,-1.224646799147E-16,1.));
#12317 = DIRECTION('',(-1.,1.339070573669E-16,-1.224646799147E-16));
#12318 = ADVANCED_FACE('',(#12319),#12325,.F.);
#12319 = FACE_BOUND('',#12320,.T.);
#12320 = EDGE_LOOP('',(#12321,#12322,#12323,#12324));
#12321 = ORIENTED_EDGE('',*,*,#11251,.T.);
#12322 = ORIENTED_EDGE('',*,*,#12088,.T.);
#12323 = ORIENTED_EDGE('',*,*,#11178,.F.);
#12324 = ORIENTED_EDGE('',*,*,#12308,.F.);
#12325 = PLANE('',#12326);
#12326 = AXIS2_PLACEMENT_3D('',#12327,#12328,#12329);
#12327 = CARTESIAN_POINT('',(114.629999,101.5,3.769203673205));
#12328 = DIRECTION('',(-1.339070573669E-16,-1.,-1.224646799147E-16));
#12329 = DIRECTION('',(-1.,1.339070573669E-16,-1.224646799147E-16));
#12330 = ADVANCED_FACE('',(#12331),#12342,.F.);
#12331 = FACE_BOUND('',#12332,.T.);
#12332 = EDGE_LOOP('',(#12333,#12334,#12335,#12336));
#12333 = ORIENTED_EDGE('',*,*,#11265,.T.);
#12334 = ORIENTED_EDGE('',*,*,#11305,.T.);
#12335 = ORIENTED_EDGE('',*,*,#11329,.T.);
#12336 = ORIENTED_EDGE('',*,*,#12337,.T.);
#12337 = EDGE_CURVE('',#11330,#11266,#12338,.T.);
#12338 = LINE('',#12339,#12340);
#12339 = CARTESIAN_POINT('',(114.129999,101.5,3.769203673205));
#12340 = VECTOR('',#12341,1.);
#12341 = DIRECTION('',(1.,-1.339070573669E-16,1.224646799147E-16));
#12342 = PLANE('',#12343);
#12343 = AXIS2_PLACEMENT_3D('',#12344,#12345,#12346);
#12344 = CARTESIAN_POINT('',(114.249999,101.3,3.769203673205));
#12345 = DIRECTION('',(-1.224646799147E-16,-1.224646799147E-16,1.));
#12346 = DIRECTION('',(-1.,1.339070573669E-16,-1.224646799147E-16));
#12347 = ADVANCED_FACE('',(#12348),#12354,.F.);
#12348 = FACE_BOUND('',#12349,.T.);
#12349 = EDGE_LOOP('',(#12350,#12351,#12352,#12353));
#12350 = ORIENTED_EDGE('',*,*,#11348,.T.);
#12351 = ORIENTED_EDGE('',*,*,#12105,.T.);
#12352 = ORIENTED_EDGE('',*,*,#11275,.F.);
#12353 = ORIENTED_EDGE('',*,*,#12337,.F.);
#12354 = PLANE('',#12355);
#12355 = AXIS2_PLACEMENT_3D('',#12356,#12357,#12358);
#12356 = CARTESIAN_POINT('',(114.129999,101.5,3.769203673205));
#12357 = DIRECTION('',(-1.339070573669E-16,-1.,-1.224646799147E-16));
#12358 = DIRECTION('',(-1.,1.339070573669E-16,-1.224646799147E-16));
#12359 = ADVANCED_FACE('',(#12360),#12371,.F.);
#12360 = FACE_BOUND('',#12361,.T.);
#12361 = EDGE_LOOP('',(#12362,#12363,#12364,#12365));
#12362 = ORIENTED_EDGE('',*,*,#11362,.T.);
#12363 = ORIENTED_EDGE('',*,*,#11402,.T.);
#12364 = ORIENTED_EDGE('',*,*,#11426,.T.);
#12365 = ORIENTED_EDGE('',*,*,#12366,.T.);
#12366 = EDGE_CURVE('',#11427,#11363,#12367,.T.);
#12367 = LINE('',#12368,#12369);
#12368 = CARTESIAN_POINT('',(113.499999,100.63,3.769203673205));
#12369 = VECTOR('',#12370,1.);
#12370 = DIRECTION('',(2.334869823772E-16,1.,1.224646799147E-16));
#12371 = PLANE('',#12372);
#12372 = AXIS2_PLACEMENT_3D('',#12373,#12374,#12375);
#12373 = CARTESIAN_POINT('',(113.699999,100.75,3.769203673205));
#12374 = DIRECTION('',(-1.224646799147E-16,-1.224646799147E-16,1.));
#12375 = DIRECTION('',(-2.334869823772E-16,-1.,-1.224646799147E-16));
#12376 = ADVANCED_FACE('',(#12377),#12383,.F.);
#12377 = FACE_BOUND('',#12378,.T.);
#12378 = EDGE_LOOP('',(#12379,#12380,#12381,#12382));
#12379 = ORIENTED_EDGE('',*,*,#11445,.T.);
#12380 = ORIENTED_EDGE('',*,*,#12037,.T.);
#12381 = ORIENTED_EDGE('',*,*,#11372,.F.);
#12382 = ORIENTED_EDGE('',*,*,#12366,.F.);
#12383 = PLANE('',#12384);
#12384 = AXIS2_PLACEMENT_3D('',#12385,#12386,#12387);
#12385 = CARTESIAN_POINT('',(113.499999,100.63,3.769203673205));
#12386 = DIRECTION('',(1.,-2.334869823772E-16,1.224646799147E-16));
#12387 = DIRECTION('',(-2.334869823772E-16,-1.,-1.224646799147E-16));
#12388 = ADVANCED_FACE('',(#12389),#12400,.F.);
#12389 = FACE_BOUND('',#12390,.T.);
#12390 = EDGE_LOOP('',(#12391,#12392,#12393,#12394));
#12391 = ORIENTED_EDGE('',*,*,#11459,.T.);
#12392 = ORIENTED_EDGE('',*,*,#11499,.T.);
#12393 = ORIENTED_EDGE('',*,*,#11523,.T.);
#12394 = ORIENTED_EDGE('',*,*,#12395,.T.);
#12395 = EDGE_CURVE('',#11524,#11460,#12396,.T.);
#12396 = LINE('',#12397,#12398);
#12397 = CARTESIAN_POINT('',(113.499999,100.13,3.769203673205));
#12398 = VECTOR('',#12399,1.);
#12399 = DIRECTION('',(2.334869823772E-16,1.,1.224646799147E-16));
#12400 = PLANE('',#12401);
#12401 = AXIS2_PLACEMENT_3D('',#12402,#12403,#12404);
#12402 = CARTESIAN_POINT('',(113.699999,100.25,3.769203673205));
#12403 = DIRECTION('',(-1.224646799147E-16,-1.224646799147E-16,1.));
#12404 = DIRECTION('',(-2.334869823772E-16,-1.,-1.224646799147E-16));
#12405 = ADVANCED_FACE('',(#12406),#12412,.F.);
#12406 = FACE_BOUND('',#12407,.T.);
#12407 = EDGE_LOOP('',(#12408,#12409,#12410,#12411));
#12408 = ORIENTED_EDGE('',*,*,#11542,.T.);
#12409 = ORIENTED_EDGE('',*,*,#12020,.T.);
#12410 = ORIENTED_EDGE('',*,*,#11469,.F.);
#12411 = ORIENTED_EDGE('',*,*,#12395,.F.);
#12412 = PLANE('',#12413);
#12413 = AXIS2_PLACEMENT_3D('',#12414,#12415,#12416);
#12414 = CARTESIAN_POINT('',(113.499999,100.13,3.769203673205));
#12415 = DIRECTION('',(1.,-2.334869823772E-16,1.224646799147E-16));
#12416 = DIRECTION('',(-2.334869823772E-16,-1.,-1.224646799147E-16));
#12417 = ADVANCED_FACE('',(#12418),#12429,.F.);
#12418 = FACE_BOUND('',#12419,.T.);
#12419 = EDGE_LOOP('',(#12420,#12421,#12422,#12423));
#12420 = ORIENTED_EDGE('',*,*,#11556,.T.);
#12421 = ORIENTED_EDGE('',*,*,#11596,.T.);
#12422 = ORIENTED_EDGE('',*,*,#11620,.T.);
#12423 = ORIENTED_EDGE('',*,*,#12424,.T.);
#12424 = EDGE_CURVE('',#11621,#11557,#12425,.T.);
#12425 = LINE('',#12426,#12427);
#12426 = CARTESIAN_POINT('',(113.499999,99.63,3.769203673205));
#12427 = VECTOR('',#12428,1.);
#12428 = DIRECTION('',(2.334869823772E-16,1.,1.224646799147E-16));
#12429 = PLANE('',#12430);
#12430 = AXIS2_PLACEMENT_3D('',#12431,#12432,#12433);
#12431 = CARTESIAN_POINT('',(113.699999,99.75,3.769203673205));
#12432 = DIRECTION('',(-1.224646799147E-16,-1.224646799147E-16,1.));
#12433 = DIRECTION('',(-2.334869823772E-16,-1.,-1.224646799147E-16));
#12434 = ADVANCED_FACE('',(#12435),#12441,.F.);
#12435 = FACE_BOUND('',#12436,.T.);
#12436 = EDGE_LOOP('',(#12437,#12438,#12439,#12440));
#12437 = ORIENTED_EDGE('',*,*,#11639,.T.);
#12438 = ORIENTED_EDGE('',*,*,#12003,.T.);
#12439 = ORIENTED_EDGE('',*,*,#11566,.F.);
#12440 = ORIENTED_EDGE('',*,*,#12424,.F.);
#12441 = PLANE('',#12442);
#12442 = AXIS2_PLACEMENT_3D('',#12443,#12444,#12445);
#12443 = CARTESIAN_POINT('',(113.499999,99.63,3.769203673205));
#12444 = DIRECTION('',(1.,-2.334869823772E-16,1.224646799147E-16));
#12445 = DIRECTION('',(-2.334869823772E-16,-1.,-1.224646799147E-16));
#12446 = ADVANCED_FACE('',(#12447),#12458,.F.);
#12447 = FACE_BOUND('',#12448,.T.);
#12448 = EDGE_LOOP('',(#12449,#12450,#12451,#12452));
#12449 = ORIENTED_EDGE('',*,*,#11653,.T.);
#12450 = ORIENTED_EDGE('',*,*,#11693,.T.);
#12451 = ORIENTED_EDGE('',*,*,#11717,.T.);
#12452 = ORIENTED_EDGE('',*,*,#12453,.T.);
#12453 = EDGE_CURVE('',#11718,#11654,#12454,.T.);
#12454 = LINE('',#12455,#12456);
#12455 = CARTESIAN_POINT('',(113.499999,99.13,3.769203673205));
#12456 = VECTOR('',#12457,1.);
#12457 = DIRECTION('',(2.334869823772E-16,1.,1.224646799147E-16));
#12458 = PLANE('',#12459);
#12459 = AXIS2_PLACEMENT_3D('',#12460,#12461,#12462);
#12460 = CARTESIAN_POINT('',(113.699999,99.25,3.769203673205));
#12461 = DIRECTION('',(-1.224646799147E-16,-1.224646799147E-16,1.));
#12462 = DIRECTION('',(-2.334869823772E-16,-1.,-1.224646799147E-16));
#12463 = ADVANCED_FACE('',(#12464),#12470,.F.);
#12464 = FACE_BOUND('',#12465,.T.);
#12465 = EDGE_LOOP('',(#12466,#12467,#12468,#12469));
#12466 = ORIENTED_EDGE('',*,*,#11736,.T.);
#12467 = ORIENTED_EDGE('',*,*,#11986,.T.);
#12468 = ORIENTED_EDGE('',*,*,#11663,.F.);
#12469 = ORIENTED_EDGE('',*,*,#12453,.F.);
#12470 = PLANE('',#12471);
#12471 = AXIS2_PLACEMENT_3D('',#12472,#12473,#12474);
#12472 = CARTESIAN_POINT('',(113.499999,99.13,3.769203673205));
#12473 = DIRECTION('',(1.,-2.334869823772E-16,1.224646799147E-16));
#12474 = DIRECTION('',(-2.334869823772E-16,-1.,-1.224646799147E-16));
#12475 = ADVANCED_FACE('',(#12476),#12483,.F.);
#12476 = FACE_BOUND('',#12477,.T.);
#12477 = EDGE_LOOP('',(#12478,#12479,#12480,#12481,#12482));
#12478 = ORIENTED_EDGE('',*,*,#11853,.T.);
#12479 = ORIENTED_EDGE('',*,*,#11750,.T.);
#12480 = ORIENTED_EDGE('',*,*,#11781,.T.);
#12481 = ORIENTED_EDGE('',*,*,#11805,.T.);
#12482 = ORIENTED_EDGE('',*,*,#11829,.T.);
#12483 = PLANE('',#12484);
#12484 = AXIS2_PLACEMENT_3D('',#12485,#12486,#12487);
#12485 = CARTESIAN_POINT('',(115.01614003014,100.01614103014,
    3.769203673205));
#12486 = DIRECTION('',(-1.224646799147E-16,-1.224646799147E-16,1.));
#12487 = DIRECTION('',(-2.334869823772E-16,-1.,-1.224646799147E-16));
#12488 = MANIFOLD_SOLID_BREP('',#12489);
#12489 = CLOSED_SHELL('',(#12490,#12531,#12578,#12603,#12643,#12660,
    #13510,#13642,#13654,#13839,#13879,#13919,#13944,#13969,#14002,
    #14035,#14075,#14115,#14140,#14165,#14198,#14231,#14271,#14296,
    #14329,#14369,#14409,#14434,#14459,#14492,#14525,#14565,#14605,
    #14630,#14655,#14688,#14721,#14906,#14946,#14986,#15011,#15036,
    #15069,#15102,#15142,#15182,#15207,#15232,#15265,#15298,#15430,
    #15470,#15510,#15535,#15560,#15593,#15626,#15666,#15706,#15731,
    #15756,#15789,#15822,#15862,#15902,#15927,#15952,#15985,#16018,
    #16058,#16098,#16123,#16148,#16181,#16214,#16254,#16294,#16319,
    #16344,#16377,#16410,#16441,#16465,#16489,#16513,#16530,#16553,
    #16570,#16587,#16604,#16621,#16638,#16655,#16672,#16689,#16706,
    #16723,#16740,#16757,#16769,#16786,#16798,#16815,#16827,#16844,
    #16856,#16873,#16885,#16902,#16914,#16931,#16943,#16960,#16972,
    #16989,#17001,#17018,#17035,#17052,#17069,#17086,#17103,#17120,
    #17137,#17149,#17166,#17178,#17195,#17207,#17224,#17236,#17253,
    #17270,#17287,#17304,#17321,#17338,#17350,#17367,#17379,#17396,
    #17408,#17425,#17437,#17454,#17466,#17483,#17495,#17512,#17524,
    #17541,#17553,#17570,#17582,#17599,#17611,#17624,#17649));
#12490 = ADVANCED_FACE('',(#12491),#12526,.T.);
#12491 = FACE_BOUND('',#12492,.T.);
#12492 = EDGE_LOOP('',(#12493,#12503,#12512,#12520));
#12493 = ORIENTED_EDGE('',*,*,#12494,.T.);
#12494 = EDGE_CURVE('',#12495,#12497,#12499,.T.);
#12495 = VERTEX_POINT('',#12496);
#12496 = CARTESIAN_POINT('',(114.426,101.9815,-0.34));
#12497 = VERTEX_POINT('',#12498);
#12498 = CARTESIAN_POINT('',(114.426,101.6815,-0.34));
#12499 = LINE('',#12500,#12501);
#12500 = CARTESIAN_POINT('',(114.426,101.9815,-0.34));
#12501 = VECTOR('',#12502,1.);
#12502 = DIRECTION('',(-4.555315873023E-16,-1.,-1.224646799147E-16));
#12503 = ORIENTED_EDGE('',*,*,#12504,.T.);
#12504 = EDGE_CURVE('',#12497,#12505,#12507,.T.);
#12505 = VERTEX_POINT('',#12506);
#12506 = CARTESIAN_POINT('',(114.626,101.6815,-0.34));
#12507 = CIRCLE('',#12508,0.1);
#12508 = AXIS2_PLACEMENT_3D('',#12509,#12510,#12511);
#12509 = CARTESIAN_POINT('',(114.526,101.6815,-0.34));
#12510 = DIRECTION('',(0.,-1.224646799147E-16,1.));
#12511 = DIRECTION('',(-1.,-9.95799250103E-17,-1.219502364232E-32));
#12512 = ORIENTED_EDGE('',*,*,#12513,.T.);
#12513 = EDGE_CURVE('',#12505,#12514,#12516,.T.);
#12514 = VERTEX_POINT('',#12515);
#12515 = CARTESIAN_POINT('',(114.626,101.9815,-0.34));
#12516 = LINE('',#12517,#12518);
#12517 = CARTESIAN_POINT('',(114.626,101.6815,-0.34));
#12518 = VECTOR('',#12519,1.);
#12519 = DIRECTION('',(4.092722946096E-16,1.,1.224646799147E-16));
#12520 = ORIENTED_EDGE('',*,*,#12521,.T.);
#12521 = EDGE_CURVE('',#12514,#12495,#12522,.T.);
#12522 = LINE('',#12523,#12524);
#12523 = CARTESIAN_POINT('',(114.626,101.9815,-0.34));
#12524 = VECTOR('',#12525,1.);
#12525 = DIRECTION('',(-1.,4.555315873023E-16,5.578653003001E-32));
#12526 = PLANE('',#12527);
#12527 = AXIS2_PLACEMENT_3D('',#12528,#12529,#12530);
#12528 = CARTESIAN_POINT('',(114.426,101.9815,-0.34));
#12529 = DIRECTION('',(0.,-1.224646799147E-16,1.));
#12530 = DIRECTION('',(-1.,4.555315873023E-16,5.578653003001E-32));
#12531 = ADVANCED_FACE('',(#12532),#12573,.F.);
#12532 = FACE_BOUND('',#12533,.T.);
#12533 = EDGE_LOOP('',(#12534,#12535,#12543,#12551,#12559,#12567));
#12534 = ORIENTED_EDGE('',*,*,#12494,.F.);
#12535 = ORIENTED_EDGE('',*,*,#12536,.T.);
#12536 = EDGE_CURVE('',#12495,#12537,#12539,.T.);
#12537 = VERTEX_POINT('',#12538);
#12538 = CARTESIAN_POINT('',(114.426,101.9815,-0.54));
#12539 = LINE('',#12540,#12541);
#12540 = CARTESIAN_POINT('',(114.426,101.9815,-0.34));
#12541 = VECTOR('',#12542,1.);
#12542 = DIRECTION('',(0.,1.224646799147E-16,-1.));
#12543 = ORIENTED_EDGE('',*,*,#12544,.T.);
#12544 = EDGE_CURVE('',#12537,#12545,#12547,.T.);
#12545 = VERTEX_POINT('',#12546);
#12546 = CARTESIAN_POINT('',(114.426,101.9715,-0.54));
#12547 = LINE('',#12548,#12549);
#12548 = CARTESIAN_POINT('',(114.426,101.9815,-0.54));
#12549 = VECTOR('',#12550,1.);
#12550 = DIRECTION('',(-4.555315873023E-16,-1.,-1.224646799147E-16));
#12551 = ORIENTED_EDGE('',*,*,#12552,.F.);
#12552 = EDGE_CURVE('',#12553,#12545,#12555,.T.);
#12553 = VERTEX_POINT('',#12554);
#12554 = CARTESIAN_POINT('',(114.426,101.9715,-0.36));
#12555 = LINE('',#12556,#12557);
#12556 = CARTESIAN_POINT('',(114.426,101.9715,-0.35));
#12557 = VECTOR('',#12558,1.);
#12558 = DIRECTION('',(0.,1.224646799147E-16,-1.));
#12559 = ORIENTED_EDGE('',*,*,#12560,.F.);
#12560 = EDGE_CURVE('',#12561,#12553,#12563,.T.);
#12561 = VERTEX_POINT('',#12562);
#12562 = CARTESIAN_POINT('',(114.426,101.6815,-0.36));
#12563 = LINE('',#12564,#12565);
#12564 = CARTESIAN_POINT('',(114.426,101.9765,-0.36));
#12565 = VECTOR('',#12566,1.);
#12566 = DIRECTION('',(4.555315873023E-16,1.,1.224646799147E-16));
#12567 = ORIENTED_EDGE('',*,*,#12568,.F.);
#12568 = EDGE_CURVE('',#12497,#12561,#12569,.T.);
#12569 = LINE('',#12570,#12571);
#12570 = CARTESIAN_POINT('',(114.426,101.6815,-0.34));
#12571 = VECTOR('',#12572,1.);
#12572 = DIRECTION('',(0.,1.224646799147E-16,-1.));
#12573 = PLANE('',#12574);
#12574 = AXIS2_PLACEMENT_3D('',#12575,#12576,#12577);
#12575 = CARTESIAN_POINT('',(114.426,101.9815,-0.34));
#12576 = DIRECTION('',(1.,-4.555315873023E-16,-5.578653003001E-32));
#12577 = DIRECTION('',(4.555315873023E-16,1.,1.224646799147E-16));
#12578 = ADVANCED_FACE('',(#12579),#12598,.T.);
#12579 = FACE_BOUND('',#12580,.F.);
#12580 = EDGE_LOOP('',(#12581,#12589,#12596,#12597));
#12581 = ORIENTED_EDGE('',*,*,#12582,.T.);
#12582 = EDGE_CURVE('',#12505,#12583,#12585,.T.);
#12583 = VERTEX_POINT('',#12584);
#12584 = CARTESIAN_POINT('',(114.626,101.6815,-0.36));
#12585 = LINE('',#12586,#12587);
#12586 = CARTESIAN_POINT('',(114.626,101.6815,-0.34));
#12587 = VECTOR('',#12588,1.);
#12588 = DIRECTION('',(0.,1.224646799147E-16,-1.));
#12589 = ORIENTED_EDGE('',*,*,#12590,.T.);
#12590 = EDGE_CURVE('',#12583,#12561,#12591,.T.);
#12591 = CIRCLE('',#12592,0.1);
#12592 = AXIS2_PLACEMENT_3D('',#12593,#12594,#12595);
#12593 = CARTESIAN_POINT('',(114.526,101.6815,-0.36));
#12594 = DIRECTION('',(0.,1.224646799147E-16,-1.));
#12595 = DIRECTION('',(-1.,-9.95799250103E-17,-1.219502364232E-32));
#12596 = ORIENTED_EDGE('',*,*,#12568,.F.);
#12597 = ORIENTED_EDGE('',*,*,#12504,.T.);
#12598 = CYLINDRICAL_SURFACE('',#12599,0.1);
#12599 = AXIS2_PLACEMENT_3D('',#12600,#12601,#12602);
#12600 = CARTESIAN_POINT('',(114.526,101.6815,-0.34));
#12601 = DIRECTION('',(0.,-1.224646799147E-16,1.));
#12602 = DIRECTION('',(-1.,-9.95799250103E-17,-1.219502364232E-32));
#12603 = ADVANCED_FACE('',(#12604),#12638,.F.);
#12604 = FACE_BOUND('',#12605,.T.);
#12605 = EDGE_LOOP('',(#12606,#12607,#12608,#12616,#12624,#12632));
#12606 = ORIENTED_EDGE('',*,*,#12513,.F.);
#12607 = ORIENTED_EDGE('',*,*,#12582,.T.);
#12608 = ORIENTED_EDGE('',*,*,#12609,.F.);
#12609 = EDGE_CURVE('',#12610,#12583,#12612,.T.);
#12610 = VERTEX_POINT('',#12611);
#12611 = CARTESIAN_POINT('',(114.626,101.9715,-0.36));
#12612 = LINE('',#12613,#12614);
#12613 = CARTESIAN_POINT('',(114.626,101.8265,-0.36));
#12614 = VECTOR('',#12615,1.);
#12615 = DIRECTION('',(-4.092722946096E-16,-1.,-1.224646799147E-16));
#12616 = ORIENTED_EDGE('',*,*,#12617,.F.);
#12617 = EDGE_CURVE('',#12618,#12610,#12620,.T.);
#12618 = VERTEX_POINT('',#12619);
#12619 = CARTESIAN_POINT('',(114.626,101.9715,-0.54));
#12620 = LINE('',#12621,#12622);
#12621 = CARTESIAN_POINT('',(114.626,101.9715,-0.35));
#12622 = VECTOR('',#12623,1.);
#12623 = DIRECTION('',(0.,-1.224646799147E-16,1.));
#12624 = ORIENTED_EDGE('',*,*,#12625,.T.);
#12625 = EDGE_CURVE('',#12618,#12626,#12628,.T.);
#12626 = VERTEX_POINT('',#12627);
#12627 = CARTESIAN_POINT('',(114.626,101.9815,-0.54));
#12628 = LINE('',#12629,#12630);
#12629 = CARTESIAN_POINT('',(114.626,101.6815,-0.54));
#12630 = VECTOR('',#12631,1.);
#12631 = DIRECTION('',(4.092722946096E-16,1.,1.224646799147E-16));
#12632 = ORIENTED_EDGE('',*,*,#12633,.F.);
#12633 = EDGE_CURVE('',#12514,#12626,#12634,.T.);
#12634 = LINE('',#12635,#12636);
#12635 = CARTESIAN_POINT('',(114.626,101.9815,-0.34));
#12636 = VECTOR('',#12637,1.);
#12637 = DIRECTION('',(0.,1.224646799147E-16,-1.));
#12638 = PLANE('',#12639);
#12639 = AXIS2_PLACEMENT_3D('',#12640,#12641,#12642);
#12640 = CARTESIAN_POINT('',(114.626,101.6815,-0.34));
#12641 = DIRECTION('',(-1.,4.092722946096E-16,5.012140055732E-32));
#12642 = DIRECTION('',(-4.092722946096E-16,-1.,-1.224646799147E-16));
#12643 = ADVANCED_FACE('',(#12644),#12655,.F.);
#12644 = FACE_BOUND('',#12645,.T.);
#12645 = EDGE_LOOP('',(#12646,#12647,#12653,#12654));
#12646 = ORIENTED_EDGE('',*,*,#12633,.T.);
#12647 = ORIENTED_EDGE('',*,*,#12648,.T.);
#12648 = EDGE_CURVE('',#12626,#12537,#12649,.T.);
#12649 = LINE('',#12650,#12651);
#12650 = CARTESIAN_POINT('',(114.626,101.9815,-0.54));
#12651 = VECTOR('',#12652,1.);
#12652 = DIRECTION('',(-1.,4.555315873023E-16,5.578653003001E-32));
#12653 = ORIENTED_EDGE('',*,*,#12536,.F.);
#12654 = ORIENTED_EDGE('',*,*,#12521,.F.);
#12655 = PLANE('',#12656);
#12656 = AXIS2_PLACEMENT_3D('',#12657,#12658,#12659);
#12657 = CARTESIAN_POINT('',(114.626,101.9815,-0.34));
#12658 = DIRECTION('',(-4.555315873023E-16,-1.,-1.224646799147E-16));
#12659 = DIRECTION('',(1.,-4.555315873023E-16,-5.578653003001E-32));
#12660 = ADVANCED_FACE('',(#12661,#13463),#13505,.F.);
#12661 = FACE_BOUND('',#12662,.T.);
#12662 = EDGE_LOOP('',(#12663,#12673,#12681,#12689,#12698,#12706,#12714,
    #12722,#12731,#12739,#12747,#12755,#12764,#12772,#12780,#12788,
    #12797,#12805,#12813,#12821,#12830,#12838,#12846,#12854,#12863,
    #12871,#12879,#12887,#12896,#12904,#12912,#12920,#12928,#12937,
    #12945,#12953,#12961,#12970,#12978,#12986,#12994,#13003,#13011,
    #13019,#13027,#13036,#13044,#13052,#13060,#13069,#13077,#13085,
    #13093,#13101,#13110,#13118,#13126,#13134,#13143,#13151,#13159,
    #13167,#13176,#13184,#13192,#13200,#13209,#13217,#13225,#13233,
    #13242,#13250,#13258,#13266,#13275,#13283,#13291,#13299,#13308,
    #13316,#13324,#13332,#13340,#13349,#13357,#13365,#13373,#13382,
    #13390,#13396,#13397,#13398,#13399,#13407,#13415,#13424,#13432,
    #13440,#13448,#13457));
#12663 = ORIENTED_EDGE('',*,*,#12664,.F.);
#12664 = EDGE_CURVE('',#12665,#12667,#12669,.T.);
#12665 = VERTEX_POINT('',#12666);
#12666 = CARTESIAN_POINT('',(113.036,101.9715,-0.36));
#12667 = VERTEX_POINT('',#12668);
#12668 = CARTESIAN_POINT('',(113.626,101.9715,-0.36));
#12669 = LINE('',#12670,#12671);
#12670 = CARTESIAN_POINT('',(113.036,101.9715,-0.36));
#12671 = VECTOR('',#12672,1.);
#12672 = DIRECTION('',(1.,-2.22044604925E-16,-2.719262146893E-32));
#12673 = ORIENTED_EDGE('',*,*,#12674,.T.);
#12674 = EDGE_CURVE('',#12665,#12675,#12677,.T.);
#12675 = VERTEX_POINT('',#12676);
#12676 = CARTESIAN_POINT('',(113.036,101.2815,-0.36));
#12677 = LINE('',#12678,#12679);
#12678 = CARTESIAN_POINT('',(113.036,101.9715,-0.36));
#12679 = VECTOR('',#12680,1.);
#12680 = DIRECTION('',(-2.22044604925E-16,-1.,-1.224646799147E-16));
#12681 = ORIENTED_EDGE('',*,*,#12682,.T.);
#12682 = EDGE_CURVE('',#12675,#12683,#12685,.T.);
#12683 = VERTEX_POINT('',#12684);
#12684 = CARTESIAN_POINT('',(113.326,101.2815,-0.36));
#12685 = LINE('',#12686,#12687);
#12686 = CARTESIAN_POINT('',(113.181,101.2815,-0.36));
#12687 = VECTOR('',#12688,1.);
#12688 = DIRECTION('',(1.,-4.207146720618E-16,-5.152268764947E-32));
#12689 = ORIENTED_EDGE('',*,*,#12690,.T.);
#12690 = EDGE_CURVE('',#12683,#12691,#12693,.T.);
#12691 = VERTEX_POINT('',#12692);
#12692 = CARTESIAN_POINT('',(113.326,101.0815,-0.36));
#12693 = CIRCLE('',#12694,0.1);
#12694 = AXIS2_PLACEMENT_3D('',#12695,#12696,#12697);
#12695 = CARTESIAN_POINT('',(113.326,101.1815,-0.36));
#12696 = DIRECTION('',(0.,1.224646799147E-16,-1.));
#12697 = DIRECTION('',(8.813754755808E-17,-1.,-1.224646799147E-16));
#12698 = ORIENTED_EDGE('',*,*,#12699,.T.);
#12699 = EDGE_CURVE('',#12691,#12700,#12702,.T.);
#12700 = VERTEX_POINT('',#12701);
#12701 = CARTESIAN_POINT('',(113.036,101.0815,-0.36));
#12702 = LINE('',#12703,#12704);
#12703 = CARTESIAN_POINT('',(113.031,101.0815,-0.36));
#12704 = VECTOR('',#12705,1.);
#12705 = DIRECTION('',(-1.,4.669739647545E-16,5.718781712216E-32));
#12706 = ORIENTED_EDGE('',*,*,#12707,.T.);
#12707 = EDGE_CURVE('',#12700,#12708,#12710,.T.);
#12708 = VERTEX_POINT('',#12709);
#12709 = CARTESIAN_POINT('',(113.036,100.8815,-0.36));
#12710 = LINE('',#12711,#12712);
#12711 = CARTESIAN_POINT('',(113.036,101.9715,-0.36));
#12712 = VECTOR('',#12713,1.);
#12713 = DIRECTION('',(-2.22044604925E-16,-1.,-1.224646799147E-16));
#12714 = ORIENTED_EDGE('',*,*,#12715,.T.);
#12715 = EDGE_CURVE('',#12708,#12716,#12718,.T.);
#12716 = VERTEX_POINT('',#12717);
#12717 = CARTESIAN_POINT('',(113.326,100.8815,-0.36));
#12718 = LINE('',#12719,#12720);
#12719 = CARTESIAN_POINT('',(113.181,100.8815,-0.36));
#12720 = VECTOR('',#12721,1.);
#12721 = DIRECTION('',(1.,-4.207146720618E-16,-5.152268764947E-32));
#12722 = ORIENTED_EDGE('',*,*,#12723,.T.);
#12723 = EDGE_CURVE('',#12716,#12724,#12726,.T.);
#12724 = VERTEX_POINT('',#12725);
#12725 = CARTESIAN_POINT('',(113.326,100.6815,-0.36));
#12726 = CIRCLE('',#12727,0.1);
#12727 = AXIS2_PLACEMENT_3D('',#12728,#12729,#12730);
#12728 = CARTESIAN_POINT('',(113.326,100.7815,-0.36));
#12729 = DIRECTION('',(0.,1.224646799147E-16,-1.));
#12730 = DIRECTION('',(8.813754755808E-17,-1.,-1.224646799147E-16));
#12731 = ORIENTED_EDGE('',*,*,#12732,.T.);
#12732 = EDGE_CURVE('',#12724,#12733,#12735,.T.);
#12733 = VERTEX_POINT('',#12734);
#12734 = CARTESIAN_POINT('',(113.036,100.6815,-0.36));
#12735 = LINE('',#12736,#12737);
#12736 = CARTESIAN_POINT('',(113.031,100.6815,-0.36));
#12737 = VECTOR('',#12738,1.);
#12738 = DIRECTION('',(-1.,4.669739647545E-16,5.718781712216E-32));
#12739 = ORIENTED_EDGE('',*,*,#12740,.T.);
#12740 = EDGE_CURVE('',#12733,#12741,#12743,.T.);
#12741 = VERTEX_POINT('',#12742);
#12742 = CARTESIAN_POINT('',(113.036,100.4815,-0.36));
#12743 = LINE('',#12744,#12745);
#12744 = CARTESIAN_POINT('',(113.036,101.9715,-0.36));
#12745 = VECTOR('',#12746,1.);
#12746 = DIRECTION('',(-2.22044604925E-16,-1.,-1.224646799147E-16));
#12747 = ORIENTED_EDGE('',*,*,#12748,.T.);
#12748 = EDGE_CURVE('',#12741,#12749,#12751,.T.);
#12749 = VERTEX_POINT('',#12750);
#12750 = CARTESIAN_POINT('',(113.326,100.4815,-0.36));
#12751 = LINE('',#12752,#12753);
#12752 = CARTESIAN_POINT('',(113.181,100.4815,-0.36));
#12753 = VECTOR('',#12754,1.);
#12754 = DIRECTION('',(1.,-4.207146720618E-16,-5.152268764947E-32));
#12755 = ORIENTED_EDGE('',*,*,#12756,.T.);
#12756 = EDGE_CURVE('',#12749,#12757,#12759,.T.);
#12757 = VERTEX_POINT('',#12758);
#12758 = CARTESIAN_POINT('',(113.326,100.2815,-0.36));
#12759 = CIRCLE('',#12760,0.1);
#12760 = AXIS2_PLACEMENT_3D('',#12761,#12762,#12763);
#12761 = CARTESIAN_POINT('',(113.326,100.3815,-0.36));
#12762 = DIRECTION('',(0.,1.224646799147E-16,-1.));
#12763 = DIRECTION('',(8.813754755808E-17,-1.,-1.224646799147E-16));
#12764 = ORIENTED_EDGE('',*,*,#12765,.T.);
#12765 = EDGE_CURVE('',#12757,#12766,#12768,.T.);
#12766 = VERTEX_POINT('',#12767);
#12767 = CARTESIAN_POINT('',(113.036,100.2815,-0.36));
#12768 = LINE('',#12769,#12770);
#12769 = CARTESIAN_POINT('',(113.031,100.2815,-0.36));
#12770 = VECTOR('',#12771,1.);
#12771 = DIRECTION('',(-1.,4.669739647545E-16,5.718781712216E-32));
#12772 = ORIENTED_EDGE('',*,*,#12773,.T.);
#12773 = EDGE_CURVE('',#12766,#12774,#12776,.T.);
#12774 = VERTEX_POINT('',#12775);
#12775 = CARTESIAN_POINT('',(113.036,100.0815,-0.36));
#12776 = LINE('',#12777,#12778);
#12777 = CARTESIAN_POINT('',(113.036,101.9715,-0.36));
#12778 = VECTOR('',#12779,1.);
#12779 = DIRECTION('',(-2.22044604925E-16,-1.,-1.224646799147E-16));
#12780 = ORIENTED_EDGE('',*,*,#12781,.T.);
#12781 = EDGE_CURVE('',#12774,#12782,#12784,.T.);
#12782 = VERTEX_POINT('',#12783);
#12783 = CARTESIAN_POINT('',(113.326,100.0815,-0.36));
#12784 = LINE('',#12785,#12786);
#12785 = CARTESIAN_POINT('',(113.181,100.0815,-0.36));
#12786 = VECTOR('',#12787,1.);
#12787 = DIRECTION('',(1.,-4.207146720618E-16,-5.152268764947E-32));
#12788 = ORIENTED_EDGE('',*,*,#12789,.T.);
#12789 = EDGE_CURVE('',#12782,#12790,#12792,.T.);
#12790 = VERTEX_POINT('',#12791);
#12791 = CARTESIAN_POINT('',(113.326,99.8815,-0.36));
#12792 = CIRCLE('',#12793,0.1);
#12793 = AXIS2_PLACEMENT_3D('',#12794,#12795,#12796);
#12794 = CARTESIAN_POINT('',(113.326,99.9815,-0.36));
#12795 = DIRECTION('',(0.,1.224646799147E-16,-1.));
#12796 = DIRECTION('',(8.813754755808E-17,-1.,-1.224646799147E-16));
#12797 = ORIENTED_EDGE('',*,*,#12798,.T.);
#12798 = EDGE_CURVE('',#12790,#12799,#12801,.T.);
#12799 = VERTEX_POINT('',#12800);
#12800 = CARTESIAN_POINT('',(113.036,99.8815,-0.36));
#12801 = LINE('',#12802,#12803);
#12802 = CARTESIAN_POINT('',(113.031,99.8815,-0.36));
#12803 = VECTOR('',#12804,1.);
#12804 = DIRECTION('',(-1.,4.669739647545E-16,5.718781712216E-32));
#12805 = ORIENTED_EDGE('',*,*,#12806,.T.);
#12806 = EDGE_CURVE('',#12799,#12807,#12809,.T.);
#12807 = VERTEX_POINT('',#12808);
#12808 = CARTESIAN_POINT('',(113.036,99.6815,-0.36));
#12809 = LINE('',#12810,#12811);
#12810 = CARTESIAN_POINT('',(113.036,101.9715,-0.36));
#12811 = VECTOR('',#12812,1.);
#12812 = DIRECTION('',(-2.22044604925E-16,-1.,-1.224646799147E-16));
#12813 = ORIENTED_EDGE('',*,*,#12814,.T.);
#12814 = EDGE_CURVE('',#12807,#12815,#12817,.T.);
#12815 = VERTEX_POINT('',#12816);
#12816 = CARTESIAN_POINT('',(113.326,99.6815,-0.36));
#12817 = LINE('',#12818,#12819);
#12818 = CARTESIAN_POINT('',(113.181,99.6815,-0.36));
#12819 = VECTOR('',#12820,1.);
#12820 = DIRECTION('',(1.,-4.207146720618E-16,-5.152268764947E-32));
#12821 = ORIENTED_EDGE('',*,*,#12822,.T.);
#12822 = EDGE_CURVE('',#12815,#12823,#12825,.T.);
#12823 = VERTEX_POINT('',#12824);
#12824 = CARTESIAN_POINT('',(113.326,99.4815,-0.36));
#12825 = CIRCLE('',#12826,0.1);
#12826 = AXIS2_PLACEMENT_3D('',#12827,#12828,#12829);
#12827 = CARTESIAN_POINT('',(113.326,99.5815,-0.36));
#12828 = DIRECTION('',(0.,1.224646799147E-16,-1.));
#12829 = DIRECTION('',(8.813754755808E-17,-1.,-1.224646799147E-16));
#12830 = ORIENTED_EDGE('',*,*,#12831,.T.);
#12831 = EDGE_CURVE('',#12823,#12832,#12834,.T.);
#12832 = VERTEX_POINT('',#12833);
#12833 = CARTESIAN_POINT('',(113.036,99.4815,-0.36));
#12834 = LINE('',#12835,#12836);
#12835 = CARTESIAN_POINT('',(113.031,99.4815,-0.36));
#12836 = VECTOR('',#12837,1.);
#12837 = DIRECTION('',(-1.,4.669739647545E-16,5.718781712216E-32));
#12838 = ORIENTED_EDGE('',*,*,#12839,.T.);
#12839 = EDGE_CURVE('',#12832,#12840,#12842,.T.);
#12840 = VERTEX_POINT('',#12841);
#12841 = CARTESIAN_POINT('',(113.036,99.2815,-0.36));
#12842 = LINE('',#12843,#12844);
#12843 = CARTESIAN_POINT('',(113.036,101.9715,-0.36));
#12844 = VECTOR('',#12845,1.);
#12845 = DIRECTION('',(-2.22044604925E-16,-1.,-1.224646799147E-16));
#12846 = ORIENTED_EDGE('',*,*,#12847,.T.);
#12847 = EDGE_CURVE('',#12840,#12848,#12850,.T.);
#12848 = VERTEX_POINT('',#12849);
#12849 = CARTESIAN_POINT('',(113.326,99.2815,-0.36));
#12850 = LINE('',#12851,#12852);
#12851 = CARTESIAN_POINT('',(113.181,99.2815,-0.36));
#12852 = VECTOR('',#12853,1.);
#12853 = DIRECTION('',(1.,-4.207146720618E-16,-5.152268764947E-32));
#12854 = ORIENTED_EDGE('',*,*,#12855,.T.);
#12855 = EDGE_CURVE('',#12848,#12856,#12858,.T.);
#12856 = VERTEX_POINT('',#12857);
#12857 = CARTESIAN_POINT('',(113.326,99.0815,-0.36));
#12858 = CIRCLE('',#12859,0.1);
#12859 = AXIS2_PLACEMENT_3D('',#12860,#12861,#12862);
#12860 = CARTESIAN_POINT('',(113.326,99.1815,-0.36));
#12861 = DIRECTION('',(0.,1.224646799147E-16,-1.));
#12862 = DIRECTION('',(8.813754755808E-17,-1.,-1.224646799147E-16));
#12863 = ORIENTED_EDGE('',*,*,#12864,.T.);
#12864 = EDGE_CURVE('',#12856,#12865,#12867,.T.);
#12865 = VERTEX_POINT('',#12866);
#12866 = CARTESIAN_POINT('',(113.036,99.0815,-0.36));
#12867 = LINE('',#12868,#12869);
#12868 = CARTESIAN_POINT('',(113.031,99.0815,-0.36));
#12869 = VECTOR('',#12870,1.);
#12870 = DIRECTION('',(-1.,4.669739647545E-16,5.718781712216E-32));
#12871 = ORIENTED_EDGE('',*,*,#12872,.T.);
#12872 = EDGE_CURVE('',#12865,#12873,#12875,.T.);
#12873 = VERTEX_POINT('',#12874);
#12874 = CARTESIAN_POINT('',(113.036,98.8815,-0.36));
#12875 = LINE('',#12876,#12877);
#12876 = CARTESIAN_POINT('',(113.036,101.9715,-0.36));
#12877 = VECTOR('',#12878,1.);
#12878 = DIRECTION('',(-2.22044604925E-16,-1.,-1.224646799147E-16));
#12879 = ORIENTED_EDGE('',*,*,#12880,.T.);
#12880 = EDGE_CURVE('',#12873,#12881,#12883,.T.);
#12881 = VERTEX_POINT('',#12882);
#12882 = CARTESIAN_POINT('',(113.326,98.8815,-0.36));
#12883 = LINE('',#12884,#12885);
#12884 = CARTESIAN_POINT('',(113.181,98.8815,-0.36));
#12885 = VECTOR('',#12886,1.);
#12886 = DIRECTION('',(1.,-4.207146720618E-16,-5.152268764947E-32));
#12887 = ORIENTED_EDGE('',*,*,#12888,.T.);
#12888 = EDGE_CURVE('',#12881,#12889,#12891,.T.);
#12889 = VERTEX_POINT('',#12890);
#12890 = CARTESIAN_POINT('',(113.326,98.6815,-0.36));
#12891 = CIRCLE('',#12892,0.1);
#12892 = AXIS2_PLACEMENT_3D('',#12893,#12894,#12895);
#12893 = CARTESIAN_POINT('',(113.326,98.7815,-0.36));
#12894 = DIRECTION('',(0.,1.224646799147E-16,-1.));
#12895 = DIRECTION('',(8.813754755808E-17,-1.,-1.224646799147E-16));
#12896 = ORIENTED_EDGE('',*,*,#12897,.T.);
#12897 = EDGE_CURVE('',#12889,#12898,#12900,.T.);
#12898 = VERTEX_POINT('',#12899);
#12899 = CARTESIAN_POINT('',(113.036,98.6815,-0.36));
#12900 = LINE('',#12901,#12902);
#12901 = CARTESIAN_POINT('',(113.031,98.6815,-0.36));
#12902 = VECTOR('',#12903,1.);
#12903 = DIRECTION('',(-1.,4.669739647545E-16,5.718781712216E-32));
#12904 = ORIENTED_EDGE('',*,*,#12905,.T.);
#12905 = EDGE_CURVE('',#12898,#12906,#12908,.T.);
#12906 = VERTEX_POINT('',#12907);
#12907 = CARTESIAN_POINT('',(113.036,97.9915,-0.36));
#12908 = LINE('',#12909,#12910);
#12909 = CARTESIAN_POINT('',(113.036,101.9715,-0.36));
#12910 = VECTOR('',#12911,1.);
#12911 = DIRECTION('',(-2.22044604925E-16,-1.,-1.224646799147E-16));
#12912 = ORIENTED_EDGE('',*,*,#12913,.T.);
#12913 = EDGE_CURVE('',#12906,#12914,#12916,.T.);
#12914 = VERTEX_POINT('',#12915);
#12915 = CARTESIAN_POINT('',(113.626,97.9915,-0.36));
#12916 = LINE('',#12917,#12918);
#12917 = CARTESIAN_POINT('',(113.036,97.9915,-0.36));
#12918 = VECTOR('',#12919,1.);
#12919 = DIRECTION('',(1.,-2.22044604925E-16,-2.719262146893E-32));
#12920 = ORIENTED_EDGE('',*,*,#12921,.T.);
#12921 = EDGE_CURVE('',#12914,#12922,#12924,.T.);
#12922 = VERTEX_POINT('',#12923);
#12923 = CARTESIAN_POINT('',(113.626,98.2815,-0.36));
#12924 = LINE('',#12925,#12926);
#12925 = CARTESIAN_POINT('',(113.626,100.1265,-0.36));
#12926 = VECTOR('',#12927,1.);
#12927 = DIRECTION('',(5.202945970721E-16,1.,1.224646799147E-16));
#12928 = ORIENTED_EDGE('',*,*,#12929,.T.);
#12929 = EDGE_CURVE('',#12922,#12930,#12932,.T.);
#12930 = VERTEX_POINT('',#12931);
#12931 = CARTESIAN_POINT('',(113.826,98.2815,-0.36));
#12932 = CIRCLE('',#12933,0.1);
#12933 = AXIS2_PLACEMENT_3D('',#12934,#12935,#12936);
#12934 = CARTESIAN_POINT('',(113.726,98.2815,-0.36));
#12935 = DIRECTION('',(0.,1.224646799147E-16,-1.));
#12936 = DIRECTION('',(1.,-1.144237745222E-17,-1.401287092149E-33));
#12937 = ORIENTED_EDGE('',*,*,#12938,.T.);
#12938 = EDGE_CURVE('',#12930,#12939,#12941,.T.);
#12939 = VERTEX_POINT('',#12940);
#12940 = CARTESIAN_POINT('',(113.826,97.9915,-0.36));
#12941 = LINE('',#12942,#12943);
#12942 = CARTESIAN_POINT('',(113.826,99.9765,-0.36));
#12943 = VECTOR('',#12944,1.);
#12944 = DIRECTION('',(-5.665538897648E-16,-1.,-1.224646799147E-16));
#12945 = ORIENTED_EDGE('',*,*,#12946,.T.);
#12946 = EDGE_CURVE('',#12939,#12947,#12949,.T.);
#12947 = VERTEX_POINT('',#12948);
#12948 = CARTESIAN_POINT('',(114.026,97.9915,-0.36));
#12949 = LINE('',#12950,#12951);
#12950 = CARTESIAN_POINT('',(113.036,97.9915,-0.36));
#12951 = VECTOR('',#12952,1.);
#12952 = DIRECTION('',(1.,-2.22044604925E-16,-2.719262146893E-32));
#12953 = ORIENTED_EDGE('',*,*,#12954,.T.);
#12954 = EDGE_CURVE('',#12947,#12955,#12957,.T.);
#12955 = VERTEX_POINT('',#12956);
#12956 = CARTESIAN_POINT('',(114.026,98.2815,-0.36));
#12957 = LINE('',#12958,#12959);
#12958 = CARTESIAN_POINT('',(114.026,100.1265,-0.36));
#12959 = VECTOR('',#12960,1.);
#12960 = DIRECTION('',(5.202945970721E-16,1.,1.224646799147E-16));
#12961 = ORIENTED_EDGE('',*,*,#12962,.T.);
#12962 = EDGE_CURVE('',#12955,#12963,#12965,.T.);
#12963 = VERTEX_POINT('',#12964);
#12964 = CARTESIAN_POINT('',(114.226,98.2815,-0.36));
#12965 = CIRCLE('',#12966,0.1);
#12966 = AXIS2_PLACEMENT_3D('',#12967,#12968,#12969);
#12967 = CARTESIAN_POINT('',(114.126,98.2815,-0.36));
#12968 = DIRECTION('',(0.,1.224646799147E-16,-1.));
#12969 = DIRECTION('',(1.,-1.144237745222E-17,-1.401287092149E-33));
#12970 = ORIENTED_EDGE('',*,*,#12971,.T.);
#12971 = EDGE_CURVE('',#12963,#12972,#12974,.T.);
#12972 = VERTEX_POINT('',#12973);
#12973 = CARTESIAN_POINT('',(114.226,97.9915,-0.36));
#12974 = LINE('',#12975,#12976);
#12975 = CARTESIAN_POINT('',(114.226,99.9765,-0.36));
#12976 = VECTOR('',#12977,1.);
#12977 = DIRECTION('',(-5.665538897648E-16,-1.,-1.224646799147E-16));
#12978 = ORIENTED_EDGE('',*,*,#12979,.T.);
#12979 = EDGE_CURVE('',#12972,#12980,#12982,.T.);
#12980 = VERTEX_POINT('',#12981);
#12981 = CARTESIAN_POINT('',(114.426,97.9915,-0.36));
#12982 = LINE('',#12983,#12984);
#12983 = CARTESIAN_POINT('',(113.036,97.9915,-0.36));
#12984 = VECTOR('',#12985,1.);
#12985 = DIRECTION('',(1.,-2.22044604925E-16,-2.719262146893E-32));
#12986 = ORIENTED_EDGE('',*,*,#12987,.T.);
#12987 = EDGE_CURVE('',#12980,#12988,#12990,.T.);
#12988 = VERTEX_POINT('',#12989);
#12989 = CARTESIAN_POINT('',(114.426,98.2815,-0.36));
#12990 = LINE('',#12991,#12992);
#12991 = CARTESIAN_POINT('',(114.426,100.1265,-0.36));
#12992 = VECTOR('',#12993,1.);
#12993 = DIRECTION('',(5.202945970721E-16,1.,1.224646799147E-16));
#12994 = ORIENTED_EDGE('',*,*,#12995,.T.);
#12995 = EDGE_CURVE('',#12988,#12996,#12998,.T.);
#12996 = VERTEX_POINT('',#12997);
#12997 = CARTESIAN_POINT('',(114.626,98.2815,-0.36));
#12998 = CIRCLE('',#12999,0.1);
#12999 = AXIS2_PLACEMENT_3D('',#13000,#13001,#13002);
#13000 = CARTESIAN_POINT('',(114.526,98.2815,-0.36));
#13001 = DIRECTION('',(0.,1.224646799147E-16,-1.));
#13002 = DIRECTION('',(1.,-1.144237745222E-17,-1.401287092149E-33));
#13003 = ORIENTED_EDGE('',*,*,#13004,.T.);
#13004 = EDGE_CURVE('',#12996,#13005,#13007,.T.);
#13005 = VERTEX_POINT('',#13006);
#13006 = CARTESIAN_POINT('',(114.626,97.9915,-0.36));
#13007 = LINE('',#13008,#13009);
#13008 = CARTESIAN_POINT('',(114.626,99.9765,-0.36));
#13009 = VECTOR('',#13010,1.);
#13010 = DIRECTION('',(-5.665538897648E-16,-1.,-1.224646799147E-16));
#13011 = ORIENTED_EDGE('',*,*,#13012,.T.);
#13012 = EDGE_CURVE('',#13005,#13013,#13015,.T.);
#13013 = VERTEX_POINT('',#13014);
#13014 = CARTESIAN_POINT('',(114.826,97.9915,-0.36));
#13015 = LINE('',#13016,#13017);
#13016 = CARTESIAN_POINT('',(113.036,97.9915,-0.36));
#13017 = VECTOR('',#13018,1.);
#13018 = DIRECTION('',(1.,-2.22044604925E-16,-2.719262146893E-32));
#13019 = ORIENTED_EDGE('',*,*,#13020,.T.);
#13020 = EDGE_CURVE('',#13013,#13021,#13023,.T.);
#13021 = VERTEX_POINT('',#13022);
#13022 = CARTESIAN_POINT('',(114.826,98.2815,-0.36));
#13023 = LINE('',#13024,#13025);
#13024 = CARTESIAN_POINT('',(114.826,100.1265,-0.36));
#13025 = VECTOR('',#13026,1.);
#13026 = DIRECTION('',(5.202945970721E-16,1.,1.224646799147E-16));
#13027 = ORIENTED_EDGE('',*,*,#13028,.T.);
#13028 = EDGE_CURVE('',#13021,#13029,#13031,.T.);
#13029 = VERTEX_POINT('',#13030);
#13030 = CARTESIAN_POINT('',(115.026,98.2815,-0.36));
#13031 = CIRCLE('',#13032,0.1);
#13032 = AXIS2_PLACEMENT_3D('',#13033,#13034,#13035);
#13033 = CARTESIAN_POINT('',(114.926,98.2815,-0.36));
#13034 = DIRECTION('',(0.,1.224646799147E-16,-1.));
#13035 = DIRECTION('',(1.,-1.144237745222E-17,-1.401287092149E-33));
#13036 = ORIENTED_EDGE('',*,*,#13037,.T.);
#13037 = EDGE_CURVE('',#13029,#13038,#13040,.T.);
#13038 = VERTEX_POINT('',#13039);
#13039 = CARTESIAN_POINT('',(115.026,97.9915,-0.36));
#13040 = LINE('',#13041,#13042);
#13041 = CARTESIAN_POINT('',(115.026,99.9765,-0.36));
#13042 = VECTOR('',#13043,1.);
#13043 = DIRECTION('',(-5.665538897648E-16,-1.,-1.224646799147E-16));
#13044 = ORIENTED_EDGE('',*,*,#13045,.T.);
#13045 = EDGE_CURVE('',#13038,#13046,#13048,.T.);
#13046 = VERTEX_POINT('',#13047);
#13047 = CARTESIAN_POINT('',(115.226,97.9915,-0.36));
#13048 = LINE('',#13049,#13050);
#13049 = CARTESIAN_POINT('',(113.036,97.9915,-0.36));
#13050 = VECTOR('',#13051,1.);
#13051 = DIRECTION('',(1.,-2.22044604925E-16,-2.719262146893E-32));
#13052 = ORIENTED_EDGE('',*,*,#13053,.T.);
#13053 = EDGE_CURVE('',#13046,#13054,#13056,.T.);
#13054 = VERTEX_POINT('',#13055);
#13055 = CARTESIAN_POINT('',(115.226,98.2815,-0.36));
#13056 = LINE('',#13057,#13058);
#13057 = CARTESIAN_POINT('',(115.226,100.1265,-0.36));
#13058 = VECTOR('',#13059,1.);
#13059 = DIRECTION('',(5.202945970721E-16,1.,1.224646799147E-16));
#13060 = ORIENTED_EDGE('',*,*,#13061,.T.);
#13061 = EDGE_CURVE('',#13054,#13062,#13064,.T.);
#13062 = VERTEX_POINT('',#13063);
#13063 = CARTESIAN_POINT('',(115.426,98.2815,-0.36));
#13064 = CIRCLE('',#13065,0.1);
#13065 = AXIS2_PLACEMENT_3D('',#13066,#13067,#13068);
#13066 = CARTESIAN_POINT('',(115.326,98.2815,-0.36));
#13067 = DIRECTION('',(0.,1.224646799147E-16,-1.));
#13068 = DIRECTION('',(1.,-1.144237745222E-17,-1.401287092149E-33));
#13069 = ORIENTED_EDGE('',*,*,#13070,.T.);
#13070 = EDGE_CURVE('',#13062,#13071,#13073,.T.);
#13071 = VERTEX_POINT('',#13072);
#13072 = CARTESIAN_POINT('',(115.426,97.9915,-0.36));
#13073 = LINE('',#13074,#13075);
#13074 = CARTESIAN_POINT('',(115.426,99.9765,-0.36));
#13075 = VECTOR('',#13076,1.);
#13076 = DIRECTION('',(-5.665538897648E-16,-1.,-1.224646799147E-16));
#13077 = ORIENTED_EDGE('',*,*,#13078,.T.);
#13078 = EDGE_CURVE('',#13071,#13079,#13081,.T.);
#13079 = VERTEX_POINT('',#13080);
#13080 = CARTESIAN_POINT('',(116.016,97.9915,-0.36));
#13081 = LINE('',#13082,#13083);
#13082 = CARTESIAN_POINT('',(113.036,97.9915,-0.36));
#13083 = VECTOR('',#13084,1.);
#13084 = DIRECTION('',(1.,-2.22044604925E-16,-2.719262146893E-32));
#13085 = ORIENTED_EDGE('',*,*,#13086,.F.);
#13086 = EDGE_CURVE('',#13087,#13079,#13089,.T.);
#13087 = VERTEX_POINT('',#13088);
#13088 = CARTESIAN_POINT('',(116.016,98.6815,-0.36));
#13089 = LINE('',#13090,#13091);
#13090 = CARTESIAN_POINT('',(116.016,101.9715,-0.36));
#13091 = VECTOR('',#13092,1.);
#13092 = DIRECTION('',(-2.22044604925E-16,-1.,-1.224646799147E-16));
#13093 = ORIENTED_EDGE('',*,*,#13094,.T.);
#13094 = EDGE_CURVE('',#13087,#13095,#13097,.T.);
#13095 = VERTEX_POINT('',#13096);
#13096 = CARTESIAN_POINT('',(115.726,98.6815,-0.36));
#13097 = LINE('',#13098,#13099);
#13098 = CARTESIAN_POINT('',(114.381,98.6815,-0.36));
#13099 = VECTOR('',#13100,1.);
#13100 = DIRECTION('',(-1.,2.982499921471E-16,3.652508982286E-32));
#13101 = ORIENTED_EDGE('',*,*,#13102,.T.);
#13102 = EDGE_CURVE('',#13095,#13103,#13105,.T.);
#13103 = VERTEX_POINT('',#13104);
#13104 = CARTESIAN_POINT('',(115.726,98.8815,-0.36));
#13105 = CIRCLE('',#13106,0.1);
#13106 = AXIS2_PLACEMENT_3D('',#13107,#13108,#13109);
#13107 = CARTESIAN_POINT('',(115.726,98.7815,-0.36));
#13108 = DIRECTION('',(0.,1.224646799147E-16,-1.));
#13109 = DIRECTION('',(-2.106022274728E-16,1.,1.224646799147E-16));
#13110 = ORIENTED_EDGE('',*,*,#13111,.T.);
#13111 = EDGE_CURVE('',#13103,#13112,#13114,.T.);
#13112 = VERTEX_POINT('',#13113);
#13113 = CARTESIAN_POINT('',(116.016,98.8815,-0.36));
#13114 = LINE('',#13115,#13116);
#13115 = CARTESIAN_POINT('',(114.531,98.8815,-0.36));
#13116 = VECTOR('',#13117,1.);
#13117 = DIRECTION('',(1.,-3.445092848398E-16,-4.219021929555E-32));
#13118 = ORIENTED_EDGE('',*,*,#13119,.F.);
#13119 = EDGE_CURVE('',#13120,#13112,#13122,.T.);
#13120 = VERTEX_POINT('',#13121);
#13121 = CARTESIAN_POINT('',(116.016,99.0815,-0.36));
#13122 = LINE('',#13123,#13124);
#13123 = CARTESIAN_POINT('',(116.016,101.9715,-0.36));
#13124 = VECTOR('',#13125,1.);
#13125 = DIRECTION('',(-2.22044604925E-16,-1.,-1.224646799147E-16));
#13126 = ORIENTED_EDGE('',*,*,#13127,.T.);
#13127 = EDGE_CURVE('',#13120,#13128,#13130,.T.);
#13128 = VERTEX_POINT('',#13129);
#13129 = CARTESIAN_POINT('',(115.726,99.0815,-0.36));
#13130 = LINE('',#13131,#13132);
#13131 = CARTESIAN_POINT('',(114.381,99.0815,-0.36));
#13132 = VECTOR('',#13133,1.);
#13133 = DIRECTION('',(-1.,2.982499921471E-16,3.652508982286E-32));
#13134 = ORIENTED_EDGE('',*,*,#13135,.T.);
#13135 = EDGE_CURVE('',#13128,#13136,#13138,.T.);
#13136 = VERTEX_POINT('',#13137);
#13137 = CARTESIAN_POINT('',(115.726,99.2815,-0.36));
#13138 = CIRCLE('',#13139,0.1);
#13139 = AXIS2_PLACEMENT_3D('',#13140,#13141,#13142);
#13140 = CARTESIAN_POINT('',(115.726,99.1815,-0.36));
#13141 = DIRECTION('',(0.,1.224646799147E-16,-1.));
#13142 = DIRECTION('',(-2.106022274728E-16,1.,1.224646799147E-16));
#13143 = ORIENTED_EDGE('',*,*,#13144,.T.);
#13144 = EDGE_CURVE('',#13136,#13145,#13147,.T.);
#13145 = VERTEX_POINT('',#13146);
#13146 = CARTESIAN_POINT('',(116.016,99.2815,-0.36));
#13147 = LINE('',#13148,#13149);
#13148 = CARTESIAN_POINT('',(114.531,99.2815,-0.36));
#13149 = VECTOR('',#13150,1.);
#13150 = DIRECTION('',(1.,-3.445092848398E-16,-4.219021929555E-32));
#13151 = ORIENTED_EDGE('',*,*,#13152,.F.);
#13152 = EDGE_CURVE('',#13153,#13145,#13155,.T.);
#13153 = VERTEX_POINT('',#13154);
#13154 = CARTESIAN_POINT('',(116.016,99.4815,-0.36));
#13155 = LINE('',#13156,#13157);
#13156 = CARTESIAN_POINT('',(116.016,101.9715,-0.36));
#13157 = VECTOR('',#13158,1.);
#13158 = DIRECTION('',(-2.22044604925E-16,-1.,-1.224646799147E-16));
#13159 = ORIENTED_EDGE('',*,*,#13160,.T.);
#13160 = EDGE_CURVE('',#13153,#13161,#13163,.T.);
#13161 = VERTEX_POINT('',#13162);
#13162 = CARTESIAN_POINT('',(115.726,99.4815,-0.36));
#13163 = LINE('',#13164,#13165);
#13164 = CARTESIAN_POINT('',(114.381,99.4815,-0.36));
#13165 = VECTOR('',#13166,1.);
#13166 = DIRECTION('',(-1.,2.982499921471E-16,3.652508982286E-32));
#13167 = ORIENTED_EDGE('',*,*,#13168,.T.);
#13168 = EDGE_CURVE('',#13161,#13169,#13171,.T.);
#13169 = VERTEX_POINT('',#13170);
#13170 = CARTESIAN_POINT('',(115.726,99.6815,-0.36));
#13171 = CIRCLE('',#13172,0.1);
#13172 = AXIS2_PLACEMENT_3D('',#13173,#13174,#13175);
#13173 = CARTESIAN_POINT('',(115.726,99.5815,-0.36));
#13174 = DIRECTION('',(0.,1.224646799147E-16,-1.));
#13175 = DIRECTION('',(-2.106022274728E-16,1.,1.224646799147E-16));
#13176 = ORIENTED_EDGE('',*,*,#13177,.T.);
#13177 = EDGE_CURVE('',#13169,#13178,#13180,.T.);
#13178 = VERTEX_POINT('',#13179);
#13179 = CARTESIAN_POINT('',(116.016,99.6815,-0.36));
#13180 = LINE('',#13181,#13182);
#13181 = CARTESIAN_POINT('',(114.531,99.6815,-0.36));
#13182 = VECTOR('',#13183,1.);
#13183 = DIRECTION('',(1.,-3.445092848398E-16,-4.219021929555E-32));
#13184 = ORIENTED_EDGE('',*,*,#13185,.F.);
#13185 = EDGE_CURVE('',#13186,#13178,#13188,.T.);
#13186 = VERTEX_POINT('',#13187);
#13187 = CARTESIAN_POINT('',(116.016,99.8815,-0.36));
#13188 = LINE('',#13189,#13190);
#13189 = CARTESIAN_POINT('',(116.016,101.9715,-0.36));
#13190 = VECTOR('',#13191,1.);
#13191 = DIRECTION('',(-2.22044604925E-16,-1.,-1.224646799147E-16));
#13192 = ORIENTED_EDGE('',*,*,#13193,.T.);
#13193 = EDGE_CURVE('',#13186,#13194,#13196,.T.);
#13194 = VERTEX_POINT('',#13195);
#13195 = CARTESIAN_POINT('',(115.726,99.8815,-0.36));
#13196 = LINE('',#13197,#13198);
#13197 = CARTESIAN_POINT('',(114.381,99.8815,-0.36));
#13198 = VECTOR('',#13199,1.);
#13199 = DIRECTION('',(-1.,2.982499921471E-16,3.652508982286E-32));
#13200 = ORIENTED_EDGE('',*,*,#13201,.T.);
#13201 = EDGE_CURVE('',#13194,#13202,#13204,.T.);
#13202 = VERTEX_POINT('',#13203);
#13203 = CARTESIAN_POINT('',(115.726,100.0815,-0.36));
#13204 = CIRCLE('',#13205,0.1);
#13205 = AXIS2_PLACEMENT_3D('',#13206,#13207,#13208);
#13206 = CARTESIAN_POINT('',(115.726,99.9815,-0.36));
#13207 = DIRECTION('',(0.,1.224646799147E-16,-1.));
#13208 = DIRECTION('',(-2.106022274728E-16,1.,1.224646799147E-16));
#13209 = ORIENTED_EDGE('',*,*,#13210,.T.);
#13210 = EDGE_CURVE('',#13202,#13211,#13213,.T.);
#13211 = VERTEX_POINT('',#13212);
#13212 = CARTESIAN_POINT('',(116.016,100.0815,-0.36));
#13213 = LINE('',#13214,#13215);
#13214 = CARTESIAN_POINT('',(114.531,100.0815,-0.36));
#13215 = VECTOR('',#13216,1.);
#13216 = DIRECTION('',(1.,-3.445092848398E-16,-4.219021929555E-32));
#13217 = ORIENTED_EDGE('',*,*,#13218,.F.);
#13218 = EDGE_CURVE('',#13219,#13211,#13221,.T.);
#13219 = VERTEX_POINT('',#13220);
#13220 = CARTESIAN_POINT('',(116.016,100.2815,-0.36));
#13221 = LINE('',#13222,#13223);
#13222 = CARTESIAN_POINT('',(116.016,101.9715,-0.36));
#13223 = VECTOR('',#13224,1.);
#13224 = DIRECTION('',(-2.22044604925E-16,-1.,-1.224646799147E-16));
#13225 = ORIENTED_EDGE('',*,*,#13226,.T.);
#13226 = EDGE_CURVE('',#13219,#13227,#13229,.T.);
#13227 = VERTEX_POINT('',#13228);
#13228 = CARTESIAN_POINT('',(115.726,100.2815,-0.36));
#13229 = LINE('',#13230,#13231);
#13230 = CARTESIAN_POINT('',(114.381,100.2815,-0.36));
#13231 = VECTOR('',#13232,1.);
#13232 = DIRECTION('',(-1.,2.982499921471E-16,3.652508982286E-32));
#13233 = ORIENTED_EDGE('',*,*,#13234,.T.);
#13234 = EDGE_CURVE('',#13227,#13235,#13237,.T.);
#13235 = VERTEX_POINT('',#13236);
#13236 = CARTESIAN_POINT('',(115.726,100.4815,-0.36));
#13237 = CIRCLE('',#13238,0.1);
#13238 = AXIS2_PLACEMENT_3D('',#13239,#13240,#13241);
#13239 = CARTESIAN_POINT('',(115.726,100.3815,-0.36));
#13240 = DIRECTION('',(0.,1.224646799147E-16,-1.));
#13241 = DIRECTION('',(-2.106022274728E-16,1.,1.224646799147E-16));
#13242 = ORIENTED_EDGE('',*,*,#13243,.T.);
#13243 = EDGE_CURVE('',#13235,#13244,#13246,.T.);
#13244 = VERTEX_POINT('',#13245);
#13245 = CARTESIAN_POINT('',(116.016,100.4815,-0.36));
#13246 = LINE('',#13247,#13248);
#13247 = CARTESIAN_POINT('',(114.531,100.4815,-0.36));
#13248 = VECTOR('',#13249,1.);
#13249 = DIRECTION('',(1.,-3.445092848398E-16,-4.219021929555E-32));
#13250 = ORIENTED_EDGE('',*,*,#13251,.F.);
#13251 = EDGE_CURVE('',#13252,#13244,#13254,.T.);
#13252 = VERTEX_POINT('',#13253);
#13253 = CARTESIAN_POINT('',(116.016,100.6815,-0.36));
#13254 = LINE('',#13255,#13256);
#13255 = CARTESIAN_POINT('',(116.016,101.9715,-0.36));
#13256 = VECTOR('',#13257,1.);
#13257 = DIRECTION('',(-2.22044604925E-16,-1.,-1.224646799147E-16));
#13258 = ORIENTED_EDGE('',*,*,#13259,.T.);
#13259 = EDGE_CURVE('',#13252,#13260,#13262,.T.);
#13260 = VERTEX_POINT('',#13261);
#13261 = CARTESIAN_POINT('',(115.726,100.6815,-0.36));
#13262 = LINE('',#13263,#13264);
#13263 = CARTESIAN_POINT('',(114.381,100.6815,-0.36));
#13264 = VECTOR('',#13265,1.);
#13265 = DIRECTION('',(-1.,2.982499921471E-16,3.652508982286E-32));
#13266 = ORIENTED_EDGE('',*,*,#13267,.T.);
#13267 = EDGE_CURVE('',#13260,#13268,#13270,.T.);
#13268 = VERTEX_POINT('',#13269);
#13269 = CARTESIAN_POINT('',(115.726,100.8815,-0.36));
#13270 = CIRCLE('',#13271,0.1);
#13271 = AXIS2_PLACEMENT_3D('',#13272,#13273,#13274);
#13272 = CARTESIAN_POINT('',(115.726,100.7815,-0.36));
#13273 = DIRECTION('',(0.,1.224646799147E-16,-1.));
#13274 = DIRECTION('',(-2.106022274728E-16,1.,1.224646799147E-16));
#13275 = ORIENTED_EDGE('',*,*,#13276,.T.);
#13276 = EDGE_CURVE('',#13268,#13277,#13279,.T.);
#13277 = VERTEX_POINT('',#13278);
#13278 = CARTESIAN_POINT('',(116.016,100.8815,-0.36));
#13279 = LINE('',#13280,#13281);
#13280 = CARTESIAN_POINT('',(114.531,100.8815,-0.36));
#13281 = VECTOR('',#13282,1.);
#13282 = DIRECTION('',(1.,-3.445092848398E-16,-4.219021929555E-32));
#13283 = ORIENTED_EDGE('',*,*,#13284,.F.);
#13284 = EDGE_CURVE('',#13285,#13277,#13287,.T.);
#13285 = VERTEX_POINT('',#13286);
#13286 = CARTESIAN_POINT('',(116.016,101.0815,-0.36));
#13287 = LINE('',#13288,#13289);
#13288 = CARTESIAN_POINT('',(116.016,101.9715,-0.36));
#13289 = VECTOR('',#13290,1.);
#13290 = DIRECTION('',(-2.22044604925E-16,-1.,-1.224646799147E-16));
#13291 = ORIENTED_EDGE('',*,*,#13292,.T.);
#13292 = EDGE_CURVE('',#13285,#13293,#13295,.T.);
#13293 = VERTEX_POINT('',#13294);
#13294 = CARTESIAN_POINT('',(115.726,101.0815,-0.36));
#13295 = LINE('',#13296,#13297);
#13296 = CARTESIAN_POINT('',(114.381,101.0815,-0.36));
#13297 = VECTOR('',#13298,1.);
#13298 = DIRECTION('',(-1.,2.982499921471E-16,3.652508982286E-32));
#13299 = ORIENTED_EDGE('',*,*,#13300,.T.);
#13300 = EDGE_CURVE('',#13293,#13301,#13303,.T.);
#13301 = VERTEX_POINT('',#13302);
#13302 = CARTESIAN_POINT('',(115.726,101.2815,-0.36));
#13303 = CIRCLE('',#13304,0.1);
#13304 = AXIS2_PLACEMENT_3D('',#13305,#13306,#13307);
#13305 = CARTESIAN_POINT('',(115.726,101.1815,-0.36));
#13306 = DIRECTION('',(0.,1.224646799147E-16,-1.));
#13307 = DIRECTION('',(-2.106022274728E-16,1.,1.224646799147E-16));
#13308 = ORIENTED_EDGE('',*,*,#13309,.T.);
#13309 = EDGE_CURVE('',#13301,#13310,#13312,.T.);
#13310 = VERTEX_POINT('',#13311);
#13311 = CARTESIAN_POINT('',(116.016,101.2815,-0.36));
#13312 = LINE('',#13313,#13314);
#13313 = CARTESIAN_POINT('',(114.531,101.2815,-0.36));
#13314 = VECTOR('',#13315,1.);
#13315 = DIRECTION('',(1.,-3.445092848398E-16,-4.219021929555E-32));
#13316 = ORIENTED_EDGE('',*,*,#13317,.F.);
#13317 = EDGE_CURVE('',#13318,#13310,#13320,.T.);
#13318 = VERTEX_POINT('',#13319);
#13319 = CARTESIAN_POINT('',(116.016,101.9715,-0.36));
#13320 = LINE('',#13321,#13322);
#13321 = CARTESIAN_POINT('',(116.016,101.9715,-0.36));
#13322 = VECTOR('',#13323,1.);
#13323 = DIRECTION('',(-2.22044604925E-16,-1.,-1.224646799147E-16));
#13324 = ORIENTED_EDGE('',*,*,#13325,.F.);
#13325 = EDGE_CURVE('',#13326,#13318,#13328,.T.);
#13326 = VERTEX_POINT('',#13327);
#13327 = CARTESIAN_POINT('',(115.426,101.9715,-0.36));
#13328 = LINE('',#13329,#13330);
#13329 = CARTESIAN_POINT('',(113.036,101.9715,-0.36));
#13330 = VECTOR('',#13331,1.);
#13331 = DIRECTION('',(1.,-2.22044604925E-16,-2.719262146893E-32));
#13332 = ORIENTED_EDGE('',*,*,#13333,.T.);
#13333 = EDGE_CURVE('',#13326,#13334,#13336,.T.);
#13334 = VERTEX_POINT('',#13335);
#13335 = CARTESIAN_POINT('',(115.426,101.6815,-0.36));
#13336 = LINE('',#13337,#13338);
#13337 = CARTESIAN_POINT('',(115.426,101.8265,-0.36));
#13338 = VECTOR('',#13339,1.);
#13339 = DIRECTION('',(-4.092722946096E-16,-1.,-1.224646799147E-16));
#13340 = ORIENTED_EDGE('',*,*,#13341,.T.);
#13341 = EDGE_CURVE('',#13334,#13342,#13344,.T.);
#13342 = VERTEX_POINT('',#13343);
#13343 = CARTESIAN_POINT('',(115.226,101.6815,-0.36));
#13344 = CIRCLE('',#13345,0.1);
#13345 = AXIS2_PLACEMENT_3D('',#13346,#13347,#13348);
#13346 = CARTESIAN_POINT('',(115.326,101.6815,-0.36));
#13347 = DIRECTION('',(0.,1.224646799147E-16,-1.));
#13348 = DIRECTION('',(-1.,-9.95799250103E-17,-1.219502364232E-32));
#13349 = ORIENTED_EDGE('',*,*,#13350,.T.);
#13350 = EDGE_CURVE('',#13342,#13351,#13353,.T.);
#13351 = VERTEX_POINT('',#13352);
#13352 = CARTESIAN_POINT('',(115.226,101.9715,-0.36));
#13353 = LINE('',#13354,#13355);
#13354 = CARTESIAN_POINT('',(115.226,101.9765,-0.36));
#13355 = VECTOR('',#13356,1.);
#13356 = DIRECTION('',(4.555315873023E-16,1.,1.224646799147E-16));
#13357 = ORIENTED_EDGE('',*,*,#13358,.F.);
#13358 = EDGE_CURVE('',#13359,#13351,#13361,.T.);
#13359 = VERTEX_POINT('',#13360);
#13360 = CARTESIAN_POINT('',(115.026,101.9715,-0.36));
#13361 = LINE('',#13362,#13363);
#13362 = CARTESIAN_POINT('',(113.036,101.9715,-0.36));
#13363 = VECTOR('',#13364,1.);
#13364 = DIRECTION('',(1.,-2.22044604925E-16,-2.719262146893E-32));
#13365 = ORIENTED_EDGE('',*,*,#13366,.T.);
#13366 = EDGE_CURVE('',#13359,#13367,#13369,.T.);
#13367 = VERTEX_POINT('',#13368);
#13368 = CARTESIAN_POINT('',(115.026,101.6815,-0.36));
#13369 = LINE('',#13370,#13371);
#13370 = CARTESIAN_POINT('',(115.026,101.8265,-0.36));
#13371 = VECTOR('',#13372,1.);
#13372 = DIRECTION('',(-4.092722946096E-16,-1.,-1.224646799147E-16));
#13373 = ORIENTED_EDGE('',*,*,#13374,.T.);
#13374 = EDGE_CURVE('',#13367,#13375,#13377,.T.);
#13375 = VERTEX_POINT('',#13376);
#13376 = CARTESIAN_POINT('',(114.826,101.6815,-0.36));
#13377 = CIRCLE('',#13378,0.1);
#13378 = AXIS2_PLACEMENT_3D('',#13379,#13380,#13381);
#13379 = CARTESIAN_POINT('',(114.926,101.6815,-0.36));
#13380 = DIRECTION('',(0.,1.224646799147E-16,-1.));
#13381 = DIRECTION('',(-1.,-9.95799250103E-17,-1.219502364232E-32));
#13382 = ORIENTED_EDGE('',*,*,#13383,.T.);
#13383 = EDGE_CURVE('',#13375,#13384,#13386,.T.);
#13384 = VERTEX_POINT('',#13385);
#13385 = CARTESIAN_POINT('',(114.826,101.9715,-0.36));
#13386 = LINE('',#13387,#13388);
#13387 = CARTESIAN_POINT('',(114.826,101.9765,-0.36));
#13388 = VECTOR('',#13389,1.);
#13389 = DIRECTION('',(4.555315873023E-16,1.,1.224646799147E-16));
#13390 = ORIENTED_EDGE('',*,*,#13391,.F.);
#13391 = EDGE_CURVE('',#12610,#13384,#13392,.T.);
#13392 = LINE('',#13393,#13394);
#13393 = CARTESIAN_POINT('',(113.036,101.9715,-0.36));
#13394 = VECTOR('',#13395,1.);
#13395 = DIRECTION('',(1.,-2.22044604925E-16,-2.719262146893E-32));
#13396 = ORIENTED_EDGE('',*,*,#12609,.T.);
#13397 = ORIENTED_EDGE('',*,*,#12590,.T.);
#13398 = ORIENTED_EDGE('',*,*,#12560,.T.);
#13399 = ORIENTED_EDGE('',*,*,#13400,.F.);
#13400 = EDGE_CURVE('',#13401,#12553,#13403,.T.);
#13401 = VERTEX_POINT('',#13402);
#13402 = CARTESIAN_POINT('',(114.226,101.9715,-0.36));
#13403 = LINE('',#13404,#13405);
#13404 = CARTESIAN_POINT('',(113.036,101.9715,-0.36));
#13405 = VECTOR('',#13406,1.);
#13406 = DIRECTION('',(1.,-2.22044604925E-16,-2.719262146893E-32));
#13407 = ORIENTED_EDGE('',*,*,#13408,.T.);
#13408 = EDGE_CURVE('',#13401,#13409,#13411,.T.);
#13409 = VERTEX_POINT('',#13410);
#13410 = CARTESIAN_POINT('',(114.226,101.6815,-0.36));
#13411 = LINE('',#13412,#13413);
#13412 = CARTESIAN_POINT('',(114.226,101.8265,-0.36));
#13413 = VECTOR('',#13414,1.);
#13414 = DIRECTION('',(-4.092722946096E-16,-1.,-1.224646799147E-16));
#13415 = ORIENTED_EDGE('',*,*,#13416,.T.);
#13416 = EDGE_CURVE('',#13409,#13417,#13419,.T.);
#13417 = VERTEX_POINT('',#13418);
#13418 = CARTESIAN_POINT('',(114.026,101.6815,-0.36));
#13419 = CIRCLE('',#13420,0.1);
#13420 = AXIS2_PLACEMENT_3D('',#13421,#13422,#13423);
#13421 = CARTESIAN_POINT('',(114.126,101.6815,-0.36));
#13422 = DIRECTION('',(0.,1.224646799147E-16,-1.));
#13423 = DIRECTION('',(-1.,-9.95799250103E-17,-1.219502364232E-32));
#13424 = ORIENTED_EDGE('',*,*,#13425,.T.);
#13425 = EDGE_CURVE('',#13417,#13426,#13428,.T.);
#13426 = VERTEX_POINT('',#13427);
#13427 = CARTESIAN_POINT('',(114.026,101.9715,-0.36));
#13428 = LINE('',#13429,#13430);
#13429 = CARTESIAN_POINT('',(114.026,101.9765,-0.36));
#13430 = VECTOR('',#13431,1.);
#13431 = DIRECTION('',(4.555315873023E-16,1.,1.224646799147E-16));
#13432 = ORIENTED_EDGE('',*,*,#13433,.F.);
#13433 = EDGE_CURVE('',#13434,#13426,#13436,.T.);
#13434 = VERTEX_POINT('',#13435);
#13435 = CARTESIAN_POINT('',(113.826,101.9715,-0.36));
#13436 = LINE('',#13437,#13438);
#13437 = CARTESIAN_POINT('',(113.036,101.9715,-0.36));
#13438 = VECTOR('',#13439,1.);
#13439 = DIRECTION('',(1.,-2.22044604925E-16,-2.719262146893E-32));
#13440 = ORIENTED_EDGE('',*,*,#13441,.T.);
#13441 = EDGE_CURVE('',#13434,#13442,#13444,.T.);
#13442 = VERTEX_POINT('',#13443);
#13443 = CARTESIAN_POINT('',(113.826,101.6815,-0.36));
#13444 = LINE('',#13445,#13446);
#13445 = CARTESIAN_POINT('',(113.826,101.8265,-0.36));
#13446 = VECTOR('',#13447,1.);
#13447 = DIRECTION('',(-4.092722946096E-16,-1.,-1.224646799147E-16));
#13448 = ORIENTED_EDGE('',*,*,#13449,.T.);
#13449 = EDGE_CURVE('',#13442,#13450,#13452,.T.);
#13450 = VERTEX_POINT('',#13451);
#13451 = CARTESIAN_POINT('',(113.626,101.6815,-0.36));
#13452 = CIRCLE('',#13453,0.1);
#13453 = AXIS2_PLACEMENT_3D('',#13454,#13455,#13456);
#13454 = CARTESIAN_POINT('',(113.726,101.6815,-0.36));
#13455 = DIRECTION('',(0.,1.224646799147E-16,-1.));
#13456 = DIRECTION('',(-1.,-9.95799250103E-17,-1.219502364232E-32));
#13457 = ORIENTED_EDGE('',*,*,#13458,.T.);
#13458 = EDGE_CURVE('',#13450,#12667,#13459,.T.);
#13459 = LINE('',#13460,#13461);
#13460 = CARTESIAN_POINT('',(113.626,101.9765,-0.36));
#13461 = VECTOR('',#13462,1.);
#13462 = DIRECTION('',(4.555315873023E-16,1.,1.224646799147E-16));
#13463 = FACE_BOUND('',#13464,.T.);
#13464 = EDGE_LOOP('',(#13465,#13475,#13483,#13491,#13499));
#13465 = ORIENTED_EDGE('',*,*,#13466,.F.);
#13466 = EDGE_CURVE('',#13467,#13469,#13471,.T.);
#13467 = VERTEX_POINT('',#13468);
#13468 = CARTESIAN_POINT('',(113.701,101.1065,-0.36));
#13469 = VERTEX_POINT('',#13470);
#13470 = CARTESIAN_POINT('',(113.701,98.6565,-0.36));
#13471 = LINE('',#13472,#13473);
#13472 = CARTESIAN_POINT('',(113.701,101.1065,-0.36));
#13473 = VECTOR('',#13474,1.);
#13474 = DIRECTION('',(-2.22044604925E-16,-1.,-1.224646799147E-16));
#13475 = ORIENTED_EDGE('',*,*,#13476,.F.);
#13476 = EDGE_CURVE('',#13477,#13467,#13479,.T.);
#13477 = VERTEX_POINT('',#13478);
#13478 = CARTESIAN_POINT('',(113.901,101.3065,-0.36));
#13479 = LINE('',#13480,#13481);
#13480 = CARTESIAN_POINT('',(113.901,101.3065,-0.36));
#13481 = VECTOR('',#13482,1.);
#13482 = DIRECTION('',(-0.707106781187,-0.707106781187,
    -8.659560562352E-17));
#13483 = ORIENTED_EDGE('',*,*,#13484,.F.);
#13484 = EDGE_CURVE('',#13485,#13477,#13487,.T.);
#13485 = VERTEX_POINT('',#13486);
#13486 = CARTESIAN_POINT('',(115.351,101.3065,-0.36));
#13487 = LINE('',#13488,#13489);
#13488 = CARTESIAN_POINT('',(115.351,101.3065,-0.36));
#13489 = VECTOR('',#13490,1.);
#13490 = DIRECTION('',(-1.,2.22044604925E-16,2.719262146893E-32));
#13491 = ORIENTED_EDGE('',*,*,#13492,.F.);
#13492 = EDGE_CURVE('',#13493,#13485,#13495,.T.);
#13493 = VERTEX_POINT('',#13494);
#13494 = CARTESIAN_POINT('',(115.351,98.6565,-0.36));
#13495 = LINE('',#13496,#13497);
#13496 = CARTESIAN_POINT('',(115.351,98.6565,-0.36));
#13497 = VECTOR('',#13498,1.);
#13498 = DIRECTION('',(2.22044604925E-16,1.,1.224646799147E-16));
#13499 = ORIENTED_EDGE('',*,*,#13500,.F.);
#13500 = EDGE_CURVE('',#13469,#13493,#13501,.T.);
#13501 = LINE('',#13502,#13503);
#13502 = CARTESIAN_POINT('',(113.701,98.6565,-0.36));
#13503 = VECTOR('',#13504,1.);
#13504 = DIRECTION('',(1.,-8.747211709168E-17,-1.071224482109E-32));
#13505 = PLANE('',#13506);
#13506 = AXIS2_PLACEMENT_3D('',#13507,#13508,#13509);
#13507 = CARTESIAN_POINT('',(113.036,101.9715,-0.36));
#13508 = DIRECTION('',(0.,1.224646799147E-16,-1.));
#13509 = DIRECTION('',(2.22044604925E-16,1.,1.224646799147E-16));
#13510 = ADVANCED_FACE('',(#13511),#13637,.F.);
#13511 = FACE_BOUND('',#13512,.T.);
#13512 = EDGE_LOOP('',(#13513,#13523,#13529,#13530,#13538,#13546,#13552,
    #13553,#13561,#13569,#13575,#13576,#13577,#13583,#13584,#13585,
    #13593,#13601,#13607,#13608,#13616,#13624,#13630,#13631));
#13513 = ORIENTED_EDGE('',*,*,#13514,.F.);
#13514 = EDGE_CURVE('',#13515,#13517,#13519,.T.);
#13515 = VERTEX_POINT('',#13516);
#13516 = CARTESIAN_POINT('',(113.036,101.9715,-1.11));
#13517 = VERTEX_POINT('',#13518);
#13518 = CARTESIAN_POINT('',(116.016,101.9715,-1.11));
#13519 = LINE('',#13520,#13521);
#13520 = CARTESIAN_POINT('',(113.036,101.9715,-1.11));
#13521 = VECTOR('',#13522,1.);
#13522 = DIRECTION('',(1.,-2.22044604925E-16,-2.719262146893E-32));
#13523 = ORIENTED_EDGE('',*,*,#13524,.F.);
#13524 = EDGE_CURVE('',#12665,#13515,#13525,.T.);
#13525 = LINE('',#13526,#13527);
#13526 = CARTESIAN_POINT('',(113.036,101.9715,-0.36));
#13527 = VECTOR('',#13528,1.);
#13528 = DIRECTION('',(0.,1.224646799147E-16,-1.));
#13529 = ORIENTED_EDGE('',*,*,#12664,.T.);
#13530 = ORIENTED_EDGE('',*,*,#13531,.T.);
#13531 = EDGE_CURVE('',#12667,#13532,#13534,.T.);
#13532 = VERTEX_POINT('',#13533);
#13533 = CARTESIAN_POINT('',(113.626,101.9715,-0.54));
#13534 = LINE('',#13535,#13536);
#13535 = CARTESIAN_POINT('',(113.626,101.9715,-0.35));
#13536 = VECTOR('',#13537,1.);
#13537 = DIRECTION('',(0.,1.224646799147E-16,-1.));
#13538 = ORIENTED_EDGE('',*,*,#13539,.T.);
#13539 = EDGE_CURVE('',#13532,#13540,#13542,.T.);
#13540 = VERTEX_POINT('',#13541);
#13541 = CARTESIAN_POINT('',(113.826,101.9715,-0.54));
#13542 = LINE('',#13543,#13544);
#13543 = CARTESIAN_POINT('',(113.331,101.9715,-0.54));
#13544 = VECTOR('',#13545,1.);
#13545 = DIRECTION('',(1.,-2.22044604925E-16,-2.719262146893E-32));
#13546 = ORIENTED_EDGE('',*,*,#13547,.T.);
#13547 = EDGE_CURVE('',#13540,#13434,#13548,.T.);
#13548 = LINE('',#13549,#13550);
#13549 = CARTESIAN_POINT('',(113.826,101.9715,-0.35));
#13550 = VECTOR('',#13551,1.);
#13551 = DIRECTION('',(0.,-1.224646799147E-16,1.));
#13552 = ORIENTED_EDGE('',*,*,#13433,.T.);
#13553 = ORIENTED_EDGE('',*,*,#13554,.T.);
#13554 = EDGE_CURVE('',#13426,#13555,#13557,.T.);
#13555 = VERTEX_POINT('',#13556);
#13556 = CARTESIAN_POINT('',(114.026,101.9715,-0.54));
#13557 = LINE('',#13558,#13559);
#13558 = CARTESIAN_POINT('',(114.026,101.9715,-0.35));
#13559 = VECTOR('',#13560,1.);
#13560 = DIRECTION('',(0.,1.224646799147E-16,-1.));
#13561 = ORIENTED_EDGE('',*,*,#13562,.T.);
#13562 = EDGE_CURVE('',#13555,#13563,#13565,.T.);
#13563 = VERTEX_POINT('',#13564);
#13564 = CARTESIAN_POINT('',(114.226,101.9715,-0.54));
#13565 = LINE('',#13566,#13567);
#13566 = CARTESIAN_POINT('',(113.531,101.9715,-0.54));
#13567 = VECTOR('',#13568,1.);
#13568 = DIRECTION('',(1.,-2.22044604925E-16,-2.719262146893E-32));
#13569 = ORIENTED_EDGE('',*,*,#13570,.T.);
#13570 = EDGE_CURVE('',#13563,#13401,#13571,.T.);
#13571 = LINE('',#13572,#13573);
#13572 = CARTESIAN_POINT('',(114.226,101.9715,-0.35));
#13573 = VECTOR('',#13574,1.);
#13574 = DIRECTION('',(0.,-1.224646799147E-16,1.));
#13575 = ORIENTED_EDGE('',*,*,#13400,.T.);
#13576 = ORIENTED_EDGE('',*,*,#12552,.T.);
#13577 = ORIENTED_EDGE('',*,*,#13578,.T.);
#13578 = EDGE_CURVE('',#12545,#12618,#13579,.T.);
#13579 = LINE('',#13580,#13581);
#13580 = CARTESIAN_POINT('',(113.731,101.9715,-0.54));
#13581 = VECTOR('',#13582,1.);
#13582 = DIRECTION('',(1.,-2.22044604925E-16,-2.719262146893E-32));
#13583 = ORIENTED_EDGE('',*,*,#12617,.T.);
#13584 = ORIENTED_EDGE('',*,*,#13391,.T.);
#13585 = ORIENTED_EDGE('',*,*,#13586,.T.);
#13586 = EDGE_CURVE('',#13384,#13587,#13589,.T.);
#13587 = VERTEX_POINT('',#13588);
#13588 = CARTESIAN_POINT('',(114.826,101.9715,-0.54));
#13589 = LINE('',#13590,#13591);
#13590 = CARTESIAN_POINT('',(114.826,101.9715,-0.35));
#13591 = VECTOR('',#13592,1.);
#13592 = DIRECTION('',(0.,1.224646799147E-16,-1.));
#13593 = ORIENTED_EDGE('',*,*,#13594,.T.);
#13594 = EDGE_CURVE('',#13587,#13595,#13597,.T.);
#13595 = VERTEX_POINT('',#13596);
#13596 = CARTESIAN_POINT('',(115.026,101.9715,-0.54));
#13597 = LINE('',#13598,#13599);
#13598 = CARTESIAN_POINT('',(113.931,101.9715,-0.54));
#13599 = VECTOR('',#13600,1.);
#13600 = DIRECTION('',(1.,-2.22044604925E-16,-2.719262146893E-32));
#13601 = ORIENTED_EDGE('',*,*,#13602,.T.);
#13602 = EDGE_CURVE('',#13595,#13359,#13603,.T.);
#13603 = LINE('',#13604,#13605);
#13604 = CARTESIAN_POINT('',(115.026,101.9715,-0.35));
#13605 = VECTOR('',#13606,1.);
#13606 = DIRECTION('',(0.,-1.224646799147E-16,1.));
#13607 = ORIENTED_EDGE('',*,*,#13358,.T.);
#13608 = ORIENTED_EDGE('',*,*,#13609,.T.);
#13609 = EDGE_CURVE('',#13351,#13610,#13612,.T.);
#13610 = VERTEX_POINT('',#13611);
#13611 = CARTESIAN_POINT('',(115.226,101.9715,-0.54));
#13612 = LINE('',#13613,#13614);
#13613 = CARTESIAN_POINT('',(115.226,101.9715,-0.35));
#13614 = VECTOR('',#13615,1.);
#13615 = DIRECTION('',(0.,1.224646799147E-16,-1.));
#13616 = ORIENTED_EDGE('',*,*,#13617,.T.);
#13617 = EDGE_CURVE('',#13610,#13618,#13620,.T.);
#13618 = VERTEX_POINT('',#13619);
#13619 = CARTESIAN_POINT('',(115.426,101.9715,-0.54));
#13620 = LINE('',#13621,#13622);
#13621 = CARTESIAN_POINT('',(114.131,101.9715,-0.54));
#13622 = VECTOR('',#13623,1.);
#13623 = DIRECTION('',(1.,-2.22044604925E-16,-2.719262146893E-32));
#13624 = ORIENTED_EDGE('',*,*,#13625,.T.);
#13625 = EDGE_CURVE('',#13618,#13326,#13626,.T.);
#13626 = LINE('',#13627,#13628);
#13627 = CARTESIAN_POINT('',(115.426,101.9715,-0.35));
#13628 = VECTOR('',#13629,1.);
#13629 = DIRECTION('',(0.,-1.224646799147E-16,1.));
#13630 = ORIENTED_EDGE('',*,*,#13325,.T.);
#13631 = ORIENTED_EDGE('',*,*,#13632,.T.);
#13632 = EDGE_CURVE('',#13318,#13517,#13633,.T.);
#13633 = LINE('',#13634,#13635);
#13634 = CARTESIAN_POINT('',(116.016,101.9715,-0.36));
#13635 = VECTOR('',#13636,1.);
#13636 = DIRECTION('',(0.,1.224646799147E-16,-1.));
#13637 = PLANE('',#13638);
#13638 = AXIS2_PLACEMENT_3D('',#13639,#13640,#13641);
#13639 = CARTESIAN_POINT('',(113.036,101.9715,-0.36));
#13640 = DIRECTION('',(-2.22044604925E-16,-1.,-1.224646799147E-16));
#13641 = DIRECTION('',(0.,-1.224646799147E-16,1.));
#13642 = ADVANCED_FACE('',(#13643),#13649,.F.);
#13643 = FACE_BOUND('',#13644,.T.);
#13644 = EDGE_LOOP('',(#13645,#13646,#13647,#13648));
#13645 = ORIENTED_EDGE('',*,*,#12544,.F.);
#13646 = ORIENTED_EDGE('',*,*,#12648,.F.);
#13647 = ORIENTED_EDGE('',*,*,#12625,.F.);
#13648 = ORIENTED_EDGE('',*,*,#13578,.F.);
#13649 = PLANE('',#13650);
#13650 = AXIS2_PLACEMENT_3D('',#13651,#13652,#13653);
#13651 = CARTESIAN_POINT('',(114.426,101.9815,-0.54));
#13652 = DIRECTION('',(0.,-1.224646799147E-16,1.));
#13653 = DIRECTION('',(-1.,4.555315873023E-16,5.578653003001E-32));
#13654 = ADVANCED_FACE('',(#13655),#13834,.F.);
#13655 = FACE_BOUND('',#13656,.T.);
#13656 = EDGE_LOOP('',(#13657,#13658,#13659,#13667,#13673,#13674,#13682,
    #13690,#13696,#13697,#13705,#13713,#13719,#13720,#13728,#13736,
    #13742,#13743,#13751,#13759,#13765,#13766,#13774,#13782,#13788,
    #13789,#13797,#13805,#13811,#13812,#13820,#13828));
#13657 = ORIENTED_EDGE('',*,*,#12674,.F.);
#13658 = ORIENTED_EDGE('',*,*,#13524,.T.);
#13659 = ORIENTED_EDGE('',*,*,#13660,.T.);
#13660 = EDGE_CURVE('',#13515,#13661,#13663,.T.);
#13661 = VERTEX_POINT('',#13662);
#13662 = CARTESIAN_POINT('',(113.036,97.9915,-1.11));
#13663 = LINE('',#13664,#13665);
#13664 = CARTESIAN_POINT('',(113.036,101.9715,-1.11));
#13665 = VECTOR('',#13666,1.);
#13666 = DIRECTION('',(-2.22044604925E-16,-1.,-1.224646799147E-16));
#13667 = ORIENTED_EDGE('',*,*,#13668,.F.);
#13668 = EDGE_CURVE('',#12906,#13661,#13669,.T.);
#13669 = LINE('',#13670,#13671);
#13670 = CARTESIAN_POINT('',(113.036,97.9915,-0.36));
#13671 = VECTOR('',#13672,1.);
#13672 = DIRECTION('',(0.,1.224646799147E-16,-1.));
#13673 = ORIENTED_EDGE('',*,*,#12905,.F.);
#13674 = ORIENTED_EDGE('',*,*,#13675,.T.);
#13675 = EDGE_CURVE('',#12898,#13676,#13678,.T.);
#13676 = VERTEX_POINT('',#13677);
#13677 = CARTESIAN_POINT('',(113.036,98.6815,-0.54));
#13678 = LINE('',#13679,#13680);
#13679 = CARTESIAN_POINT('',(113.036,98.6815,-0.35));
#13680 = VECTOR('',#13681,1.);
#13681 = DIRECTION('',(0.,1.224646799147E-16,-1.));
#13682 = ORIENTED_EDGE('',*,*,#13683,.T.);
#13683 = EDGE_CURVE('',#13676,#13684,#13686,.T.);
#13684 = VERTEX_POINT('',#13685);
#13685 = CARTESIAN_POINT('',(113.036,98.8815,-0.54));
#13686 = LINE('',#13687,#13688);
#13687 = CARTESIAN_POINT('',(113.036,100.3265,-0.54));
#13688 = VECTOR('',#13689,1.);
#13689 = DIRECTION('',(2.22044604925E-16,1.,1.224646799147E-16));
#13690 = ORIENTED_EDGE('',*,*,#13691,.T.);
#13691 = EDGE_CURVE('',#13684,#12873,#13692,.T.);
#13692 = LINE('',#13693,#13694);
#13693 = CARTESIAN_POINT('',(113.036,98.8815,-0.35));
#13694 = VECTOR('',#13695,1.);
#13695 = DIRECTION('',(0.,-1.224646799147E-16,1.));
#13696 = ORIENTED_EDGE('',*,*,#12872,.F.);
#13697 = ORIENTED_EDGE('',*,*,#13698,.T.);
#13698 = EDGE_CURVE('',#12865,#13699,#13701,.T.);
#13699 = VERTEX_POINT('',#13700);
#13700 = CARTESIAN_POINT('',(113.036,99.0815,-0.54));
#13701 = LINE('',#13702,#13703);
#13702 = CARTESIAN_POINT('',(113.036,99.0815,-0.35));
#13703 = VECTOR('',#13704,1.);
#13704 = DIRECTION('',(0.,1.224646799147E-16,-1.));
#13705 = ORIENTED_EDGE('',*,*,#13706,.T.);
#13706 = EDGE_CURVE('',#13699,#13707,#13709,.T.);
#13707 = VERTEX_POINT('',#13708);
#13708 = CARTESIAN_POINT('',(113.036,99.2815,-0.54));
#13709 = LINE('',#13710,#13711);
#13710 = CARTESIAN_POINT('',(113.036,100.5265,-0.54));
#13711 = VECTOR('',#13712,1.);
#13712 = DIRECTION('',(2.22044604925E-16,1.,1.224646799147E-16));
#13713 = ORIENTED_EDGE('',*,*,#13714,.T.);
#13714 = EDGE_CURVE('',#13707,#12840,#13715,.T.);
#13715 = LINE('',#13716,#13717);
#13716 = CARTESIAN_POINT('',(113.036,99.2815,-0.35));
#13717 = VECTOR('',#13718,1.);
#13718 = DIRECTION('',(0.,-1.224646799147E-16,1.));
#13719 = ORIENTED_EDGE('',*,*,#12839,.F.);
#13720 = ORIENTED_EDGE('',*,*,#13721,.T.);
#13721 = EDGE_CURVE('',#12832,#13722,#13724,.T.);
#13722 = VERTEX_POINT('',#13723);
#13723 = CARTESIAN_POINT('',(113.036,99.4815,-0.54));
#13724 = LINE('',#13725,#13726);
#13725 = CARTESIAN_POINT('',(113.036,99.4815,-0.35));
#13726 = VECTOR('',#13727,1.);
#13727 = DIRECTION('',(0.,1.224646799147E-16,-1.));
#13728 = ORIENTED_EDGE('',*,*,#13729,.T.);
#13729 = EDGE_CURVE('',#13722,#13730,#13732,.T.);
#13730 = VERTEX_POINT('',#13731);
#13731 = CARTESIAN_POINT('',(113.036,99.6815,-0.54));
#13732 = LINE('',#13733,#13734);
#13733 = CARTESIAN_POINT('',(113.036,100.7265,-0.54));
#13734 = VECTOR('',#13735,1.);
#13735 = DIRECTION('',(2.22044604925E-16,1.,1.224646799147E-16));
#13736 = ORIENTED_EDGE('',*,*,#13737,.T.);
#13737 = EDGE_CURVE('',#13730,#12807,#13738,.T.);
#13738 = LINE('',#13739,#13740);
#13739 = CARTESIAN_POINT('',(113.036,99.6815,-0.35));
#13740 = VECTOR('',#13741,1.);
#13741 = DIRECTION('',(0.,-1.224646799147E-16,1.));
#13742 = ORIENTED_EDGE('',*,*,#12806,.F.);
#13743 = ORIENTED_EDGE('',*,*,#13744,.T.);
#13744 = EDGE_CURVE('',#12799,#13745,#13747,.T.);
#13745 = VERTEX_POINT('',#13746);
#13746 = CARTESIAN_POINT('',(113.036,99.8815,-0.54));
#13747 = LINE('',#13748,#13749);
#13748 = CARTESIAN_POINT('',(113.036,99.8815,-0.35));
#13749 = VECTOR('',#13750,1.);
#13750 = DIRECTION('',(0.,1.224646799147E-16,-1.));
#13751 = ORIENTED_EDGE('',*,*,#13752,.T.);
#13752 = EDGE_CURVE('',#13745,#13753,#13755,.T.);
#13753 = VERTEX_POINT('',#13754);
#13754 = CARTESIAN_POINT('',(113.036,100.0815,-0.54));
#13755 = LINE('',#13756,#13757);
#13756 = CARTESIAN_POINT('',(113.036,100.9265,-0.54));
#13757 = VECTOR('',#13758,1.);
#13758 = DIRECTION('',(2.22044604925E-16,1.,1.224646799147E-16));
#13759 = ORIENTED_EDGE('',*,*,#13760,.T.);
#13760 = EDGE_CURVE('',#13753,#12774,#13761,.T.);
#13761 = LINE('',#13762,#13763);
#13762 = CARTESIAN_POINT('',(113.036,100.0815,-0.35));
#13763 = VECTOR('',#13764,1.);
#13764 = DIRECTION('',(0.,-1.224646799147E-16,1.));
#13765 = ORIENTED_EDGE('',*,*,#12773,.F.);
#13766 = ORIENTED_EDGE('',*,*,#13767,.T.);
#13767 = EDGE_CURVE('',#12766,#13768,#13770,.T.);
#13768 = VERTEX_POINT('',#13769);
#13769 = CARTESIAN_POINT('',(113.036,100.2815,-0.54));
#13770 = LINE('',#13771,#13772);
#13771 = CARTESIAN_POINT('',(113.036,100.2815,-0.35));
#13772 = VECTOR('',#13773,1.);
#13773 = DIRECTION('',(0.,1.224646799147E-16,-1.));
#13774 = ORIENTED_EDGE('',*,*,#13775,.T.);
#13775 = EDGE_CURVE('',#13768,#13776,#13778,.T.);
#13776 = VERTEX_POINT('',#13777);
#13777 = CARTESIAN_POINT('',(113.036,100.4815,-0.54));
#13778 = LINE('',#13779,#13780);
#13779 = CARTESIAN_POINT('',(113.036,101.1265,-0.54));
#13780 = VECTOR('',#13781,1.);
#13781 = DIRECTION('',(2.22044604925E-16,1.,1.224646799147E-16));
#13782 = ORIENTED_EDGE('',*,*,#13783,.T.);
#13783 = EDGE_CURVE('',#13776,#12741,#13784,.T.);
#13784 = LINE('',#13785,#13786);
#13785 = CARTESIAN_POINT('',(113.036,100.4815,-0.35));
#13786 = VECTOR('',#13787,1.);
#13787 = DIRECTION('',(0.,-1.224646799147E-16,1.));
#13788 = ORIENTED_EDGE('',*,*,#12740,.F.);
#13789 = ORIENTED_EDGE('',*,*,#13790,.T.);
#13790 = EDGE_CURVE('',#12733,#13791,#13793,.T.);
#13791 = VERTEX_POINT('',#13792);
#13792 = CARTESIAN_POINT('',(113.036,100.6815,-0.54));
#13793 = LINE('',#13794,#13795);
#13794 = CARTESIAN_POINT('',(113.036,100.6815,-0.35));
#13795 = VECTOR('',#13796,1.);
#13796 = DIRECTION('',(0.,1.224646799147E-16,-1.));
#13797 = ORIENTED_EDGE('',*,*,#13798,.T.);
#13798 = EDGE_CURVE('',#13791,#13799,#13801,.T.);
#13799 = VERTEX_POINT('',#13800);
#13800 = CARTESIAN_POINT('',(113.036,100.8815,-0.54));
#13801 = LINE('',#13802,#13803);
#13802 = CARTESIAN_POINT('',(113.036,101.3265,-0.54));
#13803 = VECTOR('',#13804,1.);
#13804 = DIRECTION('',(2.22044604925E-16,1.,1.224646799147E-16));
#13805 = ORIENTED_EDGE('',*,*,#13806,.T.);
#13806 = EDGE_CURVE('',#13799,#12708,#13807,.T.);
#13807 = LINE('',#13808,#13809);
#13808 = CARTESIAN_POINT('',(113.036,100.8815,-0.35));
#13809 = VECTOR('',#13810,1.);
#13810 = DIRECTION('',(0.,-1.224646799147E-16,1.));
#13811 = ORIENTED_EDGE('',*,*,#12707,.F.);
#13812 = ORIENTED_EDGE('',*,*,#13813,.T.);
#13813 = EDGE_CURVE('',#12700,#13814,#13816,.T.);
#13814 = VERTEX_POINT('',#13815);
#13815 = CARTESIAN_POINT('',(113.036,101.0815,-0.54));
#13816 = LINE('',#13817,#13818);
#13817 = CARTESIAN_POINT('',(113.036,101.0815,-0.35));
#13818 = VECTOR('',#13819,1.);
#13819 = DIRECTION('',(0.,1.224646799147E-16,-1.));
#13820 = ORIENTED_EDGE('',*,*,#13821,.T.);
#13821 = EDGE_CURVE('',#13814,#13822,#13824,.T.);
#13822 = VERTEX_POINT('',#13823);
#13823 = CARTESIAN_POINT('',(113.036,101.2815,-0.54));
#13824 = LINE('',#13825,#13826);
#13825 = CARTESIAN_POINT('',(113.036,101.5265,-0.54));
#13826 = VECTOR('',#13827,1.);
#13827 = DIRECTION('',(2.22044604925E-16,1.,1.224646799147E-16));
#13828 = ORIENTED_EDGE('',*,*,#13829,.T.);
#13829 = EDGE_CURVE('',#13822,#12675,#13830,.T.);
#13830 = LINE('',#13831,#13832);
#13831 = CARTESIAN_POINT('',(113.036,101.2815,-0.35));
#13832 = VECTOR('',#13833,1.);
#13833 = DIRECTION('',(0.,-1.224646799147E-16,1.));
#13834 = PLANE('',#13835);
#13835 = AXIS2_PLACEMENT_3D('',#13836,#13837,#13838);
#13836 = CARTESIAN_POINT('',(113.036,101.9715,-0.36));
#13837 = DIRECTION('',(1.,-2.22044604925E-16,-2.719262146893E-32));
#13838 = DIRECTION('',(0.,-1.224646799147E-16,1.));
#13839 = ADVANCED_FACE('',(#13840),#13874,.F.);
#13840 = FACE_BOUND('',#13841,.T.);
#13841 = EDGE_LOOP('',(#13842,#13852,#13860,#13866,#13867,#13868));
#13842 = ORIENTED_EDGE('',*,*,#13843,.F.);
#13843 = EDGE_CURVE('',#13844,#13846,#13848,.T.);
#13844 = VERTEX_POINT('',#13845);
#13845 = CARTESIAN_POINT('',(113.626,101.9815,-0.34));
#13846 = VERTEX_POINT('',#13847);
#13847 = CARTESIAN_POINT('',(113.626,101.6815,-0.34));
#13848 = LINE('',#13849,#13850);
#13849 = CARTESIAN_POINT('',(113.626,101.9815,-0.34));
#13850 = VECTOR('',#13851,1.);
#13851 = DIRECTION('',(-4.555315873023E-16,-1.,-1.224646799147E-16));
#13852 = ORIENTED_EDGE('',*,*,#13853,.T.);
#13853 = EDGE_CURVE('',#13844,#13854,#13856,.T.);
#13854 = VERTEX_POINT('',#13855);
#13855 = CARTESIAN_POINT('',(113.626,101.9815,-0.54));
#13856 = LINE('',#13857,#13858);
#13857 = CARTESIAN_POINT('',(113.626,101.9815,-0.34));
#13858 = VECTOR('',#13859,1.);
#13859 = DIRECTION('',(0.,1.224646799147E-16,-1.));
#13860 = ORIENTED_EDGE('',*,*,#13861,.T.);
#13861 = EDGE_CURVE('',#13854,#13532,#13862,.T.);
#13862 = LINE('',#13863,#13864);
#13863 = CARTESIAN_POINT('',(113.626,101.9815,-0.54));
#13864 = VECTOR('',#13865,1.);
#13865 = DIRECTION('',(-4.555315873023E-16,-1.,-1.224646799147E-16));
#13866 = ORIENTED_EDGE('',*,*,#13531,.F.);
#13867 = ORIENTED_EDGE('',*,*,#13458,.F.);
#13868 = ORIENTED_EDGE('',*,*,#13869,.F.);
#13869 = EDGE_CURVE('',#13846,#13450,#13870,.T.);
#13870 = LINE('',#13871,#13872);
#13871 = CARTESIAN_POINT('',(113.626,101.6815,-0.34));
#13872 = VECTOR('',#13873,1.);
#13873 = DIRECTION('',(0.,1.224646799147E-16,-1.));
#13874 = PLANE('',#13875);
#13875 = AXIS2_PLACEMENT_3D('',#13876,#13877,#13878);
#13876 = CARTESIAN_POINT('',(113.626,101.9815,-0.34));
#13877 = DIRECTION('',(1.,-4.555315873023E-16,-5.578653003001E-32));
#13878 = DIRECTION('',(4.555315873023E-16,1.,1.224646799147E-16));
#13879 = ADVANCED_FACE('',(#13880),#13914,.F.);
#13880 = FACE_BOUND('',#13881,.T.);
#13881 = EDGE_LOOP('',(#13882,#13892,#13898,#13899,#13900,#13908));
#13882 = ORIENTED_EDGE('',*,*,#13883,.F.);
#13883 = EDGE_CURVE('',#13884,#13886,#13888,.T.);
#13884 = VERTEX_POINT('',#13885);
#13885 = CARTESIAN_POINT('',(113.326,101.2815,-0.34));
#13886 = VERTEX_POINT('',#13887);
#13887 = CARTESIAN_POINT('',(113.026,101.2815,-0.34));
#13888 = LINE('',#13889,#13890);
#13889 = CARTESIAN_POINT('',(113.326,101.2815,-0.34));
#13890 = VECTOR('',#13891,1.);
#13891 = DIRECTION('',(-1.,4.207146720618E-16,5.152268764947E-32));
#13892 = ORIENTED_EDGE('',*,*,#13893,.T.);
#13893 = EDGE_CURVE('',#13884,#12683,#13894,.T.);
#13894 = LINE('',#13895,#13896);
#13895 = CARTESIAN_POINT('',(113.326,101.2815,-0.34));
#13896 = VECTOR('',#13897,1.);
#13897 = DIRECTION('',(0.,1.224646799147E-16,-1.));
#13898 = ORIENTED_EDGE('',*,*,#12682,.F.);
#13899 = ORIENTED_EDGE('',*,*,#13829,.F.);
#13900 = ORIENTED_EDGE('',*,*,#13901,.T.);
#13901 = EDGE_CURVE('',#13822,#13902,#13904,.T.);
#13902 = VERTEX_POINT('',#13903);
#13903 = CARTESIAN_POINT('',(113.026,101.2815,-0.54));
#13904 = LINE('',#13905,#13906);
#13905 = CARTESIAN_POINT('',(113.326,101.2815,-0.54));
#13906 = VECTOR('',#13907,1.);
#13907 = DIRECTION('',(-1.,4.207146720618E-16,5.152268764947E-32));
#13908 = ORIENTED_EDGE('',*,*,#13909,.F.);
#13909 = EDGE_CURVE('',#13886,#13902,#13910,.T.);
#13910 = LINE('',#13911,#13912);
#13911 = CARTESIAN_POINT('',(113.026,101.2815,-0.34));
#13912 = VECTOR('',#13913,1.);
#13913 = DIRECTION('',(0.,1.224646799147E-16,-1.));
#13914 = PLANE('',#13915);
#13915 = AXIS2_PLACEMENT_3D('',#13916,#13917,#13918);
#13916 = CARTESIAN_POINT('',(113.326,101.2815,-0.34));
#13917 = DIRECTION('',(-4.207146720618E-16,-1.,-1.224646799147E-16));
#13918 = DIRECTION('',(1.,-4.207146720618E-16,-5.152268764947E-32));
#13919 = ADVANCED_FACE('',(#13920),#13939,.T.);
#13920 = FACE_BOUND('',#13921,.F.);
#13921 = EDGE_LOOP('',(#13922,#13930,#13931,#13932));
#13922 = ORIENTED_EDGE('',*,*,#13923,.T.);
#13923 = EDGE_CURVE('',#13924,#13442,#13926,.T.);
#13924 = VERTEX_POINT('',#13925);
#13925 = CARTESIAN_POINT('',(113.826,101.6815,-0.34));
#13926 = LINE('',#13927,#13928);
#13927 = CARTESIAN_POINT('',(113.826,101.6815,-0.34));
#13928 = VECTOR('',#13929,1.);
#13929 = DIRECTION('',(0.,1.224646799147E-16,-1.));
#13930 = ORIENTED_EDGE('',*,*,#13449,.T.);
#13931 = ORIENTED_EDGE('',*,*,#13869,.F.);
#13932 = ORIENTED_EDGE('',*,*,#13933,.T.);
#13933 = EDGE_CURVE('',#13846,#13924,#13934,.T.);
#13934 = CIRCLE('',#13935,0.1);
#13935 = AXIS2_PLACEMENT_3D('',#13936,#13937,#13938);
#13936 = CARTESIAN_POINT('',(113.726,101.6815,-0.34));
#13937 = DIRECTION('',(0.,-1.224646799147E-16,1.));
#13938 = DIRECTION('',(-1.,-9.95799250103E-17,-1.219502364232E-32));
#13939 = CYLINDRICAL_SURFACE('',#13940,0.1);
#13940 = AXIS2_PLACEMENT_3D('',#13941,#13942,#13943);
#13941 = CARTESIAN_POINT('',(113.726,101.6815,-0.34));
#13942 = DIRECTION('',(0.,-1.224646799147E-16,1.));
#13943 = DIRECTION('',(-1.,-9.95799250103E-17,-1.219502364232E-32));
#13944 = ADVANCED_FACE('',(#13945),#13964,.T.);
#13945 = FACE_BOUND('',#13946,.F.);
#13946 = EDGE_LOOP('',(#13947,#13948,#13949,#13957));
#13947 = ORIENTED_EDGE('',*,*,#13893,.T.);
#13948 = ORIENTED_EDGE('',*,*,#12690,.T.);
#13949 = ORIENTED_EDGE('',*,*,#13950,.F.);
#13950 = EDGE_CURVE('',#13951,#12691,#13953,.T.);
#13951 = VERTEX_POINT('',#13952);
#13952 = CARTESIAN_POINT('',(113.326,101.0815,-0.34));
#13953 = LINE('',#13954,#13955);
#13954 = CARTESIAN_POINT('',(113.326,101.0815,-0.34));
#13955 = VECTOR('',#13956,1.);
#13956 = DIRECTION('',(0.,1.224646799147E-16,-1.));
#13957 = ORIENTED_EDGE('',*,*,#13958,.T.);
#13958 = EDGE_CURVE('',#13951,#13884,#13959,.T.);
#13959 = CIRCLE('',#13960,0.1);
#13960 = AXIS2_PLACEMENT_3D('',#13961,#13962,#13963);
#13961 = CARTESIAN_POINT('',(113.326,101.1815,-0.34));
#13962 = DIRECTION('',(0.,-1.224646799147E-16,1.));
#13963 = DIRECTION('',(8.813754755808E-17,-1.,-1.224646799147E-16));
#13964 = CYLINDRICAL_SURFACE('',#13965,0.1);
#13965 = AXIS2_PLACEMENT_3D('',#13966,#13967,#13968);
#13966 = CARTESIAN_POINT('',(113.326,101.1815,-0.34));
#13967 = DIRECTION('',(0.,-1.224646799147E-16,1.));
#13968 = DIRECTION('',(8.813754755808E-17,-1.,-1.224646799147E-16));
#13969 = ADVANCED_FACE('',(#13970),#13997,.F.);
#13970 = FACE_BOUND('',#13971,.T.);
#13971 = EDGE_LOOP('',(#13972,#13980,#13981,#13982,#13983,#13991));
#13972 = ORIENTED_EDGE('',*,*,#13973,.F.);
#13973 = EDGE_CURVE('',#13924,#13974,#13976,.T.);
#13974 = VERTEX_POINT('',#13975);
#13975 = CARTESIAN_POINT('',(113.826,101.9815,-0.34));
#13976 = LINE('',#13977,#13978);
#13977 = CARTESIAN_POINT('',(113.826,101.6815,-0.34));
#13978 = VECTOR('',#13979,1.);
#13979 = DIRECTION('',(4.092722946096E-16,1.,1.224646799147E-16));
#13980 = ORIENTED_EDGE('',*,*,#13923,.T.);
#13981 = ORIENTED_EDGE('',*,*,#13441,.F.);
#13982 = ORIENTED_EDGE('',*,*,#13547,.F.);
#13983 = ORIENTED_EDGE('',*,*,#13984,.T.);
#13984 = EDGE_CURVE('',#13540,#13985,#13987,.T.);
#13985 = VERTEX_POINT('',#13986);
#13986 = CARTESIAN_POINT('',(113.826,101.9815,-0.54));
#13987 = LINE('',#13988,#13989);
#13988 = CARTESIAN_POINT('',(113.826,101.6815,-0.54));
#13989 = VECTOR('',#13990,1.);
#13990 = DIRECTION('',(4.092722946096E-16,1.,1.224646799147E-16));
#13991 = ORIENTED_EDGE('',*,*,#13992,.F.);
#13992 = EDGE_CURVE('',#13974,#13985,#13993,.T.);
#13993 = LINE('',#13994,#13995);
#13994 = CARTESIAN_POINT('',(113.826,101.9815,-0.34));
#13995 = VECTOR('',#13996,1.);
#13996 = DIRECTION('',(0.,1.224646799147E-16,-1.));
#13997 = PLANE('',#13998);
#13998 = AXIS2_PLACEMENT_3D('',#13999,#14000,#14001);
#13999 = CARTESIAN_POINT('',(113.826,101.6815,-0.34));
#14000 = DIRECTION('',(-1.,4.092722946096E-16,5.012140055732E-32));
#14001 = DIRECTION('',(-4.092722946096E-16,-1.,-1.224646799147E-16));
#14002 = ADVANCED_FACE('',(#14003),#14030,.F.);
#14003 = FACE_BOUND('',#14004,.T.);
#14004 = EDGE_LOOP('',(#14005,#14013,#14021,#14027,#14028,#14029));
#14005 = ORIENTED_EDGE('',*,*,#14006,.F.);
#14006 = EDGE_CURVE('',#14007,#13951,#14009,.T.);
#14007 = VERTEX_POINT('',#14008);
#14008 = CARTESIAN_POINT('',(113.026,101.0815,-0.34));
#14009 = LINE('',#14010,#14011);
#14010 = CARTESIAN_POINT('',(113.026,101.0815,-0.34));
#14011 = VECTOR('',#14012,1.);
#14012 = DIRECTION('',(1.,-4.669739647545E-16,-5.718781712216E-32));
#14013 = ORIENTED_EDGE('',*,*,#14014,.T.);
#14014 = EDGE_CURVE('',#14007,#14015,#14017,.T.);
#14015 = VERTEX_POINT('',#14016);
#14016 = CARTESIAN_POINT('',(113.026,101.0815,-0.54));
#14017 = LINE('',#14018,#14019);
#14018 = CARTESIAN_POINT('',(113.026,101.0815,-0.34));
#14019 = VECTOR('',#14020,1.);
#14020 = DIRECTION('',(0.,1.224646799147E-16,-1.));
#14021 = ORIENTED_EDGE('',*,*,#14022,.T.);
#14022 = EDGE_CURVE('',#14015,#13814,#14023,.T.);
#14023 = LINE('',#14024,#14025);
#14024 = CARTESIAN_POINT('',(113.026,101.0815,-0.54));
#14025 = VECTOR('',#14026,1.);
#14026 = DIRECTION('',(1.,-4.669739647545E-16,-5.718781712216E-32));
#14027 = ORIENTED_EDGE('',*,*,#13813,.F.);
#14028 = ORIENTED_EDGE('',*,*,#12699,.F.);
#14029 = ORIENTED_EDGE('',*,*,#13950,.F.);
#14030 = PLANE('',#14031);
#14031 = AXIS2_PLACEMENT_3D('',#14032,#14033,#14034);
#14032 = CARTESIAN_POINT('',(113.026,101.0815,-0.34));
#14033 = DIRECTION('',(4.669739647545E-16,1.,1.224646799147E-16));
#14034 = DIRECTION('',(-1.,4.669739647545E-16,5.718781712216E-32));
#14035 = ADVANCED_FACE('',(#14036),#14070,.F.);
#14036 = FACE_BOUND('',#14037,.T.);
#14037 = EDGE_LOOP('',(#14038,#14048,#14056,#14062,#14063,#14064));
#14038 = ORIENTED_EDGE('',*,*,#14039,.F.);
#14039 = EDGE_CURVE('',#14040,#14042,#14044,.T.);
#14040 = VERTEX_POINT('',#14041);
#14041 = CARTESIAN_POINT('',(114.026,101.9815,-0.34));
#14042 = VERTEX_POINT('',#14043);
#14043 = CARTESIAN_POINT('',(114.026,101.6815,-0.34));
#14044 = LINE('',#14045,#14046);
#14045 = CARTESIAN_POINT('',(114.026,101.9815,-0.34));
#14046 = VECTOR('',#14047,1.);
#14047 = DIRECTION('',(-4.555315873023E-16,-1.,-1.224646799147E-16));
#14048 = ORIENTED_EDGE('',*,*,#14049,.T.);
#14049 = EDGE_CURVE('',#14040,#14050,#14052,.T.);
#14050 = VERTEX_POINT('',#14051);
#14051 = CARTESIAN_POINT('',(114.026,101.9815,-0.54));
#14052 = LINE('',#14053,#14054);
#14053 = CARTESIAN_POINT('',(114.026,101.9815,-0.34));
#14054 = VECTOR('',#14055,1.);
#14055 = DIRECTION('',(0.,1.224646799147E-16,-1.));
#14056 = ORIENTED_EDGE('',*,*,#14057,.T.);
#14057 = EDGE_CURVE('',#14050,#13555,#14058,.T.);
#14058 = LINE('',#14059,#14060);
#14059 = CARTESIAN_POINT('',(114.026,101.9815,-0.54));
#14060 = VECTOR('',#14061,1.);
#14061 = DIRECTION('',(-4.555315873023E-16,-1.,-1.224646799147E-16));
#14062 = ORIENTED_EDGE('',*,*,#13554,.F.);
#14063 = ORIENTED_EDGE('',*,*,#13425,.F.);
#14064 = ORIENTED_EDGE('',*,*,#14065,.F.);
#14065 = EDGE_CURVE('',#14042,#13417,#14066,.T.);
#14066 = LINE('',#14067,#14068);
#14067 = CARTESIAN_POINT('',(114.026,101.6815,-0.34));
#14068 = VECTOR('',#14069,1.);
#14069 = DIRECTION('',(0.,1.224646799147E-16,-1.));
#14070 = PLANE('',#14071);
#14071 = AXIS2_PLACEMENT_3D('',#14072,#14073,#14074);
#14072 = CARTESIAN_POINT('',(114.026,101.9815,-0.34));
#14073 = DIRECTION('',(1.,-4.555315873023E-16,-5.578653003001E-32));
#14074 = DIRECTION('',(4.555315873023E-16,1.,1.224646799147E-16));
#14075 = ADVANCED_FACE('',(#14076),#14110,.F.);
#14076 = FACE_BOUND('',#14077,.T.);
#14077 = EDGE_LOOP('',(#14078,#14088,#14094,#14095,#14096,#14104));
#14078 = ORIENTED_EDGE('',*,*,#14079,.F.);
#14079 = EDGE_CURVE('',#14080,#14082,#14084,.T.);
#14080 = VERTEX_POINT('',#14081);
#14081 = CARTESIAN_POINT('',(113.326,100.8815,-0.34));
#14082 = VERTEX_POINT('',#14083);
#14083 = CARTESIAN_POINT('',(113.026,100.8815,-0.34));
#14084 = LINE('',#14085,#14086);
#14085 = CARTESIAN_POINT('',(113.326,100.8815,-0.34));
#14086 = VECTOR('',#14087,1.);
#14087 = DIRECTION('',(-1.,4.207146720618E-16,5.152268764947E-32));
#14088 = ORIENTED_EDGE('',*,*,#14089,.T.);
#14089 = EDGE_CURVE('',#14080,#12716,#14090,.T.);
#14090 = LINE('',#14091,#14092);
#14091 = CARTESIAN_POINT('',(113.326,100.8815,-0.34));
#14092 = VECTOR('',#14093,1.);
#14093 = DIRECTION('',(0.,1.224646799147E-16,-1.));
#14094 = ORIENTED_EDGE('',*,*,#12715,.F.);
#14095 = ORIENTED_EDGE('',*,*,#13806,.F.);
#14096 = ORIENTED_EDGE('',*,*,#14097,.T.);
#14097 = EDGE_CURVE('',#13799,#14098,#14100,.T.);
#14098 = VERTEX_POINT('',#14099);
#14099 = CARTESIAN_POINT('',(113.026,100.8815,-0.54));
#14100 = LINE('',#14101,#14102);
#14101 = CARTESIAN_POINT('',(113.326,100.8815,-0.54));
#14102 = VECTOR('',#14103,1.);
#14103 = DIRECTION('',(-1.,4.207146720618E-16,5.152268764947E-32));
#14104 = ORIENTED_EDGE('',*,*,#14105,.F.);
#14105 = EDGE_CURVE('',#14082,#14098,#14106,.T.);
#14106 = LINE('',#14107,#14108);
#14107 = CARTESIAN_POINT('',(113.026,100.8815,-0.34));
#14108 = VECTOR('',#14109,1.);
#14109 = DIRECTION('',(0.,1.224646799147E-16,-1.));
#14110 = PLANE('',#14111);
#14111 = AXIS2_PLACEMENT_3D('',#14112,#14113,#14114);
#14112 = CARTESIAN_POINT('',(113.326,100.8815,-0.34));
#14113 = DIRECTION('',(-4.207146720618E-16,-1.,-1.224646799147E-16));
#14114 = DIRECTION('',(1.,-4.207146720618E-16,-5.152268764947E-32));
#14115 = ADVANCED_FACE('',(#14116),#14135,.T.);
#14116 = FACE_BOUND('',#14117,.F.);
#14117 = EDGE_LOOP('',(#14118,#14126,#14127,#14128));
#14118 = ORIENTED_EDGE('',*,*,#14119,.T.);
#14119 = EDGE_CURVE('',#14120,#13409,#14122,.T.);
#14120 = VERTEX_POINT('',#14121);
#14121 = CARTESIAN_POINT('',(114.226,101.6815,-0.34));
#14122 = LINE('',#14123,#14124);
#14123 = CARTESIAN_POINT('',(114.226,101.6815,-0.34));
#14124 = VECTOR('',#14125,1.);
#14125 = DIRECTION('',(0.,1.224646799147E-16,-1.));
#14126 = ORIENTED_EDGE('',*,*,#13416,.T.);
#14127 = ORIENTED_EDGE('',*,*,#14065,.F.);
#14128 = ORIENTED_EDGE('',*,*,#14129,.T.);
#14129 = EDGE_CURVE('',#14042,#14120,#14130,.T.);
#14130 = CIRCLE('',#14131,0.1);
#14131 = AXIS2_PLACEMENT_3D('',#14132,#14133,#14134);
#14132 = CARTESIAN_POINT('',(114.126,101.6815,-0.34));
#14133 = DIRECTION('',(0.,-1.224646799147E-16,1.));
#14134 = DIRECTION('',(-1.,-9.95799250103E-17,-1.219502364232E-32));
#14135 = CYLINDRICAL_SURFACE('',#14136,0.1);
#14136 = AXIS2_PLACEMENT_3D('',#14137,#14138,#14139);
#14137 = CARTESIAN_POINT('',(114.126,101.6815,-0.34));
#14138 = DIRECTION('',(0.,-1.224646799147E-16,1.));
#14139 = DIRECTION('',(-1.,-9.95799250103E-17,-1.219502364232E-32));
#14140 = ADVANCED_FACE('',(#14141),#14160,.T.);
#14141 = FACE_BOUND('',#14142,.F.);
#14142 = EDGE_LOOP('',(#14143,#14144,#14145,#14153));
#14143 = ORIENTED_EDGE('',*,*,#14089,.T.);
#14144 = ORIENTED_EDGE('',*,*,#12723,.T.);
#14145 = ORIENTED_EDGE('',*,*,#14146,.F.);
#14146 = EDGE_CURVE('',#14147,#12724,#14149,.T.);
#14147 = VERTEX_POINT('',#14148);
#14148 = CARTESIAN_POINT('',(113.326,100.6815,-0.34));
#14149 = LINE('',#14150,#14151);
#14150 = CARTESIAN_POINT('',(113.326,100.6815,-0.34));
#14151 = VECTOR('',#14152,1.);
#14152 = DIRECTION('',(0.,1.224646799147E-16,-1.));
#14153 = ORIENTED_EDGE('',*,*,#14154,.T.);
#14154 = EDGE_CURVE('',#14147,#14080,#14155,.T.);
#14155 = CIRCLE('',#14156,0.1);
#14156 = AXIS2_PLACEMENT_3D('',#14157,#14158,#14159);
#14157 = CARTESIAN_POINT('',(113.326,100.7815,-0.34));
#14158 = DIRECTION('',(0.,-1.224646799147E-16,1.));
#14159 = DIRECTION('',(8.813754755808E-17,-1.,-1.224646799147E-16));
#14160 = CYLINDRICAL_SURFACE('',#14161,0.1);
#14161 = AXIS2_PLACEMENT_3D('',#14162,#14163,#14164);
#14162 = CARTESIAN_POINT('',(113.326,100.7815,-0.34));
#14163 = DIRECTION('',(0.,-1.224646799147E-16,1.));
#14164 = DIRECTION('',(8.813754755808E-17,-1.,-1.224646799147E-16));
#14165 = ADVANCED_FACE('',(#14166),#14193,.F.);
#14166 = FACE_BOUND('',#14167,.T.);
#14167 = EDGE_LOOP('',(#14168,#14176,#14177,#14178,#14179,#14187));
#14168 = ORIENTED_EDGE('',*,*,#14169,.F.);
#14169 = EDGE_CURVE('',#14120,#14170,#14172,.T.);
#14170 = VERTEX_POINT('',#14171);
#14171 = CARTESIAN_POINT('',(114.226,101.9815,-0.34));
#14172 = LINE('',#14173,#14174);
#14173 = CARTESIAN_POINT('',(114.226,101.6815,-0.34));
#14174 = VECTOR('',#14175,1.);
#14175 = DIRECTION('',(4.092722946096E-16,1.,1.224646799147E-16));
#14176 = ORIENTED_EDGE('',*,*,#14119,.T.);
#14177 = ORIENTED_EDGE('',*,*,#13408,.F.);
#14178 = ORIENTED_EDGE('',*,*,#13570,.F.);
#14179 = ORIENTED_EDGE('',*,*,#14180,.T.);
#14180 = EDGE_CURVE('',#13563,#14181,#14183,.T.);
#14181 = VERTEX_POINT('',#14182);
#14182 = CARTESIAN_POINT('',(114.226,101.9815,-0.54));
#14183 = LINE('',#14184,#14185);
#14184 = CARTESIAN_POINT('',(114.226,101.6815,-0.54));
#14185 = VECTOR('',#14186,1.);
#14186 = DIRECTION('',(4.092722946096E-16,1.,1.224646799147E-16));
#14187 = ORIENTED_EDGE('',*,*,#14188,.F.);
#14188 = EDGE_CURVE('',#14170,#14181,#14189,.T.);
#14189 = LINE('',#14190,#14191);
#14190 = CARTESIAN_POINT('',(114.226,101.9815,-0.34));
#14191 = VECTOR('',#14192,1.);
#14192 = DIRECTION('',(0.,1.224646799147E-16,-1.));
#14193 = PLANE('',#14194);
#14194 = AXIS2_PLACEMENT_3D('',#14195,#14196,#14197);
#14195 = CARTESIAN_POINT('',(114.226,101.6815,-0.34));
#14196 = DIRECTION('',(-1.,4.092722946096E-16,5.012140055732E-32));
#14197 = DIRECTION('',(-4.092722946096E-16,-1.,-1.224646799147E-16));
#14198 = ADVANCED_FACE('',(#14199),#14226,.F.);
#14199 = FACE_BOUND('',#14200,.T.);
#14200 = EDGE_LOOP('',(#14201,#14209,#14217,#14223,#14224,#14225));
#14201 = ORIENTED_EDGE('',*,*,#14202,.F.);
#14202 = EDGE_CURVE('',#14203,#14147,#14205,.T.);
#14203 = VERTEX_POINT('',#14204);
#14204 = CARTESIAN_POINT('',(113.026,100.6815,-0.34));
#14205 = LINE('',#14206,#14207);
#14206 = CARTESIAN_POINT('',(113.026,100.6815,-0.34));
#14207 = VECTOR('',#14208,1.);
#14208 = DIRECTION('',(1.,-4.669739647545E-16,-5.718781712216E-32));
#14209 = ORIENTED_EDGE('',*,*,#14210,.T.);
#14210 = EDGE_CURVE('',#14203,#14211,#14213,.T.);
#14211 = VERTEX_POINT('',#14212);
#14212 = CARTESIAN_POINT('',(113.026,100.6815,-0.54));
#14213 = LINE('',#14214,#14215);
#14214 = CARTESIAN_POINT('',(113.026,100.6815,-0.34));
#14215 = VECTOR('',#14216,1.);
#14216 = DIRECTION('',(0.,1.224646799147E-16,-1.));
#14217 = ORIENTED_EDGE('',*,*,#14218,.T.);
#14218 = EDGE_CURVE('',#14211,#13791,#14219,.T.);
#14219 = LINE('',#14220,#14221);
#14220 = CARTESIAN_POINT('',(113.026,100.6815,-0.54));
#14221 = VECTOR('',#14222,1.);
#14222 = DIRECTION('',(1.,-4.669739647545E-16,-5.718781712216E-32));
#14223 = ORIENTED_EDGE('',*,*,#13790,.F.);
#14224 = ORIENTED_EDGE('',*,*,#12732,.F.);
#14225 = ORIENTED_EDGE('',*,*,#14146,.F.);
#14226 = PLANE('',#14227);
#14227 = AXIS2_PLACEMENT_3D('',#14228,#14229,#14230);
#14228 = CARTESIAN_POINT('',(113.026,100.6815,-0.34));
#14229 = DIRECTION('',(4.669739647545E-16,1.,1.224646799147E-16));
#14230 = DIRECTION('',(-1.,4.669739647545E-16,5.718781712216E-32));
#14231 = ADVANCED_FACE('',(#14232),#14266,.F.);
#14232 = FACE_BOUND('',#14233,.T.);
#14233 = EDGE_LOOP('',(#14234,#14244,#14250,#14251,#14252,#14260));
#14234 = ORIENTED_EDGE('',*,*,#14235,.F.);
#14235 = EDGE_CURVE('',#14236,#14238,#14240,.T.);
#14236 = VERTEX_POINT('',#14237);
#14237 = CARTESIAN_POINT('',(113.326,100.4815,-0.34));
#14238 = VERTEX_POINT('',#14239);
#14239 = CARTESIAN_POINT('',(113.026,100.4815,-0.34));
#14240 = LINE('',#14241,#14242);
#14241 = CARTESIAN_POINT('',(113.326,100.4815,-0.34));
#14242 = VECTOR('',#14243,1.);
#14243 = DIRECTION('',(-1.,4.207146720618E-16,5.152268764947E-32));
#14244 = ORIENTED_EDGE('',*,*,#14245,.T.);
#14245 = EDGE_CURVE('',#14236,#12749,#14246,.T.);
#14246 = LINE('',#14247,#14248);
#14247 = CARTESIAN_POINT('',(113.326,100.4815,-0.34));
#14248 = VECTOR('',#14249,1.);
#14249 = DIRECTION('',(0.,1.224646799147E-16,-1.));
#14250 = ORIENTED_EDGE('',*,*,#12748,.F.);
#14251 = ORIENTED_EDGE('',*,*,#13783,.F.);
#14252 = ORIENTED_EDGE('',*,*,#14253,.T.);
#14253 = EDGE_CURVE('',#13776,#14254,#14256,.T.);
#14254 = VERTEX_POINT('',#14255);
#14255 = CARTESIAN_POINT('',(113.026,100.4815,-0.54));
#14256 = LINE('',#14257,#14258);
#14257 = CARTESIAN_POINT('',(113.326,100.4815,-0.54));
#14258 = VECTOR('',#14259,1.);
#14259 = DIRECTION('',(-1.,4.207146720618E-16,5.152268764947E-32));
#14260 = ORIENTED_EDGE('',*,*,#14261,.F.);
#14261 = EDGE_CURVE('',#14238,#14254,#14262,.T.);
#14262 = LINE('',#14263,#14264);
#14263 = CARTESIAN_POINT('',(113.026,100.4815,-0.34));
#14264 = VECTOR('',#14265,1.);
#14265 = DIRECTION('',(0.,1.224646799147E-16,-1.));
#14266 = PLANE('',#14267);
#14267 = AXIS2_PLACEMENT_3D('',#14268,#14269,#14270);
#14268 = CARTESIAN_POINT('',(113.326,100.4815,-0.34));
#14269 = DIRECTION('',(-4.207146720618E-16,-1.,-1.224646799147E-16));
#14270 = DIRECTION('',(1.,-4.207146720618E-16,-5.152268764947E-32));
#14271 = ADVANCED_FACE('',(#14272),#14291,.T.);
#14272 = FACE_BOUND('',#14273,.F.);
#14273 = EDGE_LOOP('',(#14274,#14275,#14276,#14284));
#14274 = ORIENTED_EDGE('',*,*,#14245,.T.);
#14275 = ORIENTED_EDGE('',*,*,#12756,.T.);
#14276 = ORIENTED_EDGE('',*,*,#14277,.F.);
#14277 = EDGE_CURVE('',#14278,#12757,#14280,.T.);
#14278 = VERTEX_POINT('',#14279);
#14279 = CARTESIAN_POINT('',(113.326,100.2815,-0.34));
#14280 = LINE('',#14281,#14282);
#14281 = CARTESIAN_POINT('',(113.326,100.2815,-0.34));
#14282 = VECTOR('',#14283,1.);
#14283 = DIRECTION('',(0.,1.224646799147E-16,-1.));
#14284 = ORIENTED_EDGE('',*,*,#14285,.T.);
#14285 = EDGE_CURVE('',#14278,#14236,#14286,.T.);
#14286 = CIRCLE('',#14287,0.1);
#14287 = AXIS2_PLACEMENT_3D('',#14288,#14289,#14290);
#14288 = CARTESIAN_POINT('',(113.326,100.3815,-0.34));
#14289 = DIRECTION('',(0.,-1.224646799147E-16,1.));
#14290 = DIRECTION('',(8.813754755808E-17,-1.,-1.224646799147E-16));
#14291 = CYLINDRICAL_SURFACE('',#14292,0.1);
#14292 = AXIS2_PLACEMENT_3D('',#14293,#14294,#14295);
#14293 = CARTESIAN_POINT('',(113.326,100.3815,-0.34));
#14294 = DIRECTION('',(0.,-1.224646799147E-16,1.));
#14295 = DIRECTION('',(8.813754755808E-17,-1.,-1.224646799147E-16));
#14296 = ADVANCED_FACE('',(#14297),#14324,.F.);
#14297 = FACE_BOUND('',#14298,.T.);
#14298 = EDGE_LOOP('',(#14299,#14307,#14315,#14321,#14322,#14323));
#14299 = ORIENTED_EDGE('',*,*,#14300,.F.);
#14300 = EDGE_CURVE('',#14301,#14278,#14303,.T.);
#14301 = VERTEX_POINT('',#14302);
#14302 = CARTESIAN_POINT('',(113.026,100.2815,-0.34));
#14303 = LINE('',#14304,#14305);
#14304 = CARTESIAN_POINT('',(113.026,100.2815,-0.34));
#14305 = VECTOR('',#14306,1.);
#14306 = DIRECTION('',(1.,-4.669739647545E-16,-5.718781712216E-32));
#14307 = ORIENTED_EDGE('',*,*,#14308,.T.);
#14308 = EDGE_CURVE('',#14301,#14309,#14311,.T.);
#14309 = VERTEX_POINT('',#14310);
#14310 = CARTESIAN_POINT('',(113.026,100.2815,-0.54));
#14311 = LINE('',#14312,#14313);
#14312 = CARTESIAN_POINT('',(113.026,100.2815,-0.34));
#14313 = VECTOR('',#14314,1.);
#14314 = DIRECTION('',(0.,1.224646799147E-16,-1.));
#14315 = ORIENTED_EDGE('',*,*,#14316,.T.);
#14316 = EDGE_CURVE('',#14309,#13768,#14317,.T.);
#14317 = LINE('',#14318,#14319);
#14318 = CARTESIAN_POINT('',(113.026,100.2815,-0.54));
#14319 = VECTOR('',#14320,1.);
#14320 = DIRECTION('',(1.,-4.669739647545E-16,-5.718781712216E-32));
#14321 = ORIENTED_EDGE('',*,*,#13767,.F.);
#14322 = ORIENTED_EDGE('',*,*,#12765,.F.);
#14323 = ORIENTED_EDGE('',*,*,#14277,.F.);
#14324 = PLANE('',#14325);
#14325 = AXIS2_PLACEMENT_3D('',#14326,#14327,#14328);
#14326 = CARTESIAN_POINT('',(113.026,100.2815,-0.34));
#14327 = DIRECTION('',(4.669739647545E-16,1.,1.224646799147E-16));
#14328 = DIRECTION('',(-1.,4.669739647545E-16,5.718781712216E-32));
#14329 = ADVANCED_FACE('',(#14330),#14364,.F.);
#14330 = FACE_BOUND('',#14331,.T.);
#14331 = EDGE_LOOP('',(#14332,#14342,#14350,#14356,#14357,#14358));
#14332 = ORIENTED_EDGE('',*,*,#14333,.F.);
#14333 = EDGE_CURVE('',#14334,#14336,#14338,.T.);
#14334 = VERTEX_POINT('',#14335);
#14335 = CARTESIAN_POINT('',(114.826,101.9815,-0.34));
#14336 = VERTEX_POINT('',#14337);
#14337 = CARTESIAN_POINT('',(114.826,101.6815,-0.34));
#14338 = LINE('',#14339,#14340);
#14339 = CARTESIAN_POINT('',(114.826,101.9815,-0.34));
#14340 = VECTOR('',#14341,1.);
#14341 = DIRECTION('',(-4.555315873023E-16,-1.,-1.224646799147E-16));
#14342 = ORIENTED_EDGE('',*,*,#14343,.T.);
#14343 = EDGE_CURVE('',#14334,#14344,#14346,.T.);
#14344 = VERTEX_POINT('',#14345);
#14345 = CARTESIAN_POINT('',(114.826,101.9815,-0.54));
#14346 = LINE('',#14347,#14348);
#14347 = CARTESIAN_POINT('',(114.826,101.9815,-0.34));
#14348 = VECTOR('',#14349,1.);
#14349 = DIRECTION('',(0.,1.224646799147E-16,-1.));
#14350 = ORIENTED_EDGE('',*,*,#14351,.T.);
#14351 = EDGE_CURVE('',#14344,#13587,#14352,.T.);
#14352 = LINE('',#14353,#14354);
#14353 = CARTESIAN_POINT('',(114.826,101.9815,-0.54));
#14354 = VECTOR('',#14355,1.);
#14355 = DIRECTION('',(-4.555315873023E-16,-1.,-1.224646799147E-16));
#14356 = ORIENTED_EDGE('',*,*,#13586,.F.);
#14357 = ORIENTED_EDGE('',*,*,#13383,.F.);
#14358 = ORIENTED_EDGE('',*,*,#14359,.F.);
#14359 = EDGE_CURVE('',#14336,#13375,#14360,.T.);
#14360 = LINE('',#14361,#14362);
#14361 = CARTESIAN_POINT('',(114.826,101.6815,-0.34));
#14362 = VECTOR('',#14363,1.);
#14363 = DIRECTION('',(0.,1.224646799147E-16,-1.));
#14364 = PLANE('',#14365);
#14365 = AXIS2_PLACEMENT_3D('',#14366,#14367,#14368);
#14366 = CARTESIAN_POINT('',(114.826,101.9815,-0.34));
#14367 = DIRECTION('',(1.,-4.555315873023E-16,-5.578653003001E-32));
#14368 = DIRECTION('',(4.555315873023E-16,1.,1.224646799147E-16));
#14369 = ADVANCED_FACE('',(#14370),#14404,.F.);
#14370 = FACE_BOUND('',#14371,.T.);
#14371 = EDGE_LOOP('',(#14372,#14382,#14388,#14389,#14390,#14398));
#14372 = ORIENTED_EDGE('',*,*,#14373,.F.);
#14373 = EDGE_CURVE('',#14374,#14376,#14378,.T.);
#14374 = VERTEX_POINT('',#14375);
#14375 = CARTESIAN_POINT('',(113.326,100.0815,-0.34));
#14376 = VERTEX_POINT('',#14377);
#14377 = CARTESIAN_POINT('',(113.026,100.0815,-0.34));
#14378 = LINE('',#14379,#14380);
#14379 = CARTESIAN_POINT('',(113.326,100.0815,-0.34));
#14380 = VECTOR('',#14381,1.);
#14381 = DIRECTION('',(-1.,4.207146720618E-16,5.152268764947E-32));
#14382 = ORIENTED_EDGE('',*,*,#14383,.T.);
#14383 = EDGE_CURVE('',#14374,#12782,#14384,.T.);
#14384 = LINE('',#14385,#14386);
#14385 = CARTESIAN_POINT('',(113.326,100.0815,-0.34));
#14386 = VECTOR('',#14387,1.);
#14387 = DIRECTION('',(0.,1.224646799147E-16,-1.));
#14388 = ORIENTED_EDGE('',*,*,#12781,.F.);
#14389 = ORIENTED_EDGE('',*,*,#13760,.F.);
#14390 = ORIENTED_EDGE('',*,*,#14391,.T.);
#14391 = EDGE_CURVE('',#13753,#14392,#14394,.T.);
#14392 = VERTEX_POINT('',#14393);
#14393 = CARTESIAN_POINT('',(113.026,100.0815,-0.54));
#14394 = LINE('',#14395,#14396);
#14395 = CARTESIAN_POINT('',(113.326,100.0815,-0.54));
#14396 = VECTOR('',#14397,1.);
#14397 = DIRECTION('',(-1.,4.207146720618E-16,5.152268764947E-32));
#14398 = ORIENTED_EDGE('',*,*,#14399,.F.);
#14399 = EDGE_CURVE('',#14376,#14392,#14400,.T.);
#14400 = LINE('',#14401,#14402);
#14401 = CARTESIAN_POINT('',(113.026,100.0815,-0.34));
#14402 = VECTOR('',#14403,1.);
#14403 = DIRECTION('',(0.,1.224646799147E-16,-1.));
#14404 = PLANE('',#14405);
#14405 = AXIS2_PLACEMENT_3D('',#14406,#14407,#14408);
#14406 = CARTESIAN_POINT('',(113.326,100.0815,-0.34));
#14407 = DIRECTION('',(-4.207146720618E-16,-1.,-1.224646799147E-16));
#14408 = DIRECTION('',(1.,-4.207146720618E-16,-5.152268764947E-32));
#14409 = ADVANCED_FACE('',(#14410),#14429,.T.);
#14410 = FACE_BOUND('',#14411,.F.);
#14411 = EDGE_LOOP('',(#14412,#14420,#14421,#14422));
#14412 = ORIENTED_EDGE('',*,*,#14413,.T.);
#14413 = EDGE_CURVE('',#14414,#13367,#14416,.T.);
#14414 = VERTEX_POINT('',#14415);
#14415 = CARTESIAN_POINT('',(115.026,101.6815,-0.34));
#14416 = LINE('',#14417,#14418);
#14417 = CARTESIAN_POINT('',(115.026,101.6815,-0.34));
#14418 = VECTOR('',#14419,1.);
#14419 = DIRECTION('',(0.,1.224646799147E-16,-1.));
#14420 = ORIENTED_EDGE('',*,*,#13374,.T.);
#14421 = ORIENTED_EDGE('',*,*,#14359,.F.);
#14422 = ORIENTED_EDGE('',*,*,#14423,.T.);
#14423 = EDGE_CURVE('',#14336,#14414,#14424,.T.);
#14424 = CIRCLE('',#14425,0.1);
#14425 = AXIS2_PLACEMENT_3D('',#14426,#14427,#14428);
#14426 = CARTESIAN_POINT('',(114.926,101.6815,-0.34));
#14427 = DIRECTION('',(0.,-1.224646799147E-16,1.));
#14428 = DIRECTION('',(-1.,-9.95799250103E-17,-1.219502364232E-32));
#14429 = CYLINDRICAL_SURFACE('',#14430,0.1);
#14430 = AXIS2_PLACEMENT_3D('',#14431,#14432,#14433);
#14431 = CARTESIAN_POINT('',(114.926,101.6815,-0.34));
#14432 = DIRECTION('',(0.,-1.224646799147E-16,1.));
#14433 = DIRECTION('',(-1.,-9.95799250103E-17,-1.219502364232E-32));
#14434 = ADVANCED_FACE('',(#14435),#14454,.T.);
#14435 = FACE_BOUND('',#14436,.F.);
#14436 = EDGE_LOOP('',(#14437,#14438,#14439,#14447));
#14437 = ORIENTED_EDGE('',*,*,#14383,.T.);
#14438 = ORIENTED_EDGE('',*,*,#12789,.T.);
#14439 = ORIENTED_EDGE('',*,*,#14440,.F.);
#14440 = EDGE_CURVE('',#14441,#12790,#14443,.T.);
#14441 = VERTEX_POINT('',#14442);
#14442 = CARTESIAN_POINT('',(113.326,99.8815,-0.34));
#14443 = LINE('',#14444,#14445);
#14444 = CARTESIAN_POINT('',(113.326,99.8815,-0.34));
#14445 = VECTOR('',#14446,1.);
#14446 = DIRECTION('',(0.,1.224646799147E-16,-1.));
#14447 = ORIENTED_EDGE('',*,*,#14448,.T.);
#14448 = EDGE_CURVE('',#14441,#14374,#14449,.T.);
#14449 = CIRCLE('',#14450,0.1);
#14450 = AXIS2_PLACEMENT_3D('',#14451,#14452,#14453);
#14451 = CARTESIAN_POINT('',(113.326,99.9815,-0.34));
#14452 = DIRECTION('',(0.,-1.224646799147E-16,1.));
#14453 = DIRECTION('',(8.813754755808E-17,-1.,-1.224646799147E-16));
#14454 = CYLINDRICAL_SURFACE('',#14455,0.1);
#14455 = AXIS2_PLACEMENT_3D('',#14456,#14457,#14458);
#14456 = CARTESIAN_POINT('',(113.326,99.9815,-0.34));
#14457 = DIRECTION('',(0.,-1.224646799147E-16,1.));
#14458 = DIRECTION('',(8.813754755808E-17,-1.,-1.224646799147E-16));
#14459 = ADVANCED_FACE('',(#14460),#14487,.F.);
#14460 = FACE_BOUND('',#14461,.T.);
#14461 = EDGE_LOOP('',(#14462,#14470,#14471,#14472,#14473,#14481));
#14462 = ORIENTED_EDGE('',*,*,#14463,.F.);
#14463 = EDGE_CURVE('',#14414,#14464,#14466,.T.);
#14464 = VERTEX_POINT('',#14465);
#14465 = CARTESIAN_POINT('',(115.026,101.9815,-0.34));
#14466 = LINE('',#14467,#14468);
#14467 = CARTESIAN_POINT('',(115.026,101.6815,-0.34));
#14468 = VECTOR('',#14469,1.);
#14469 = DIRECTION('',(4.092722946096E-16,1.,1.224646799147E-16));
#14470 = ORIENTED_EDGE('',*,*,#14413,.T.);
#14471 = ORIENTED_EDGE('',*,*,#13366,.F.);
#14472 = ORIENTED_EDGE('',*,*,#13602,.F.);
#14473 = ORIENTED_EDGE('',*,*,#14474,.T.);
#14474 = EDGE_CURVE('',#13595,#14475,#14477,.T.);
#14475 = VERTEX_POINT('',#14476);
#14476 = CARTESIAN_POINT('',(115.026,101.9815,-0.54));
#14477 = LINE('',#14478,#14479);
#14478 = CARTESIAN_POINT('',(115.026,101.6815,-0.54));
#14479 = VECTOR('',#14480,1.);
#14480 = DIRECTION('',(4.092722946096E-16,1.,1.224646799147E-16));
#14481 = ORIENTED_EDGE('',*,*,#14482,.F.);
#14482 = EDGE_CURVE('',#14464,#14475,#14483,.T.);
#14483 = LINE('',#14484,#14485);
#14484 = CARTESIAN_POINT('',(115.026,101.9815,-0.34));
#14485 = VECTOR('',#14486,1.);
#14486 = DIRECTION('',(0.,1.224646799147E-16,-1.));
#14487 = PLANE('',#14488);
#14488 = AXIS2_PLACEMENT_3D('',#14489,#14490,#14491);
#14489 = CARTESIAN_POINT('',(115.026,101.6815,-0.34));
#14490 = DIRECTION('',(-1.,4.092722946096E-16,5.012140055732E-32));
#14491 = DIRECTION('',(-4.092722946096E-16,-1.,-1.224646799147E-16));
#14492 = ADVANCED_FACE('',(#14493),#14520,.F.);
#14493 = FACE_BOUND('',#14494,.T.);
#14494 = EDGE_LOOP('',(#14495,#14503,#14511,#14517,#14518,#14519));
#14495 = ORIENTED_EDGE('',*,*,#14496,.F.);
#14496 = EDGE_CURVE('',#14497,#14441,#14499,.T.);
#14497 = VERTEX_POINT('',#14498);
#14498 = CARTESIAN_POINT('',(113.026,99.8815,-0.34));
#14499 = LINE('',#14500,#14501);
#14500 = CARTESIAN_POINT('',(113.026,99.8815,-0.34));
#14501 = VECTOR('',#14502,1.);
#14502 = DIRECTION('',(1.,-4.669739647545E-16,-5.718781712216E-32));
#14503 = ORIENTED_EDGE('',*,*,#14504,.T.);
#14504 = EDGE_CURVE('',#14497,#14505,#14507,.T.);
#14505 = VERTEX_POINT('',#14506);
#14506 = CARTESIAN_POINT('',(113.026,99.8815,-0.54));
#14507 = LINE('',#14508,#14509);
#14508 = CARTESIAN_POINT('',(113.026,99.8815,-0.34));
#14509 = VECTOR('',#14510,1.);
#14510 = DIRECTION('',(0.,1.224646799147E-16,-1.));
#14511 = ORIENTED_EDGE('',*,*,#14512,.T.);
#14512 = EDGE_CURVE('',#14505,#13745,#14513,.T.);
#14513 = LINE('',#14514,#14515);
#14514 = CARTESIAN_POINT('',(113.026,99.8815,-0.54));
#14515 = VECTOR('',#14516,1.);
#14516 = DIRECTION('',(1.,-4.669739647545E-16,-5.718781712216E-32));
#14517 = ORIENTED_EDGE('',*,*,#13744,.F.);
#14518 = ORIENTED_EDGE('',*,*,#12798,.F.);
#14519 = ORIENTED_EDGE('',*,*,#14440,.F.);
#14520 = PLANE('',#14521);
#14521 = AXIS2_PLACEMENT_3D('',#14522,#14523,#14524);
#14522 = CARTESIAN_POINT('',(113.026,99.8815,-0.34));
#14523 = DIRECTION('',(4.669739647545E-16,1.,1.224646799147E-16));
#14524 = DIRECTION('',(-1.,4.669739647545E-16,5.718781712216E-32));
#14525 = ADVANCED_FACE('',(#14526),#14560,.F.);
#14526 = FACE_BOUND('',#14527,.T.);
#14527 = EDGE_LOOP('',(#14528,#14538,#14546,#14552,#14553,#14554));
#14528 = ORIENTED_EDGE('',*,*,#14529,.F.);
#14529 = EDGE_CURVE('',#14530,#14532,#14534,.T.);
#14530 = VERTEX_POINT('',#14531);
#14531 = CARTESIAN_POINT('',(115.226,101.9815,-0.34));
#14532 = VERTEX_POINT('',#14533);
#14533 = CARTESIAN_POINT('',(115.226,101.6815,-0.34));
#14534 = LINE('',#14535,#14536);
#14535 = CARTESIAN_POINT('',(115.226,101.9815,-0.34));
#14536 = VECTOR('',#14537,1.);
#14537 = DIRECTION('',(-4.555315873023E-16,-1.,-1.224646799147E-16));
#14538 = ORIENTED_EDGE('',*,*,#14539,.T.);
#14539 = EDGE_CURVE('',#14530,#14540,#14542,.T.);
#14540 = VERTEX_POINT('',#14541);
#14541 = CARTESIAN_POINT('',(115.226,101.9815,-0.54));
#14542 = LINE('',#14543,#14544);
#14543 = CARTESIAN_POINT('',(115.226,101.9815,-0.34));
#14544 = VECTOR('',#14545,1.);
#14545 = DIRECTION('',(0.,1.224646799147E-16,-1.));
#14546 = ORIENTED_EDGE('',*,*,#14547,.T.);
#14547 = EDGE_CURVE('',#14540,#13610,#14548,.T.);
#14548 = LINE('',#14549,#14550);
#14549 = CARTESIAN_POINT('',(115.226,101.9815,-0.54));
#14550 = VECTOR('',#14551,1.);
#14551 = DIRECTION('',(-4.555315873023E-16,-1.,-1.224646799147E-16));
#14552 = ORIENTED_EDGE('',*,*,#13609,.F.);
#14553 = ORIENTED_EDGE('',*,*,#13350,.F.);
#14554 = ORIENTED_EDGE('',*,*,#14555,.F.);
#14555 = EDGE_CURVE('',#14532,#13342,#14556,.T.);
#14556 = LINE('',#14557,#14558);
#14557 = CARTESIAN_POINT('',(115.226,101.6815,-0.34));
#14558 = VECTOR('',#14559,1.);
#14559 = DIRECTION('',(0.,1.224646799147E-16,-1.));
#14560 = PLANE('',#14561);
#14561 = AXIS2_PLACEMENT_3D('',#14562,#14563,#14564);
#14562 = CARTESIAN_POINT('',(115.226,101.9815,-0.34));
#14563 = DIRECTION('',(1.,-4.555315873023E-16,-5.578653003001E-32));
#14564 = DIRECTION('',(4.555315873023E-16,1.,1.224646799147E-16));
#14565 = ADVANCED_FACE('',(#14566),#14600,.F.);
#14566 = FACE_BOUND('',#14567,.T.);
#14567 = EDGE_LOOP('',(#14568,#14578,#14584,#14585,#14586,#14594));
#14568 = ORIENTED_EDGE('',*,*,#14569,.F.);
#14569 = EDGE_CURVE('',#14570,#14572,#14574,.T.);
#14570 = VERTEX_POINT('',#14571);
#14571 = CARTESIAN_POINT('',(113.326,99.6815,-0.34));
#14572 = VERTEX_POINT('',#14573);
#14573 = CARTESIAN_POINT('',(113.026,99.6815,-0.34));
#14574 = LINE('',#14575,#14576);
#14575 = CARTESIAN_POINT('',(113.326,99.6815,-0.34));
#14576 = VECTOR('',#14577,1.);
#14577 = DIRECTION('',(-1.,4.207146720618E-16,5.152268764947E-32));
#14578 = ORIENTED_EDGE('',*,*,#14579,.T.);
#14579 = EDGE_CURVE('',#14570,#12815,#14580,.T.);
#14580 = LINE('',#14581,#14582);
#14581 = CARTESIAN_POINT('',(113.326,99.6815,-0.34));
#14582 = VECTOR('',#14583,1.);
#14583 = DIRECTION('',(0.,1.224646799147E-16,-1.));
#14584 = ORIENTED_EDGE('',*,*,#12814,.F.);
#14585 = ORIENTED_EDGE('',*,*,#13737,.F.);
#14586 = ORIENTED_EDGE('',*,*,#14587,.T.);
#14587 = EDGE_CURVE('',#13730,#14588,#14590,.T.);
#14588 = VERTEX_POINT('',#14589);
#14589 = CARTESIAN_POINT('',(113.026,99.6815,-0.54));
#14590 = LINE('',#14591,#14592);
#14591 = CARTESIAN_POINT('',(113.326,99.6815,-0.54));
#14592 = VECTOR('',#14593,1.);
#14593 = DIRECTION('',(-1.,4.207146720618E-16,5.152268764947E-32));
#14594 = ORIENTED_EDGE('',*,*,#14595,.F.);
#14595 = EDGE_CURVE('',#14572,#14588,#14596,.T.);
#14596 = LINE('',#14597,#14598);
#14597 = CARTESIAN_POINT('',(113.026,99.6815,-0.34));
#14598 = VECTOR('',#14599,1.);
#14599 = DIRECTION('',(0.,1.224646799147E-16,-1.));
#14600 = PLANE('',#14601);
#14601 = AXIS2_PLACEMENT_3D('',#14602,#14603,#14604);
#14602 = CARTESIAN_POINT('',(113.326,99.6815,-0.34));
#14603 = DIRECTION('',(-4.207146720618E-16,-1.,-1.224646799147E-16));
#14604 = DIRECTION('',(1.,-4.207146720618E-16,-5.152268764947E-32));
#14605 = ADVANCED_FACE('',(#14606),#14625,.T.);
#14606 = FACE_BOUND('',#14607,.F.);
#14607 = EDGE_LOOP('',(#14608,#14616,#14617,#14618));
#14608 = ORIENTED_EDGE('',*,*,#14609,.T.);
#14609 = EDGE_CURVE('',#14610,#13334,#14612,.T.);
#14610 = VERTEX_POINT('',#14611);
#14611 = CARTESIAN_POINT('',(115.426,101.6815,-0.34));
#14612 = LINE('',#14613,#14614);
#14613 = CARTESIAN_POINT('',(115.426,101.6815,-0.34));
#14614 = VECTOR('',#14615,1.);
#14615 = DIRECTION('',(0.,1.224646799147E-16,-1.));
#14616 = ORIENTED_EDGE('',*,*,#13341,.T.);
#14617 = ORIENTED_EDGE('',*,*,#14555,.F.);
#14618 = ORIENTED_EDGE('',*,*,#14619,.T.);
#14619 = EDGE_CURVE('',#14532,#14610,#14620,.T.);
#14620 = CIRCLE('',#14621,0.1);
#14621 = AXIS2_PLACEMENT_3D('',#14622,#14623,#14624);
#14622 = CARTESIAN_POINT('',(115.326,101.6815,-0.34));
#14623 = DIRECTION('',(0.,-1.224646799147E-16,1.));
#14624 = DIRECTION('',(-1.,-9.95799250103E-17,-1.219502364232E-32));
#14625 = CYLINDRICAL_SURFACE('',#14626,0.1);
#14626 = AXIS2_PLACEMENT_3D('',#14627,#14628,#14629);
#14627 = CARTESIAN_POINT('',(115.326,101.6815,-0.34));
#14628 = DIRECTION('',(0.,-1.224646799147E-16,1.));
#14629 = DIRECTION('',(-1.,-9.95799250103E-17,-1.219502364232E-32));
#14630 = ADVANCED_FACE('',(#14631),#14650,.T.);
#14631 = FACE_BOUND('',#14632,.F.);
#14632 = EDGE_LOOP('',(#14633,#14634,#14635,#14643));
#14633 = ORIENTED_EDGE('',*,*,#14579,.T.);
#14634 = ORIENTED_EDGE('',*,*,#12822,.T.);
#14635 = ORIENTED_EDGE('',*,*,#14636,.F.);
#14636 = EDGE_CURVE('',#14637,#12823,#14639,.T.);
#14637 = VERTEX_POINT('',#14638);
#14638 = CARTESIAN_POINT('',(113.326,99.4815,-0.34));
#14639 = LINE('',#14640,#14641);
#14640 = CARTESIAN_POINT('',(113.326,99.4815,-0.34));
#14641 = VECTOR('',#14642,1.);
#14642 = DIRECTION('',(0.,1.224646799147E-16,-1.));
#14643 = ORIENTED_EDGE('',*,*,#14644,.T.);
#14644 = EDGE_CURVE('',#14637,#14570,#14645,.T.);
#14645 = CIRCLE('',#14646,0.1);
#14646 = AXIS2_PLACEMENT_3D('',#14647,#14648,#14649);
#14647 = CARTESIAN_POINT('',(113.326,99.5815,-0.34));
#14648 = DIRECTION('',(0.,-1.224646799147E-16,1.));
#14649 = DIRECTION('',(8.813754755808E-17,-1.,-1.224646799147E-16));
#14650 = CYLINDRICAL_SURFACE('',#14651,0.1);
#14651 = AXIS2_PLACEMENT_3D('',#14652,#14653,#14654);
#14652 = CARTESIAN_POINT('',(113.326,99.5815,-0.34));
#14653 = DIRECTION('',(0.,-1.224646799147E-16,1.));
#14654 = DIRECTION('',(8.813754755808E-17,-1.,-1.224646799147E-16));
#14655 = ADVANCED_FACE('',(#14656),#14683,.F.);
#14656 = FACE_BOUND('',#14657,.T.);
#14657 = EDGE_LOOP('',(#14658,#14666,#14667,#14668,#14669,#14677));
#14658 = ORIENTED_EDGE('',*,*,#14659,.F.);
#14659 = EDGE_CURVE('',#14610,#14660,#14662,.T.);
#14660 = VERTEX_POINT('',#14661);
#14661 = CARTESIAN_POINT('',(115.426,101.9815,-0.34));
#14662 = LINE('',#14663,#14664);
#14663 = CARTESIAN_POINT('',(115.426,101.6815,-0.34));
#14664 = VECTOR('',#14665,1.);
#14665 = DIRECTION('',(4.092722946096E-16,1.,1.224646799147E-16));
#14666 = ORIENTED_EDGE('',*,*,#14609,.T.);
#14667 = ORIENTED_EDGE('',*,*,#13333,.F.);
#14668 = ORIENTED_EDGE('',*,*,#13625,.F.);
#14669 = ORIENTED_EDGE('',*,*,#14670,.T.);
#14670 = EDGE_CURVE('',#13618,#14671,#14673,.T.);
#14671 = VERTEX_POINT('',#14672);
#14672 = CARTESIAN_POINT('',(115.426,101.9815,-0.54));
#14673 = LINE('',#14674,#14675);
#14674 = CARTESIAN_POINT('',(115.426,101.6815,-0.54));
#14675 = VECTOR('',#14676,1.);
#14676 = DIRECTION('',(4.092722946096E-16,1.,1.224646799147E-16));
#14677 = ORIENTED_EDGE('',*,*,#14678,.F.);
#14678 = EDGE_CURVE('',#14660,#14671,#14679,.T.);
#14679 = LINE('',#14680,#14681);
#14680 = CARTESIAN_POINT('',(115.426,101.9815,-0.34));
#14681 = VECTOR('',#14682,1.);
#14682 = DIRECTION('',(0.,1.224646799147E-16,-1.));
#14683 = PLANE('',#14684);
#14684 = AXIS2_PLACEMENT_3D('',#14685,#14686,#14687);
#14685 = CARTESIAN_POINT('',(115.426,101.6815,-0.34));
#14686 = DIRECTION('',(-1.,4.092722946096E-16,5.012140055732E-32));
#14687 = DIRECTION('',(-4.092722946096E-16,-1.,-1.224646799147E-16));
#14688 = ADVANCED_FACE('',(#14689),#14716,.F.);
#14689 = FACE_BOUND('',#14690,.T.);
#14690 = EDGE_LOOP('',(#14691,#14699,#14707,#14713,#14714,#14715));
#14691 = ORIENTED_EDGE('',*,*,#14692,.F.);
#14692 = EDGE_CURVE('',#14693,#14637,#14695,.T.);
#14693 = VERTEX_POINT('',#14694);
#14694 = CARTESIAN_POINT('',(113.026,99.4815,-0.34));
#14695 = LINE('',#14696,#14697);
#14696 = CARTESIAN_POINT('',(113.026,99.4815,-0.34));
#14697 = VECTOR('',#14698,1.);
#14698 = DIRECTION('',(1.,-4.669739647545E-16,-5.718781712216E-32));
#14699 = ORIENTED_EDGE('',*,*,#14700,.T.);
#14700 = EDGE_CURVE('',#14693,#14701,#14703,.T.);
#14701 = VERTEX_POINT('',#14702);
#14702 = CARTESIAN_POINT('',(113.026,99.4815,-0.54));
#14703 = LINE('',#14704,#14705);
#14704 = CARTESIAN_POINT('',(113.026,99.4815,-0.34));
#14705 = VECTOR('',#14706,1.);
#14706 = DIRECTION('',(0.,1.224646799147E-16,-1.));
#14707 = ORIENTED_EDGE('',*,*,#14708,.T.);
#14708 = EDGE_CURVE('',#14701,#13722,#14709,.T.);
#14709 = LINE('',#14710,#14711);
#14710 = CARTESIAN_POINT('',(113.026,99.4815,-0.54));
#14711 = VECTOR('',#14712,1.);
#14712 = DIRECTION('',(1.,-4.669739647545E-16,-5.718781712216E-32));
#14713 = ORIENTED_EDGE('',*,*,#13721,.F.);
#14714 = ORIENTED_EDGE('',*,*,#12831,.F.);
#14715 = ORIENTED_EDGE('',*,*,#14636,.F.);
#14716 = PLANE('',#14717);
#14717 = AXIS2_PLACEMENT_3D('',#14718,#14719,#14720);
#14718 = CARTESIAN_POINT('',(113.026,99.4815,-0.34));
#14719 = DIRECTION('',(4.669739647545E-16,1.,1.224646799147E-16));
#14720 = DIRECTION('',(-1.,4.669739647545E-16,5.718781712216E-32));
#14721 = ADVANCED_FACE('',(#14722),#14901,.T.);
#14722 = FACE_BOUND('',#14723,.F.);
#14723 = EDGE_LOOP('',(#14724,#14725,#14726,#14734,#14740,#14741,#14749,
    #14757,#14763,#14764,#14772,#14780,#14786,#14787,#14795,#14803,
    #14809,#14810,#14818,#14826,#14832,#14833,#14841,#14849,#14855,
    #14856,#14864,#14872,#14878,#14879,#14887,#14895));
#14724 = ORIENTED_EDGE('',*,*,#13317,.F.);
#14725 = ORIENTED_EDGE('',*,*,#13632,.T.);
#14726 = ORIENTED_EDGE('',*,*,#14727,.T.);
#14727 = EDGE_CURVE('',#13517,#14728,#14730,.T.);
#14728 = VERTEX_POINT('',#14729);
#14729 = CARTESIAN_POINT('',(116.016,97.9915,-1.11));
#14730 = LINE('',#14731,#14732);
#14731 = CARTESIAN_POINT('',(116.016,101.9715,-1.11));
#14732 = VECTOR('',#14733,1.);
#14733 = DIRECTION('',(-2.22044604925E-16,-1.,-1.224646799147E-16));
#14734 = ORIENTED_EDGE('',*,*,#14735,.F.);
#14735 = EDGE_CURVE('',#13079,#14728,#14736,.T.);
#14736 = LINE('',#14737,#14738);
#14737 = CARTESIAN_POINT('',(116.016,97.9915,-0.36));
#14738 = VECTOR('',#14739,1.);
#14739 = DIRECTION('',(0.,1.224646799147E-16,-1.));
#14740 = ORIENTED_EDGE('',*,*,#13086,.F.);
#14741 = ORIENTED_EDGE('',*,*,#14742,.T.);
#14742 = EDGE_CURVE('',#13087,#14743,#14745,.T.);
#14743 = VERTEX_POINT('',#14744);
#14744 = CARTESIAN_POINT('',(116.016,98.6815,-0.54));
#14745 = LINE('',#14746,#14747);
#14746 = CARTESIAN_POINT('',(116.016,98.6815,-0.35));
#14747 = VECTOR('',#14748,1.);
#14748 = DIRECTION('',(0.,1.224646799147E-16,-1.));
#14749 = ORIENTED_EDGE('',*,*,#14750,.T.);
#14750 = EDGE_CURVE('',#14743,#14751,#14753,.T.);
#14751 = VERTEX_POINT('',#14752);
#14752 = CARTESIAN_POINT('',(116.016,98.8815,-0.54));
#14753 = LINE('',#14754,#14755);
#14754 = CARTESIAN_POINT('',(116.016,100.4265,-0.54));
#14755 = VECTOR('',#14756,1.);
#14756 = DIRECTION('',(2.22044604925E-16,1.,1.224646799147E-16));
#14757 = ORIENTED_EDGE('',*,*,#14758,.T.);
#14758 = EDGE_CURVE('',#14751,#13112,#14759,.T.);
#14759 = LINE('',#14760,#14761);
#14760 = CARTESIAN_POINT('',(116.016,98.8815,-0.35));
#14761 = VECTOR('',#14762,1.);
#14762 = DIRECTION('',(0.,-1.224646799147E-16,1.));
#14763 = ORIENTED_EDGE('',*,*,#13119,.F.);
#14764 = ORIENTED_EDGE('',*,*,#14765,.T.);
#14765 = EDGE_CURVE('',#13120,#14766,#14768,.T.);
#14766 = VERTEX_POINT('',#14767);
#14767 = CARTESIAN_POINT('',(116.016,99.0815,-0.54));
#14768 = LINE('',#14769,#14770);
#14769 = CARTESIAN_POINT('',(116.016,99.0815,-0.35));
#14770 = VECTOR('',#14771,1.);
#14771 = DIRECTION('',(0.,1.224646799147E-16,-1.));
#14772 = ORIENTED_EDGE('',*,*,#14773,.T.);
#14773 = EDGE_CURVE('',#14766,#14774,#14776,.T.);
#14774 = VERTEX_POINT('',#14775);
#14775 = CARTESIAN_POINT('',(116.016,99.2815,-0.54));
#14776 = LINE('',#14777,#14778);
#14777 = CARTESIAN_POINT('',(116.016,100.6265,-0.54));
#14778 = VECTOR('',#14779,1.);
#14779 = DIRECTION('',(2.22044604925E-16,1.,1.224646799147E-16));
#14780 = ORIENTED_EDGE('',*,*,#14781,.T.);
#14781 = EDGE_CURVE('',#14774,#13145,#14782,.T.);
#14782 = LINE('',#14783,#14784);
#14783 = CARTESIAN_POINT('',(116.016,99.2815,-0.35));
#14784 = VECTOR('',#14785,1.);
#14785 = DIRECTION('',(0.,-1.224646799147E-16,1.));
#14786 = ORIENTED_EDGE('',*,*,#13152,.F.);
#14787 = ORIENTED_EDGE('',*,*,#14788,.T.);
#14788 = EDGE_CURVE('',#13153,#14789,#14791,.T.);
#14789 = VERTEX_POINT('',#14790);
#14790 = CARTESIAN_POINT('',(116.016,99.4815,-0.54));
#14791 = LINE('',#14792,#14793);
#14792 = CARTESIAN_POINT('',(116.016,99.4815,-0.35));
#14793 = VECTOR('',#14794,1.);
#14794 = DIRECTION('',(0.,1.224646799147E-16,-1.));
#14795 = ORIENTED_EDGE('',*,*,#14796,.T.);
#14796 = EDGE_CURVE('',#14789,#14797,#14799,.T.);
#14797 = VERTEX_POINT('',#14798);
#14798 = CARTESIAN_POINT('',(116.016,99.6815,-0.54));
#14799 = LINE('',#14800,#14801);
#14800 = CARTESIAN_POINT('',(116.016,100.8265,-0.54));
#14801 = VECTOR('',#14802,1.);
#14802 = DIRECTION('',(2.22044604925E-16,1.,1.224646799147E-16));
#14803 = ORIENTED_EDGE('',*,*,#14804,.T.);
#14804 = EDGE_CURVE('',#14797,#13178,#14805,.T.);
#14805 = LINE('',#14806,#14807);
#14806 = CARTESIAN_POINT('',(116.016,99.6815,-0.35));
#14807 = VECTOR('',#14808,1.);
#14808 = DIRECTION('',(0.,-1.224646799147E-16,1.));
#14809 = ORIENTED_EDGE('',*,*,#13185,.F.);
#14810 = ORIENTED_EDGE('',*,*,#14811,.T.);
#14811 = EDGE_CURVE('',#13186,#14812,#14814,.T.);
#14812 = VERTEX_POINT('',#14813);
#14813 = CARTESIAN_POINT('',(116.016,99.8815,-0.54));
#14814 = LINE('',#14815,#14816);
#14815 = CARTESIAN_POINT('',(116.016,99.8815,-0.35));
#14816 = VECTOR('',#14817,1.);
#14817 = DIRECTION('',(0.,1.224646799147E-16,-1.));
#14818 = ORIENTED_EDGE('',*,*,#14819,.T.);
#14819 = EDGE_CURVE('',#14812,#14820,#14822,.T.);
#14820 = VERTEX_POINT('',#14821);
#14821 = CARTESIAN_POINT('',(116.016,100.0815,-0.54));
#14822 = LINE('',#14823,#14824);
#14823 = CARTESIAN_POINT('',(116.016,101.0265,-0.54));
#14824 = VECTOR('',#14825,1.);
#14825 = DIRECTION('',(2.22044604925E-16,1.,1.224646799147E-16));
#14826 = ORIENTED_EDGE('',*,*,#14827,.T.);
#14827 = EDGE_CURVE('',#14820,#13211,#14828,.T.);
#14828 = LINE('',#14829,#14830);
#14829 = CARTESIAN_POINT('',(116.016,100.0815,-0.35));
#14830 = VECTOR('',#14831,1.);
#14831 = DIRECTION('',(0.,-1.224646799147E-16,1.));
#14832 = ORIENTED_EDGE('',*,*,#13218,.F.);
#14833 = ORIENTED_EDGE('',*,*,#14834,.T.);
#14834 = EDGE_CURVE('',#13219,#14835,#14837,.T.);
#14835 = VERTEX_POINT('',#14836);
#14836 = CARTESIAN_POINT('',(116.016,100.2815,-0.54));
#14837 = LINE('',#14838,#14839);
#14838 = CARTESIAN_POINT('',(116.016,100.2815,-0.35));
#14839 = VECTOR('',#14840,1.);
#14840 = DIRECTION('',(0.,1.224646799147E-16,-1.));
#14841 = ORIENTED_EDGE('',*,*,#14842,.T.);
#14842 = EDGE_CURVE('',#14835,#14843,#14845,.T.);
#14843 = VERTEX_POINT('',#14844);
#14844 = CARTESIAN_POINT('',(116.016,100.4815,-0.54));
#14845 = LINE('',#14846,#14847);
#14846 = CARTESIAN_POINT('',(116.016,101.2265,-0.54));
#14847 = VECTOR('',#14848,1.);
#14848 = DIRECTION('',(2.22044604925E-16,1.,1.224646799147E-16));
#14849 = ORIENTED_EDGE('',*,*,#14850,.T.);
#14850 = EDGE_CURVE('',#14843,#13244,#14851,.T.);
#14851 = LINE('',#14852,#14853);
#14852 = CARTESIAN_POINT('',(116.016,100.4815,-0.35));
#14853 = VECTOR('',#14854,1.);
#14854 = DIRECTION('',(0.,-1.224646799147E-16,1.));
#14855 = ORIENTED_EDGE('',*,*,#13251,.F.);
#14856 = ORIENTED_EDGE('',*,*,#14857,.T.);
#14857 = EDGE_CURVE('',#13252,#14858,#14860,.T.);
#14858 = VERTEX_POINT('',#14859);
#14859 = CARTESIAN_POINT('',(116.016,100.6815,-0.54));
#14860 = LINE('',#14861,#14862);
#14861 = CARTESIAN_POINT('',(116.016,100.6815,-0.35));
#14862 = VECTOR('',#14863,1.);
#14863 = DIRECTION('',(0.,1.224646799147E-16,-1.));
#14864 = ORIENTED_EDGE('',*,*,#14865,.T.);
#14865 = EDGE_CURVE('',#14858,#14866,#14868,.T.);
#14866 = VERTEX_POINT('',#14867);
#14867 = CARTESIAN_POINT('',(116.016,100.8815,-0.54));
#14868 = LINE('',#14869,#14870);
#14869 = CARTESIAN_POINT('',(116.016,101.4265,-0.54));
#14870 = VECTOR('',#14871,1.);
#14871 = DIRECTION('',(2.22044604925E-16,1.,1.224646799147E-16));
#14872 = ORIENTED_EDGE('',*,*,#14873,.T.);
#14873 = EDGE_CURVE('',#14866,#13277,#14874,.T.);
#14874 = LINE('',#14875,#14876);
#14875 = CARTESIAN_POINT('',(116.016,100.8815,-0.35));
#14876 = VECTOR('',#14877,1.);
#14877 = DIRECTION('',(0.,-1.224646799147E-16,1.));
#14878 = ORIENTED_EDGE('',*,*,#13284,.F.);
#14879 = ORIENTED_EDGE('',*,*,#14880,.T.);
#14880 = EDGE_CURVE('',#13285,#14881,#14883,.T.);
#14881 = VERTEX_POINT('',#14882);
#14882 = CARTESIAN_POINT('',(116.016,101.0815,-0.54));
#14883 = LINE('',#14884,#14885);
#14884 = CARTESIAN_POINT('',(116.016,101.0815,-0.35));
#14885 = VECTOR('',#14886,1.);
#14886 = DIRECTION('',(0.,1.224646799147E-16,-1.));
#14887 = ORIENTED_EDGE('',*,*,#14888,.T.);
#14888 = EDGE_CURVE('',#14881,#14889,#14891,.T.);
#14889 = VERTEX_POINT('',#14890);
#14890 = CARTESIAN_POINT('',(116.016,101.2815,-0.54));
#14891 = LINE('',#14892,#14893);
#14892 = CARTESIAN_POINT('',(116.016,101.6265,-0.54));
#14893 = VECTOR('',#14894,1.);
#14894 = DIRECTION('',(2.22044604925E-16,1.,1.224646799147E-16));
#14895 = ORIENTED_EDGE('',*,*,#14896,.T.);
#14896 = EDGE_CURVE('',#14889,#13310,#14897,.T.);
#14897 = LINE('',#14898,#14899);
#14898 = CARTESIAN_POINT('',(116.016,101.2815,-0.35));
#14899 = VECTOR('',#14900,1.);
#14900 = DIRECTION('',(0.,-1.224646799147E-16,1.));
#14901 = PLANE('',#14902);
#14902 = AXIS2_PLACEMENT_3D('',#14903,#14904,#14905);
#14903 = CARTESIAN_POINT('',(116.016,101.9715,-0.36));
#14904 = DIRECTION('',(1.,-2.22044604925E-16,-2.719262146893E-32));
#14905 = DIRECTION('',(0.,-1.224646799147E-16,1.));
#14906 = ADVANCED_FACE('',(#14907),#14941,.F.);
#14907 = FACE_BOUND('',#14908,.T.);
#14908 = EDGE_LOOP('',(#14909,#14919,#14925,#14926,#14927,#14935));
#14909 = ORIENTED_EDGE('',*,*,#14910,.F.);
#14910 = EDGE_CURVE('',#14911,#14913,#14915,.T.);
#14911 = VERTEX_POINT('',#14912);
#14912 = CARTESIAN_POINT('',(113.326,99.2815,-0.34));
#14913 = VERTEX_POINT('',#14914);
#14914 = CARTESIAN_POINT('',(113.026,99.2815,-0.34));
#14915 = LINE('',#14916,#14917);
#14916 = CARTESIAN_POINT('',(113.326,99.2815,-0.34));
#14917 = VECTOR('',#14918,1.);
#14918 = DIRECTION('',(-1.,4.207146720618E-16,5.152268764947E-32));
#14919 = ORIENTED_EDGE('',*,*,#14920,.T.);
#14920 = EDGE_CURVE('',#14911,#12848,#14921,.T.);
#14921 = LINE('',#14922,#14923);
#14922 = CARTESIAN_POINT('',(113.326,99.2815,-0.34));
#14923 = VECTOR('',#14924,1.);
#14924 = DIRECTION('',(0.,1.224646799147E-16,-1.));
#14925 = ORIENTED_EDGE('',*,*,#12847,.F.);
#14926 = ORIENTED_EDGE('',*,*,#13714,.F.);
#14927 = ORIENTED_EDGE('',*,*,#14928,.T.);
#14928 = EDGE_CURVE('',#13707,#14929,#14931,.T.);
#14929 = VERTEX_POINT('',#14930);
#14930 = CARTESIAN_POINT('',(113.026,99.2815,-0.54));
#14931 = LINE('',#14932,#14933);
#14932 = CARTESIAN_POINT('',(113.326,99.2815,-0.54));
#14933 = VECTOR('',#14934,1.);
#14934 = DIRECTION('',(-1.,4.207146720618E-16,5.152268764947E-32));
#14935 = ORIENTED_EDGE('',*,*,#14936,.F.);
#14936 = EDGE_CURVE('',#14913,#14929,#14937,.T.);
#14937 = LINE('',#14938,#14939);
#14938 = CARTESIAN_POINT('',(113.026,99.2815,-0.34));
#14939 = VECTOR('',#14940,1.);
#14940 = DIRECTION('',(0.,1.224646799147E-16,-1.));
#14941 = PLANE('',#14942);
#14942 = AXIS2_PLACEMENT_3D('',#14943,#14944,#14945);
#14943 = CARTESIAN_POINT('',(113.326,99.2815,-0.34));
#14944 = DIRECTION('',(-4.207146720618E-16,-1.,-1.224646799147E-16));
#14945 = DIRECTION('',(1.,-4.207146720618E-16,-5.152268764947E-32));
#14946 = ADVANCED_FACE('',(#14947),#14981,.F.);
#14947 = FACE_BOUND('',#14948,.T.);
#14948 = EDGE_LOOP('',(#14949,#14959,#14967,#14973,#14974,#14975));
#14949 = ORIENTED_EDGE('',*,*,#14950,.F.);
#14950 = EDGE_CURVE('',#14951,#14953,#14955,.T.);
#14951 = VERTEX_POINT('',#14952);
#14952 = CARTESIAN_POINT('',(116.026,101.2815,-0.34));
#14953 = VERTEX_POINT('',#14954);
#14954 = CARTESIAN_POINT('',(115.726,101.2815,-0.34));
#14955 = LINE('',#14956,#14957);
#14956 = CARTESIAN_POINT('',(116.026,101.2815,-0.34));
#14957 = VECTOR('',#14958,1.);
#14958 = DIRECTION('',(-1.,3.445092848398E-16,4.219021929555E-32));
#14959 = ORIENTED_EDGE('',*,*,#14960,.T.);
#14960 = EDGE_CURVE('',#14951,#14961,#14963,.T.);
#14961 = VERTEX_POINT('',#14962);
#14962 = CARTESIAN_POINT('',(116.026,101.2815,-0.54));
#14963 = LINE('',#14964,#14965);
#14964 = CARTESIAN_POINT('',(116.026,101.2815,-0.34));
#14965 = VECTOR('',#14966,1.);
#14966 = DIRECTION('',(0.,1.224646799147E-16,-1.));
#14967 = ORIENTED_EDGE('',*,*,#14968,.T.);
#14968 = EDGE_CURVE('',#14961,#14889,#14969,.T.);
#14969 = LINE('',#14970,#14971);
#14970 = CARTESIAN_POINT('',(116.026,101.2815,-0.54));
#14971 = VECTOR('',#14972,1.);
#14972 = DIRECTION('',(-1.,3.445092848398E-16,4.219021929555E-32));
#14973 = ORIENTED_EDGE('',*,*,#14896,.T.);
#14974 = ORIENTED_EDGE('',*,*,#13309,.F.);
#14975 = ORIENTED_EDGE('',*,*,#14976,.F.);
#14976 = EDGE_CURVE('',#14953,#13301,#14977,.T.);
#14977 = LINE('',#14978,#14979);
#14978 = CARTESIAN_POINT('',(115.726,101.2815,-0.34));
#14979 = VECTOR('',#14980,1.);
#14980 = DIRECTION('',(0.,1.224646799147E-16,-1.));
#14981 = PLANE('',#14982);
#14982 = AXIS2_PLACEMENT_3D('',#14983,#14984,#14985);
#14983 = CARTESIAN_POINT('',(116.026,101.2815,-0.34));
#14984 = DIRECTION('',(-3.445092848398E-16,-1.,-1.224646799147E-16));
#14985 = DIRECTION('',(1.,-3.445092848398E-16,-4.219021929555E-32));
#14986 = ADVANCED_FACE('',(#14987),#15006,.T.);
#14987 = FACE_BOUND('',#14988,.F.);
#14988 = EDGE_LOOP('',(#14989,#14990,#14991,#14999));
#14989 = ORIENTED_EDGE('',*,*,#14920,.T.);
#14990 = ORIENTED_EDGE('',*,*,#12855,.T.);
#14991 = ORIENTED_EDGE('',*,*,#14992,.F.);
#14992 = EDGE_CURVE('',#14993,#12856,#14995,.T.);
#14993 = VERTEX_POINT('',#14994);
#14994 = CARTESIAN_POINT('',(113.326,99.0815,-0.34));
#14995 = LINE('',#14996,#14997);
#14996 = CARTESIAN_POINT('',(113.326,99.0815,-0.34));
#14997 = VECTOR('',#14998,1.);
#14998 = DIRECTION('',(0.,1.224646799147E-16,-1.));
#14999 = ORIENTED_EDGE('',*,*,#15000,.T.);
#15000 = EDGE_CURVE('',#14993,#14911,#15001,.T.);
#15001 = CIRCLE('',#15002,0.1);
#15002 = AXIS2_PLACEMENT_3D('',#15003,#15004,#15005);
#15003 = CARTESIAN_POINT('',(113.326,99.1815,-0.34));
#15004 = DIRECTION('',(0.,-1.224646799147E-16,1.));
#15005 = DIRECTION('',(8.813754755808E-17,-1.,-1.224646799147E-16));
#15006 = CYLINDRICAL_SURFACE('',#15007,0.1);
#15007 = AXIS2_PLACEMENT_3D('',#15008,#15009,#15010);
#15008 = CARTESIAN_POINT('',(113.326,99.1815,-0.34));
#15009 = DIRECTION('',(0.,-1.224646799147E-16,1.));
#15010 = DIRECTION('',(8.813754755808E-17,-1.,-1.224646799147E-16));
#15011 = ADVANCED_FACE('',(#15012),#15031,.T.);
#15012 = FACE_BOUND('',#15013,.F.);
#15013 = EDGE_LOOP('',(#15014,#15022,#15023,#15024));
#15014 = ORIENTED_EDGE('',*,*,#15015,.T.);
#15015 = EDGE_CURVE('',#15016,#13293,#15018,.T.);
#15016 = VERTEX_POINT('',#15017);
#15017 = CARTESIAN_POINT('',(115.726,101.0815,-0.34));
#15018 = LINE('',#15019,#15020);
#15019 = CARTESIAN_POINT('',(115.726,101.0815,-0.34));
#15020 = VECTOR('',#15021,1.);
#15021 = DIRECTION('',(0.,1.224646799147E-16,-1.));
#15022 = ORIENTED_EDGE('',*,*,#13300,.T.);
#15023 = ORIENTED_EDGE('',*,*,#14976,.F.);
#15024 = ORIENTED_EDGE('',*,*,#15025,.T.);
#15025 = EDGE_CURVE('',#14953,#15016,#15026,.T.);
#15026 = CIRCLE('',#15027,0.1);
#15027 = AXIS2_PLACEMENT_3D('',#15028,#15029,#15030);
#15028 = CARTESIAN_POINT('',(115.726,101.1815,-0.34));
#15029 = DIRECTION('',(0.,-1.224646799147E-16,1.));
#15030 = DIRECTION('',(-2.106022274728E-16,1.,1.224646799147E-16));
#15031 = CYLINDRICAL_SURFACE('',#15032,0.1);
#15032 = AXIS2_PLACEMENT_3D('',#15033,#15034,#15035);
#15033 = CARTESIAN_POINT('',(115.726,101.1815,-0.34));
#15034 = DIRECTION('',(0.,-1.224646799147E-16,1.));
#15035 = DIRECTION('',(-2.106022274728E-16,1.,1.224646799147E-16));
#15036 = ADVANCED_FACE('',(#15037),#15064,.F.);
#15037 = FACE_BOUND('',#15038,.T.);
#15038 = EDGE_LOOP('',(#15039,#15047,#15055,#15061,#15062,#15063));
#15039 = ORIENTED_EDGE('',*,*,#15040,.F.);
#15040 = EDGE_CURVE('',#15041,#14993,#15043,.T.);
#15041 = VERTEX_POINT('',#15042);
#15042 = CARTESIAN_POINT('',(113.026,99.0815,-0.34));
#15043 = LINE('',#15044,#15045);
#15044 = CARTESIAN_POINT('',(113.026,99.0815,-0.34));
#15045 = VECTOR('',#15046,1.);
#15046 = DIRECTION('',(1.,-4.669739647545E-16,-5.718781712216E-32));
#15047 = ORIENTED_EDGE('',*,*,#15048,.T.);
#15048 = EDGE_CURVE('',#15041,#15049,#15051,.T.);
#15049 = VERTEX_POINT('',#15050);
#15050 = CARTESIAN_POINT('',(113.026,99.0815,-0.54));
#15051 = LINE('',#15052,#15053);
#15052 = CARTESIAN_POINT('',(113.026,99.0815,-0.34));
#15053 = VECTOR('',#15054,1.);
#15054 = DIRECTION('',(0.,1.224646799147E-16,-1.));
#15055 = ORIENTED_EDGE('',*,*,#15056,.T.);
#15056 = EDGE_CURVE('',#15049,#13699,#15057,.T.);
#15057 = LINE('',#15058,#15059);
#15058 = CARTESIAN_POINT('',(113.026,99.0815,-0.54));
#15059 = VECTOR('',#15060,1.);
#15060 = DIRECTION('',(1.,-4.669739647545E-16,-5.718781712216E-32));
#15061 = ORIENTED_EDGE('',*,*,#13698,.F.);
#15062 = ORIENTED_EDGE('',*,*,#12864,.F.);
#15063 = ORIENTED_EDGE('',*,*,#14992,.F.);
#15064 = PLANE('',#15065);
#15065 = AXIS2_PLACEMENT_3D('',#15066,#15067,#15068);
#15066 = CARTESIAN_POINT('',(113.026,99.0815,-0.34));
#15067 = DIRECTION('',(4.669739647545E-16,1.,1.224646799147E-16));
#15068 = DIRECTION('',(-1.,4.669739647545E-16,5.718781712216E-32));
#15069 = ADVANCED_FACE('',(#15070),#15097,.F.);
#15070 = FACE_BOUND('',#15071,.T.);
#15071 = EDGE_LOOP('',(#15072,#15080,#15081,#15082,#15083,#15091));
#15072 = ORIENTED_EDGE('',*,*,#15073,.F.);
#15073 = EDGE_CURVE('',#15016,#15074,#15076,.T.);
#15074 = VERTEX_POINT('',#15075);
#15075 = CARTESIAN_POINT('',(116.026,101.0815,-0.34));
#15076 = LINE('',#15077,#15078);
#15077 = CARTESIAN_POINT('',(115.726,101.0815,-0.34));
#15078 = VECTOR('',#15079,1.);
#15079 = DIRECTION('',(1.,-2.982499921471E-16,-3.652508982286E-32));
#15080 = ORIENTED_EDGE('',*,*,#15015,.T.);
#15081 = ORIENTED_EDGE('',*,*,#13292,.F.);
#15082 = ORIENTED_EDGE('',*,*,#14880,.T.);
#15083 = ORIENTED_EDGE('',*,*,#15084,.T.);
#15084 = EDGE_CURVE('',#14881,#15085,#15087,.T.);
#15085 = VERTEX_POINT('',#15086);
#15086 = CARTESIAN_POINT('',(116.026,101.0815,-0.54));
#15087 = LINE('',#15088,#15089);
#15088 = CARTESIAN_POINT('',(115.726,101.0815,-0.54));
#15089 = VECTOR('',#15090,1.);
#15090 = DIRECTION('',(1.,-2.982499921471E-16,-3.652508982286E-32));
#15091 = ORIENTED_EDGE('',*,*,#15092,.F.);
#15092 = EDGE_CURVE('',#15074,#15085,#15093,.T.);
#15093 = LINE('',#15094,#15095);
#15094 = CARTESIAN_POINT('',(116.026,101.0815,-0.34));
#15095 = VECTOR('',#15096,1.);
#15096 = DIRECTION('',(0.,1.224646799147E-16,-1.));
#15097 = PLANE('',#15098);
#15098 = AXIS2_PLACEMENT_3D('',#15099,#15100,#15101);
#15099 = CARTESIAN_POINT('',(115.726,101.0815,-0.34));
#15100 = DIRECTION('',(2.982499921471E-16,1.,1.224646799147E-16));
#15101 = DIRECTION('',(-1.,2.982499921471E-16,3.652508982286E-32));
#15102 = ADVANCED_FACE('',(#15103),#15137,.F.);
#15103 = FACE_BOUND('',#15104,.T.);
#15104 = EDGE_LOOP('',(#15105,#15115,#15121,#15122,#15123,#15131));
#15105 = ORIENTED_EDGE('',*,*,#15106,.F.);
#15106 = EDGE_CURVE('',#15107,#15109,#15111,.T.);
#15107 = VERTEX_POINT('',#15108);
#15108 = CARTESIAN_POINT('',(113.326,98.8815,-0.34));
#15109 = VERTEX_POINT('',#15110);
#15110 = CARTESIAN_POINT('',(113.026,98.8815,-0.34));
#15111 = LINE('',#15112,#15113);
#15112 = CARTESIAN_POINT('',(113.326,98.8815,-0.34));
#15113 = VECTOR('',#15114,1.);
#15114 = DIRECTION('',(-1.,4.207146720618E-16,5.152268764947E-32));
#15115 = ORIENTED_EDGE('',*,*,#15116,.T.);
#15116 = EDGE_CURVE('',#15107,#12881,#15117,.T.);
#15117 = LINE('',#15118,#15119);
#15118 = CARTESIAN_POINT('',(113.326,98.8815,-0.34));
#15119 = VECTOR('',#15120,1.);
#15120 = DIRECTION('',(0.,1.224646799147E-16,-1.));
#15121 = ORIENTED_EDGE('',*,*,#12880,.F.);
#15122 = ORIENTED_EDGE('',*,*,#13691,.F.);
#15123 = ORIENTED_EDGE('',*,*,#15124,.T.);
#15124 = EDGE_CURVE('',#13684,#15125,#15127,.T.);
#15125 = VERTEX_POINT('',#15126);
#15126 = CARTESIAN_POINT('',(113.026,98.8815,-0.54));
#15127 = LINE('',#15128,#15129);
#15128 = CARTESIAN_POINT('',(113.326,98.8815,-0.54));
#15129 = VECTOR('',#15130,1.);
#15130 = DIRECTION('',(-1.,4.207146720618E-16,5.152268764947E-32));
#15131 = ORIENTED_EDGE('',*,*,#15132,.F.);
#15132 = EDGE_CURVE('',#15109,#15125,#15133,.T.);
#15133 = LINE('',#15134,#15135);
#15134 = CARTESIAN_POINT('',(113.026,98.8815,-0.34));
#15135 = VECTOR('',#15136,1.);
#15136 = DIRECTION('',(0.,1.224646799147E-16,-1.));
#15137 = PLANE('',#15138);
#15138 = AXIS2_PLACEMENT_3D('',#15139,#15140,#15141);
#15139 = CARTESIAN_POINT('',(113.326,98.8815,-0.34));
#15140 = DIRECTION('',(-4.207146720618E-16,-1.,-1.224646799147E-16));
#15141 = DIRECTION('',(1.,-4.207146720618E-16,-5.152268764947E-32));
#15142 = ADVANCED_FACE('',(#15143),#15177,.F.);
#15143 = FACE_BOUND('',#15144,.T.);
#15144 = EDGE_LOOP('',(#15145,#15155,#15163,#15169,#15170,#15171));
#15145 = ORIENTED_EDGE('',*,*,#15146,.F.);
#15146 = EDGE_CURVE('',#15147,#15149,#15151,.T.);
#15147 = VERTEX_POINT('',#15148);
#15148 = CARTESIAN_POINT('',(116.026,100.8815,-0.34));
#15149 = VERTEX_POINT('',#15150);
#15150 = CARTESIAN_POINT('',(115.726,100.8815,-0.34));
#15151 = LINE('',#15152,#15153);
#15152 = CARTESIAN_POINT('',(116.026,100.8815,-0.34));
#15153 = VECTOR('',#15154,1.);
#15154 = DIRECTION('',(-1.,3.445092848398E-16,4.219021929555E-32));
#15155 = ORIENTED_EDGE('',*,*,#15156,.T.);
#15156 = EDGE_CURVE('',#15147,#15157,#15159,.T.);
#15157 = VERTEX_POINT('',#15158);
#15158 = CARTESIAN_POINT('',(116.026,100.8815,-0.54));
#15159 = LINE('',#15160,#15161);
#15160 = CARTESIAN_POINT('',(116.026,100.8815,-0.34));
#15161 = VECTOR('',#15162,1.);
#15162 = DIRECTION('',(0.,1.224646799147E-16,-1.));
#15163 = ORIENTED_EDGE('',*,*,#15164,.T.);
#15164 = EDGE_CURVE('',#15157,#14866,#15165,.T.);
#15165 = LINE('',#15166,#15167);
#15166 = CARTESIAN_POINT('',(116.026,100.8815,-0.54));
#15167 = VECTOR('',#15168,1.);
#15168 = DIRECTION('',(-1.,3.445092848398E-16,4.219021929555E-32));
#15169 = ORIENTED_EDGE('',*,*,#14873,.T.);
#15170 = ORIENTED_EDGE('',*,*,#13276,.F.);
#15171 = ORIENTED_EDGE('',*,*,#15172,.F.);
#15172 = EDGE_CURVE('',#15149,#13268,#15173,.T.);
#15173 = LINE('',#15174,#15175);
#15174 = CARTESIAN_POINT('',(115.726,100.8815,-0.34));
#15175 = VECTOR('',#15176,1.);
#15176 = DIRECTION('',(0.,1.224646799147E-16,-1.));
#15177 = PLANE('',#15178);
#15178 = AXIS2_PLACEMENT_3D('',#15179,#15180,#15181);
#15179 = CARTESIAN_POINT('',(116.026,100.8815,-0.34));
#15180 = DIRECTION('',(-3.445092848398E-16,-1.,-1.224646799147E-16));
#15181 = DIRECTION('',(1.,-3.445092848398E-16,-4.219021929555E-32));
#15182 = ADVANCED_FACE('',(#15183),#15202,.T.);
#15183 = FACE_BOUND('',#15184,.F.);
#15184 = EDGE_LOOP('',(#15185,#15186,#15187,#15195));
#15185 = ORIENTED_EDGE('',*,*,#15116,.T.);
#15186 = ORIENTED_EDGE('',*,*,#12888,.T.);
#15187 = ORIENTED_EDGE('',*,*,#15188,.F.);
#15188 = EDGE_CURVE('',#15189,#12889,#15191,.T.);
#15189 = VERTEX_POINT('',#15190);
#15190 = CARTESIAN_POINT('',(113.326,98.6815,-0.34));
#15191 = LINE('',#15192,#15193);
#15192 = CARTESIAN_POINT('',(113.326,98.6815,-0.34));
#15193 = VECTOR('',#15194,1.);
#15194 = DIRECTION('',(0.,1.224646799147E-16,-1.));
#15195 = ORIENTED_EDGE('',*,*,#15196,.T.);
#15196 = EDGE_CURVE('',#15189,#15107,#15197,.T.);
#15197 = CIRCLE('',#15198,0.1);
#15198 = AXIS2_PLACEMENT_3D('',#15199,#15200,#15201);
#15199 = CARTESIAN_POINT('',(113.326,98.7815,-0.34));
#15200 = DIRECTION('',(0.,-1.224646799147E-16,1.));
#15201 = DIRECTION('',(8.813754755808E-17,-1.,-1.224646799147E-16));
#15202 = CYLINDRICAL_SURFACE('',#15203,0.1);
#15203 = AXIS2_PLACEMENT_3D('',#15204,#15205,#15206);
#15204 = CARTESIAN_POINT('',(113.326,98.7815,-0.34));
#15205 = DIRECTION('',(0.,-1.224646799147E-16,1.));
#15206 = DIRECTION('',(8.813754755808E-17,-1.,-1.224646799147E-16));
#15207 = ADVANCED_FACE('',(#15208),#15227,.T.);
#15208 = FACE_BOUND('',#15209,.F.);
#15209 = EDGE_LOOP('',(#15210,#15218,#15219,#15220));
#15210 = ORIENTED_EDGE('',*,*,#15211,.T.);
#15211 = EDGE_CURVE('',#15212,#13260,#15214,.T.);
#15212 = VERTEX_POINT('',#15213);
#15213 = CARTESIAN_POINT('',(115.726,100.6815,-0.34));
#15214 = LINE('',#15215,#15216);
#15215 = CARTESIAN_POINT('',(115.726,100.6815,-0.34));
#15216 = VECTOR('',#15217,1.);
#15217 = DIRECTION('',(0.,1.224646799147E-16,-1.));
#15218 = ORIENTED_EDGE('',*,*,#13267,.T.);
#15219 = ORIENTED_EDGE('',*,*,#15172,.F.);
#15220 = ORIENTED_EDGE('',*,*,#15221,.T.);
#15221 = EDGE_CURVE('',#15149,#15212,#15222,.T.);
#15222 = CIRCLE('',#15223,0.1);
#15223 = AXIS2_PLACEMENT_3D('',#15224,#15225,#15226);
#15224 = CARTESIAN_POINT('',(115.726,100.7815,-0.34));
#15225 = DIRECTION('',(0.,-1.224646799147E-16,1.));
#15226 = DIRECTION('',(-2.106022274728E-16,1.,1.224646799147E-16));
#15227 = CYLINDRICAL_SURFACE('',#15228,0.1);
#15228 = AXIS2_PLACEMENT_3D('',#15229,#15230,#15231);
#15229 = CARTESIAN_POINT('',(115.726,100.7815,-0.34));
#15230 = DIRECTION('',(0.,-1.224646799147E-16,1.));
#15231 = DIRECTION('',(-2.106022274728E-16,1.,1.224646799147E-16));
#15232 = ADVANCED_FACE('',(#15233),#15260,.F.);
#15233 = FACE_BOUND('',#15234,.T.);
#15234 = EDGE_LOOP('',(#15235,#15243,#15251,#15257,#15258,#15259));
#15235 = ORIENTED_EDGE('',*,*,#15236,.F.);
#15236 = EDGE_CURVE('',#15237,#15189,#15239,.T.);
#15237 = VERTEX_POINT('',#15238);
#15238 = CARTESIAN_POINT('',(113.026,98.6815,-0.34));
#15239 = LINE('',#15240,#15241);
#15240 = CARTESIAN_POINT('',(113.026,98.6815,-0.34));
#15241 = VECTOR('',#15242,1.);
#15242 = DIRECTION('',(1.,-4.669739647545E-16,-5.718781712216E-32));
#15243 = ORIENTED_EDGE('',*,*,#15244,.T.);
#15244 = EDGE_CURVE('',#15237,#15245,#15247,.T.);
#15245 = VERTEX_POINT('',#15246);
#15246 = CARTESIAN_POINT('',(113.026,98.6815,-0.54));
#15247 = LINE('',#15248,#15249);
#15248 = CARTESIAN_POINT('',(113.026,98.6815,-0.34));
#15249 = VECTOR('',#15250,1.);
#15250 = DIRECTION('',(0.,1.224646799147E-16,-1.));
#15251 = ORIENTED_EDGE('',*,*,#15252,.T.);
#15252 = EDGE_CURVE('',#15245,#13676,#15253,.T.);
#15253 = LINE('',#15254,#15255);
#15254 = CARTESIAN_POINT('',(113.026,98.6815,-0.54));
#15255 = VECTOR('',#15256,1.);
#15256 = DIRECTION('',(1.,-4.669739647545E-16,-5.718781712216E-32));
#15257 = ORIENTED_EDGE('',*,*,#13675,.F.);
#15258 = ORIENTED_EDGE('',*,*,#12897,.F.);
#15259 = ORIENTED_EDGE('',*,*,#15188,.F.);
#15260 = PLANE('',#15261);
#15261 = AXIS2_PLACEMENT_3D('',#15262,#15263,#15264);
#15262 = CARTESIAN_POINT('',(113.026,98.6815,-0.34));
#15263 = DIRECTION('',(4.669739647545E-16,1.,1.224646799147E-16));
#15264 = DIRECTION('',(-1.,4.669739647545E-16,5.718781712216E-32));
#15265 = ADVANCED_FACE('',(#15266),#15293,.F.);
#15266 = FACE_BOUND('',#15267,.T.);
#15267 = EDGE_LOOP('',(#15268,#15276,#15277,#15278,#15279,#15287));
#15268 = ORIENTED_EDGE('',*,*,#15269,.F.);
#15269 = EDGE_CURVE('',#15212,#15270,#15272,.T.);
#15270 = VERTEX_POINT('',#15271);
#15271 = CARTESIAN_POINT('',(116.026,100.6815,-0.34));
#15272 = LINE('',#15273,#15274);
#15273 = CARTESIAN_POINT('',(115.726,100.6815,-0.34));
#15274 = VECTOR('',#15275,1.);
#15275 = DIRECTION('',(1.,-2.982499921471E-16,-3.652508982286E-32));
#15276 = ORIENTED_EDGE('',*,*,#15211,.T.);
#15277 = ORIENTED_EDGE('',*,*,#13259,.F.);
#15278 = ORIENTED_EDGE('',*,*,#14857,.T.);
#15279 = ORIENTED_EDGE('',*,*,#15280,.T.);
#15280 = EDGE_CURVE('',#14858,#15281,#15283,.T.);
#15281 = VERTEX_POINT('',#15282);
#15282 = CARTESIAN_POINT('',(116.026,100.6815,-0.54));
#15283 = LINE('',#15284,#15285);
#15284 = CARTESIAN_POINT('',(115.726,100.6815,-0.54));
#15285 = VECTOR('',#15286,1.);
#15286 = DIRECTION('',(1.,-2.982499921471E-16,-3.652508982286E-32));
#15287 = ORIENTED_EDGE('',*,*,#15288,.F.);
#15288 = EDGE_CURVE('',#15270,#15281,#15289,.T.);
#15289 = LINE('',#15290,#15291);
#15290 = CARTESIAN_POINT('',(116.026,100.6815,-0.34));
#15291 = VECTOR('',#15292,1.);
#15292 = DIRECTION('',(0.,1.224646799147E-16,-1.));
#15293 = PLANE('',#15294);
#15294 = AXIS2_PLACEMENT_3D('',#15295,#15296,#15297);
#15295 = CARTESIAN_POINT('',(115.726,100.6815,-0.34));
#15296 = DIRECTION('',(2.982499921471E-16,1.,1.224646799147E-16));
#15297 = DIRECTION('',(-1.,2.982499921471E-16,3.652508982286E-32));
#15298 = ADVANCED_FACE('',(#15299),#15425,.T.);
#15299 = FACE_BOUND('',#15300,.F.);
#15300 = EDGE_LOOP('',(#15301,#15307,#15308,#15309,#15317,#15325,#15331,
    #15332,#15340,#15348,#15354,#15355,#15363,#15371,#15377,#15378,
    #15386,#15394,#15400,#15401,#15409,#15417,#15423,#15424));
#15301 = ORIENTED_EDGE('',*,*,#15302,.F.);
#15302 = EDGE_CURVE('',#13661,#14728,#15303,.T.);
#15303 = LINE('',#15304,#15305);
#15304 = CARTESIAN_POINT('',(113.036,97.9915,-1.11));
#15305 = VECTOR('',#15306,1.);
#15306 = DIRECTION('',(1.,-2.22044604925E-16,-2.719262146893E-32));
#15307 = ORIENTED_EDGE('',*,*,#13668,.F.);
#15308 = ORIENTED_EDGE('',*,*,#12913,.T.);
#15309 = ORIENTED_EDGE('',*,*,#15310,.T.);
#15310 = EDGE_CURVE('',#12914,#15311,#15313,.T.);
#15311 = VERTEX_POINT('',#15312);
#15312 = CARTESIAN_POINT('',(113.626,97.9915,-0.54));
#15313 = LINE('',#15314,#15315);
#15314 = CARTESIAN_POINT('',(113.626,97.9915,-0.35));
#15315 = VECTOR('',#15316,1.);
#15316 = DIRECTION('',(0.,1.224646799147E-16,-1.));
#15317 = ORIENTED_EDGE('',*,*,#15318,.T.);
#15318 = EDGE_CURVE('',#15311,#15319,#15321,.T.);
#15319 = VERTEX_POINT('',#15320);
#15320 = CARTESIAN_POINT('',(113.826,97.9915,-0.54));
#15321 = LINE('',#15322,#15323);
#15322 = CARTESIAN_POINT('',(113.431,97.9915,-0.54));
#15323 = VECTOR('',#15324,1.);
#15324 = DIRECTION('',(1.,-2.22044604925E-16,-2.719262146893E-32));
#15325 = ORIENTED_EDGE('',*,*,#15326,.T.);
#15326 = EDGE_CURVE('',#15319,#12939,#15327,.T.);
#15327 = LINE('',#15328,#15329);
#15328 = CARTESIAN_POINT('',(113.826,97.9915,-0.35));
#15329 = VECTOR('',#15330,1.);
#15330 = DIRECTION('',(0.,-1.224646799147E-16,1.));
#15331 = ORIENTED_EDGE('',*,*,#12946,.T.);
#15332 = ORIENTED_EDGE('',*,*,#15333,.T.);
#15333 = EDGE_CURVE('',#12947,#15334,#15336,.T.);
#15334 = VERTEX_POINT('',#15335);
#15335 = CARTESIAN_POINT('',(114.026,97.9915,-0.54));
#15336 = LINE('',#15337,#15338);
#15337 = CARTESIAN_POINT('',(114.026,97.9915,-0.35));
#15338 = VECTOR('',#15339,1.);
#15339 = DIRECTION('',(0.,1.224646799147E-16,-1.));
#15340 = ORIENTED_EDGE('',*,*,#15341,.T.);
#15341 = EDGE_CURVE('',#15334,#15342,#15344,.T.);
#15342 = VERTEX_POINT('',#15343);
#15343 = CARTESIAN_POINT('',(114.226,97.9915,-0.54));
#15344 = LINE('',#15345,#15346);
#15345 = CARTESIAN_POINT('',(113.631,97.9915,-0.54));
#15346 = VECTOR('',#15347,1.);
#15347 = DIRECTION('',(1.,-2.22044604925E-16,-2.719262146893E-32));
#15348 = ORIENTED_EDGE('',*,*,#15349,.T.);
#15349 = EDGE_CURVE('',#15342,#12972,#15350,.T.);
#15350 = LINE('',#15351,#15352);
#15351 = CARTESIAN_POINT('',(114.226,97.9915,-0.35));
#15352 = VECTOR('',#15353,1.);
#15353 = DIRECTION('',(0.,-1.224646799147E-16,1.));
#15354 = ORIENTED_EDGE('',*,*,#12979,.T.);
#15355 = ORIENTED_EDGE('',*,*,#15356,.T.);
#15356 = EDGE_CURVE('',#12980,#15357,#15359,.T.);
#15357 = VERTEX_POINT('',#15358);
#15358 = CARTESIAN_POINT('',(114.426,97.9915,-0.54));
#15359 = LINE('',#15360,#15361);
#15360 = CARTESIAN_POINT('',(114.426,97.9915,-0.35));
#15361 = VECTOR('',#15362,1.);
#15362 = DIRECTION('',(0.,1.224646799147E-16,-1.));
#15363 = ORIENTED_EDGE('',*,*,#15364,.T.);
#15364 = EDGE_CURVE('',#15357,#15365,#15367,.T.);
#15365 = VERTEX_POINT('',#15366);
#15366 = CARTESIAN_POINT('',(114.626,97.9915,-0.54));
#15367 = LINE('',#15368,#15369);
#15368 = CARTESIAN_POINT('',(113.831,97.9915,-0.54));
#15369 = VECTOR('',#15370,1.);
#15370 = DIRECTION('',(1.,-2.22044604925E-16,-2.719262146893E-32));
#15371 = ORIENTED_EDGE('',*,*,#15372,.T.);
#15372 = EDGE_CURVE('',#15365,#13005,#15373,.T.);
#15373 = LINE('',#15374,#15375);
#15374 = CARTESIAN_POINT('',(114.626,97.9915,-0.35));
#15375 = VECTOR('',#15376,1.);
#15376 = DIRECTION('',(0.,-1.224646799147E-16,1.));
#15377 = ORIENTED_EDGE('',*,*,#13012,.T.);
#15378 = ORIENTED_EDGE('',*,*,#15379,.T.);
#15379 = EDGE_CURVE('',#13013,#15380,#15382,.T.);
#15380 = VERTEX_POINT('',#15381);
#15381 = CARTESIAN_POINT('',(114.826,97.9915,-0.54));
#15382 = LINE('',#15383,#15384);
#15383 = CARTESIAN_POINT('',(114.826,97.9915,-0.35));
#15384 = VECTOR('',#15385,1.);
#15385 = DIRECTION('',(0.,1.224646799147E-16,-1.));
#15386 = ORIENTED_EDGE('',*,*,#15387,.T.);
#15387 = EDGE_CURVE('',#15380,#15388,#15390,.T.);
#15388 = VERTEX_POINT('',#15389);
#15389 = CARTESIAN_POINT('',(115.026,97.9915,-0.54));
#15390 = LINE('',#15391,#15392);
#15391 = CARTESIAN_POINT('',(114.031,97.9915,-0.54));
#15392 = VECTOR('',#15393,1.);
#15393 = DIRECTION('',(1.,-2.22044604925E-16,-2.719262146893E-32));
#15394 = ORIENTED_EDGE('',*,*,#15395,.T.);
#15395 = EDGE_CURVE('',#15388,#13038,#15396,.T.);
#15396 = LINE('',#15397,#15398);
#15397 = CARTESIAN_POINT('',(115.026,97.9915,-0.35));
#15398 = VECTOR('',#15399,1.);
#15399 = DIRECTION('',(0.,-1.224646799147E-16,1.));
#15400 = ORIENTED_EDGE('',*,*,#13045,.T.);
#15401 = ORIENTED_EDGE('',*,*,#15402,.T.);
#15402 = EDGE_CURVE('',#13046,#15403,#15405,.T.);
#15403 = VERTEX_POINT('',#15404);
#15404 = CARTESIAN_POINT('',(115.226,97.9915,-0.54));
#15405 = LINE('',#15406,#15407);
#15406 = CARTESIAN_POINT('',(115.226,97.9915,-0.35));
#15407 = VECTOR('',#15408,1.);
#15408 = DIRECTION('',(0.,1.224646799147E-16,-1.));
#15409 = ORIENTED_EDGE('',*,*,#15410,.T.);
#15410 = EDGE_CURVE('',#15403,#15411,#15413,.T.);
#15411 = VERTEX_POINT('',#15412);
#15412 = CARTESIAN_POINT('',(115.426,97.9915,-0.54));
#15413 = LINE('',#15414,#15415);
#15414 = CARTESIAN_POINT('',(114.231,97.9915,-0.54));
#15415 = VECTOR('',#15416,1.);
#15416 = DIRECTION('',(1.,-2.22044604925E-16,-2.719262146893E-32));
#15417 = ORIENTED_EDGE('',*,*,#15418,.T.);
#15418 = EDGE_CURVE('',#15411,#13071,#15419,.T.);
#15419 = LINE('',#15420,#15421);
#15420 = CARTESIAN_POINT('',(115.426,97.9915,-0.35));
#15421 = VECTOR('',#15422,1.);
#15422 = DIRECTION('',(0.,-1.224646799147E-16,1.));
#15423 = ORIENTED_EDGE('',*,*,#13078,.T.);
#15424 = ORIENTED_EDGE('',*,*,#14735,.T.);
#15425 = PLANE('',#15426);
#15426 = AXIS2_PLACEMENT_3D('',#15427,#15428,#15429);
#15427 = CARTESIAN_POINT('',(113.036,97.9915,-0.36));
#15428 = DIRECTION('',(-2.22044604925E-16,-1.,-1.224646799147E-16));
#15429 = DIRECTION('',(0.,-1.224646799147E-16,1.));
#15430 = ADVANCED_FACE('',(#15431),#15465,.F.);
#15431 = FACE_BOUND('',#15432,.T.);
#15432 = EDGE_LOOP('',(#15433,#15443,#15451,#15457,#15458,#15459));
#15433 = ORIENTED_EDGE('',*,*,#15434,.F.);
#15434 = EDGE_CURVE('',#15435,#15437,#15439,.T.);
#15435 = VERTEX_POINT('',#15436);
#15436 = CARTESIAN_POINT('',(116.026,100.4815,-0.34));
#15437 = VERTEX_POINT('',#15438);
#15438 = CARTESIAN_POINT('',(115.726,100.4815,-0.34));
#15439 = LINE('',#15440,#15441);
#15440 = CARTESIAN_POINT('',(116.026,100.4815,-0.34));
#15441 = VECTOR('',#15442,1.);
#15442 = DIRECTION('',(-1.,3.445092848398E-16,4.219021929555E-32));
#15443 = ORIENTED_EDGE('',*,*,#15444,.T.);
#15444 = EDGE_CURVE('',#15435,#15445,#15447,.T.);
#15445 = VERTEX_POINT('',#15446);
#15446 = CARTESIAN_POINT('',(116.026,100.4815,-0.54));
#15447 = LINE('',#15448,#15449);
#15448 = CARTESIAN_POINT('',(116.026,100.4815,-0.34));
#15449 = VECTOR('',#15450,1.);
#15450 = DIRECTION('',(0.,1.224646799147E-16,-1.));
#15451 = ORIENTED_EDGE('',*,*,#15452,.T.);
#15452 = EDGE_CURVE('',#15445,#14843,#15453,.T.);
#15453 = LINE('',#15454,#15455);
#15454 = CARTESIAN_POINT('',(116.026,100.4815,-0.54));
#15455 = VECTOR('',#15456,1.);
#15456 = DIRECTION('',(-1.,3.445092848398E-16,4.219021929555E-32));
#15457 = ORIENTED_EDGE('',*,*,#14850,.T.);
#15458 = ORIENTED_EDGE('',*,*,#13243,.F.);
#15459 = ORIENTED_EDGE('',*,*,#15460,.F.);
#15460 = EDGE_CURVE('',#15437,#13235,#15461,.T.);
#15461 = LINE('',#15462,#15463);
#15462 = CARTESIAN_POINT('',(115.726,100.4815,-0.34));
#15463 = VECTOR('',#15464,1.);
#15464 = DIRECTION('',(0.,1.224646799147E-16,-1.));
#15465 = PLANE('',#15466);
#15466 = AXIS2_PLACEMENT_3D('',#15467,#15468,#15469);
#15467 = CARTESIAN_POINT('',(116.026,100.4815,-0.34));
#15468 = DIRECTION('',(-3.445092848398E-16,-1.,-1.224646799147E-16));
#15469 = DIRECTION('',(1.,-3.445092848398E-16,-4.219021929555E-32));
#15470 = ADVANCED_FACE('',(#15471),#15505,.F.);
#15471 = FACE_BOUND('',#15472,.T.);
#15472 = EDGE_LOOP('',(#15473,#15483,#15489,#15490,#15491,#15499));
#15473 = ORIENTED_EDGE('',*,*,#15474,.F.);
#15474 = EDGE_CURVE('',#15475,#15477,#15479,.T.);
#15475 = VERTEX_POINT('',#15476);
#15476 = CARTESIAN_POINT('',(113.626,98.2815,-0.34));
#15477 = VERTEX_POINT('',#15478);
#15478 = CARTESIAN_POINT('',(113.626,97.9815,-0.34));
#15479 = LINE('',#15480,#15481);
#15480 = CARTESIAN_POINT('',(113.626,98.2815,-0.34));
#15481 = VECTOR('',#15482,1.);
#15482 = DIRECTION('',(-5.202945970721E-16,-1.,-1.224646799147E-16));
#15483 = ORIENTED_EDGE('',*,*,#15484,.T.);
#15484 = EDGE_CURVE('',#15475,#12922,#15485,.T.);
#15485 = LINE('',#15486,#15487);
#15486 = CARTESIAN_POINT('',(113.626,98.2815,-0.34));
#15487 = VECTOR('',#15488,1.);
#15488 = DIRECTION('',(0.,1.224646799147E-16,-1.));
#15489 = ORIENTED_EDGE('',*,*,#12921,.F.);
#15490 = ORIENTED_EDGE('',*,*,#15310,.T.);
#15491 = ORIENTED_EDGE('',*,*,#15492,.T.);
#15492 = EDGE_CURVE('',#15311,#15493,#15495,.T.);
#15493 = VERTEX_POINT('',#15494);
#15494 = CARTESIAN_POINT('',(113.626,97.9815,-0.54));
#15495 = LINE('',#15496,#15497);
#15496 = CARTESIAN_POINT('',(113.626,98.2815,-0.54));
#15497 = VECTOR('',#15498,1.);
#15498 = DIRECTION('',(-5.202945970721E-16,-1.,-1.224646799147E-16));
#15499 = ORIENTED_EDGE('',*,*,#15500,.F.);
#15500 = EDGE_CURVE('',#15477,#15493,#15501,.T.);
#15501 = LINE('',#15502,#15503);
#15502 = CARTESIAN_POINT('',(113.626,97.9815,-0.34));
#15503 = VECTOR('',#15504,1.);
#15504 = DIRECTION('',(0.,1.224646799147E-16,-1.));
#15505 = PLANE('',#15506);
#15506 = AXIS2_PLACEMENT_3D('',#15507,#15508,#15509);
#15507 = CARTESIAN_POINT('',(113.626,98.2815,-0.34));
#15508 = DIRECTION('',(1.,-5.202945970721E-16,-6.371771129178E-32));
#15509 = DIRECTION('',(5.202945970721E-16,1.,1.224646799147E-16));
#15510 = ADVANCED_FACE('',(#15511),#15530,.T.);
#15511 = FACE_BOUND('',#15512,.F.);
#15512 = EDGE_LOOP('',(#15513,#15521,#15522,#15523));
#15513 = ORIENTED_EDGE('',*,*,#15514,.T.);
#15514 = EDGE_CURVE('',#15515,#13227,#15517,.T.);
#15515 = VERTEX_POINT('',#15516);
#15516 = CARTESIAN_POINT('',(115.726,100.2815,-0.34));
#15517 = LINE('',#15518,#15519);
#15518 = CARTESIAN_POINT('',(115.726,100.2815,-0.34));
#15519 = VECTOR('',#15520,1.);
#15520 = DIRECTION('',(0.,1.224646799147E-16,-1.));
#15521 = ORIENTED_EDGE('',*,*,#13234,.T.);
#15522 = ORIENTED_EDGE('',*,*,#15460,.F.);
#15523 = ORIENTED_EDGE('',*,*,#15524,.T.);
#15524 = EDGE_CURVE('',#15437,#15515,#15525,.T.);
#15525 = CIRCLE('',#15526,0.1);
#15526 = AXIS2_PLACEMENT_3D('',#15527,#15528,#15529);
#15527 = CARTESIAN_POINT('',(115.726,100.3815,-0.34));
#15528 = DIRECTION('',(0.,-1.224646799147E-16,1.));
#15529 = DIRECTION('',(-2.106022274728E-16,1.,1.224646799147E-16));
#15530 = CYLINDRICAL_SURFACE('',#15531,0.1);
#15531 = AXIS2_PLACEMENT_3D('',#15532,#15533,#15534);
#15532 = CARTESIAN_POINT('',(115.726,100.3815,-0.34));
#15533 = DIRECTION('',(0.,-1.224646799147E-16,1.));
#15534 = DIRECTION('',(-2.106022274728E-16,1.,1.224646799147E-16));
#15535 = ADVANCED_FACE('',(#15536),#15555,.T.);
#15536 = FACE_BOUND('',#15537,.F.);
#15537 = EDGE_LOOP('',(#15538,#15539,#15540,#15548));
#15538 = ORIENTED_EDGE('',*,*,#15484,.T.);
#15539 = ORIENTED_EDGE('',*,*,#12929,.T.);
#15540 = ORIENTED_EDGE('',*,*,#15541,.F.);
#15541 = EDGE_CURVE('',#15542,#12930,#15544,.T.);
#15542 = VERTEX_POINT('',#15543);
#15543 = CARTESIAN_POINT('',(113.826,98.2815,-0.34));
#15544 = LINE('',#15545,#15546);
#15545 = CARTESIAN_POINT('',(113.826,98.2815,-0.34));
#15546 = VECTOR('',#15547,1.);
#15547 = DIRECTION('',(0.,1.224646799147E-16,-1.));
#15548 = ORIENTED_EDGE('',*,*,#15549,.T.);
#15549 = EDGE_CURVE('',#15542,#15475,#15550,.T.);
#15550 = CIRCLE('',#15551,0.1);
#15551 = AXIS2_PLACEMENT_3D('',#15552,#15553,#15554);
#15552 = CARTESIAN_POINT('',(113.726,98.2815,-0.34));
#15553 = DIRECTION('',(0.,-1.224646799147E-16,1.));
#15554 = DIRECTION('',(1.,-1.144237745222E-17,-1.401287092149E-33));
#15555 = CYLINDRICAL_SURFACE('',#15556,0.1);
#15556 = AXIS2_PLACEMENT_3D('',#15557,#15558,#15559);
#15557 = CARTESIAN_POINT('',(113.726,98.2815,-0.34));
#15558 = DIRECTION('',(0.,-1.224646799147E-16,1.));
#15559 = DIRECTION('',(1.,-1.144237745222E-17,-1.401287092149E-33));
#15560 = ADVANCED_FACE('',(#15561),#15588,.F.);
#15561 = FACE_BOUND('',#15562,.T.);
#15562 = EDGE_LOOP('',(#15563,#15571,#15572,#15573,#15574,#15582));
#15563 = ORIENTED_EDGE('',*,*,#15564,.F.);
#15564 = EDGE_CURVE('',#15515,#15565,#15567,.T.);
#15565 = VERTEX_POINT('',#15566);
#15566 = CARTESIAN_POINT('',(116.026,100.2815,-0.34));
#15567 = LINE('',#15568,#15569);
#15568 = CARTESIAN_POINT('',(115.726,100.2815,-0.34));
#15569 = VECTOR('',#15570,1.);
#15570 = DIRECTION('',(1.,-2.982499921471E-16,-3.652508982286E-32));
#15571 = ORIENTED_EDGE('',*,*,#15514,.T.);
#15572 = ORIENTED_EDGE('',*,*,#13226,.F.);
#15573 = ORIENTED_EDGE('',*,*,#14834,.T.);
#15574 = ORIENTED_EDGE('',*,*,#15575,.T.);
#15575 = EDGE_CURVE('',#14835,#15576,#15578,.T.);
#15576 = VERTEX_POINT('',#15577);
#15577 = CARTESIAN_POINT('',(116.026,100.2815,-0.54));
#15578 = LINE('',#15579,#15580);
#15579 = CARTESIAN_POINT('',(115.726,100.2815,-0.54));
#15580 = VECTOR('',#15581,1.);
#15581 = DIRECTION('',(1.,-2.982499921471E-16,-3.652508982286E-32));
#15582 = ORIENTED_EDGE('',*,*,#15583,.F.);
#15583 = EDGE_CURVE('',#15565,#15576,#15584,.T.);
#15584 = LINE('',#15585,#15586);
#15585 = CARTESIAN_POINT('',(116.026,100.2815,-0.34));
#15586 = VECTOR('',#15587,1.);
#15587 = DIRECTION('',(0.,1.224646799147E-16,-1.));
#15588 = PLANE('',#15589);
#15589 = AXIS2_PLACEMENT_3D('',#15590,#15591,#15592);
#15590 = CARTESIAN_POINT('',(115.726,100.2815,-0.34));
#15591 = DIRECTION('',(2.982499921471E-16,1.,1.224646799147E-16));
#15592 = DIRECTION('',(-1.,2.982499921471E-16,3.652508982286E-32));
#15593 = ADVANCED_FACE('',(#15594),#15621,.F.);
#15594 = FACE_BOUND('',#15595,.T.);
#15595 = EDGE_LOOP('',(#15596,#15604,#15612,#15618,#15619,#15620));
#15596 = ORIENTED_EDGE('',*,*,#15597,.F.);
#15597 = EDGE_CURVE('',#15598,#15542,#15600,.T.);
#15598 = VERTEX_POINT('',#15599);
#15599 = CARTESIAN_POINT('',(113.826,97.9815,-0.34));
#15600 = LINE('',#15601,#15602);
#15601 = CARTESIAN_POINT('',(113.826,97.9815,-0.34));
#15602 = VECTOR('',#15603,1.);
#15603 = DIRECTION('',(5.665538897648E-16,1.,1.224646799147E-16));
#15604 = ORIENTED_EDGE('',*,*,#15605,.T.);
#15605 = EDGE_CURVE('',#15598,#15606,#15608,.T.);
#15606 = VERTEX_POINT('',#15607);
#15607 = CARTESIAN_POINT('',(113.826,97.9815,-0.54));
#15608 = LINE('',#15609,#15610);
#15609 = CARTESIAN_POINT('',(113.826,97.9815,-0.34));
#15610 = VECTOR('',#15611,1.);
#15611 = DIRECTION('',(0.,1.224646799147E-16,-1.));
#15612 = ORIENTED_EDGE('',*,*,#15613,.T.);
#15613 = EDGE_CURVE('',#15606,#15319,#15614,.T.);
#15614 = LINE('',#15615,#15616);
#15615 = CARTESIAN_POINT('',(113.826,97.9815,-0.54));
#15616 = VECTOR('',#15617,1.);
#15617 = DIRECTION('',(5.665538897648E-16,1.,1.224646799147E-16));
#15618 = ORIENTED_EDGE('',*,*,#15326,.T.);
#15619 = ORIENTED_EDGE('',*,*,#12938,.F.);
#15620 = ORIENTED_EDGE('',*,*,#15541,.F.);
#15621 = PLANE('',#15622);
#15622 = AXIS2_PLACEMENT_3D('',#15623,#15624,#15625);
#15623 = CARTESIAN_POINT('',(113.826,97.9815,-0.34));
#15624 = DIRECTION('',(-1.,5.665538897648E-16,6.938284076447E-32));
#15625 = DIRECTION('',(-5.665538897648E-16,-1.,-1.224646799147E-16));
#15626 = ADVANCED_FACE('',(#15627),#15661,.F.);
#15627 = FACE_BOUND('',#15628,.T.);
#15628 = EDGE_LOOP('',(#15629,#15639,#15647,#15653,#15654,#15655));
#15629 = ORIENTED_EDGE('',*,*,#15630,.F.);
#15630 = EDGE_CURVE('',#15631,#15633,#15635,.T.);
#15631 = VERTEX_POINT('',#15632);
#15632 = CARTESIAN_POINT('',(116.026,100.0815,-0.34));
#15633 = VERTEX_POINT('',#15634);
#15634 = CARTESIAN_POINT('',(115.726,100.0815,-0.34));
#15635 = LINE('',#15636,#15637);
#15636 = CARTESIAN_POINT('',(116.026,100.0815,-0.34));
#15637 = VECTOR('',#15638,1.);
#15638 = DIRECTION('',(-1.,3.445092848398E-16,4.219021929555E-32));
#15639 = ORIENTED_EDGE('',*,*,#15640,.T.);
#15640 = EDGE_CURVE('',#15631,#15641,#15643,.T.);
#15641 = VERTEX_POINT('',#15642);
#15642 = CARTESIAN_POINT('',(116.026,100.0815,-0.54));
#15643 = LINE('',#15644,#15645);
#15644 = CARTESIAN_POINT('',(116.026,100.0815,-0.34));
#15645 = VECTOR('',#15646,1.);
#15646 = DIRECTION('',(0.,1.224646799147E-16,-1.));
#15647 = ORIENTED_EDGE('',*,*,#15648,.T.);
#15648 = EDGE_CURVE('',#15641,#14820,#15649,.T.);
#15649 = LINE('',#15650,#15651);
#15650 = CARTESIAN_POINT('',(116.026,100.0815,-0.54));
#15651 = VECTOR('',#15652,1.);
#15652 = DIRECTION('',(-1.,3.445092848398E-16,4.219021929555E-32));
#15653 = ORIENTED_EDGE('',*,*,#14827,.T.);
#15654 = ORIENTED_EDGE('',*,*,#13210,.F.);
#15655 = ORIENTED_EDGE('',*,*,#15656,.F.);
#15656 = EDGE_CURVE('',#15633,#13202,#15657,.T.);
#15657 = LINE('',#15658,#15659);
#15658 = CARTESIAN_POINT('',(115.726,100.0815,-0.34));
#15659 = VECTOR('',#15660,1.);
#15660 = DIRECTION('',(0.,1.224646799147E-16,-1.));
#15661 = PLANE('',#15662);
#15662 = AXIS2_PLACEMENT_3D('',#15663,#15664,#15665);
#15663 = CARTESIAN_POINT('',(116.026,100.0815,-0.34));
#15664 = DIRECTION('',(-3.445092848398E-16,-1.,-1.224646799147E-16));
#15665 = DIRECTION('',(1.,-3.445092848398E-16,-4.219021929555E-32));
#15666 = ADVANCED_FACE('',(#15667),#15701,.F.);
#15667 = FACE_BOUND('',#15668,.T.);
#15668 = EDGE_LOOP('',(#15669,#15679,#15685,#15686,#15687,#15695));
#15669 = ORIENTED_EDGE('',*,*,#15670,.F.);
#15670 = EDGE_CURVE('',#15671,#15673,#15675,.T.);
#15671 = VERTEX_POINT('',#15672);
#15672 = CARTESIAN_POINT('',(114.026,98.2815,-0.34));
#15673 = VERTEX_POINT('',#15674);
#15674 = CARTESIAN_POINT('',(114.026,97.9815,-0.34));
#15675 = LINE('',#15676,#15677);
#15676 = CARTESIAN_POINT('',(114.026,98.2815,-0.34));
#15677 = VECTOR('',#15678,1.);
#15678 = DIRECTION('',(-5.202945970721E-16,-1.,-1.224646799147E-16));
#15679 = ORIENTED_EDGE('',*,*,#15680,.T.);
#15680 = EDGE_CURVE('',#15671,#12955,#15681,.T.);
#15681 = LINE('',#15682,#15683);
#15682 = CARTESIAN_POINT('',(114.026,98.2815,-0.34));
#15683 = VECTOR('',#15684,1.);
#15684 = DIRECTION('',(0.,1.224646799147E-16,-1.));
#15685 = ORIENTED_EDGE('',*,*,#12954,.F.);
#15686 = ORIENTED_EDGE('',*,*,#15333,.T.);
#15687 = ORIENTED_EDGE('',*,*,#15688,.T.);
#15688 = EDGE_CURVE('',#15334,#15689,#15691,.T.);
#15689 = VERTEX_POINT('',#15690);
#15690 = CARTESIAN_POINT('',(114.026,97.9815,-0.54));
#15691 = LINE('',#15692,#15693);
#15692 = CARTESIAN_POINT('',(114.026,98.2815,-0.54));
#15693 = VECTOR('',#15694,1.);
#15694 = DIRECTION('',(-5.202945970721E-16,-1.,-1.224646799147E-16));
#15695 = ORIENTED_EDGE('',*,*,#15696,.F.);
#15696 = EDGE_CURVE('',#15673,#15689,#15697,.T.);
#15697 = LINE('',#15698,#15699);
#15698 = CARTESIAN_POINT('',(114.026,97.9815,-0.34));
#15699 = VECTOR('',#15700,1.);
#15700 = DIRECTION('',(0.,1.224646799147E-16,-1.));
#15701 = PLANE('',#15702);
#15702 = AXIS2_PLACEMENT_3D('',#15703,#15704,#15705);
#15703 = CARTESIAN_POINT('',(114.026,98.2815,-0.34));
#15704 = DIRECTION('',(1.,-5.202945970721E-16,-6.371771129178E-32));
#15705 = DIRECTION('',(5.202945970721E-16,1.,1.224646799147E-16));
#15706 = ADVANCED_FACE('',(#15707),#15726,.T.);
#15707 = FACE_BOUND('',#15708,.F.);
#15708 = EDGE_LOOP('',(#15709,#15717,#15718,#15719));
#15709 = ORIENTED_EDGE('',*,*,#15710,.T.);
#15710 = EDGE_CURVE('',#15711,#13194,#15713,.T.);
#15711 = VERTEX_POINT('',#15712);
#15712 = CARTESIAN_POINT('',(115.726,99.8815,-0.34));
#15713 = LINE('',#15714,#15715);
#15714 = CARTESIAN_POINT('',(115.726,99.8815,-0.34));
#15715 = VECTOR('',#15716,1.);
#15716 = DIRECTION('',(0.,1.224646799147E-16,-1.));
#15717 = ORIENTED_EDGE('',*,*,#13201,.T.);
#15718 = ORIENTED_EDGE('',*,*,#15656,.F.);
#15719 = ORIENTED_EDGE('',*,*,#15720,.T.);
#15720 = EDGE_CURVE('',#15633,#15711,#15721,.T.);
#15721 = CIRCLE('',#15722,0.1);
#15722 = AXIS2_PLACEMENT_3D('',#15723,#15724,#15725);
#15723 = CARTESIAN_POINT('',(115.726,99.9815,-0.34));
#15724 = DIRECTION('',(0.,-1.224646799147E-16,1.));
#15725 = DIRECTION('',(-2.106022274728E-16,1.,1.224646799147E-16));
#15726 = CYLINDRICAL_SURFACE('',#15727,0.1);
#15727 = AXIS2_PLACEMENT_3D('',#15728,#15729,#15730);
#15728 = CARTESIAN_POINT('',(115.726,99.9815,-0.34));
#15729 = DIRECTION('',(0.,-1.224646799147E-16,1.));
#15730 = DIRECTION('',(-2.106022274728E-16,1.,1.224646799147E-16));
#15731 = ADVANCED_FACE('',(#15732),#15751,.T.);
#15732 = FACE_BOUND('',#15733,.F.);
#15733 = EDGE_LOOP('',(#15734,#15735,#15736,#15744));
#15734 = ORIENTED_EDGE('',*,*,#15680,.T.);
#15735 = ORIENTED_EDGE('',*,*,#12962,.T.);
#15736 = ORIENTED_EDGE('',*,*,#15737,.F.);
#15737 = EDGE_CURVE('',#15738,#12963,#15740,.T.);
#15738 = VERTEX_POINT('',#15739);
#15739 = CARTESIAN_POINT('',(114.226,98.2815,-0.34));
#15740 = LINE('',#15741,#15742);
#15741 = CARTESIAN_POINT('',(114.226,98.2815,-0.34));
#15742 = VECTOR('',#15743,1.);
#15743 = DIRECTION('',(0.,1.224646799147E-16,-1.));
#15744 = ORIENTED_EDGE('',*,*,#15745,.T.);
#15745 = EDGE_CURVE('',#15738,#15671,#15746,.T.);
#15746 = CIRCLE('',#15747,0.1);
#15747 = AXIS2_PLACEMENT_3D('',#15748,#15749,#15750);
#15748 = CARTESIAN_POINT('',(114.126,98.2815,-0.34));
#15749 = DIRECTION('',(0.,-1.224646799147E-16,1.));
#15750 = DIRECTION('',(1.,-1.144237745222E-17,-1.401287092149E-33));
#15751 = CYLINDRICAL_SURFACE('',#15752,0.1);
#15752 = AXIS2_PLACEMENT_3D('',#15753,#15754,#15755);
#15753 = CARTESIAN_POINT('',(114.126,98.2815,-0.34));
#15754 = DIRECTION('',(0.,-1.224646799147E-16,1.));
#15755 = DIRECTION('',(1.,-1.144237745222E-17,-1.401287092149E-33));
#15756 = ADVANCED_FACE('',(#15757),#15784,.F.);
#15757 = FACE_BOUND('',#15758,.T.);
#15758 = EDGE_LOOP('',(#15759,#15767,#15768,#15769,#15770,#15778));
#15759 = ORIENTED_EDGE('',*,*,#15760,.F.);
#15760 = EDGE_CURVE('',#15711,#15761,#15763,.T.);
#15761 = VERTEX_POINT('',#15762);
#15762 = CARTESIAN_POINT('',(116.026,99.8815,-0.34));
#15763 = LINE('',#15764,#15765);
#15764 = CARTESIAN_POINT('',(115.726,99.8815,-0.34));
#15765 = VECTOR('',#15766,1.);
#15766 = DIRECTION('',(1.,-2.982499921471E-16,-3.652508982286E-32));
#15767 = ORIENTED_EDGE('',*,*,#15710,.T.);
#15768 = ORIENTED_EDGE('',*,*,#13193,.F.);
#15769 = ORIENTED_EDGE('',*,*,#14811,.T.);
#15770 = ORIENTED_EDGE('',*,*,#15771,.T.);
#15771 = EDGE_CURVE('',#14812,#15772,#15774,.T.);
#15772 = VERTEX_POINT('',#15773);
#15773 = CARTESIAN_POINT('',(116.026,99.8815,-0.54));
#15774 = LINE('',#15775,#15776);
#15775 = CARTESIAN_POINT('',(115.726,99.8815,-0.54));
#15776 = VECTOR('',#15777,1.);
#15777 = DIRECTION('',(1.,-2.982499921471E-16,-3.652508982286E-32));
#15778 = ORIENTED_EDGE('',*,*,#15779,.F.);
#15779 = EDGE_CURVE('',#15761,#15772,#15780,.T.);
#15780 = LINE('',#15781,#15782);
#15781 = CARTESIAN_POINT('',(116.026,99.8815,-0.34));
#15782 = VECTOR('',#15783,1.);
#15783 = DIRECTION('',(0.,1.224646799147E-16,-1.));
#15784 = PLANE('',#15785);
#15785 = AXIS2_PLACEMENT_3D('',#15786,#15787,#15788);
#15786 = CARTESIAN_POINT('',(115.726,99.8815,-0.34));
#15787 = DIRECTION('',(2.982499921471E-16,1.,1.224646799147E-16));
#15788 = DIRECTION('',(-1.,2.982499921471E-16,3.652508982286E-32));
#15789 = ADVANCED_FACE('',(#15790),#15817,.F.);
#15790 = FACE_BOUND('',#15791,.T.);
#15791 = EDGE_LOOP('',(#15792,#15800,#15808,#15814,#15815,#15816));
#15792 = ORIENTED_EDGE('',*,*,#15793,.F.);
#15793 = EDGE_CURVE('',#15794,#15738,#15796,.T.);
#15794 = VERTEX_POINT('',#15795);
#15795 = CARTESIAN_POINT('',(114.226,97.9815,-0.34));
#15796 = LINE('',#15797,#15798);
#15797 = CARTESIAN_POINT('',(114.226,97.9815,-0.34));
#15798 = VECTOR('',#15799,1.);
#15799 = DIRECTION('',(5.665538897648E-16,1.,1.224646799147E-16));
#15800 = ORIENTED_EDGE('',*,*,#15801,.T.);
#15801 = EDGE_CURVE('',#15794,#15802,#15804,.T.);
#15802 = VERTEX_POINT('',#15803);
#15803 = CARTESIAN_POINT('',(114.226,97.9815,-0.54));
#15804 = LINE('',#15805,#15806);
#15805 = CARTESIAN_POINT('',(114.226,97.9815,-0.34));
#15806 = VECTOR('',#15807,1.);
#15807 = DIRECTION('',(0.,1.224646799147E-16,-1.));
#15808 = ORIENTED_EDGE('',*,*,#15809,.T.);
#15809 = EDGE_CURVE('',#15802,#15342,#15810,.T.);
#15810 = LINE('',#15811,#15812);
#15811 = CARTESIAN_POINT('',(114.226,97.9815,-0.54));
#15812 = VECTOR('',#15813,1.);
#15813 = DIRECTION('',(5.665538897648E-16,1.,1.224646799147E-16));
#15814 = ORIENTED_EDGE('',*,*,#15349,.T.);
#15815 = ORIENTED_EDGE('',*,*,#12971,.F.);
#15816 = ORIENTED_EDGE('',*,*,#15737,.F.);
#15817 = PLANE('',#15818);
#15818 = AXIS2_PLACEMENT_3D('',#15819,#15820,#15821);
#15819 = CARTESIAN_POINT('',(114.226,97.9815,-0.34));
#15820 = DIRECTION('',(-1.,5.665538897648E-16,6.938284076447E-32));
#15821 = DIRECTION('',(-5.665538897648E-16,-1.,-1.224646799147E-16));
#15822 = ADVANCED_FACE('',(#15823),#15857,.F.);
#15823 = FACE_BOUND('',#15824,.T.);
#15824 = EDGE_LOOP('',(#15825,#15835,#15843,#15849,#15850,#15851));
#15825 = ORIENTED_EDGE('',*,*,#15826,.F.);
#15826 = EDGE_CURVE('',#15827,#15829,#15831,.T.);
#15827 = VERTEX_POINT('',#15828);
#15828 = CARTESIAN_POINT('',(116.026,99.6815,-0.34));
#15829 = VERTEX_POINT('',#15830);
#15830 = CARTESIAN_POINT('',(115.726,99.6815,-0.34));
#15831 = LINE('',#15832,#15833);
#15832 = CARTESIAN_POINT('',(116.026,99.6815,-0.34));
#15833 = VECTOR('',#15834,1.);
#15834 = DIRECTION('',(-1.,3.445092848398E-16,4.219021929555E-32));
#15835 = ORIENTED_EDGE('',*,*,#15836,.T.);
#15836 = EDGE_CURVE('',#15827,#15837,#15839,.T.);
#15837 = VERTEX_POINT('',#15838);
#15838 = CARTESIAN_POINT('',(116.026,99.6815,-0.54));
#15839 = LINE('',#15840,#15841);
#15840 = CARTESIAN_POINT('',(116.026,99.6815,-0.34));
#15841 = VECTOR('',#15842,1.);
#15842 = DIRECTION('',(0.,1.224646799147E-16,-1.));
#15843 = ORIENTED_EDGE('',*,*,#15844,.T.);
#15844 = EDGE_CURVE('',#15837,#14797,#15845,.T.);
#15845 = LINE('',#15846,#15847);
#15846 = CARTESIAN_POINT('',(116.026,99.6815,-0.54));
#15847 = VECTOR('',#15848,1.);
#15848 = DIRECTION('',(-1.,3.445092848398E-16,4.219021929555E-32));
#15849 = ORIENTED_EDGE('',*,*,#14804,.T.);
#15850 = ORIENTED_EDGE('',*,*,#13177,.F.);
#15851 = ORIENTED_EDGE('',*,*,#15852,.F.);
#15852 = EDGE_CURVE('',#15829,#13169,#15853,.T.);
#15853 = LINE('',#15854,#15855);
#15854 = CARTESIAN_POINT('',(115.726,99.6815,-0.34));
#15855 = VECTOR('',#15856,1.);
#15856 = DIRECTION('',(0.,1.224646799147E-16,-1.));
#15857 = PLANE('',#15858);
#15858 = AXIS2_PLACEMENT_3D('',#15859,#15860,#15861);
#15859 = CARTESIAN_POINT('',(116.026,99.6815,-0.34));
#15860 = DIRECTION('',(-3.445092848398E-16,-1.,-1.224646799147E-16));
#15861 = DIRECTION('',(1.,-3.445092848398E-16,-4.219021929555E-32));
#15862 = ADVANCED_FACE('',(#15863),#15897,.F.);
#15863 = FACE_BOUND('',#15864,.T.);
#15864 = EDGE_LOOP('',(#15865,#15875,#15881,#15882,#15883,#15891));
#15865 = ORIENTED_EDGE('',*,*,#15866,.F.);
#15866 = EDGE_CURVE('',#15867,#15869,#15871,.T.);
#15867 = VERTEX_POINT('',#15868);
#15868 = CARTESIAN_POINT('',(114.426,98.2815,-0.34));
#15869 = VERTEX_POINT('',#15870);
#15870 = CARTESIAN_POINT('',(114.426,97.9815,-0.34));
#15871 = LINE('',#15872,#15873);
#15872 = CARTESIAN_POINT('',(114.426,98.2815,-0.34));
#15873 = VECTOR('',#15874,1.);
#15874 = DIRECTION('',(-5.202945970721E-16,-1.,-1.224646799147E-16));
#15875 = ORIENTED_EDGE('',*,*,#15876,.T.);
#15876 = EDGE_CURVE('',#15867,#12988,#15877,.T.);
#15877 = LINE('',#15878,#15879);
#15878 = CARTESIAN_POINT('',(114.426,98.2815,-0.34));
#15879 = VECTOR('',#15880,1.);
#15880 = DIRECTION('',(0.,1.224646799147E-16,-1.));
#15881 = ORIENTED_EDGE('',*,*,#12987,.F.);
#15882 = ORIENTED_EDGE('',*,*,#15356,.T.);
#15883 = ORIENTED_EDGE('',*,*,#15884,.T.);
#15884 = EDGE_CURVE('',#15357,#15885,#15887,.T.);
#15885 = VERTEX_POINT('',#15886);
#15886 = CARTESIAN_POINT('',(114.426,97.9815,-0.54));
#15887 = LINE('',#15888,#15889);
#15888 = CARTESIAN_POINT('',(114.426,98.2815,-0.54));
#15889 = VECTOR('',#15890,1.);
#15890 = DIRECTION('',(-5.202945970721E-16,-1.,-1.224646799147E-16));
#15891 = ORIENTED_EDGE('',*,*,#15892,.F.);
#15892 = EDGE_CURVE('',#15869,#15885,#15893,.T.);
#15893 = LINE('',#15894,#15895);
#15894 = CARTESIAN_POINT('',(114.426,97.9815,-0.34));
#15895 = VECTOR('',#15896,1.);
#15896 = DIRECTION('',(0.,1.224646799147E-16,-1.));
#15897 = PLANE('',#15898);
#15898 = AXIS2_PLACEMENT_3D('',#15899,#15900,#15901);
#15899 = CARTESIAN_POINT('',(114.426,98.2815,-0.34));
#15900 = DIRECTION('',(1.,-5.202945970721E-16,-6.371771129178E-32));
#15901 = DIRECTION('',(5.202945970721E-16,1.,1.224646799147E-16));
#15902 = ADVANCED_FACE('',(#15903),#15922,.T.);
#15903 = FACE_BOUND('',#15904,.F.);
#15904 = EDGE_LOOP('',(#15905,#15913,#15914,#15915));
#15905 = ORIENTED_EDGE('',*,*,#15906,.T.);
#15906 = EDGE_CURVE('',#15907,#13161,#15909,.T.);
#15907 = VERTEX_POINT('',#15908);
#15908 = CARTESIAN_POINT('',(115.726,99.4815,-0.34));
#15909 = LINE('',#15910,#15911);
#15910 = CARTESIAN_POINT('',(115.726,99.4815,-0.34));
#15911 = VECTOR('',#15912,1.);
#15912 = DIRECTION('',(0.,1.224646799147E-16,-1.));
#15913 = ORIENTED_EDGE('',*,*,#13168,.T.);
#15914 = ORIENTED_EDGE('',*,*,#15852,.F.);
#15915 = ORIENTED_EDGE('',*,*,#15916,.T.);
#15916 = EDGE_CURVE('',#15829,#15907,#15917,.T.);
#15917 = CIRCLE('',#15918,0.1);
#15918 = AXIS2_PLACEMENT_3D('',#15919,#15920,#15921);
#15919 = CARTESIAN_POINT('',(115.726,99.5815,-0.34));
#15920 = DIRECTION('',(0.,-1.224646799147E-16,1.));
#15921 = DIRECTION('',(-2.106022274728E-16,1.,1.224646799147E-16));
#15922 = CYLINDRICAL_SURFACE('',#15923,0.1);
#15923 = AXIS2_PLACEMENT_3D('',#15924,#15925,#15926);
#15924 = CARTESIAN_POINT('',(115.726,99.5815,-0.34));
#15925 = DIRECTION('',(0.,-1.224646799147E-16,1.));
#15926 = DIRECTION('',(-2.106022274728E-16,1.,1.224646799147E-16));
#15927 = ADVANCED_FACE('',(#15928),#15947,.T.);
#15928 = FACE_BOUND('',#15929,.F.);
#15929 = EDGE_LOOP('',(#15930,#15931,#15932,#15940));
#15930 = ORIENTED_EDGE('',*,*,#15876,.T.);
#15931 = ORIENTED_EDGE('',*,*,#12995,.T.);
#15932 = ORIENTED_EDGE('',*,*,#15933,.F.);
#15933 = EDGE_CURVE('',#15934,#12996,#15936,.T.);
#15934 = VERTEX_POINT('',#15935);
#15935 = CARTESIAN_POINT('',(114.626,98.2815,-0.34));
#15936 = LINE('',#15937,#15938);
#15937 = CARTESIAN_POINT('',(114.626,98.2815,-0.34));
#15938 = VECTOR('',#15939,1.);
#15939 = DIRECTION('',(0.,1.224646799147E-16,-1.));
#15940 = ORIENTED_EDGE('',*,*,#15941,.T.);
#15941 = EDGE_CURVE('',#15934,#15867,#15942,.T.);
#15942 = CIRCLE('',#15943,0.1);
#15943 = AXIS2_PLACEMENT_3D('',#15944,#15945,#15946);
#15944 = CARTESIAN_POINT('',(114.526,98.2815,-0.34));
#15945 = DIRECTION('',(0.,-1.224646799147E-16,1.));
#15946 = DIRECTION('',(1.,-1.144237745222E-17,-1.401287092149E-33));
#15947 = CYLINDRICAL_SURFACE('',#15948,0.1);
#15948 = AXIS2_PLACEMENT_3D('',#15949,#15950,#15951);
#15949 = CARTESIAN_POINT('',(114.526,98.2815,-0.34));
#15950 = DIRECTION('',(0.,-1.224646799147E-16,1.));
#15951 = DIRECTION('',(1.,-1.144237745222E-17,-1.401287092149E-33));
#15952 = ADVANCED_FACE('',(#15953),#15980,.F.);
#15953 = FACE_BOUND('',#15954,.T.);
#15954 = EDGE_LOOP('',(#15955,#15963,#15964,#15965,#15966,#15974));
#15955 = ORIENTED_EDGE('',*,*,#15956,.F.);
#15956 = EDGE_CURVE('',#15907,#15957,#15959,.T.);
#15957 = VERTEX_POINT('',#15958);
#15958 = CARTESIAN_POINT('',(116.026,99.4815,-0.34));
#15959 = LINE('',#15960,#15961);
#15960 = CARTESIAN_POINT('',(115.726,99.4815,-0.34));
#15961 = VECTOR('',#15962,1.);
#15962 = DIRECTION('',(1.,-2.982499921471E-16,-3.652508982286E-32));
#15963 = ORIENTED_EDGE('',*,*,#15906,.T.);
#15964 = ORIENTED_EDGE('',*,*,#13160,.F.);
#15965 = ORIENTED_EDGE('',*,*,#14788,.T.);
#15966 = ORIENTED_EDGE('',*,*,#15967,.T.);
#15967 = EDGE_CURVE('',#14789,#15968,#15970,.T.);
#15968 = VERTEX_POINT('',#15969);
#15969 = CARTESIAN_POINT('',(116.026,99.4815,-0.54));
#15970 = LINE('',#15971,#15972);
#15971 = CARTESIAN_POINT('',(115.726,99.4815,-0.54));
#15972 = VECTOR('',#15973,1.);
#15973 = DIRECTION('',(1.,-2.982499921471E-16,-3.652508982286E-32));
#15974 = ORIENTED_EDGE('',*,*,#15975,.F.);
#15975 = EDGE_CURVE('',#15957,#15968,#15976,.T.);
#15976 = LINE('',#15977,#15978);
#15977 = CARTESIAN_POINT('',(116.026,99.4815,-0.34));
#15978 = VECTOR('',#15979,1.);
#15979 = DIRECTION('',(0.,1.224646799147E-16,-1.));
#15980 = PLANE('',#15981);
#15981 = AXIS2_PLACEMENT_3D('',#15982,#15983,#15984);
#15982 = CARTESIAN_POINT('',(115.726,99.4815,-0.34));
#15983 = DIRECTION('',(2.982499921471E-16,1.,1.224646799147E-16));
#15984 = DIRECTION('',(-1.,2.982499921471E-16,3.652508982286E-32));
#15985 = ADVANCED_FACE('',(#15986),#16013,.F.);
#15986 = FACE_BOUND('',#15987,.T.);
#15987 = EDGE_LOOP('',(#15988,#15996,#16004,#16010,#16011,#16012));
#15988 = ORIENTED_EDGE('',*,*,#15989,.F.);
#15989 = EDGE_CURVE('',#15990,#15934,#15992,.T.);
#15990 = VERTEX_POINT('',#15991);
#15991 = CARTESIAN_POINT('',(114.626,97.9815,-0.34));
#15992 = LINE('',#15993,#15994);
#15993 = CARTESIAN_POINT('',(114.626,97.9815,-0.34));
#15994 = VECTOR('',#15995,1.);
#15995 = DIRECTION('',(5.665538897648E-16,1.,1.224646799147E-16));
#15996 = ORIENTED_EDGE('',*,*,#15997,.T.);
#15997 = EDGE_CURVE('',#15990,#15998,#16000,.T.);
#15998 = VERTEX_POINT('',#15999);
#15999 = CARTESIAN_POINT('',(114.626,97.9815,-0.54));
#16000 = LINE('',#16001,#16002);
#16001 = CARTESIAN_POINT('',(114.626,97.9815,-0.34));
#16002 = VECTOR('',#16003,1.);
#16003 = DIRECTION('',(0.,1.224646799147E-16,-1.));
#16004 = ORIENTED_EDGE('',*,*,#16005,.T.);
#16005 = EDGE_CURVE('',#15998,#15365,#16006,.T.);
#16006 = LINE('',#16007,#16008);
#16007 = CARTESIAN_POINT('',(114.626,97.9815,-0.54));
#16008 = VECTOR('',#16009,1.);
#16009 = DIRECTION('',(5.665538897648E-16,1.,1.224646799147E-16));
#16010 = ORIENTED_EDGE('',*,*,#15372,.T.);
#16011 = ORIENTED_EDGE('',*,*,#13004,.F.);
#16012 = ORIENTED_EDGE('',*,*,#15933,.F.);
#16013 = PLANE('',#16014);
#16014 = AXIS2_PLACEMENT_3D('',#16015,#16016,#16017);
#16015 = CARTESIAN_POINT('',(114.626,97.9815,-0.34));
#16016 = DIRECTION('',(-1.,5.665538897648E-16,6.938284076447E-32));
#16017 = DIRECTION('',(-5.665538897648E-16,-1.,-1.224646799147E-16));
#16018 = ADVANCED_FACE('',(#16019),#16053,.F.);
#16019 = FACE_BOUND('',#16020,.T.);
#16020 = EDGE_LOOP('',(#16021,#16031,#16039,#16045,#16046,#16047));
#16021 = ORIENTED_EDGE('',*,*,#16022,.F.);
#16022 = EDGE_CURVE('',#16023,#16025,#16027,.T.);
#16023 = VERTEX_POINT('',#16024);
#16024 = CARTESIAN_POINT('',(116.026,99.2815,-0.34));
#16025 = VERTEX_POINT('',#16026);
#16026 = CARTESIAN_POINT('',(115.726,99.2815,-0.34));
#16027 = LINE('',#16028,#16029);
#16028 = CARTESIAN_POINT('',(116.026,99.2815,-0.34));
#16029 = VECTOR('',#16030,1.);
#16030 = DIRECTION('',(-1.,3.445092848398E-16,4.219021929555E-32));
#16031 = ORIENTED_EDGE('',*,*,#16032,.T.);
#16032 = EDGE_CURVE('',#16023,#16033,#16035,.T.);
#16033 = VERTEX_POINT('',#16034);
#16034 = CARTESIAN_POINT('',(116.026,99.2815,-0.54));
#16035 = LINE('',#16036,#16037);
#16036 = CARTESIAN_POINT('',(116.026,99.2815,-0.34));
#16037 = VECTOR('',#16038,1.);
#16038 = DIRECTION('',(0.,1.224646799147E-16,-1.));
#16039 = ORIENTED_EDGE('',*,*,#16040,.T.);
#16040 = EDGE_CURVE('',#16033,#14774,#16041,.T.);
#16041 = LINE('',#16042,#16043);
#16042 = CARTESIAN_POINT('',(116.026,99.2815,-0.54));
#16043 = VECTOR('',#16044,1.);
#16044 = DIRECTION('',(-1.,3.445092848398E-16,4.219021929555E-32));
#16045 = ORIENTED_EDGE('',*,*,#14781,.T.);
#16046 = ORIENTED_EDGE('',*,*,#13144,.F.);
#16047 = ORIENTED_EDGE('',*,*,#16048,.F.);
#16048 = EDGE_CURVE('',#16025,#13136,#16049,.T.);
#16049 = LINE('',#16050,#16051);
#16050 = CARTESIAN_POINT('',(115.726,99.2815,-0.34));
#16051 = VECTOR('',#16052,1.);
#16052 = DIRECTION('',(0.,1.224646799147E-16,-1.));
#16053 = PLANE('',#16054);
#16054 = AXIS2_PLACEMENT_3D('',#16055,#16056,#16057);
#16055 = CARTESIAN_POINT('',(116.026,99.2815,-0.34));
#16056 = DIRECTION('',(-3.445092848398E-16,-1.,-1.224646799147E-16));
#16057 = DIRECTION('',(1.,-3.445092848398E-16,-4.219021929555E-32));
#16058 = ADVANCED_FACE('',(#16059),#16093,.F.);
#16059 = FACE_BOUND('',#16060,.T.);
#16060 = EDGE_LOOP('',(#16061,#16071,#16077,#16078,#16079,#16087));
#16061 = ORIENTED_EDGE('',*,*,#16062,.F.);
#16062 = EDGE_CURVE('',#16063,#16065,#16067,.T.);
#16063 = VERTEX_POINT('',#16064);
#16064 = CARTESIAN_POINT('',(114.826,98.2815,-0.34));
#16065 = VERTEX_POINT('',#16066);
#16066 = CARTESIAN_POINT('',(114.826,97.9815,-0.34));
#16067 = LINE('',#16068,#16069);
#16068 = CARTESIAN_POINT('',(114.826,98.2815,-0.34));
#16069 = VECTOR('',#16070,1.);
#16070 = DIRECTION('',(-5.202945970721E-16,-1.,-1.224646799147E-16));
#16071 = ORIENTED_EDGE('',*,*,#16072,.T.);
#16072 = EDGE_CURVE('',#16063,#13021,#16073,.T.);
#16073 = LINE('',#16074,#16075);
#16074 = CARTESIAN_POINT('',(114.826,98.2815,-0.34));
#16075 = VECTOR('',#16076,1.);
#16076 = DIRECTION('',(0.,1.224646799147E-16,-1.));
#16077 = ORIENTED_EDGE('',*,*,#13020,.F.);
#16078 = ORIENTED_EDGE('',*,*,#15379,.T.);
#16079 = ORIENTED_EDGE('',*,*,#16080,.T.);
#16080 = EDGE_CURVE('',#15380,#16081,#16083,.T.);
#16081 = VERTEX_POINT('',#16082);
#16082 = CARTESIAN_POINT('',(114.826,97.9815,-0.54));
#16083 = LINE('',#16084,#16085);
#16084 = CARTESIAN_POINT('',(114.826,98.2815,-0.54));
#16085 = VECTOR('',#16086,1.);
#16086 = DIRECTION('',(-5.202945970721E-16,-1.,-1.224646799147E-16));
#16087 = ORIENTED_EDGE('',*,*,#16088,.F.);
#16088 = EDGE_CURVE('',#16065,#16081,#16089,.T.);
#16089 = LINE('',#16090,#16091);
#16090 = CARTESIAN_POINT('',(114.826,97.9815,-0.34));
#16091 = VECTOR('',#16092,1.);
#16092 = DIRECTION('',(0.,1.224646799147E-16,-1.));
#16093 = PLANE('',#16094);
#16094 = AXIS2_PLACEMENT_3D('',#16095,#16096,#16097);
#16095 = CARTESIAN_POINT('',(114.826,98.2815,-0.34));
#16096 = DIRECTION('',(1.,-5.202945970721E-16,-6.371771129178E-32));
#16097 = DIRECTION('',(5.202945970721E-16,1.,1.224646799147E-16));
#16098 = ADVANCED_FACE('',(#16099),#16118,.T.);
#16099 = FACE_BOUND('',#16100,.F.);
#16100 = EDGE_LOOP('',(#16101,#16109,#16110,#16111));
#16101 = ORIENTED_EDGE('',*,*,#16102,.T.);
#16102 = EDGE_CURVE('',#16103,#13128,#16105,.T.);
#16103 = VERTEX_POINT('',#16104);
#16104 = CARTESIAN_POINT('',(115.726,99.0815,-0.34));
#16105 = LINE('',#16106,#16107);
#16106 = CARTESIAN_POINT('',(115.726,99.0815,-0.34));
#16107 = VECTOR('',#16108,1.);
#16108 = DIRECTION('',(0.,1.224646799147E-16,-1.));
#16109 = ORIENTED_EDGE('',*,*,#13135,.T.);
#16110 = ORIENTED_EDGE('',*,*,#16048,.F.);
#16111 = ORIENTED_EDGE('',*,*,#16112,.T.);
#16112 = EDGE_CURVE('',#16025,#16103,#16113,.T.);
#16113 = CIRCLE('',#16114,0.1);
#16114 = AXIS2_PLACEMENT_3D('',#16115,#16116,#16117);
#16115 = CARTESIAN_POINT('',(115.726,99.1815,-0.34));
#16116 = DIRECTION('',(0.,-1.224646799147E-16,1.));
#16117 = DIRECTION('',(-2.106022274728E-16,1.,1.224646799147E-16));
#16118 = CYLINDRICAL_SURFACE('',#16119,0.1);
#16119 = AXIS2_PLACEMENT_3D('',#16120,#16121,#16122);
#16120 = CARTESIAN_POINT('',(115.726,99.1815,-0.34));
#16121 = DIRECTION('',(0.,-1.224646799147E-16,1.));
#16122 = DIRECTION('',(-2.106022274728E-16,1.,1.224646799147E-16));
#16123 = ADVANCED_FACE('',(#16124),#16143,.T.);
#16124 = FACE_BOUND('',#16125,.F.);
#16125 = EDGE_LOOP('',(#16126,#16127,#16128,#16136));
#16126 = ORIENTED_EDGE('',*,*,#16072,.T.);
#16127 = ORIENTED_EDGE('',*,*,#13028,.T.);
#16128 = ORIENTED_EDGE('',*,*,#16129,.F.);
#16129 = EDGE_CURVE('',#16130,#13029,#16132,.T.);
#16130 = VERTEX_POINT('',#16131);
#16131 = CARTESIAN_POINT('',(115.026,98.2815,-0.34));
#16132 = LINE('',#16133,#16134);
#16133 = CARTESIAN_POINT('',(115.026,98.2815,-0.34));
#16134 = VECTOR('',#16135,1.);
#16135 = DIRECTION('',(0.,1.224646799147E-16,-1.));
#16136 = ORIENTED_EDGE('',*,*,#16137,.T.);
#16137 = EDGE_CURVE('',#16130,#16063,#16138,.T.);
#16138 = CIRCLE('',#16139,0.1);
#16139 = AXIS2_PLACEMENT_3D('',#16140,#16141,#16142);
#16140 = CARTESIAN_POINT('',(114.926,98.2815,-0.34));
#16141 = DIRECTION('',(0.,-1.224646799147E-16,1.));
#16142 = DIRECTION('',(1.,-1.144237745222E-17,-1.401287092149E-33));
#16143 = CYLINDRICAL_SURFACE('',#16144,0.1);
#16144 = AXIS2_PLACEMENT_3D('',#16145,#16146,#16147);
#16145 = CARTESIAN_POINT('',(114.926,98.2815,-0.34));
#16146 = DIRECTION('',(0.,-1.224646799147E-16,1.));
#16147 = DIRECTION('',(1.,-1.144237745222E-17,-1.401287092149E-33));
#16148 = ADVANCED_FACE('',(#16149),#16176,.F.);
#16149 = FACE_BOUND('',#16150,.T.);
#16150 = EDGE_LOOP('',(#16151,#16159,#16160,#16161,#16162,#16170));
#16151 = ORIENTED_EDGE('',*,*,#16152,.F.);
#16152 = EDGE_CURVE('',#16103,#16153,#16155,.T.);
#16153 = VERTEX_POINT('',#16154);
#16154 = CARTESIAN_POINT('',(116.026,99.0815,-0.34));
#16155 = LINE('',#16156,#16157);
#16156 = CARTESIAN_POINT('',(115.726,99.0815,-0.34));
#16157 = VECTOR('',#16158,1.);
#16158 = DIRECTION('',(1.,-2.982499921471E-16,-3.652508982286E-32));
#16159 = ORIENTED_EDGE('',*,*,#16102,.T.);
#16160 = ORIENTED_EDGE('',*,*,#13127,.F.);
#16161 = ORIENTED_EDGE('',*,*,#14765,.T.);
#16162 = ORIENTED_EDGE('',*,*,#16163,.T.);
#16163 = EDGE_CURVE('',#14766,#16164,#16166,.T.);
#16164 = VERTEX_POINT('',#16165);
#16165 = CARTESIAN_POINT('',(116.026,99.0815,-0.54));
#16166 = LINE('',#16167,#16168);
#16167 = CARTESIAN_POINT('',(115.726,99.0815,-0.54));
#16168 = VECTOR('',#16169,1.);
#16169 = DIRECTION('',(1.,-2.982499921471E-16,-3.652508982286E-32));
#16170 = ORIENTED_EDGE('',*,*,#16171,.F.);
#16171 = EDGE_CURVE('',#16153,#16164,#16172,.T.);
#16172 = LINE('',#16173,#16174);
#16173 = CARTESIAN_POINT('',(116.026,99.0815,-0.34));
#16174 = VECTOR('',#16175,1.);
#16175 = DIRECTION('',(0.,1.224646799147E-16,-1.));
#16176 = PLANE('',#16177);
#16177 = AXIS2_PLACEMENT_3D('',#16178,#16179,#16180);
#16178 = CARTESIAN_POINT('',(115.726,99.0815,-0.34));
#16179 = DIRECTION('',(2.982499921471E-16,1.,1.224646799147E-16));
#16180 = DIRECTION('',(-1.,2.982499921471E-16,3.652508982286E-32));
#16181 = ADVANCED_FACE('',(#16182),#16209,.F.);
#16182 = FACE_BOUND('',#16183,.T.);
#16183 = EDGE_LOOP('',(#16184,#16192,#16200,#16206,#16207,#16208));
#16184 = ORIENTED_EDGE('',*,*,#16185,.F.);
#16185 = EDGE_CURVE('',#16186,#16130,#16188,.T.);
#16186 = VERTEX_POINT('',#16187);
#16187 = CARTESIAN_POINT('',(115.026,97.9815,-0.34));
#16188 = LINE('',#16189,#16190);
#16189 = CARTESIAN_POINT('',(115.026,97.9815,-0.34));
#16190 = VECTOR('',#16191,1.);
#16191 = DIRECTION('',(5.665538897648E-16,1.,1.224646799147E-16));
#16192 = ORIENTED_EDGE('',*,*,#16193,.T.);
#16193 = EDGE_CURVE('',#16186,#16194,#16196,.T.);
#16194 = VERTEX_POINT('',#16195);
#16195 = CARTESIAN_POINT('',(115.026,97.9815,-0.54));
#16196 = LINE('',#16197,#16198);
#16197 = CARTESIAN_POINT('',(115.026,97.9815,-0.34));
#16198 = VECTOR('',#16199,1.);
#16199 = DIRECTION('',(0.,1.224646799147E-16,-1.));
#16200 = ORIENTED_EDGE('',*,*,#16201,.T.);
#16201 = EDGE_CURVE('',#16194,#15388,#16202,.T.);
#16202 = LINE('',#16203,#16204);
#16203 = CARTESIAN_POINT('',(115.026,97.9815,-0.54));
#16204 = VECTOR('',#16205,1.);
#16205 = DIRECTION('',(5.665538897648E-16,1.,1.224646799147E-16));
#16206 = ORIENTED_EDGE('',*,*,#15395,.T.);
#16207 = ORIENTED_EDGE('',*,*,#13037,.F.);
#16208 = ORIENTED_EDGE('',*,*,#16129,.F.);
#16209 = PLANE('',#16210);
#16210 = AXIS2_PLACEMENT_3D('',#16211,#16212,#16213);
#16211 = CARTESIAN_POINT('',(115.026,97.9815,-0.34));
#16212 = DIRECTION('',(-1.,5.665538897648E-16,6.938284076447E-32));
#16213 = DIRECTION('',(-5.665538897648E-16,-1.,-1.224646799147E-16));
#16214 = ADVANCED_FACE('',(#16215),#16249,.F.);
#16215 = FACE_BOUND('',#16216,.T.);
#16216 = EDGE_LOOP('',(#16217,#16227,#16235,#16241,#16242,#16243));
#16217 = ORIENTED_EDGE('',*,*,#16218,.F.);
#16218 = EDGE_CURVE('',#16219,#16221,#16223,.T.);
#16219 = VERTEX_POINT('',#16220);
#16220 = CARTESIAN_POINT('',(116.026,98.8815,-0.34));
#16221 = VERTEX_POINT('',#16222);
#16222 = CARTESIAN_POINT('',(115.726,98.8815,-0.34));
#16223 = LINE('',#16224,#16225);
#16224 = CARTESIAN_POINT('',(116.026,98.8815,-0.34));
#16225 = VECTOR('',#16226,1.);
#16226 = DIRECTION('',(-1.,3.445092848398E-16,4.219021929555E-32));
#16227 = ORIENTED_EDGE('',*,*,#16228,.T.);
#16228 = EDGE_CURVE('',#16219,#16229,#16231,.T.);
#16229 = VERTEX_POINT('',#16230);
#16230 = CARTESIAN_POINT('',(116.026,98.8815,-0.54));
#16231 = LINE('',#16232,#16233);
#16232 = CARTESIAN_POINT('',(116.026,98.8815,-0.34));
#16233 = VECTOR('',#16234,1.);
#16234 = DIRECTION('',(0.,1.224646799147E-16,-1.));
#16235 = ORIENTED_EDGE('',*,*,#16236,.T.);
#16236 = EDGE_CURVE('',#16229,#14751,#16237,.T.);
#16237 = LINE('',#16238,#16239);
#16238 = CARTESIAN_POINT('',(116.026,98.8815,-0.54));
#16239 = VECTOR('',#16240,1.);
#16240 = DIRECTION('',(-1.,3.445092848398E-16,4.219021929555E-32));
#16241 = ORIENTED_EDGE('',*,*,#14758,.T.);
#16242 = ORIENTED_EDGE('',*,*,#13111,.F.);
#16243 = ORIENTED_EDGE('',*,*,#16244,.F.);
#16244 = EDGE_CURVE('',#16221,#13103,#16245,.T.);
#16245 = LINE('',#16246,#16247);
#16246 = CARTESIAN_POINT('',(115.726,98.8815,-0.34));
#16247 = VECTOR('',#16248,1.);
#16248 = DIRECTION('',(0.,1.224646799147E-16,-1.));
#16249 = PLANE('',#16250);
#16250 = AXIS2_PLACEMENT_3D('',#16251,#16252,#16253);
#16251 = CARTESIAN_POINT('',(116.026,98.8815,-0.34));
#16252 = DIRECTION('',(-3.445092848398E-16,-1.,-1.224646799147E-16));
#16253 = DIRECTION('',(1.,-3.445092848398E-16,-4.219021929555E-32));
#16254 = ADVANCED_FACE('',(#16255),#16289,.F.);
#16255 = FACE_BOUND('',#16256,.T.);
#16256 = EDGE_LOOP('',(#16257,#16267,#16273,#16274,#16275,#16283));
#16257 = ORIENTED_EDGE('',*,*,#16258,.F.);
#16258 = EDGE_CURVE('',#16259,#16261,#16263,.T.);
#16259 = VERTEX_POINT('',#16260);
#16260 = CARTESIAN_POINT('',(115.226,98.2815,-0.34));
#16261 = VERTEX_POINT('',#16262);
#16262 = CARTESIAN_POINT('',(115.226,97.9815,-0.34));
#16263 = LINE('',#16264,#16265);
#16264 = CARTESIAN_POINT('',(115.226,98.2815,-0.34));
#16265 = VECTOR('',#16266,1.);
#16266 = DIRECTION('',(-5.202945970721E-16,-1.,-1.224646799147E-16));
#16267 = ORIENTED_EDGE('',*,*,#16268,.T.);
#16268 = EDGE_CURVE('',#16259,#13054,#16269,.T.);
#16269 = LINE('',#16270,#16271);
#16270 = CARTESIAN_POINT('',(115.226,98.2815,-0.34));
#16271 = VECTOR('',#16272,1.);
#16272 = DIRECTION('',(0.,1.224646799147E-16,-1.));
#16273 = ORIENTED_EDGE('',*,*,#13053,.F.);
#16274 = ORIENTED_EDGE('',*,*,#15402,.T.);
#16275 = ORIENTED_EDGE('',*,*,#16276,.T.);
#16276 = EDGE_CURVE('',#15403,#16277,#16279,.T.);
#16277 = VERTEX_POINT('',#16278);
#16278 = CARTESIAN_POINT('',(115.226,97.9815,-0.54));
#16279 = LINE('',#16280,#16281);
#16280 = CARTESIAN_POINT('',(115.226,98.2815,-0.54));
#16281 = VECTOR('',#16282,1.);
#16282 = DIRECTION('',(-5.202945970721E-16,-1.,-1.224646799147E-16));
#16283 = ORIENTED_EDGE('',*,*,#16284,.F.);
#16284 = EDGE_CURVE('',#16261,#16277,#16285,.T.);
#16285 = LINE('',#16286,#16287);
#16286 = CARTESIAN_POINT('',(115.226,97.9815,-0.34));
#16287 = VECTOR('',#16288,1.);
#16288 = DIRECTION('',(0.,1.224646799147E-16,-1.));
#16289 = PLANE('',#16290);
#16290 = AXIS2_PLACEMENT_3D('',#16291,#16292,#16293);
#16291 = CARTESIAN_POINT('',(115.226,98.2815,-0.34));
#16292 = DIRECTION('',(1.,-5.202945970721E-16,-6.371771129178E-32));
#16293 = DIRECTION('',(5.202945970721E-16,1.,1.224646799147E-16));
#16294 = ADVANCED_FACE('',(#16295),#16314,.T.);
#16295 = FACE_BOUND('',#16296,.F.);
#16296 = EDGE_LOOP('',(#16297,#16305,#16306,#16307));
#16297 = ORIENTED_EDGE('',*,*,#16298,.T.);
#16298 = EDGE_CURVE('',#16299,#13095,#16301,.T.);
#16299 = VERTEX_POINT('',#16300);
#16300 = CARTESIAN_POINT('',(115.726,98.6815,-0.34));
#16301 = LINE('',#16302,#16303);
#16302 = CARTESIAN_POINT('',(115.726,98.6815,-0.34));
#16303 = VECTOR('',#16304,1.);
#16304 = DIRECTION('',(0.,1.224646799147E-16,-1.));
#16305 = ORIENTED_EDGE('',*,*,#13102,.T.);
#16306 = ORIENTED_EDGE('',*,*,#16244,.F.);
#16307 = ORIENTED_EDGE('',*,*,#16308,.T.);
#16308 = EDGE_CURVE('',#16221,#16299,#16309,.T.);
#16309 = CIRCLE('',#16310,0.1);
#16310 = AXIS2_PLACEMENT_3D('',#16311,#16312,#16313);
#16311 = CARTESIAN_POINT('',(115.726,98.7815,-0.34));
#16312 = DIRECTION('',(0.,-1.224646799147E-16,1.));
#16313 = DIRECTION('',(-2.106022274728E-16,1.,1.224646799147E-16));
#16314 = CYLINDRICAL_SURFACE('',#16315,0.1);
#16315 = AXIS2_PLACEMENT_3D('',#16316,#16317,#16318);
#16316 = CARTESIAN_POINT('',(115.726,98.7815,-0.34));
#16317 = DIRECTION('',(0.,-1.224646799147E-16,1.));
#16318 = DIRECTION('',(-2.106022274728E-16,1.,1.224646799147E-16));
#16319 = ADVANCED_FACE('',(#16320),#16339,.T.);
#16320 = FACE_BOUND('',#16321,.F.);
#16321 = EDGE_LOOP('',(#16322,#16323,#16324,#16332));
#16322 = ORIENTED_EDGE('',*,*,#16268,.T.);
#16323 = ORIENTED_EDGE('',*,*,#13061,.T.);
#16324 = ORIENTED_EDGE('',*,*,#16325,.F.);
#16325 = EDGE_CURVE('',#16326,#13062,#16328,.T.);
#16326 = VERTEX_POINT('',#16327);
#16327 = CARTESIAN_POINT('',(115.426,98.2815,-0.34));
#16328 = LINE('',#16329,#16330);
#16329 = CARTESIAN_POINT('',(115.426,98.2815,-0.34));
#16330 = VECTOR('',#16331,1.);
#16331 = DIRECTION('',(0.,1.224646799147E-16,-1.));
#16332 = ORIENTED_EDGE('',*,*,#16333,.T.);
#16333 = EDGE_CURVE('',#16326,#16259,#16334,.T.);
#16334 = CIRCLE('',#16335,0.1);
#16335 = AXIS2_PLACEMENT_3D('',#16336,#16337,#16338);
#16336 = CARTESIAN_POINT('',(115.326,98.2815,-0.34));
#16337 = DIRECTION('',(0.,-1.224646799147E-16,1.));
#16338 = DIRECTION('',(1.,-1.144237745222E-17,-1.401287092149E-33));
#16339 = CYLINDRICAL_SURFACE('',#16340,0.1);
#16340 = AXIS2_PLACEMENT_3D('',#16341,#16342,#16343);
#16341 = CARTESIAN_POINT('',(115.326,98.2815,-0.34));
#16342 = DIRECTION('',(0.,-1.224646799147E-16,1.));
#16343 = DIRECTION('',(1.,-1.144237745222E-17,-1.401287092149E-33));
#16344 = ADVANCED_FACE('',(#16345),#16372,.F.);
#16345 = FACE_BOUND('',#16346,.T.);
#16346 = EDGE_LOOP('',(#16347,#16355,#16356,#16357,#16358,#16366));
#16347 = ORIENTED_EDGE('',*,*,#16348,.F.);
#16348 = EDGE_CURVE('',#16299,#16349,#16351,.T.);
#16349 = VERTEX_POINT('',#16350);
#16350 = CARTESIAN_POINT('',(116.026,98.6815,-0.34));
#16351 = LINE('',#16352,#16353);
#16352 = CARTESIAN_POINT('',(115.726,98.6815,-0.34));
#16353 = VECTOR('',#16354,1.);
#16354 = DIRECTION('',(1.,-2.982499921471E-16,-3.652508982286E-32));
#16355 = ORIENTED_EDGE('',*,*,#16298,.T.);
#16356 = ORIENTED_EDGE('',*,*,#13094,.F.);
#16357 = ORIENTED_EDGE('',*,*,#14742,.T.);
#16358 = ORIENTED_EDGE('',*,*,#16359,.T.);
#16359 = EDGE_CURVE('',#14743,#16360,#16362,.T.);
#16360 = VERTEX_POINT('',#16361);
#16361 = CARTESIAN_POINT('',(116.026,98.6815,-0.54));
#16362 = LINE('',#16363,#16364);
#16363 = CARTESIAN_POINT('',(115.726,98.6815,-0.54));
#16364 = VECTOR('',#16365,1.);
#16365 = DIRECTION('',(1.,-2.982499921471E-16,-3.652508982286E-32));
#16366 = ORIENTED_EDGE('',*,*,#16367,.F.);
#16367 = EDGE_CURVE('',#16349,#16360,#16368,.T.);
#16368 = LINE('',#16369,#16370);
#16369 = CARTESIAN_POINT('',(116.026,98.6815,-0.34));
#16370 = VECTOR('',#16371,1.);
#16371 = DIRECTION('',(0.,1.224646799147E-16,-1.));
#16372 = PLANE('',#16373);
#16373 = AXIS2_PLACEMENT_3D('',#16374,#16375,#16376);
#16374 = CARTESIAN_POINT('',(115.726,98.6815,-0.34));
#16375 = DIRECTION('',(2.982499921471E-16,1.,1.224646799147E-16));
#16376 = DIRECTION('',(-1.,2.982499921471E-16,3.652508982286E-32));
#16377 = ADVANCED_FACE('',(#16378),#16405,.F.);
#16378 = FACE_BOUND('',#16379,.T.);
#16379 = EDGE_LOOP('',(#16380,#16388,#16396,#16402,#16403,#16404));
#16380 = ORIENTED_EDGE('',*,*,#16381,.F.);
#16381 = EDGE_CURVE('',#16382,#16326,#16384,.T.);
#16382 = VERTEX_POINT('',#16383);
#16383 = CARTESIAN_POINT('',(115.426,97.9815,-0.34));
#16384 = LINE('',#16385,#16386);
#16385 = CARTESIAN_POINT('',(115.426,97.9815,-0.34));
#16386 = VECTOR('',#16387,1.);
#16387 = DIRECTION('',(5.665538897648E-16,1.,1.224646799147E-16));
#16388 = ORIENTED_EDGE('',*,*,#16389,.T.);
#16389 = EDGE_CURVE('',#16382,#16390,#16392,.T.);
#16390 = VERTEX_POINT('',#16391);
#16391 = CARTESIAN_POINT('',(115.426,97.9815,-0.54));
#16392 = LINE('',#16393,#16394);
#16393 = CARTESIAN_POINT('',(115.426,97.9815,-0.34));
#16394 = VECTOR('',#16395,1.);
#16395 = DIRECTION('',(0.,1.224646799147E-16,-1.));
#16396 = ORIENTED_EDGE('',*,*,#16397,.T.);
#16397 = EDGE_CURVE('',#16390,#15411,#16398,.T.);
#16398 = LINE('',#16399,#16400);
#16399 = CARTESIAN_POINT('',(115.426,97.9815,-0.54));
#16400 = VECTOR('',#16401,1.);
#16401 = DIRECTION('',(5.665538897648E-16,1.,1.224646799147E-16));
#16402 = ORIENTED_EDGE('',*,*,#15418,.T.);
#16403 = ORIENTED_EDGE('',*,*,#13070,.F.);
#16404 = ORIENTED_EDGE('',*,*,#16325,.F.);
#16405 = PLANE('',#16406);
#16406 = AXIS2_PLACEMENT_3D('',#16407,#16408,#16409);
#16407 = CARTESIAN_POINT('',(115.426,97.9815,-0.34));
#16408 = DIRECTION('',(-1.,5.665538897648E-16,6.938284076447E-32));
#16409 = DIRECTION('',(-5.665538897648E-16,-1.,-1.224646799147E-16));
#16410 = ADVANCED_FACE('',(#16411),#16436,.F.);
#16411 = FACE_BOUND('',#16412,.T.);
#16412 = EDGE_LOOP('',(#16413,#16421,#16422,#16430));
#16413 = ORIENTED_EDGE('',*,*,#16414,.T.);
#16414 = EDGE_CURVE('',#16415,#13467,#16417,.T.);
#16415 = VERTEX_POINT('',#16416);
#16416 = CARTESIAN_POINT('',(113.701,101.1065,-0.34));
#16417 = LINE('',#16418,#16419);
#16418 = CARTESIAN_POINT('',(113.701,101.1065,-0.34));
#16419 = VECTOR('',#16420,1.);
#16420 = DIRECTION('',(0.,1.224646799147E-16,-1.));
#16421 = ORIENTED_EDGE('',*,*,#13466,.T.);
#16422 = ORIENTED_EDGE('',*,*,#16423,.F.);
#16423 = EDGE_CURVE('',#16424,#13469,#16426,.T.);
#16424 = VERTEX_POINT('',#16425);
#16425 = CARTESIAN_POINT('',(113.701,98.6565,-0.34));
#16426 = LINE('',#16427,#16428);
#16427 = CARTESIAN_POINT('',(113.701,98.6565,-0.34));
#16428 = VECTOR('',#16429,1.);
#16429 = DIRECTION('',(0.,1.224646799147E-16,-1.));
#16430 = ORIENTED_EDGE('',*,*,#16431,.F.);
#16431 = EDGE_CURVE('',#16415,#16424,#16432,.T.);
#16432 = LINE('',#16433,#16434);
#16433 = CARTESIAN_POINT('',(113.701,101.1065,-0.34));
#16434 = VECTOR('',#16435,1.);
#16435 = DIRECTION('',(-2.22044604925E-16,-1.,-1.224646799147E-16));
#16436 = PLANE('',#16437);
#16437 = AXIS2_PLACEMENT_3D('',#16438,#16439,#16440);
#16438 = CARTESIAN_POINT('',(113.701,101.1065,-0.34));
#16439 = DIRECTION('',(1.,-2.22044604925E-16,-2.719262146893E-32));
#16440 = DIRECTION('',(2.22044604925E-16,1.,1.224646799147E-16));
#16441 = ADVANCED_FACE('',(#16442),#16460,.F.);
#16442 = FACE_BOUND('',#16443,.T.);
#16443 = EDGE_LOOP('',(#16444,#16445,#16446,#16454));
#16444 = ORIENTED_EDGE('',*,*,#16423,.T.);
#16445 = ORIENTED_EDGE('',*,*,#13500,.T.);
#16446 = ORIENTED_EDGE('',*,*,#16447,.F.);
#16447 = EDGE_CURVE('',#16448,#13493,#16450,.T.);
#16448 = VERTEX_POINT('',#16449);
#16449 = CARTESIAN_POINT('',(115.351,98.6565,-0.34));
#16450 = LINE('',#16451,#16452);
#16451 = CARTESIAN_POINT('',(115.351,98.6565,-0.34));
#16452 = VECTOR('',#16453,1.);
#16453 = DIRECTION('',(0.,1.224646799147E-16,-1.));
#16454 = ORIENTED_EDGE('',*,*,#16455,.F.);
#16455 = EDGE_CURVE('',#16424,#16448,#16456,.T.);
#16456 = LINE('',#16457,#16458);
#16457 = CARTESIAN_POINT('',(113.701,98.6565,-0.34));
#16458 = VECTOR('',#16459,1.);
#16459 = DIRECTION('',(1.,-8.747211709168E-17,-1.071224482109E-32));
#16460 = PLANE('',#16461);
#16461 = AXIS2_PLACEMENT_3D('',#16462,#16463,#16464);
#16462 = CARTESIAN_POINT('',(113.701,98.6565,-0.34));
#16463 = DIRECTION('',(8.747211709168E-17,1.,1.224646799147E-16));
#16464 = DIRECTION('',(-1.,8.747211709168E-17,1.071224482109E-32));
#16465 = ADVANCED_FACE('',(#16466),#16484,.F.);
#16466 = FACE_BOUND('',#16467,.T.);
#16467 = EDGE_LOOP('',(#16468,#16469,#16470,#16478));
#16468 = ORIENTED_EDGE('',*,*,#16447,.T.);
#16469 = ORIENTED_EDGE('',*,*,#13492,.T.);
#16470 = ORIENTED_EDGE('',*,*,#16471,.F.);
#16471 = EDGE_CURVE('',#16472,#13485,#16474,.T.);
#16472 = VERTEX_POINT('',#16473);
#16473 = CARTESIAN_POINT('',(115.351,101.3065,-0.34));
#16474 = LINE('',#16475,#16476);
#16475 = CARTESIAN_POINT('',(115.351,101.3065,-0.34));
#16476 = VECTOR('',#16477,1.);
#16477 = DIRECTION('',(0.,1.224646799147E-16,-1.));
#16478 = ORIENTED_EDGE('',*,*,#16479,.F.);
#16479 = EDGE_CURVE('',#16448,#16472,#16480,.T.);
#16480 = LINE('',#16481,#16482);
#16481 = CARTESIAN_POINT('',(115.351,98.6565,-0.34));
#16482 = VECTOR('',#16483,1.);
#16483 = DIRECTION('',(2.22044604925E-16,1.,1.224646799147E-16));
#16484 = PLANE('',#16485);
#16485 = AXIS2_PLACEMENT_3D('',#16486,#16487,#16488);
#16486 = CARTESIAN_POINT('',(115.351,98.6565,-0.34));
#16487 = DIRECTION('',(-1.,2.22044604925E-16,2.719262146893E-32));
#16488 = DIRECTION('',(-2.22044604925E-16,-1.,-1.224646799147E-16));
#16489 = ADVANCED_FACE('',(#16490),#16508,.F.);
#16490 = FACE_BOUND('',#16491,.T.);
#16491 = EDGE_LOOP('',(#16492,#16493,#16494,#16502));
#16492 = ORIENTED_EDGE('',*,*,#16471,.T.);
#16493 = ORIENTED_EDGE('',*,*,#13484,.T.);
#16494 = ORIENTED_EDGE('',*,*,#16495,.F.);
#16495 = EDGE_CURVE('',#16496,#13477,#16498,.T.);
#16496 = VERTEX_POINT('',#16497);
#16497 = CARTESIAN_POINT('',(113.901,101.3065,-0.34));
#16498 = LINE('',#16499,#16500);
#16499 = CARTESIAN_POINT('',(113.901,101.3065,-0.34));
#16500 = VECTOR('',#16501,1.);
#16501 = DIRECTION('',(0.,1.224646799147E-16,-1.));
#16502 = ORIENTED_EDGE('',*,*,#16503,.F.);
#16503 = EDGE_CURVE('',#16472,#16496,#16504,.T.);
#16504 = LINE('',#16505,#16506);
#16505 = CARTESIAN_POINT('',(115.351,101.3065,-0.34));
#16506 = VECTOR('',#16507,1.);
#16507 = DIRECTION('',(-1.,2.22044604925E-16,2.719262146893E-32));
#16508 = PLANE('',#16509);
#16509 = AXIS2_PLACEMENT_3D('',#16510,#16511,#16512);
#16510 = CARTESIAN_POINT('',(115.351,101.3065,-0.34));
#16511 = DIRECTION('',(-2.22044604925E-16,-1.,-1.224646799147E-16));
#16512 = DIRECTION('',(1.,-2.22044604925E-16,-2.719262146893E-32));
#16513 = ADVANCED_FACE('',(#16514),#16525,.F.);
#16514 = FACE_BOUND('',#16515,.T.);
#16515 = EDGE_LOOP('',(#16516,#16517,#16518,#16519));
#16516 = ORIENTED_EDGE('',*,*,#16495,.T.);
#16517 = ORIENTED_EDGE('',*,*,#13476,.T.);
#16518 = ORIENTED_EDGE('',*,*,#16414,.F.);
#16519 = ORIENTED_EDGE('',*,*,#16520,.F.);
#16520 = EDGE_CURVE('',#16496,#16415,#16521,.T.);
#16521 = LINE('',#16522,#16523);
#16522 = CARTESIAN_POINT('',(113.901,101.3065,-0.34));
#16523 = VECTOR('',#16524,1.);
#16524 = DIRECTION('',(-0.707106781187,-0.707106781187,
    -8.659560562352E-17));
#16525 = PLANE('',#16526);
#16526 = AXIS2_PLACEMENT_3D('',#16527,#16528,#16529);
#16527 = CARTESIAN_POINT('',(113.901,101.3065,-0.34));
#16528 = DIRECTION('',(0.707106781187,-0.707106781187,
    -8.659560562352E-17));
#16529 = DIRECTION('',(0.707106781187,0.707106781187,8.659560562352E-17)
  );
#16530 = ADVANCED_FACE('',(#16531,#16537),#16548,.T.);
#16531 = FACE_BOUND('',#16532,.F.);
#16532 = EDGE_LOOP('',(#16533,#16534,#16535,#16536));
#16533 = ORIENTED_EDGE('',*,*,#13514,.F.);
#16534 = ORIENTED_EDGE('',*,*,#13660,.T.);
#16535 = ORIENTED_EDGE('',*,*,#15302,.T.);
#16536 = ORIENTED_EDGE('',*,*,#14727,.F.);
#16537 = FACE_BOUND('',#16538,.F.);
#16538 = EDGE_LOOP('',(#16539));
#16539 = ORIENTED_EDGE('',*,*,#16540,.T.);
#16540 = EDGE_CURVE('',#16541,#16541,#16543,.T.);
#16541 = VERTEX_POINT('',#16542);
#16542 = CARTESIAN_POINT('',(113.626,101.1315,-1.11));
#16543 = CIRCLE('',#16544,0.25);
#16544 = AXIS2_PLACEMENT_3D('',#16545,#16546,#16547);
#16545 = CARTESIAN_POINT('',(113.626,101.3815,-1.11));
#16546 = DIRECTION('',(0.,1.224646799147E-16,-1.));
#16547 = DIRECTION('',(-2.22044604925E-16,-1.,-1.224646799147E-16));
#16548 = PLANE('',#16549);
#16549 = AXIS2_PLACEMENT_3D('',#16550,#16551,#16552);
#16550 = CARTESIAN_POINT('',(113.036,101.9715,-1.11));
#16551 = DIRECTION('',(0.,1.224646799147E-16,-1.));
#16552 = DIRECTION('',(2.22044604925E-16,1.,1.224646799147E-16));
#16553 = ADVANCED_FACE('',(#16554),#16565,.F.);
#16554 = FACE_BOUND('',#16555,.T.);
#16555 = EDGE_LOOP('',(#16556,#16557,#16563,#16564));
#16556 = ORIENTED_EDGE('',*,*,#14547,.F.);
#16557 = ORIENTED_EDGE('',*,*,#16558,.F.);
#16558 = EDGE_CURVE('',#14671,#14540,#16559,.T.);
#16559 = LINE('',#16560,#16561);
#16560 = CARTESIAN_POINT('',(115.426,101.9815,-0.54));
#16561 = VECTOR('',#16562,1.);
#16562 = DIRECTION('',(-1.,4.555315873023E-16,5.578653003001E-32));
#16563 = ORIENTED_EDGE('',*,*,#14670,.F.);
#16564 = ORIENTED_EDGE('',*,*,#13617,.F.);
#16565 = PLANE('',#16566);
#16566 = AXIS2_PLACEMENT_3D('',#16567,#16568,#16569);
#16567 = CARTESIAN_POINT('',(115.226,101.9815,-0.54));
#16568 = DIRECTION('',(0.,-1.224646799147E-16,1.));
#16569 = DIRECTION('',(-1.,4.555315873023E-16,5.578653003001E-32));
#16570 = ADVANCED_FACE('',(#16571),#16582,.F.);
#16571 = FACE_BOUND('',#16572,.T.);
#16572 = EDGE_LOOP('',(#16573,#16574,#16580,#16581));
#16573 = ORIENTED_EDGE('',*,*,#13861,.F.);
#16574 = ORIENTED_EDGE('',*,*,#16575,.F.);
#16575 = EDGE_CURVE('',#13985,#13854,#16576,.T.);
#16576 = LINE('',#16577,#16578);
#16577 = CARTESIAN_POINT('',(113.826,101.9815,-0.54));
#16578 = VECTOR('',#16579,1.);
#16579 = DIRECTION('',(-1.,4.555315873023E-16,5.578653003001E-32));
#16580 = ORIENTED_EDGE('',*,*,#13984,.F.);
#16581 = ORIENTED_EDGE('',*,*,#13539,.F.);
#16582 = PLANE('',#16583);
#16583 = AXIS2_PLACEMENT_3D('',#16584,#16585,#16586);
#16584 = CARTESIAN_POINT('',(113.626,101.9815,-0.54));
#16585 = DIRECTION('',(0.,-1.224646799147E-16,1.));
#16586 = DIRECTION('',(-1.,4.555315873023E-16,5.578653003001E-32));
#16587 = ADVANCED_FACE('',(#16588),#16599,.F.);
#16588 = FACE_BOUND('',#16589,.T.);
#16589 = EDGE_LOOP('',(#16590,#16591,#16597,#16598));
#16590 = ORIENTED_EDGE('',*,*,#14351,.F.);
#16591 = ORIENTED_EDGE('',*,*,#16592,.F.);
#16592 = EDGE_CURVE('',#14475,#14344,#16593,.T.);
#16593 = LINE('',#16594,#16595);
#16594 = CARTESIAN_POINT('',(115.026,101.9815,-0.54));
#16595 = VECTOR('',#16596,1.);
#16596 = DIRECTION('',(-1.,4.555315873023E-16,5.578653003001E-32));
#16597 = ORIENTED_EDGE('',*,*,#14474,.F.);
#16598 = ORIENTED_EDGE('',*,*,#13594,.F.);
#16599 = PLANE('',#16600);
#16600 = AXIS2_PLACEMENT_3D('',#16601,#16602,#16603);
#16601 = CARTESIAN_POINT('',(114.826,101.9815,-0.54));
#16602 = DIRECTION('',(0.,-1.224646799147E-16,1.));
#16603 = DIRECTION('',(-1.,4.555315873023E-16,5.578653003001E-32));
#16604 = ADVANCED_FACE('',(#16605),#16616,.F.);
#16605 = FACE_BOUND('',#16606,.T.);
#16606 = EDGE_LOOP('',(#16607,#16608,#16614,#16615));
#16607 = ORIENTED_EDGE('',*,*,#14057,.F.);
#16608 = ORIENTED_EDGE('',*,*,#16609,.F.);
#16609 = EDGE_CURVE('',#14181,#14050,#16610,.T.);
#16610 = LINE('',#16611,#16612);
#16611 = CARTESIAN_POINT('',(114.226,101.9815,-0.54));
#16612 = VECTOR('',#16613,1.);
#16613 = DIRECTION('',(-1.,4.555315873023E-16,5.578653003001E-32));
#16614 = ORIENTED_EDGE('',*,*,#14180,.F.);
#16615 = ORIENTED_EDGE('',*,*,#13562,.F.);
#16616 = PLANE('',#16617);
#16617 = AXIS2_PLACEMENT_3D('',#16618,#16619,#16620);
#16618 = CARTESIAN_POINT('',(114.026,101.9815,-0.54));
#16619 = DIRECTION('',(0.,-1.224646799147E-16,1.));
#16620 = DIRECTION('',(-1.,4.555315873023E-16,5.578653003001E-32));
#16621 = ADVANCED_FACE('',(#16622),#16633,.F.);
#16622 = FACE_BOUND('',#16623,.T.);
#16623 = EDGE_LOOP('',(#16624,#16625,#16631,#16632));
#16624 = ORIENTED_EDGE('',*,*,#14022,.F.);
#16625 = ORIENTED_EDGE('',*,*,#16626,.F.);
#16626 = EDGE_CURVE('',#13902,#14015,#16627,.T.);
#16627 = LINE('',#16628,#16629);
#16628 = CARTESIAN_POINT('',(113.026,101.2815,-0.54));
#16629 = VECTOR('',#16630,1.);
#16630 = DIRECTION('',(-4.669739647545E-16,-1.,-1.224646799147E-16));
#16631 = ORIENTED_EDGE('',*,*,#13901,.F.);
#16632 = ORIENTED_EDGE('',*,*,#13821,.F.);
#16633 = PLANE('',#16634);
#16634 = AXIS2_PLACEMENT_3D('',#16635,#16636,#16637);
#16635 = CARTESIAN_POINT('',(113.026,101.0815,-0.54));
#16636 = DIRECTION('',(0.,-1.224646799147E-16,1.));
#16637 = DIRECTION('',(-4.669739647545E-16,-1.,-1.224646799147E-16));
#16638 = ADVANCED_FACE('',(#16639),#16650,.F.);
#16639 = FACE_BOUND('',#16640,.T.);
#16640 = EDGE_LOOP('',(#16641,#16642,#16648,#16649));
#16641 = ORIENTED_EDGE('',*,*,#15252,.F.);
#16642 = ORIENTED_EDGE('',*,*,#16643,.F.);
#16643 = EDGE_CURVE('',#15125,#15245,#16644,.T.);
#16644 = LINE('',#16645,#16646);
#16645 = CARTESIAN_POINT('',(113.026,98.8815,-0.54));
#16646 = VECTOR('',#16647,1.);
#16647 = DIRECTION('',(-4.669739647545E-16,-1.,-1.224646799147E-16));
#16648 = ORIENTED_EDGE('',*,*,#15124,.F.);
#16649 = ORIENTED_EDGE('',*,*,#13683,.F.);
#16650 = PLANE('',#16651);
#16651 = AXIS2_PLACEMENT_3D('',#16652,#16653,#16654);
#16652 = CARTESIAN_POINT('',(113.026,98.6815,-0.54));
#16653 = DIRECTION('',(0.,-1.224646799147E-16,1.));
#16654 = DIRECTION('',(-4.669739647545E-16,-1.,-1.224646799147E-16));
#16655 = ADVANCED_FACE('',(#16656),#16667,.F.);
#16656 = FACE_BOUND('',#16657,.T.);
#16657 = EDGE_LOOP('',(#16658,#16659,#16665,#16666));
#16658 = ORIENTED_EDGE('',*,*,#14218,.F.);
#16659 = ORIENTED_EDGE('',*,*,#16660,.F.);
#16660 = EDGE_CURVE('',#14098,#14211,#16661,.T.);
#16661 = LINE('',#16662,#16663);
#16662 = CARTESIAN_POINT('',(113.026,100.8815,-0.54));
#16663 = VECTOR('',#16664,1.);
#16664 = DIRECTION('',(-4.669739647545E-16,-1.,-1.224646799147E-16));
#16665 = ORIENTED_EDGE('',*,*,#14097,.F.);
#16666 = ORIENTED_EDGE('',*,*,#13798,.F.);
#16667 = PLANE('',#16668);
#16668 = AXIS2_PLACEMENT_3D('',#16669,#16670,#16671);
#16669 = CARTESIAN_POINT('',(113.026,100.6815,-0.54));
#16670 = DIRECTION('',(0.,-1.224646799147E-16,1.));
#16671 = DIRECTION('',(-4.669739647545E-16,-1.,-1.224646799147E-16));
#16672 = ADVANCED_FACE('',(#16673),#16684,.F.);
#16673 = FACE_BOUND('',#16674,.T.);
#16674 = EDGE_LOOP('',(#16675,#16676,#16682,#16683));
#16675 = ORIENTED_EDGE('',*,*,#15056,.F.);
#16676 = ORIENTED_EDGE('',*,*,#16677,.F.);
#16677 = EDGE_CURVE('',#14929,#15049,#16678,.T.);
#16678 = LINE('',#16679,#16680);
#16679 = CARTESIAN_POINT('',(113.026,99.2815,-0.54));
#16680 = VECTOR('',#16681,1.);
#16681 = DIRECTION('',(-4.669739647545E-16,-1.,-1.224646799147E-16));
#16682 = ORIENTED_EDGE('',*,*,#14928,.F.);
#16683 = ORIENTED_EDGE('',*,*,#13706,.F.);
#16684 = PLANE('',#16685);
#16685 = AXIS2_PLACEMENT_3D('',#16686,#16687,#16688);
#16686 = CARTESIAN_POINT('',(113.026,99.0815,-0.54));
#16687 = DIRECTION('',(0.,-1.224646799147E-16,1.));
#16688 = DIRECTION('',(-4.669739647545E-16,-1.,-1.224646799147E-16));
#16689 = ADVANCED_FACE('',(#16690),#16701,.F.);
#16690 = FACE_BOUND('',#16691,.T.);
#16691 = EDGE_LOOP('',(#16692,#16693,#16699,#16700));
#16692 = ORIENTED_EDGE('',*,*,#14316,.F.);
#16693 = ORIENTED_EDGE('',*,*,#16694,.F.);
#16694 = EDGE_CURVE('',#14254,#14309,#16695,.T.);
#16695 = LINE('',#16696,#16697);
#16696 = CARTESIAN_POINT('',(113.026,100.4815,-0.54));
#16697 = VECTOR('',#16698,1.);
#16698 = DIRECTION('',(-4.669739647545E-16,-1.,-1.224646799147E-16));
#16699 = ORIENTED_EDGE('',*,*,#14253,.F.);
#16700 = ORIENTED_EDGE('',*,*,#13775,.F.);
#16701 = PLANE('',#16702);
#16702 = AXIS2_PLACEMENT_3D('',#16703,#16704,#16705);
#16703 = CARTESIAN_POINT('',(113.026,100.2815,-0.54));
#16704 = DIRECTION('',(0.,-1.224646799147E-16,1.));
#16705 = DIRECTION('',(-4.669739647545E-16,-1.,-1.224646799147E-16));
#16706 = ADVANCED_FACE('',(#16707),#16718,.F.);
#16707 = FACE_BOUND('',#16708,.T.);
#16708 = EDGE_LOOP('',(#16709,#16710,#16716,#16717));
#16709 = ORIENTED_EDGE('',*,*,#14708,.F.);
#16710 = ORIENTED_EDGE('',*,*,#16711,.F.);
#16711 = EDGE_CURVE('',#14588,#14701,#16712,.T.);
#16712 = LINE('',#16713,#16714);
#16713 = CARTESIAN_POINT('',(113.026,99.6815,-0.54));
#16714 = VECTOR('',#16715,1.);
#16715 = DIRECTION('',(-4.669739647545E-16,-1.,-1.224646799147E-16));
#16716 = ORIENTED_EDGE('',*,*,#14587,.F.);
#16717 = ORIENTED_EDGE('',*,*,#13729,.F.);
#16718 = PLANE('',#16719);
#16719 = AXIS2_PLACEMENT_3D('',#16720,#16721,#16722);
#16720 = CARTESIAN_POINT('',(113.026,99.4815,-0.54));
#16721 = DIRECTION('',(0.,-1.224646799147E-16,1.));
#16722 = DIRECTION('',(-4.669739647545E-16,-1.,-1.224646799147E-16));
#16723 = ADVANCED_FACE('',(#16724),#16735,.F.);
#16724 = FACE_BOUND('',#16725,.T.);
#16725 = EDGE_LOOP('',(#16726,#16727,#16733,#16734));
#16726 = ORIENTED_EDGE('',*,*,#14512,.F.);
#16727 = ORIENTED_EDGE('',*,*,#16728,.F.);
#16728 = EDGE_CURVE('',#14392,#14505,#16729,.T.);
#16729 = LINE('',#16730,#16731);
#16730 = CARTESIAN_POINT('',(113.026,100.0815,-0.54));
#16731 = VECTOR('',#16732,1.);
#16732 = DIRECTION('',(-4.669739647545E-16,-1.,-1.224646799147E-16));
#16733 = ORIENTED_EDGE('',*,*,#14391,.F.);
#16734 = ORIENTED_EDGE('',*,*,#13752,.F.);
#16735 = PLANE('',#16736);
#16736 = AXIS2_PLACEMENT_3D('',#16737,#16738,#16739);
#16737 = CARTESIAN_POINT('',(113.026,99.8815,-0.54));
#16738 = DIRECTION('',(0.,-1.224646799147E-16,1.));
#16739 = DIRECTION('',(-4.669739647545E-16,-1.,-1.224646799147E-16));
#16740 = ADVANCED_FACE('',(#16741),#16752,.T.);
#16741 = FACE_BOUND('',#16742,.T.);
#16742 = EDGE_LOOP('',(#16743,#16744,#16745,#16746));
#16743 = ORIENTED_EDGE('',*,*,#13843,.T.);
#16744 = ORIENTED_EDGE('',*,*,#13933,.T.);
#16745 = ORIENTED_EDGE('',*,*,#13973,.T.);
#16746 = ORIENTED_EDGE('',*,*,#16747,.T.);
#16747 = EDGE_CURVE('',#13974,#13844,#16748,.T.);
#16748 = LINE('',#16749,#16750);
#16749 = CARTESIAN_POINT('',(113.826,101.9815,-0.34));
#16750 = VECTOR('',#16751,1.);
#16751 = DIRECTION('',(-1.,4.555315873023E-16,5.578653003001E-32));
#16752 = PLANE('',#16753);
#16753 = AXIS2_PLACEMENT_3D('',#16754,#16755,#16756);
#16754 = CARTESIAN_POINT('',(113.626,101.9815,-0.34));
#16755 = DIRECTION('',(0.,-1.224646799147E-16,1.));
#16756 = DIRECTION('',(-1.,4.555315873023E-16,5.578653003001E-32));
#16757 = ADVANCED_FACE('',(#16758),#16764,.F.);
#16758 = FACE_BOUND('',#16759,.T.);
#16759 = EDGE_LOOP('',(#16760,#16761,#16762,#16763));
#16760 = ORIENTED_EDGE('',*,*,#13992,.T.);
#16761 = ORIENTED_EDGE('',*,*,#16575,.T.);
#16762 = ORIENTED_EDGE('',*,*,#13853,.F.);
#16763 = ORIENTED_EDGE('',*,*,#16747,.F.);
#16764 = PLANE('',#16765);
#16765 = AXIS2_PLACEMENT_3D('',#16766,#16767,#16768);
#16766 = CARTESIAN_POINT('',(113.826,101.9815,-0.34));
#16767 = DIRECTION('',(-4.555315873023E-16,-1.,-1.224646799147E-16));
#16768 = DIRECTION('',(1.,-4.555315873023E-16,-5.578653003001E-32));
#16769 = ADVANCED_FACE('',(#16770),#16781,.T.);
#16770 = FACE_BOUND('',#16771,.T.);
#16771 = EDGE_LOOP('',(#16772,#16773,#16774,#16775));
#16772 = ORIENTED_EDGE('',*,*,#14006,.T.);
#16773 = ORIENTED_EDGE('',*,*,#13958,.T.);
#16774 = ORIENTED_EDGE('',*,*,#13883,.T.);
#16775 = ORIENTED_EDGE('',*,*,#16776,.T.);
#16776 = EDGE_CURVE('',#13886,#14007,#16777,.T.);
#16777 = LINE('',#16778,#16779);
#16778 = CARTESIAN_POINT('',(113.026,101.2815,-0.34));
#16779 = VECTOR('',#16780,1.);
#16780 = DIRECTION('',(-4.669739647545E-16,-1.,-1.224646799147E-16));
#16781 = PLANE('',#16782);
#16782 = AXIS2_PLACEMENT_3D('',#16783,#16784,#16785);
#16783 = CARTESIAN_POINT('',(113.026,101.0815,-0.34));
#16784 = DIRECTION('',(0.,-1.224646799147E-16,1.));
#16785 = DIRECTION('',(-4.669739647545E-16,-1.,-1.224646799147E-16));
#16786 = ADVANCED_FACE('',(#16787),#16793,.F.);
#16787 = FACE_BOUND('',#16788,.T.);
#16788 = EDGE_LOOP('',(#16789,#16790,#16791,#16792));
#16789 = ORIENTED_EDGE('',*,*,#13909,.T.);
#16790 = ORIENTED_EDGE('',*,*,#16626,.T.);
#16791 = ORIENTED_EDGE('',*,*,#14014,.F.);
#16792 = ORIENTED_EDGE('',*,*,#16776,.F.);
#16793 = PLANE('',#16794);
#16794 = AXIS2_PLACEMENT_3D('',#16795,#16796,#16797);
#16795 = CARTESIAN_POINT('',(113.026,101.2815,-0.34));
#16796 = DIRECTION('',(1.,-4.669739647545E-16,-5.718781712216E-32));
#16797 = DIRECTION('',(4.669739647545E-16,1.,1.224646799147E-16));
#16798 = ADVANCED_FACE('',(#16799),#16810,.T.);
#16799 = FACE_BOUND('',#16800,.T.);
#16800 = EDGE_LOOP('',(#16801,#16802,#16803,#16804));
#16801 = ORIENTED_EDGE('',*,*,#14039,.T.);
#16802 = ORIENTED_EDGE('',*,*,#14129,.T.);
#16803 = ORIENTED_EDGE('',*,*,#14169,.T.);
#16804 = ORIENTED_EDGE('',*,*,#16805,.T.);
#16805 = EDGE_CURVE('',#14170,#14040,#16806,.T.);
#16806 = LINE('',#16807,#16808);
#16807 = CARTESIAN_POINT('',(114.226,101.9815,-0.34));
#16808 = VECTOR('',#16809,1.);
#16809 = DIRECTION('',(-1.,4.555315873023E-16,5.578653003001E-32));
#16810 = PLANE('',#16811);
#16811 = AXIS2_PLACEMENT_3D('',#16812,#16813,#16814);
#16812 = CARTESIAN_POINT('',(114.026,101.9815,-0.34));
#16813 = DIRECTION('',(0.,-1.224646799147E-16,1.));
#16814 = DIRECTION('',(-1.,4.555315873023E-16,5.578653003001E-32));
#16815 = ADVANCED_FACE('',(#16816),#16822,.F.);
#16816 = FACE_BOUND('',#16817,.T.);
#16817 = EDGE_LOOP('',(#16818,#16819,#16820,#16821));
#16818 = ORIENTED_EDGE('',*,*,#14188,.T.);
#16819 = ORIENTED_EDGE('',*,*,#16609,.T.);
#16820 = ORIENTED_EDGE('',*,*,#14049,.F.);
#16821 = ORIENTED_EDGE('',*,*,#16805,.F.);
#16822 = PLANE('',#16823);
#16823 = AXIS2_PLACEMENT_3D('',#16824,#16825,#16826);
#16824 = CARTESIAN_POINT('',(114.226,101.9815,-0.34));
#16825 = DIRECTION('',(-4.555315873023E-16,-1.,-1.224646799147E-16));
#16826 = DIRECTION('',(1.,-4.555315873023E-16,-5.578653003001E-32));
#16827 = ADVANCED_FACE('',(#16828),#16839,.T.);
#16828 = FACE_BOUND('',#16829,.T.);
#16829 = EDGE_LOOP('',(#16830,#16831,#16832,#16833));
#16830 = ORIENTED_EDGE('',*,*,#14202,.T.);
#16831 = ORIENTED_EDGE('',*,*,#14154,.T.);
#16832 = ORIENTED_EDGE('',*,*,#14079,.T.);
#16833 = ORIENTED_EDGE('',*,*,#16834,.T.);
#16834 = EDGE_CURVE('',#14082,#14203,#16835,.T.);
#16835 = LINE('',#16836,#16837);
#16836 = CARTESIAN_POINT('',(113.026,100.8815,-0.34));
#16837 = VECTOR('',#16838,1.);
#16838 = DIRECTION('',(-4.669739647545E-16,-1.,-1.224646799147E-16));
#16839 = PLANE('',#16840);
#16840 = AXIS2_PLACEMENT_3D('',#16841,#16842,#16843);
#16841 = CARTESIAN_POINT('',(113.026,100.6815,-0.34));
#16842 = DIRECTION('',(0.,-1.224646799147E-16,1.));
#16843 = DIRECTION('',(-4.669739647545E-16,-1.,-1.224646799147E-16));
#16844 = ADVANCED_FACE('',(#16845),#16851,.F.);
#16845 = FACE_BOUND('',#16846,.T.);
#16846 = EDGE_LOOP('',(#16847,#16848,#16849,#16850));
#16847 = ORIENTED_EDGE('',*,*,#14105,.T.);
#16848 = ORIENTED_EDGE('',*,*,#16660,.T.);
#16849 = ORIENTED_EDGE('',*,*,#14210,.F.);
#16850 = ORIENTED_EDGE('',*,*,#16834,.F.);
#16851 = PLANE('',#16852);
#16852 = AXIS2_PLACEMENT_3D('',#16853,#16854,#16855);
#16853 = CARTESIAN_POINT('',(113.026,100.8815,-0.34));
#16854 = DIRECTION('',(1.,-4.669739647545E-16,-5.718781712216E-32));
#16855 = DIRECTION('',(4.669739647545E-16,1.,1.224646799147E-16));
#16856 = ADVANCED_FACE('',(#16857),#16868,.T.);
#16857 = FACE_BOUND('',#16858,.T.);
#16858 = EDGE_LOOP('',(#16859,#16860,#16861,#16862));
#16859 = ORIENTED_EDGE('',*,*,#14300,.T.);
#16860 = ORIENTED_EDGE('',*,*,#14285,.T.);
#16861 = ORIENTED_EDGE('',*,*,#14235,.T.);
#16862 = ORIENTED_EDGE('',*,*,#16863,.T.);
#16863 = EDGE_CURVE('',#14238,#14301,#16864,.T.);
#16864 = LINE('',#16865,#16866);
#16865 = CARTESIAN_POINT('',(113.026,100.4815,-0.34));
#16866 = VECTOR('',#16867,1.);
#16867 = DIRECTION('',(-4.669739647545E-16,-1.,-1.224646799147E-16));
#16868 = PLANE('',#16869);
#16869 = AXIS2_PLACEMENT_3D('',#16870,#16871,#16872);
#16870 = CARTESIAN_POINT('',(113.026,100.2815,-0.34));
#16871 = DIRECTION('',(0.,-1.224646799147E-16,1.));
#16872 = DIRECTION('',(-4.669739647545E-16,-1.,-1.224646799147E-16));
#16873 = ADVANCED_FACE('',(#16874),#16880,.F.);
#16874 = FACE_BOUND('',#16875,.T.);
#16875 = EDGE_LOOP('',(#16876,#16877,#16878,#16879));
#16876 = ORIENTED_EDGE('',*,*,#14261,.T.);
#16877 = ORIENTED_EDGE('',*,*,#16694,.T.);
#16878 = ORIENTED_EDGE('',*,*,#14308,.F.);
#16879 = ORIENTED_EDGE('',*,*,#16863,.F.);
#16880 = PLANE('',#16881);
#16881 = AXIS2_PLACEMENT_3D('',#16882,#16883,#16884);
#16882 = CARTESIAN_POINT('',(113.026,100.4815,-0.34));
#16883 = DIRECTION('',(1.,-4.669739647545E-16,-5.718781712216E-32));
#16884 = DIRECTION('',(4.669739647545E-16,1.,1.224646799147E-16));
#16885 = ADVANCED_FACE('',(#16886),#16897,.T.);
#16886 = FACE_BOUND('',#16887,.T.);
#16887 = EDGE_LOOP('',(#16888,#16889,#16890,#16891));
#16888 = ORIENTED_EDGE('',*,*,#14333,.T.);
#16889 = ORIENTED_EDGE('',*,*,#14423,.T.);
#16890 = ORIENTED_EDGE('',*,*,#14463,.T.);
#16891 = ORIENTED_EDGE('',*,*,#16892,.T.);
#16892 = EDGE_CURVE('',#14464,#14334,#16893,.T.);
#16893 = LINE('',#16894,#16895);
#16894 = CARTESIAN_POINT('',(115.026,101.9815,-0.34));
#16895 = VECTOR('',#16896,1.);
#16896 = DIRECTION('',(-1.,4.555315873023E-16,5.578653003001E-32));
#16897 = PLANE('',#16898);
#16898 = AXIS2_PLACEMENT_3D('',#16899,#16900,#16901);
#16899 = CARTESIAN_POINT('',(114.826,101.9815,-0.34));
#16900 = DIRECTION('',(0.,-1.224646799147E-16,1.));
#16901 = DIRECTION('',(-1.,4.555315873023E-16,5.578653003001E-32));
#16902 = ADVANCED_FACE('',(#16903),#16909,.F.);
#16903 = FACE_BOUND('',#16904,.T.);
#16904 = EDGE_LOOP('',(#16905,#16906,#16907,#16908));
#16905 = ORIENTED_EDGE('',*,*,#14482,.T.);
#16906 = ORIENTED_EDGE('',*,*,#16592,.T.);
#16907 = ORIENTED_EDGE('',*,*,#14343,.F.);
#16908 = ORIENTED_EDGE('',*,*,#16892,.F.);
#16909 = PLANE('',#16910);
#16910 = AXIS2_PLACEMENT_3D('',#16911,#16912,#16913);
#16911 = CARTESIAN_POINT('',(115.026,101.9815,-0.34));
#16912 = DIRECTION('',(-4.555315873023E-16,-1.,-1.224646799147E-16));
#16913 = DIRECTION('',(1.,-4.555315873023E-16,-5.578653003001E-32));
#16914 = ADVANCED_FACE('',(#16915),#16926,.T.);
#16915 = FACE_BOUND('',#16916,.T.);
#16916 = EDGE_LOOP('',(#16917,#16918,#16919,#16920));
#16917 = ORIENTED_EDGE('',*,*,#14496,.T.);
#16918 = ORIENTED_EDGE('',*,*,#14448,.T.);
#16919 = ORIENTED_EDGE('',*,*,#14373,.T.);
#16920 = ORIENTED_EDGE('',*,*,#16921,.T.);
#16921 = EDGE_CURVE('',#14376,#14497,#16922,.T.);
#16922 = LINE('',#16923,#16924);
#16923 = CARTESIAN_POINT('',(113.026,100.0815,-0.34));
#16924 = VECTOR('',#16925,1.);
#16925 = DIRECTION('',(-4.669739647545E-16,-1.,-1.224646799147E-16));
#16926 = PLANE('',#16927);
#16927 = AXIS2_PLACEMENT_3D('',#16928,#16929,#16930);
#16928 = CARTESIAN_POINT('',(113.026,99.8815,-0.34));
#16929 = DIRECTION('',(0.,-1.224646799147E-16,1.));
#16930 = DIRECTION('',(-4.669739647545E-16,-1.,-1.224646799147E-16));
#16931 = ADVANCED_FACE('',(#16932),#16938,.F.);
#16932 = FACE_BOUND('',#16933,.T.);
#16933 = EDGE_LOOP('',(#16934,#16935,#16936,#16937));
#16934 = ORIENTED_EDGE('',*,*,#14399,.T.);
#16935 = ORIENTED_EDGE('',*,*,#16728,.T.);
#16936 = ORIENTED_EDGE('',*,*,#14504,.F.);
#16937 = ORIENTED_EDGE('',*,*,#16921,.F.);
#16938 = PLANE('',#16939);
#16939 = AXIS2_PLACEMENT_3D('',#16940,#16941,#16942);
#16940 = CARTESIAN_POINT('',(113.026,100.0815,-0.34));
#16941 = DIRECTION('',(1.,-4.669739647545E-16,-5.718781712216E-32));
#16942 = DIRECTION('',(4.669739647545E-16,1.,1.224646799147E-16));
#16943 = ADVANCED_FACE('',(#16944),#16955,.T.);
#16944 = FACE_BOUND('',#16945,.T.);
#16945 = EDGE_LOOP('',(#16946,#16947,#16948,#16949));
#16946 = ORIENTED_EDGE('',*,*,#14529,.T.);
#16947 = ORIENTED_EDGE('',*,*,#14619,.T.);
#16948 = ORIENTED_EDGE('',*,*,#14659,.T.);
#16949 = ORIENTED_EDGE('',*,*,#16950,.T.);
#16950 = EDGE_CURVE('',#14660,#14530,#16951,.T.);
#16951 = LINE('',#16952,#16953);
#16952 = CARTESIAN_POINT('',(115.426,101.9815,-0.34));
#16953 = VECTOR('',#16954,1.);
#16954 = DIRECTION('',(-1.,4.555315873023E-16,5.578653003001E-32));
#16955 = PLANE('',#16956);
#16956 = AXIS2_PLACEMENT_3D('',#16957,#16958,#16959);
#16957 = CARTESIAN_POINT('',(115.226,101.9815,-0.34));
#16958 = DIRECTION('',(0.,-1.224646799147E-16,1.));
#16959 = DIRECTION('',(-1.,4.555315873023E-16,5.578653003001E-32));
#16960 = ADVANCED_FACE('',(#16961),#16967,.F.);
#16961 = FACE_BOUND('',#16962,.T.);
#16962 = EDGE_LOOP('',(#16963,#16964,#16965,#16966));
#16963 = ORIENTED_EDGE('',*,*,#14678,.T.);
#16964 = ORIENTED_EDGE('',*,*,#16558,.T.);
#16965 = ORIENTED_EDGE('',*,*,#14539,.F.);
#16966 = ORIENTED_EDGE('',*,*,#16950,.F.);
#16967 = PLANE('',#16968);
#16968 = AXIS2_PLACEMENT_3D('',#16969,#16970,#16971);
#16969 = CARTESIAN_POINT('',(115.426,101.9815,-0.34));
#16970 = DIRECTION('',(-4.555315873023E-16,-1.,-1.224646799147E-16));
#16971 = DIRECTION('',(1.,-4.555315873023E-16,-5.578653003001E-32));
#16972 = ADVANCED_FACE('',(#16973),#16984,.T.);
#16973 = FACE_BOUND('',#16974,.T.);
#16974 = EDGE_LOOP('',(#16975,#16976,#16977,#16978));
#16975 = ORIENTED_EDGE('',*,*,#14692,.T.);
#16976 = ORIENTED_EDGE('',*,*,#14644,.T.);
#16977 = ORIENTED_EDGE('',*,*,#14569,.T.);
#16978 = ORIENTED_EDGE('',*,*,#16979,.T.);
#16979 = EDGE_CURVE('',#14572,#14693,#16980,.T.);
#16980 = LINE('',#16981,#16982);
#16981 = CARTESIAN_POINT('',(113.026,99.6815,-0.34));
#16982 = VECTOR('',#16983,1.);
#16983 = DIRECTION('',(-4.669739647545E-16,-1.,-1.224646799147E-16));
#16984 = PLANE('',#16985);
#16985 = AXIS2_PLACEMENT_3D('',#16986,#16987,#16988);
#16986 = CARTESIAN_POINT('',(113.026,99.4815,-0.34));
#16987 = DIRECTION('',(0.,-1.224646799147E-16,1.));
#16988 = DIRECTION('',(-4.669739647545E-16,-1.,-1.224646799147E-16));
#16989 = ADVANCED_FACE('',(#16990),#16996,.F.);
#16990 = FACE_BOUND('',#16991,.T.);
#16991 = EDGE_LOOP('',(#16992,#16993,#16994,#16995));
#16992 = ORIENTED_EDGE('',*,*,#14595,.T.);
#16993 = ORIENTED_EDGE('',*,*,#16711,.T.);
#16994 = ORIENTED_EDGE('',*,*,#14700,.F.);
#16995 = ORIENTED_EDGE('',*,*,#16979,.F.);
#16996 = PLANE('',#16997);
#16997 = AXIS2_PLACEMENT_3D('',#16998,#16999,#17000);
#16998 = CARTESIAN_POINT('',(113.026,99.6815,-0.34));
#16999 = DIRECTION('',(1.,-4.669739647545E-16,-5.718781712216E-32));
#17000 = DIRECTION('',(4.669739647545E-16,1.,1.224646799147E-16));
#17001 = ADVANCED_FACE('',(#17002),#17013,.F.);
#17002 = FACE_BOUND('',#17003,.T.);
#17003 = EDGE_LOOP('',(#17004,#17005,#17011,#17012));
#17004 = ORIENTED_EDGE('',*,*,#14968,.F.);
#17005 = ORIENTED_EDGE('',*,*,#17006,.F.);
#17006 = EDGE_CURVE('',#15085,#14961,#17007,.T.);
#17007 = LINE('',#17008,#17009);
#17008 = CARTESIAN_POINT('',(116.026,101.0815,-0.54));
#17009 = VECTOR('',#17010,1.);
#17010 = DIRECTION('',(3.445092848398E-16,1.,1.224646799147E-16));
#17011 = ORIENTED_EDGE('',*,*,#15084,.F.);
#17012 = ORIENTED_EDGE('',*,*,#14888,.T.);
#17013 = PLANE('',#17014);
#17014 = AXIS2_PLACEMENT_3D('',#17015,#17016,#17017);
#17015 = CARTESIAN_POINT('',(116.026,101.2815,-0.54));
#17016 = DIRECTION('',(0.,-1.224646799147E-16,1.));
#17017 = DIRECTION('',(3.445092848398E-16,1.,1.224646799147E-16));
#17018 = ADVANCED_FACE('',(#17019),#17030,.F.);
#17019 = FACE_BOUND('',#17020,.T.);
#17020 = EDGE_LOOP('',(#17021,#17022,#17028,#17029));
#17021 = ORIENTED_EDGE('',*,*,#16236,.F.);
#17022 = ORIENTED_EDGE('',*,*,#17023,.F.);
#17023 = EDGE_CURVE('',#16360,#16229,#17024,.T.);
#17024 = LINE('',#17025,#17026);
#17025 = CARTESIAN_POINT('',(116.026,98.6815,-0.54));
#17026 = VECTOR('',#17027,1.);
#17027 = DIRECTION('',(3.445092848398E-16,1.,1.224646799147E-16));
#17028 = ORIENTED_EDGE('',*,*,#16359,.F.);
#17029 = ORIENTED_EDGE('',*,*,#14750,.T.);
#17030 = PLANE('',#17031);
#17031 = AXIS2_PLACEMENT_3D('',#17032,#17033,#17034);
#17032 = CARTESIAN_POINT('',(116.026,98.8815,-0.54));
#17033 = DIRECTION('',(0.,-1.224646799147E-16,1.));
#17034 = DIRECTION('',(3.445092848398E-16,1.,1.224646799147E-16));
#17035 = ADVANCED_FACE('',(#17036),#17047,.F.);
#17036 = FACE_BOUND('',#17037,.T.);
#17037 = EDGE_LOOP('',(#17038,#17039,#17045,#17046));
#17038 = ORIENTED_EDGE('',*,*,#15164,.F.);
#17039 = ORIENTED_EDGE('',*,*,#17040,.F.);
#17040 = EDGE_CURVE('',#15281,#15157,#17041,.T.);
#17041 = LINE('',#17042,#17043);
#17042 = CARTESIAN_POINT('',(116.026,100.6815,-0.54));
#17043 = VECTOR('',#17044,1.);
#17044 = DIRECTION('',(3.445092848398E-16,1.,1.224646799147E-16));
#17045 = ORIENTED_EDGE('',*,*,#15280,.F.);
#17046 = ORIENTED_EDGE('',*,*,#14865,.T.);
#17047 = PLANE('',#17048);
#17048 = AXIS2_PLACEMENT_3D('',#17049,#17050,#17051);
#17049 = CARTESIAN_POINT('',(116.026,100.8815,-0.54));
#17050 = DIRECTION('',(0.,-1.224646799147E-16,1.));
#17051 = DIRECTION('',(3.445092848398E-16,1.,1.224646799147E-16));
#17052 = ADVANCED_FACE('',(#17053),#17064,.F.);
#17053 = FACE_BOUND('',#17054,.T.);
#17054 = EDGE_LOOP('',(#17055,#17056,#17062,#17063));
#17055 = ORIENTED_EDGE('',*,*,#16040,.F.);
#17056 = ORIENTED_EDGE('',*,*,#17057,.F.);
#17057 = EDGE_CURVE('',#16164,#16033,#17058,.T.);
#17058 = LINE('',#17059,#17060);
#17059 = CARTESIAN_POINT('',(116.026,99.0815,-0.54));
#17060 = VECTOR('',#17061,1.);
#17061 = DIRECTION('',(3.445092848398E-16,1.,1.224646799147E-16));
#17062 = ORIENTED_EDGE('',*,*,#16163,.F.);
#17063 = ORIENTED_EDGE('',*,*,#14773,.T.);
#17064 = PLANE('',#17065);
#17065 = AXIS2_PLACEMENT_3D('',#17066,#17067,#17068);
#17066 = CARTESIAN_POINT('',(116.026,99.2815,-0.54));
#17067 = DIRECTION('',(0.,-1.224646799147E-16,1.));
#17068 = DIRECTION('',(3.445092848398E-16,1.,1.224646799147E-16));
#17069 = ADVANCED_FACE('',(#17070),#17081,.F.);
#17070 = FACE_BOUND('',#17071,.T.);
#17071 = EDGE_LOOP('',(#17072,#17073,#17079,#17080));
#17072 = ORIENTED_EDGE('',*,*,#15452,.F.);
#17073 = ORIENTED_EDGE('',*,*,#17074,.F.);
#17074 = EDGE_CURVE('',#15576,#15445,#17075,.T.);
#17075 = LINE('',#17076,#17077);
#17076 = CARTESIAN_POINT('',(116.026,100.2815,-0.54));
#17077 = VECTOR('',#17078,1.);
#17078 = DIRECTION('',(3.445092848398E-16,1.,1.224646799147E-16));
#17079 = ORIENTED_EDGE('',*,*,#15575,.F.);
#17080 = ORIENTED_EDGE('',*,*,#14842,.T.);
#17081 = PLANE('',#17082);
#17082 = AXIS2_PLACEMENT_3D('',#17083,#17084,#17085);
#17083 = CARTESIAN_POINT('',(116.026,100.4815,-0.54));
#17084 = DIRECTION('',(0.,-1.224646799147E-16,1.));
#17085 = DIRECTION('',(3.445092848398E-16,1.,1.224646799147E-16));
#17086 = ADVANCED_FACE('',(#17087),#17098,.F.);
#17087 = FACE_BOUND('',#17088,.T.);
#17088 = EDGE_LOOP('',(#17089,#17090,#17096,#17097));
#17089 = ORIENTED_EDGE('',*,*,#15844,.F.);
#17090 = ORIENTED_EDGE('',*,*,#17091,.F.);
#17091 = EDGE_CURVE('',#15968,#15837,#17092,.T.);
#17092 = LINE('',#17093,#17094);
#17093 = CARTESIAN_POINT('',(116.026,99.4815,-0.54));
#17094 = VECTOR('',#17095,1.);
#17095 = DIRECTION('',(3.445092848398E-16,1.,1.224646799147E-16));
#17096 = ORIENTED_EDGE('',*,*,#15967,.F.);
#17097 = ORIENTED_EDGE('',*,*,#14796,.T.);
#17098 = PLANE('',#17099);
#17099 = AXIS2_PLACEMENT_3D('',#17100,#17101,#17102);
#17100 = CARTESIAN_POINT('',(116.026,99.6815,-0.54));
#17101 = DIRECTION('',(0.,-1.224646799147E-16,1.));
#17102 = DIRECTION('',(3.445092848398E-16,1.,1.224646799147E-16));
#17103 = ADVANCED_FACE('',(#17104),#17115,.F.);
#17104 = FACE_BOUND('',#17105,.T.);
#17105 = EDGE_LOOP('',(#17106,#17107,#17113,#17114));
#17106 = ORIENTED_EDGE('',*,*,#15648,.F.);
#17107 = ORIENTED_EDGE('',*,*,#17108,.F.);
#17108 = EDGE_CURVE('',#15772,#15641,#17109,.T.);
#17109 = LINE('',#17110,#17111);
#17110 = CARTESIAN_POINT('',(116.026,99.8815,-0.54));
#17111 = VECTOR('',#17112,1.);
#17112 = DIRECTION('',(3.445092848398E-16,1.,1.224646799147E-16));
#17113 = ORIENTED_EDGE('',*,*,#15771,.F.);
#17114 = ORIENTED_EDGE('',*,*,#14819,.T.);
#17115 = PLANE('',#17116);
#17116 = AXIS2_PLACEMENT_3D('',#17117,#17118,#17119);
#17117 = CARTESIAN_POINT('',(116.026,100.0815,-0.54));
#17118 = DIRECTION('',(0.,-1.224646799147E-16,1.));
#17119 = DIRECTION('',(3.445092848398E-16,1.,1.224646799147E-16));
#17120 = ADVANCED_FACE('',(#17121),#17132,.T.);
#17121 = FACE_BOUND('',#17122,.T.);
#17122 = EDGE_LOOP('',(#17123,#17124,#17125,#17126));
#17123 = ORIENTED_EDGE('',*,*,#15040,.T.);
#17124 = ORIENTED_EDGE('',*,*,#15000,.T.);
#17125 = ORIENTED_EDGE('',*,*,#14910,.T.);
#17126 = ORIENTED_EDGE('',*,*,#17127,.T.);
#17127 = EDGE_CURVE('',#14913,#15041,#17128,.T.);
#17128 = LINE('',#17129,#17130);
#17129 = CARTESIAN_POINT('',(113.026,99.2815,-0.34));
#17130 = VECTOR('',#17131,1.);
#17131 = DIRECTION('',(-4.669739647545E-16,-1.,-1.224646799147E-16));
#17132 = PLANE('',#17133);
#17133 = AXIS2_PLACEMENT_3D('',#17134,#17135,#17136);
#17134 = CARTESIAN_POINT('',(113.026,99.0815,-0.34));
#17135 = DIRECTION('',(0.,-1.224646799147E-16,1.));
#17136 = DIRECTION('',(-4.669739647545E-16,-1.,-1.224646799147E-16));
#17137 = ADVANCED_FACE('',(#17138),#17144,.F.);
#17138 = FACE_BOUND('',#17139,.T.);
#17139 = EDGE_LOOP('',(#17140,#17141,#17142,#17143));
#17140 = ORIENTED_EDGE('',*,*,#14936,.T.);
#17141 = ORIENTED_EDGE('',*,*,#16677,.T.);
#17142 = ORIENTED_EDGE('',*,*,#15048,.F.);
#17143 = ORIENTED_EDGE('',*,*,#17127,.F.);
#17144 = PLANE('',#17145);
#17145 = AXIS2_PLACEMENT_3D('',#17146,#17147,#17148);
#17146 = CARTESIAN_POINT('',(113.026,99.2815,-0.34));
#17147 = DIRECTION('',(1.,-4.669739647545E-16,-5.718781712216E-32));
#17148 = DIRECTION('',(4.669739647545E-16,1.,1.224646799147E-16));
#17149 = ADVANCED_FACE('',(#17150),#17161,.T.);
#17150 = FACE_BOUND('',#17151,.T.);
#17151 = EDGE_LOOP('',(#17152,#17153,#17154,#17155));
#17152 = ORIENTED_EDGE('',*,*,#14950,.T.);
#17153 = ORIENTED_EDGE('',*,*,#15025,.T.);
#17154 = ORIENTED_EDGE('',*,*,#15073,.T.);
#17155 = ORIENTED_EDGE('',*,*,#17156,.T.);
#17156 = EDGE_CURVE('',#15074,#14951,#17157,.T.);
#17157 = LINE('',#17158,#17159);
#17158 = CARTESIAN_POINT('',(116.026,101.0815,-0.34));
#17159 = VECTOR('',#17160,1.);
#17160 = DIRECTION('',(3.445092848398E-16,1.,1.224646799147E-16));
#17161 = PLANE('',#17162);
#17162 = AXIS2_PLACEMENT_3D('',#17163,#17164,#17165);
#17163 = CARTESIAN_POINT('',(116.026,101.2815,-0.34));
#17164 = DIRECTION('',(0.,-1.224646799147E-16,1.));
#17165 = DIRECTION('',(3.445092848398E-16,1.,1.224646799147E-16));
#17166 = ADVANCED_FACE('',(#17167),#17173,.F.);
#17167 = FACE_BOUND('',#17168,.T.);
#17168 = EDGE_LOOP('',(#17169,#17170,#17171,#17172));
#17169 = ORIENTED_EDGE('',*,*,#15092,.T.);
#17170 = ORIENTED_EDGE('',*,*,#17006,.T.);
#17171 = ORIENTED_EDGE('',*,*,#14960,.F.);
#17172 = ORIENTED_EDGE('',*,*,#17156,.F.);
#17173 = PLANE('',#17174);
#17174 = AXIS2_PLACEMENT_3D('',#17175,#17176,#17177);
#17175 = CARTESIAN_POINT('',(116.026,101.0815,-0.34));
#17176 = DIRECTION('',(-1.,3.445092848398E-16,4.219021929555E-32));
#17177 = DIRECTION('',(-3.445092848398E-16,-1.,-1.224646799147E-16));
#17178 = ADVANCED_FACE('',(#17179),#17190,.T.);
#17179 = FACE_BOUND('',#17180,.T.);
#17180 = EDGE_LOOP('',(#17181,#17182,#17183,#17184));
#17181 = ORIENTED_EDGE('',*,*,#15236,.T.);
#17182 = ORIENTED_EDGE('',*,*,#15196,.T.);
#17183 = ORIENTED_EDGE('',*,*,#15106,.T.);
#17184 = ORIENTED_EDGE('',*,*,#17185,.T.);
#17185 = EDGE_CURVE('',#15109,#15237,#17186,.T.);
#17186 = LINE('',#17187,#17188);
#17187 = CARTESIAN_POINT('',(113.026,98.8815,-0.34));
#17188 = VECTOR('',#17189,1.);
#17189 = DIRECTION('',(-4.669739647545E-16,-1.,-1.224646799147E-16));
#17190 = PLANE('',#17191);
#17191 = AXIS2_PLACEMENT_3D('',#17192,#17193,#17194);
#17192 = CARTESIAN_POINT('',(113.026,98.6815,-0.34));
#17193 = DIRECTION('',(0.,-1.224646799147E-16,1.));
#17194 = DIRECTION('',(-4.669739647545E-16,-1.,-1.224646799147E-16));
#17195 = ADVANCED_FACE('',(#17196),#17202,.F.);
#17196 = FACE_BOUND('',#17197,.T.);
#17197 = EDGE_LOOP('',(#17198,#17199,#17200,#17201));
#17198 = ORIENTED_EDGE('',*,*,#15132,.T.);
#17199 = ORIENTED_EDGE('',*,*,#16643,.T.);
#17200 = ORIENTED_EDGE('',*,*,#15244,.F.);
#17201 = ORIENTED_EDGE('',*,*,#17185,.F.);
#17202 = PLANE('',#17203);
#17203 = AXIS2_PLACEMENT_3D('',#17204,#17205,#17206);
#17204 = CARTESIAN_POINT('',(113.026,98.8815,-0.34));
#17205 = DIRECTION('',(1.,-4.669739647545E-16,-5.718781712216E-32));
#17206 = DIRECTION('',(4.669739647545E-16,1.,1.224646799147E-16));
#17207 = ADVANCED_FACE('',(#17208),#17219,.T.);
#17208 = FACE_BOUND('',#17209,.T.);
#17209 = EDGE_LOOP('',(#17210,#17211,#17212,#17213));
#17210 = ORIENTED_EDGE('',*,*,#15146,.T.);
#17211 = ORIENTED_EDGE('',*,*,#15221,.T.);
#17212 = ORIENTED_EDGE('',*,*,#15269,.T.);
#17213 = ORIENTED_EDGE('',*,*,#17214,.T.);
#17214 = EDGE_CURVE('',#15270,#15147,#17215,.T.);
#17215 = LINE('',#17216,#17217);
#17216 = CARTESIAN_POINT('',(116.026,100.6815,-0.34));
#17217 = VECTOR('',#17218,1.);
#17218 = DIRECTION('',(3.445092848398E-16,1.,1.224646799147E-16));
#17219 = PLANE('',#17220);
#17220 = AXIS2_PLACEMENT_3D('',#17221,#17222,#17223);
#17221 = CARTESIAN_POINT('',(116.026,100.8815,-0.34));
#17222 = DIRECTION('',(0.,-1.224646799147E-16,1.));
#17223 = DIRECTION('',(3.445092848398E-16,1.,1.224646799147E-16));
#17224 = ADVANCED_FACE('',(#17225),#17231,.F.);
#17225 = FACE_BOUND('',#17226,.T.);
#17226 = EDGE_LOOP('',(#17227,#17228,#17229,#17230));
#17227 = ORIENTED_EDGE('',*,*,#15288,.T.);
#17228 = ORIENTED_EDGE('',*,*,#17040,.T.);
#17229 = ORIENTED_EDGE('',*,*,#15156,.F.);
#17230 = ORIENTED_EDGE('',*,*,#17214,.F.);
#17231 = PLANE('',#17232);
#17232 = AXIS2_PLACEMENT_3D('',#17233,#17234,#17235);
#17233 = CARTESIAN_POINT('',(116.026,100.6815,-0.34));
#17234 = DIRECTION('',(-1.,3.445092848398E-16,4.219021929555E-32));
#17235 = DIRECTION('',(-3.445092848398E-16,-1.,-1.224646799147E-16));
#17236 = ADVANCED_FACE('',(#17237),#17248,.F.);
#17237 = FACE_BOUND('',#17238,.T.);
#17238 = EDGE_LOOP('',(#17239,#17240,#17246,#17247));
#17239 = ORIENTED_EDGE('',*,*,#16397,.F.);
#17240 = ORIENTED_EDGE('',*,*,#17241,.F.);
#17241 = EDGE_CURVE('',#16277,#16390,#17242,.T.);
#17242 = LINE('',#17243,#17244);
#17243 = CARTESIAN_POINT('',(115.226,97.9815,-0.54));
#17244 = VECTOR('',#17245,1.);
#17245 = DIRECTION('',(1.,-5.665538897648E-16,-6.938284076447E-32));
#17246 = ORIENTED_EDGE('',*,*,#16276,.F.);
#17247 = ORIENTED_EDGE('',*,*,#15410,.T.);
#17248 = PLANE('',#17249);
#17249 = AXIS2_PLACEMENT_3D('',#17250,#17251,#17252);
#17250 = CARTESIAN_POINT('',(115.426,97.9815,-0.54));
#17251 = DIRECTION('',(0.,-1.224646799147E-16,1.));
#17252 = DIRECTION('',(1.,-5.665538897648E-16,-6.938284076447E-32));
#17253 = ADVANCED_FACE('',(#17254),#17265,.F.);
#17254 = FACE_BOUND('',#17255,.T.);
#17255 = EDGE_LOOP('',(#17256,#17257,#17263,#17264));
#17256 = ORIENTED_EDGE('',*,*,#15613,.F.);
#17257 = ORIENTED_EDGE('',*,*,#17258,.F.);
#17258 = EDGE_CURVE('',#15493,#15606,#17259,.T.);
#17259 = LINE('',#17260,#17261);
#17260 = CARTESIAN_POINT('',(113.626,97.9815,-0.54));
#17261 = VECTOR('',#17262,1.);
#17262 = DIRECTION('',(1.,-5.665538897648E-16,-6.938284076447E-32));
#17263 = ORIENTED_EDGE('',*,*,#15492,.F.);
#17264 = ORIENTED_EDGE('',*,*,#15318,.T.);
#17265 = PLANE('',#17266);
#17266 = AXIS2_PLACEMENT_3D('',#17267,#17268,#17269);
#17267 = CARTESIAN_POINT('',(113.826,97.9815,-0.54));
#17268 = DIRECTION('',(0.,-1.224646799147E-16,1.));
#17269 = DIRECTION('',(1.,-5.665538897648E-16,-6.938284076447E-32));
#17270 = ADVANCED_FACE('',(#17271),#17282,.F.);
#17271 = FACE_BOUND('',#17272,.T.);
#17272 = EDGE_LOOP('',(#17273,#17274,#17280,#17281));
#17273 = ORIENTED_EDGE('',*,*,#16201,.F.);
#17274 = ORIENTED_EDGE('',*,*,#17275,.F.);
#17275 = EDGE_CURVE('',#16081,#16194,#17276,.T.);
#17276 = LINE('',#17277,#17278);
#17277 = CARTESIAN_POINT('',(114.826,97.9815,-0.54));
#17278 = VECTOR('',#17279,1.);
#17279 = DIRECTION('',(1.,-5.665538897648E-16,-6.938284076447E-32));
#17280 = ORIENTED_EDGE('',*,*,#16080,.F.);
#17281 = ORIENTED_EDGE('',*,*,#15387,.T.);
#17282 = PLANE('',#17283);
#17283 = AXIS2_PLACEMENT_3D('',#17284,#17285,#17286);
#17284 = CARTESIAN_POINT('',(115.026,97.9815,-0.54));
#17285 = DIRECTION('',(0.,-1.224646799147E-16,1.));
#17286 = DIRECTION('',(1.,-5.665538897648E-16,-6.938284076447E-32));
#17287 = ADVANCED_FACE('',(#17288),#17299,.F.);
#17288 = FACE_BOUND('',#17289,.T.);
#17289 = EDGE_LOOP('',(#17290,#17291,#17297,#17298));
#17290 = ORIENTED_EDGE('',*,*,#15809,.F.);
#17291 = ORIENTED_EDGE('',*,*,#17292,.F.);
#17292 = EDGE_CURVE('',#15689,#15802,#17293,.T.);
#17293 = LINE('',#17294,#17295);
#17294 = CARTESIAN_POINT('',(114.026,97.9815,-0.54));
#17295 = VECTOR('',#17296,1.);
#17296 = DIRECTION('',(1.,-5.665538897648E-16,-6.938284076447E-32));
#17297 = ORIENTED_EDGE('',*,*,#15688,.F.);
#17298 = ORIENTED_EDGE('',*,*,#15341,.T.);
#17299 = PLANE('',#17300);
#17300 = AXIS2_PLACEMENT_3D('',#17301,#17302,#17303);
#17301 = CARTESIAN_POINT('',(114.226,97.9815,-0.54));
#17302 = DIRECTION('',(0.,-1.224646799147E-16,1.));
#17303 = DIRECTION('',(1.,-5.665538897648E-16,-6.938284076447E-32));
#17304 = ADVANCED_FACE('',(#17305),#17316,.F.);
#17305 = FACE_BOUND('',#17306,.T.);
#17306 = EDGE_LOOP('',(#17307,#17308,#17314,#17315));
#17307 = ORIENTED_EDGE('',*,*,#16005,.F.);
#17308 = ORIENTED_EDGE('',*,*,#17309,.F.);
#17309 = EDGE_CURVE('',#15885,#15998,#17310,.T.);
#17310 = LINE('',#17311,#17312);
#17311 = CARTESIAN_POINT('',(114.426,97.9815,-0.54));
#17312 = VECTOR('',#17313,1.);
#17313 = DIRECTION('',(1.,-5.665538897648E-16,-6.938284076447E-32));
#17314 = ORIENTED_EDGE('',*,*,#15884,.F.);
#17315 = ORIENTED_EDGE('',*,*,#15364,.T.);
#17316 = PLANE('',#17317);
#17317 = AXIS2_PLACEMENT_3D('',#17318,#17319,#17320);
#17318 = CARTESIAN_POINT('',(114.626,97.9815,-0.54));
#17319 = DIRECTION('',(0.,-1.224646799147E-16,1.));
#17320 = DIRECTION('',(1.,-5.665538897648E-16,-6.938284076447E-32));
#17321 = ADVANCED_FACE('',(#17322),#17333,.T.);
#17322 = FACE_BOUND('',#17323,.T.);
#17323 = EDGE_LOOP('',(#17324,#17325,#17326,#17327));
#17324 = ORIENTED_EDGE('',*,*,#15434,.T.);
#17325 = ORIENTED_EDGE('',*,*,#15524,.T.);
#17326 = ORIENTED_EDGE('',*,*,#15564,.T.);
#17327 = ORIENTED_EDGE('',*,*,#17328,.T.);
#17328 = EDGE_CURVE('',#15565,#15435,#17329,.T.);
#17329 = LINE('',#17330,#17331);
#17330 = CARTESIAN_POINT('',(116.026,100.2815,-0.34));
#17331 = VECTOR('',#17332,1.);
#17332 = DIRECTION('',(3.445092848398E-16,1.,1.224646799147E-16));
#17333 = PLANE('',#17334);
#17334 = AXIS2_PLACEMENT_3D('',#17335,#17336,#17337);
#17335 = CARTESIAN_POINT('',(116.026,100.4815,-0.34));
#17336 = DIRECTION('',(0.,-1.224646799147E-16,1.));
#17337 = DIRECTION('',(3.445092848398E-16,1.,1.224646799147E-16));
#17338 = ADVANCED_FACE('',(#17339),#17345,.F.);
#17339 = FACE_BOUND('',#17340,.T.);
#17340 = EDGE_LOOP('',(#17341,#17342,#17343,#17344));
#17341 = ORIENTED_EDGE('',*,*,#15583,.T.);
#17342 = ORIENTED_EDGE('',*,*,#17074,.T.);
#17343 = ORIENTED_EDGE('',*,*,#15444,.F.);
#17344 = ORIENTED_EDGE('',*,*,#17328,.F.);
#17345 = PLANE('',#17346);
#17346 = AXIS2_PLACEMENT_3D('',#17347,#17348,#17349);
#17347 = CARTESIAN_POINT('',(116.026,100.2815,-0.34));
#17348 = DIRECTION('',(-1.,3.445092848398E-16,4.219021929555E-32));
#17349 = DIRECTION('',(-3.445092848398E-16,-1.,-1.224646799147E-16));
#17350 = ADVANCED_FACE('',(#17351),#17362,.T.);
#17351 = FACE_BOUND('',#17352,.T.);
#17352 = EDGE_LOOP('',(#17353,#17354,#17355,#17356));
#17353 = ORIENTED_EDGE('',*,*,#15597,.T.);
#17354 = ORIENTED_EDGE('',*,*,#15549,.T.);
#17355 = ORIENTED_EDGE('',*,*,#15474,.T.);
#17356 = ORIENTED_EDGE('',*,*,#17357,.T.);
#17357 = EDGE_CURVE('',#15477,#15598,#17358,.T.);
#17358 = LINE('',#17359,#17360);
#17359 = CARTESIAN_POINT('',(113.626,97.9815,-0.34));
#17360 = VECTOR('',#17361,1.);
#17361 = DIRECTION('',(1.,-5.665538897648E-16,-6.938284076447E-32));
#17362 = PLANE('',#17363);
#17363 = AXIS2_PLACEMENT_3D('',#17364,#17365,#17366);
#17364 = CARTESIAN_POINT('',(113.826,97.9815,-0.34));
#17365 = DIRECTION('',(0.,-1.224646799147E-16,1.));
#17366 = DIRECTION('',(1.,-5.665538897648E-16,-6.938284076447E-32));
#17367 = ADVANCED_FACE('',(#17368),#17374,.F.);
#17368 = FACE_BOUND('',#17369,.T.);
#17369 = EDGE_LOOP('',(#17370,#17371,#17372,#17373));
#17370 = ORIENTED_EDGE('',*,*,#15500,.T.);
#17371 = ORIENTED_EDGE('',*,*,#17258,.T.);
#17372 = ORIENTED_EDGE('',*,*,#15605,.F.);
#17373 = ORIENTED_EDGE('',*,*,#17357,.F.);
#17374 = PLANE('',#17375);
#17375 = AXIS2_PLACEMENT_3D('',#17376,#17377,#17378);
#17376 = CARTESIAN_POINT('',(113.626,97.9815,-0.34));
#17377 = DIRECTION('',(5.665538897648E-16,1.,1.224646799147E-16));
#17378 = DIRECTION('',(-1.,5.665538897648E-16,6.938284076447E-32));
#17379 = ADVANCED_FACE('',(#17380),#17391,.T.);
#17380 = FACE_BOUND('',#17381,.T.);
#17381 = EDGE_LOOP('',(#17382,#17383,#17384,#17385));
#17382 = ORIENTED_EDGE('',*,*,#15630,.T.);
#17383 = ORIENTED_EDGE('',*,*,#15720,.T.);
#17384 = ORIENTED_EDGE('',*,*,#15760,.T.);
#17385 = ORIENTED_EDGE('',*,*,#17386,.T.);
#17386 = EDGE_CURVE('',#15761,#15631,#17387,.T.);
#17387 = LINE('',#17388,#17389);
#17388 = CARTESIAN_POINT('',(116.026,99.8815,-0.34));
#17389 = VECTOR('',#17390,1.);
#17390 = DIRECTION('',(3.445092848398E-16,1.,1.224646799147E-16));
#17391 = PLANE('',#17392);
#17392 = AXIS2_PLACEMENT_3D('',#17393,#17394,#17395);
#17393 = CARTESIAN_POINT('',(116.026,100.0815,-0.34));
#17394 = DIRECTION('',(0.,-1.224646799147E-16,1.));
#17395 = DIRECTION('',(3.445092848398E-16,1.,1.224646799147E-16));
#17396 = ADVANCED_FACE('',(#17397),#17403,.F.);
#17397 = FACE_BOUND('',#17398,.T.);
#17398 = EDGE_LOOP('',(#17399,#17400,#17401,#17402));
#17399 = ORIENTED_EDGE('',*,*,#15779,.T.);
#17400 = ORIENTED_EDGE('',*,*,#17108,.T.);
#17401 = ORIENTED_EDGE('',*,*,#15640,.F.);
#17402 = ORIENTED_EDGE('',*,*,#17386,.F.);
#17403 = PLANE('',#17404);
#17404 = AXIS2_PLACEMENT_3D('',#17405,#17406,#17407);
#17405 = CARTESIAN_POINT('',(116.026,99.8815,-0.34));
#17406 = DIRECTION('',(-1.,3.445092848398E-16,4.219021929555E-32));
#17407 = DIRECTION('',(-3.445092848398E-16,-1.,-1.224646799147E-16));
#17408 = ADVANCED_FACE('',(#17409),#17420,.T.);
#17409 = FACE_BOUND('',#17410,.T.);
#17410 = EDGE_LOOP('',(#17411,#17412,#17413,#17414));
#17411 = ORIENTED_EDGE('',*,*,#15793,.T.);
#17412 = ORIENTED_EDGE('',*,*,#15745,.T.);
#17413 = ORIENTED_EDGE('',*,*,#15670,.T.);
#17414 = ORIENTED_EDGE('',*,*,#17415,.T.);
#17415 = EDGE_CURVE('',#15673,#15794,#17416,.T.);
#17416 = LINE('',#17417,#17418);
#17417 = CARTESIAN_POINT('',(114.026,97.9815,-0.34));
#17418 = VECTOR('',#17419,1.);
#17419 = DIRECTION('',(1.,-5.665538897648E-16,-6.938284076447E-32));
#17420 = PLANE('',#17421);
#17421 = AXIS2_PLACEMENT_3D('',#17422,#17423,#17424);
#17422 = CARTESIAN_POINT('',(114.226,97.9815,-0.34));
#17423 = DIRECTION('',(0.,-1.224646799147E-16,1.));
#17424 = DIRECTION('',(1.,-5.665538897648E-16,-6.938284076447E-32));
#17425 = ADVANCED_FACE('',(#17426),#17432,.F.);
#17426 = FACE_BOUND('',#17427,.T.);
#17427 = EDGE_LOOP('',(#17428,#17429,#17430,#17431));
#17428 = ORIENTED_EDGE('',*,*,#15696,.T.);
#17429 = ORIENTED_EDGE('',*,*,#17292,.T.);
#17430 = ORIENTED_EDGE('',*,*,#15801,.F.);
#17431 = ORIENTED_EDGE('',*,*,#17415,.F.);
#17432 = PLANE('',#17433);
#17433 = AXIS2_PLACEMENT_3D('',#17434,#17435,#17436);
#17434 = CARTESIAN_POINT('',(114.026,97.9815,-0.34));
#17435 = DIRECTION('',(5.665538897648E-16,1.,1.224646799147E-16));
#17436 = DIRECTION('',(-1.,5.665538897648E-16,6.938284076447E-32));
#17437 = ADVANCED_FACE('',(#17438),#17449,.T.);
#17438 = FACE_BOUND('',#17439,.T.);
#17439 = EDGE_LOOP('',(#17440,#17441,#17442,#17443));
#17440 = ORIENTED_EDGE('',*,*,#15826,.T.);
#17441 = ORIENTED_EDGE('',*,*,#15916,.T.);
#17442 = ORIENTED_EDGE('',*,*,#15956,.T.);
#17443 = ORIENTED_EDGE('',*,*,#17444,.T.);
#17444 = EDGE_CURVE('',#15957,#15827,#17445,.T.);
#17445 = LINE('',#17446,#17447);
#17446 = CARTESIAN_POINT('',(116.026,99.4815,-0.34));
#17447 = VECTOR('',#17448,1.);
#17448 = DIRECTION('',(3.445092848398E-16,1.,1.224646799147E-16));
#17449 = PLANE('',#17450);
#17450 = AXIS2_PLACEMENT_3D('',#17451,#17452,#17453);
#17451 = CARTESIAN_POINT('',(116.026,99.6815,-0.34));
#17452 = DIRECTION('',(0.,-1.224646799147E-16,1.));
#17453 = DIRECTION('',(3.445092848398E-16,1.,1.224646799147E-16));
#17454 = ADVANCED_FACE('',(#17455),#17461,.F.);
#17455 = FACE_BOUND('',#17456,.T.);
#17456 = EDGE_LOOP('',(#17457,#17458,#17459,#17460));
#17457 = ORIENTED_EDGE('',*,*,#15975,.T.);
#17458 = ORIENTED_EDGE('',*,*,#17091,.T.);
#17459 = ORIENTED_EDGE('',*,*,#15836,.F.);
#17460 = ORIENTED_EDGE('',*,*,#17444,.F.);
#17461 = PLANE('',#17462);
#17462 = AXIS2_PLACEMENT_3D('',#17463,#17464,#17465);
#17463 = CARTESIAN_POINT('',(116.026,99.4815,-0.34));
#17464 = DIRECTION('',(-1.,3.445092848398E-16,4.219021929555E-32));
#17465 = DIRECTION('',(-3.445092848398E-16,-1.,-1.224646799147E-16));
#17466 = ADVANCED_FACE('',(#17467),#17478,.T.);
#17467 = FACE_BOUND('',#17468,.T.);
#17468 = EDGE_LOOP('',(#17469,#17470,#17471,#17472));
#17469 = ORIENTED_EDGE('',*,*,#15989,.T.);
#17470 = ORIENTED_EDGE('',*,*,#15941,.T.);
#17471 = ORIENTED_EDGE('',*,*,#15866,.T.);
#17472 = ORIENTED_EDGE('',*,*,#17473,.T.);
#17473 = EDGE_CURVE('',#15869,#15990,#17474,.T.);
#17474 = LINE('',#17475,#17476);
#17475 = CARTESIAN_POINT('',(114.426,97.9815,-0.34));
#17476 = VECTOR('',#17477,1.);
#17477 = DIRECTION('',(1.,-5.665538897648E-16,-6.938284076447E-32));
#17478 = PLANE('',#17479);
#17479 = AXIS2_PLACEMENT_3D('',#17480,#17481,#17482);
#17480 = CARTESIAN_POINT('',(114.626,97.9815,-0.34));
#17481 = DIRECTION('',(0.,-1.224646799147E-16,1.));
#17482 = DIRECTION('',(1.,-5.665538897648E-16,-6.938284076447E-32));
#17483 = ADVANCED_FACE('',(#17484),#17490,.F.);
#17484 = FACE_BOUND('',#17485,.T.);
#17485 = EDGE_LOOP('',(#17486,#17487,#17488,#17489));
#17486 = ORIENTED_EDGE('',*,*,#15892,.T.);
#17487 = ORIENTED_EDGE('',*,*,#17309,.T.);
#17488 = ORIENTED_EDGE('',*,*,#15997,.F.);
#17489 = ORIENTED_EDGE('',*,*,#17473,.F.);
#17490 = PLANE('',#17491);
#17491 = AXIS2_PLACEMENT_3D('',#17492,#17493,#17494);
#17492 = CARTESIAN_POINT('',(114.426,97.9815,-0.34));
#17493 = DIRECTION('',(5.665538897648E-16,1.,1.224646799147E-16));
#17494 = DIRECTION('',(-1.,5.665538897648E-16,6.938284076447E-32));
#17495 = ADVANCED_FACE('',(#17496),#17507,.T.);
#17496 = FACE_BOUND('',#17497,.T.);
#17497 = EDGE_LOOP('',(#17498,#17499,#17500,#17501));
#17498 = ORIENTED_EDGE('',*,*,#16022,.T.);
#17499 = ORIENTED_EDGE('',*,*,#16112,.T.);
#17500 = ORIENTED_EDGE('',*,*,#16152,.T.);
#17501 = ORIENTED_EDGE('',*,*,#17502,.T.);
#17502 = EDGE_CURVE('',#16153,#16023,#17503,.T.);
#17503 = LINE('',#17504,#17505);
#17504 = CARTESIAN_POINT('',(116.026,99.0815,-0.34));
#17505 = VECTOR('',#17506,1.);
#17506 = DIRECTION('',(3.445092848398E-16,1.,1.224646799147E-16));
#17507 = PLANE('',#17508);
#17508 = AXIS2_PLACEMENT_3D('',#17509,#17510,#17511);
#17509 = CARTESIAN_POINT('',(116.026,99.2815,-0.34));
#17510 = DIRECTION('',(0.,-1.224646799147E-16,1.));
#17511 = DIRECTION('',(3.445092848398E-16,1.,1.224646799147E-16));
#17512 = ADVANCED_FACE('',(#17513),#17519,.F.);
#17513 = FACE_BOUND('',#17514,.T.);
#17514 = EDGE_LOOP('',(#17515,#17516,#17517,#17518));
#17515 = ORIENTED_EDGE('',*,*,#16171,.T.);
#17516 = ORIENTED_EDGE('',*,*,#17057,.T.);
#17517 = ORIENTED_EDGE('',*,*,#16032,.F.);
#17518 = ORIENTED_EDGE('',*,*,#17502,.F.);
#17519 = PLANE('',#17520);
#17520 = AXIS2_PLACEMENT_3D('',#17521,#17522,#17523);
#17521 = CARTESIAN_POINT('',(116.026,99.0815,-0.34));
#17522 = DIRECTION('',(-1.,3.445092848398E-16,4.219021929555E-32));
#17523 = DIRECTION('',(-3.445092848398E-16,-1.,-1.224646799147E-16));
#17524 = ADVANCED_FACE('',(#17525),#17536,.T.);
#17525 = FACE_BOUND('',#17526,.T.);
#17526 = EDGE_LOOP('',(#17527,#17528,#17529,#17530));
#17527 = ORIENTED_EDGE('',*,*,#16185,.T.);
#17528 = ORIENTED_EDGE('',*,*,#16137,.T.);
#17529 = ORIENTED_EDGE('',*,*,#16062,.T.);
#17530 = ORIENTED_EDGE('',*,*,#17531,.T.);
#17531 = EDGE_CURVE('',#16065,#16186,#17532,.T.);
#17532 = LINE('',#17533,#17534);
#17533 = CARTESIAN_POINT('',(114.826,97.9815,-0.34));
#17534 = VECTOR('',#17535,1.);
#17535 = DIRECTION('',(1.,-5.665538897648E-16,-6.938284076447E-32));
#17536 = PLANE('',#17537);
#17537 = AXIS2_PLACEMENT_3D('',#17538,#17539,#17540);
#17538 = CARTESIAN_POINT('',(115.026,97.9815,-0.34));
#17539 = DIRECTION('',(0.,-1.224646799147E-16,1.));
#17540 = DIRECTION('',(1.,-5.665538897648E-16,-6.938284076447E-32));
#17541 = ADVANCED_FACE('',(#17542),#17548,.F.);
#17542 = FACE_BOUND('',#17543,.T.);
#17543 = EDGE_LOOP('',(#17544,#17545,#17546,#17547));
#17544 = ORIENTED_EDGE('',*,*,#16088,.T.);
#17545 = ORIENTED_EDGE('',*,*,#17275,.T.);
#17546 = ORIENTED_EDGE('',*,*,#16193,.F.);
#17547 = ORIENTED_EDGE('',*,*,#17531,.F.);
#17548 = PLANE('',#17549);
#17549 = AXIS2_PLACEMENT_3D('',#17550,#17551,#17552);
#17550 = CARTESIAN_POINT('',(114.826,97.9815,-0.34));
#17551 = DIRECTION('',(5.665538897648E-16,1.,1.224646799147E-16));
#17552 = DIRECTION('',(-1.,5.665538897648E-16,6.938284076447E-32));
#17553 = ADVANCED_FACE('',(#17554),#17565,.T.);
#17554 = FACE_BOUND('',#17555,.T.);
#17555 = EDGE_LOOP('',(#17556,#17557,#17558,#17559));
#17556 = ORIENTED_EDGE('',*,*,#16218,.T.);
#17557 = ORIENTED_EDGE('',*,*,#16308,.T.);
#17558 = ORIENTED_EDGE('',*,*,#16348,.T.);
#17559 = ORIENTED_EDGE('',*,*,#17560,.T.);
#17560 = EDGE_CURVE('',#16349,#16219,#17561,.T.);
#17561 = LINE('',#17562,#17563);
#17562 = CARTESIAN_POINT('',(116.026,98.6815,-0.34));
#17563 = VECTOR('',#17564,1.);
#17564 = DIRECTION('',(3.445092848398E-16,1.,1.224646799147E-16));
#17565 = PLANE('',#17566);
#17566 = AXIS2_PLACEMENT_3D('',#17567,#17568,#17569);
#17567 = CARTESIAN_POINT('',(116.026,98.8815,-0.34));
#17568 = DIRECTION('',(0.,-1.224646799147E-16,1.));
#17569 = DIRECTION('',(3.445092848398E-16,1.,1.224646799147E-16));
#17570 = ADVANCED_FACE('',(#17571),#17577,.F.);
#17571 = FACE_BOUND('',#17572,.T.);
#17572 = EDGE_LOOP('',(#17573,#17574,#17575,#17576));
#17573 = ORIENTED_EDGE('',*,*,#16367,.T.);
#17574 = ORIENTED_EDGE('',*,*,#17023,.T.);
#17575 = ORIENTED_EDGE('',*,*,#16228,.F.);
#17576 = ORIENTED_EDGE('',*,*,#17560,.F.);
#17577 = PLANE('',#17578);
#17578 = AXIS2_PLACEMENT_3D('',#17579,#17580,#17581);
#17579 = CARTESIAN_POINT('',(116.026,98.6815,-0.34));
#17580 = DIRECTION('',(-1.,3.445092848398E-16,4.219021929555E-32));
#17581 = DIRECTION('',(-3.445092848398E-16,-1.,-1.224646799147E-16));
#17582 = ADVANCED_FACE('',(#17583),#17594,.T.);
#17583 = FACE_BOUND('',#17584,.T.);
#17584 = EDGE_LOOP('',(#17585,#17586,#17587,#17588));
#17585 = ORIENTED_EDGE('',*,*,#16381,.T.);
#17586 = ORIENTED_EDGE('',*,*,#16333,.T.);
#17587 = ORIENTED_EDGE('',*,*,#16258,.T.);
#17588 = ORIENTED_EDGE('',*,*,#17589,.T.);
#17589 = EDGE_CURVE('',#16261,#16382,#17590,.T.);
#17590 = LINE('',#17591,#17592);
#17591 = CARTESIAN_POINT('',(115.226,97.9815,-0.34));
#17592 = VECTOR('',#17593,1.);
#17593 = DIRECTION('',(1.,-5.665538897648E-16,-6.938284076447E-32));
#17594 = PLANE('',#17595);
#17595 = AXIS2_PLACEMENT_3D('',#17596,#17597,#17598);
#17596 = CARTESIAN_POINT('',(115.426,97.9815,-0.34));
#17597 = DIRECTION('',(0.,-1.224646799147E-16,1.));
#17598 = DIRECTION('',(1.,-5.665538897648E-16,-6.938284076447E-32));
#17599 = ADVANCED_FACE('',(#17600),#17606,.F.);
#17600 = FACE_BOUND('',#17601,.T.);
#17601 = EDGE_LOOP('',(#17602,#17603,#17604,#17605));
#17602 = ORIENTED_EDGE('',*,*,#16284,.T.);
#17603 = ORIENTED_EDGE('',*,*,#17241,.T.);
#17604 = ORIENTED_EDGE('',*,*,#16389,.F.);
#17605 = ORIENTED_EDGE('',*,*,#17589,.F.);
#17606 = PLANE('',#17607);
#17607 = AXIS2_PLACEMENT_3D('',#17608,#17609,#17610);
#17608 = CARTESIAN_POINT('',(115.226,97.9815,-0.34));
#17609 = DIRECTION('',(5.665538897648E-16,1.,1.224646799147E-16));
#17610 = DIRECTION('',(-1.,5.665538897648E-16,6.938284076447E-32));
#17611 = ADVANCED_FACE('',(#17612),#17619,.T.);
#17612 = FACE_BOUND('',#17613,.T.);
#17613 = EDGE_LOOP('',(#17614,#17615,#17616,#17617,#17618));
#17614 = ORIENTED_EDGE('',*,*,#16431,.T.);
#17615 = ORIENTED_EDGE('',*,*,#16455,.T.);
#17616 = ORIENTED_EDGE('',*,*,#16479,.T.);
#17617 = ORIENTED_EDGE('',*,*,#16503,.T.);
#17618 = ORIENTED_EDGE('',*,*,#16520,.T.);
#17619 = PLANE('',#17620);
#17620 = AXIS2_PLACEMENT_3D('',#17621,#17622,#17623);
#17621 = CARTESIAN_POINT('',(113.701,101.1065,-0.34));
#17622 = DIRECTION('',(0.,-1.224646799147E-16,1.));
#17623 = DIRECTION('',(-2.22044604925E-16,-1.,-1.224646799147E-16));
#17624 = ADVANCED_FACE('',(#17625),#17644,.F.);
#17625 = FACE_BOUND('',#17626,.T.);
#17626 = EDGE_LOOP('',(#17627,#17635,#17642,#17643));
#17627 = ORIENTED_EDGE('',*,*,#17628,.T.);
#17628 = EDGE_CURVE('',#16541,#17629,#17631,.T.);
#17629 = VERTEX_POINT('',#17630);
#17630 = CARTESIAN_POINT('',(113.626,101.1315,-1.1));
#17631 = LINE('',#17632,#17633);
#17632 = CARTESIAN_POINT('',(113.626,101.1315,-1.12));
#17633 = VECTOR('',#17634,1.);
#17634 = DIRECTION('',(0.,-1.224646799147E-16,1.));
#17635 = ORIENTED_EDGE('',*,*,#17636,.T.);
#17636 = EDGE_CURVE('',#17629,#17629,#17637,.T.);
#17637 = CIRCLE('',#17638,0.25);
#17638 = AXIS2_PLACEMENT_3D('',#17639,#17640,#17641);
#17639 = CARTESIAN_POINT('',(113.626,101.3815,-1.1));
#17640 = DIRECTION('',(0.,-1.224646799147E-16,1.));
#17641 = DIRECTION('',(-2.22044604925E-16,-1.,-1.224646799147E-16));
#17642 = ORIENTED_EDGE('',*,*,#17628,.F.);
#17643 = ORIENTED_EDGE('',*,*,#16540,.T.);
#17644 = CYLINDRICAL_SURFACE('',#17645,0.25);
#17645 = AXIS2_PLACEMENT_3D('',#17646,#17647,#17648);
#17646 = CARTESIAN_POINT('',(113.626,101.3815,-1.12));
#17647 = DIRECTION('',(0.,-1.224646799147E-16,1.));
#17648 = DIRECTION('',(-2.22044604925E-16,-1.,-1.224646799147E-16));
#17649 = ADVANCED_FACE('',(#17650),#17653,.T.);
#17650 = FACE_BOUND('',#17651,.F.);
#17651 = EDGE_LOOP('',(#17652));
#17652 = ORIENTED_EDGE('',*,*,#17636,.T.);
#17653 = PLANE('',#17654);
#17654 = AXIS2_PLACEMENT_3D('',#17655,#17656,#17657);
#17655 = CARTESIAN_POINT('',(113.626,101.3815,-1.1));
#17656 = DIRECTION('',(0.,1.224646799147E-16,-1.));
#17657 = DIRECTION('',(2.22044604925E-16,1.,1.224646799147E-16));
#17658 = ( GEOMETRIC_REPRESENTATION_CONTEXT(3) 
GLOBAL_UNCERTAINTY_ASSIGNED_CONTEXT((#17662)) 
GLOBAL_UNIT_ASSIGNED_CONTEXT((#17659,#17660,#17661)) 
REPRESENTATION_CONTEXT('Context #1',
  '3D Context with UNIT and UNCERTAINTY') );
#17659 = ( LENGTH_UNIT() NAMED_UNIT(*) SI_UNIT(.MILLI.,.METRE.) );
#17660 = ( NAMED_UNIT(*) PLANE_ANGLE_UNIT() SI_UNIT($,.RADIAN.) );
#17661 = ( NAMED_UNIT(*) SI_UNIT($,.STERADIAN.) SOLID_ANGLE_UNIT() );
#17662 = UNCERTAINTY_MEASURE_WITH_UNIT(LENGTH_MEASURE(1.E-07),#17659,
  'distance_accuracy_value','confusion accuracy');
#17663 = PRODUCT_RELATED_PRODUCT_CATEGORY('part',$,(#7));
ENDSEC;
END-ISO-10303-21;
