#VRML V2.0 utf8
# 3D model generated by easyeda2kicad.py (https://github.com/uPesy/easyeda2kicad.py)

Shape{
    appearance Appearance {
        material  Material 	{
            diffuseColor 0.20784313725490197 0.20784313725490197 0.20784313725490197
            specularColor 0.01568627450980392 0.01568627450980392 0.01568627450980392
            ambientIntensity 0.298
            transparency 0.0
            shininess 0.5
        }
    }
    geometry IndexedFaceSet {
        ccw TRUE
        solid FALSE
        coord DEF co Coordinate {
            point [
                0.3651 -0.3937 0.2559, 0.3937 -0.3937 0.2559, 0.3937 -0.3442 0.2559, 0.3202 -0.3937 0.2559, 0.3651 -0.3442 0.2559, 0.3037 -0.3937 0.2559, 0.3202 -0.3442 0.2559, -0.3937 -0.3937 0.2559, -0.0724 -0.3937 0.2559, -0.0724 -0.3442 0.2559, 0.2735 -0.3372 0.2559, 0.2733 -0.3372 0.2559, 0.2774 -0.3372 0.2559, 0.3202 -0.3092 0.2559, 0.3145 -0.3091 0.2559, 0.3119 -0.3091 0.2559, 0.3101 -0.3042 0.2559, 0.3037 -0.3042 0.2559, 0.3037 -0.3092 0.2559, 0.3077 -0.2914 0.2559, 0.3202 -0.2913 0.2559, 0.3037 -0.2913 0.2559, 0.3028 -0.3042 0.2559, 0.3011 -0.3091 0.2559, 0.2981 -0.3092 0.2559, 0.2986 -0.3091 0.2559, 0.2981 -0.2913 0.2559, 0.3037 -0.2957 0.2559, 0.3053 -0.2914 0.2559, 0.253 -0.3372 0.2559, 0.253 -0.3371 0.2559, 0.2436 -0.3371 0.2559, 0.2436 -0.3194 0.2559, 0.2364 -0.3144 0.2559, 0.2364 -0.3372 0.2559, 0.253 -0.3144 0.2559, 0.2527 -0.3194 0.2559, 0.2527 -0.3214 0.2559, 0.2459 -0.3214 0.2559, 0.2459 -0.3271 0.2559, 0.2459 -0.3291 0.2559, 0.2459 -0.3351 0.2559, 0.2522 -0.3291 0.2559, 0.253 -0.3351 0.2559, 0.2522 -0.3271 0.2559, 0.2534 -0.3144 0.2559, 0.2531 -0.3371 0.2559, 0.2534 -0.3372 0.2559, 0.2531 -0.3351 0.2559, 0.2627 -0.2932 0.2559, 0.2619 -0.2932 0.2559, 0.2661 -0.3065 0.2559, 0.2649 -0.2934 0.2559, 0.2604 -0.2935 0.2559, 0.259 -0.2942 0.2559, 0.2579 -0.2951 0.2559, 0.2578 -0.2953 0.2559, 0.2569 -0.2965 0.2559, 0.2563 -0.298 0.2559, 0.256 -0.3004 0.2559, 0.2561 -0.3012 0.2559, 0.2654 -0.3068 0.2559, 0.2635 -0.3073 0.2559, 0.2623 -0.3073 0.2559, 0.2564 -0.3029 0.2559, 0.2569 -0.3043 0.2559, 0.2578 -0.3055 0.2559, 0.2582 -0.3059 0.2559, 0.2607 -0.3072 0.2559, 0.2594 -0.3067 0.2559, 0.2676 -0.3092 0.2559, 0.2669 -0.2942 0.2559, 0.2669 -0.3062 0.2559, 0.2667 -0.2941 0.2559, 0.2661 -0.2939 0.2559, 0.2669 -0.2918 0.2559, 0.2676 -0.2913 0.2559, 0.2661 -0.2916 0.2559, 0.2661 -0.2913 0.2559, 0.265 -0.2913 0.2559, 0.2646 -0.2913 0.2559, 0.2547 -0.3053 0.2559, 0.254 -0.3034 0.2559, 0.2534 -0.3092 0.2559, 0.2603 -0.3092 0.2559, 0.2588 -0.3088 0.2559, 0.2571 -0.308 0.2559, 0.2537 -0.3006 0.2559, 0.2537 -0.2997 0.2559, 0.2534 -0.2913 0.2559, 0.2541 -0.2974 0.2559, 0.2549 -0.2954 0.2559, 0.2562 -0.2937 0.2559, 0.2559 -0.307 0.2559, 0.2558 -0.3068 0.2559, 0.2566 -0.2933 0.2559, 0.2583 -0.2921 0.2559, 0.2601 -0.2914 0.2559, 0.2606 -0.3093 0.2559, 0.262 -0.3094 0.2559, 0.2661 -0.3144 0.2559, 0.2635 -0.3092 0.2559, 0.2669 -0.3083 0.2559, 0.2666 -0.3085 0.2559, 0.2661 -0.3092 0.2559, 0.2661 -0.3086 0.2559, 0.2647 -0.3091 0.2559, 0.2878 -0.3245 0.2559, 0.2901 -0.3245 0.2559, 0.2913 -0.3144 0.2559, 0.2829 -0.3372 0.2559, 0.283 -0.337 0.2559, 0.278 -0.3245 0.2559, 0.2774 -0.3144 0.2559, 0.2805 -0.3245 0.2559, 0.2838 -0.3339 0.2559, 0.2844 -0.334 0.2559, 0.2841 -0.335 0.2559, 0.2841 -0.335 0.2559, 0.2842 -0.3345 0.2559, 0.2799 -0.343 0.2559, 0.2774 -0.3442 0.2559, 0.2808 -0.3429 0.2559, 0.2913 -0.3442 0.2559, 0.2794 -0.343 0.2559, 0.2785 -0.3428 0.2559, 0.2785 -0.3409 0.2559, 0.2811 -0.3406 0.2559, 0.2816 -0.3401 0.2559, 0.282 -0.3393 0.2559, 0.2789 -0.341 0.2559, 0.2797 -0.3411 0.2559, 0.2851 -0.3372 0.2559, 0.2844 -0.339 0.2559, 0.2834 -0.3409 0.2559, 0.2826 -0.3419 0.2559, 0.2824 -0.342 0.2559, 0.2817 -0.3426 0.2559, 0.2803 -0.341 0.2559, 0.2808 -0.3409 0.2559, 0.2761 -0.3316 0.2559, 0.2765 -0.3322 0.2559, 0.2763 -0.3269 0.2559, 0.2765 -0.3352 0.2559, 0.2761 -0.3358 0.2559, 0.2705 -0.3248 0.2559, 0.2694 -0.3144 0.2559, 0.2698 -0.3252 0.2559, 0.2694 -0.3255 0.2559, 0.2768 -0.3328 0.2559, 0.2769 -0.3336 0.2559, 0.2768 -0.3345 0.2559, 0.2717 -0.3243 0.2559, 0.2733 -0.3242 0.2559, 0.2763 -0.3247 0.2559, 0.2748 -0.3243 0.2559, 0.2754 -0.3364 0.2559, 0.2747 -0.3368 0.2559, 0.2731 -0.326 0.2559, 0.2724 -0.326 0.2559, 0.2706 -0.3277 0.2559, 0.2718 -0.3262 0.2559, 0.2713 -0.3264 0.2559, 0.2707 -0.328 0.2559, 0.2708 -0.3283 0.2559, 0.2709 -0.3286 0.2559, 0.2711 -0.3288 0.2559, 0.2719 -0.3293 0.2559, 0.2745 -0.3261 0.2559, 0.2733 -0.3299 0.2559, 0.2758 -0.3266 0.2559, 0.2741 -0.3303 0.2559, 0.2756 -0.3311 0.2559, 0.271 -0.3267 0.2559, 0.2708 -0.327 0.2559, 0.2707 -0.3273 0.2559, 0.2691 -0.3258 0.2559, 0.2676 -0.3144 0.2559, 0.2687 -0.3264 0.2559, 0.2692 -0.3349 0.2559, 0.2694 -0.3349 0.2559, 0.2694 -0.3302 0.2559, 0.269 -0.3299 0.2559, 0.2687 -0.3294 0.2559, 0.2684 -0.3343 0.2559, 0.2685 -0.3287 0.2559, 0.2684 -0.3279 0.2559, 0.2685 -0.3271 0.2559, 0.2694 -0.3302 0.2559, 0.2706 -0.3354 0.2559, 0.2717 -0.3315 0.2559, 0.2704 -0.3309 0.2559, 0.272 -0.3356 0.2559, 0.2721 -0.3356 0.2559, 0.2732 -0.3321 0.2559, 0.2732 -0.3354 0.2559, 0.2746 -0.3339 0.2559, 0.2746 -0.3336 0.2559, 0.2738 -0.3352 0.2559, 0.274 -0.3351 0.2559, 0.2742 -0.3349 0.2559, 0.2744 -0.3346 0.2559, 0.2746 -0.3343 0.2559, 0.2745 -0.3332 0.2559, 0.2743 -0.3329 0.2559, 0.274 -0.3327 0.2559, 0.2684 -0.3366 0.2559, 0.2676 -0.3372 0.2559, 0.2694 -0.337 0.2559, 0.2694 -0.3372 0.2559, 0.2697 -0.3371 0.2559, 0.2705 -0.3372 0.2559, 0.2718 -0.3374 0.2559, 0.2694 -0.3442 0.2559, 0.2579 -0.3372 0.2559, 0.2579 -0.3372 0.2559, 0.2565 -0.3253 0.2559, 0.2565 -0.3275 0.2559, 0.2654 -0.329 0.2559, 0.2654 -0.3371 0.2559, 0.2661 -0.3372 0.2559, 0.2631 -0.3371 0.2559, 0.2571 -0.3369 0.2559, 0.2563 -0.3364 0.2559, 0.2561 -0.3361 0.2559, 0.2631 -0.3246 0.2559, 0.2638 -0.325 0.2559, 0.2621 -0.3243 0.2559, 0.2556 -0.3354 0.2559, 0.2553 -0.3347 0.2559, 0.2552 -0.3337 0.2559, 0.2631 -0.3351 0.2559, 0.2631 -0.3351 0.2559, 0.2627 -0.3357 0.2559, 0.262 -0.3364 0.2559, 0.2552 -0.3334 0.2559, 0.2554 -0.3325 0.2559, 0.2557 -0.3317 0.2559, 0.2561 -0.331 0.2559, 0.2568 -0.3305 0.2559, 0.2578 -0.33 0.2559, 0.2578 -0.3266 0.2559, 0.2594 -0.3296 0.2559, 0.2613 -0.326 0.2559, 0.2606 -0.326 0.2559, 0.2592 -0.3261 0.2559, 0.2569 -0.3251 0.2559, 0.2586 -0.3244 0.2559, 0.2608 -0.3242 0.2559, 0.2644 -0.3256 0.2559, 0.2648 -0.3263 0.2559, 0.2652 -0.3273 0.2559, 0.2631 -0.3291 0.2559, 0.2631 -0.3281 0.2559, 0.2628 -0.3273 0.2559, 0.2626 -0.3268 0.2559, 0.2622 -0.3265 0.2559, 0.2619 -0.3262 0.2559, 0.2592 -0.3374 0.2559, 0.2534 -0.3442 0.2559, 0.2604 -0.3372 0.2559, 0.2661 -0.3442 0.2559, 0.2604 -0.3372 0.2559, 0.2211 -0.3052 0.2559, 0.2245 -0.3081 0.2559, 0.2364 -0.2913 0.2559, 0.2364 -0.3092 0.2559, 0.2049 -0.2897 0.2559, 0.2072 -0.2913 0.2559, 0.21 -0.2932 0.2559, 0.2142 -0.2981 0.2559, 0.2167 -0.3031 0.2559, 0.2174 -0.3033 0.2559, 0.1986 -0.2874 0.2559, 0.2364 0.0045 0.2559, 0.1929 -0.2867 0.2559, 0.187 -0.2874 0.2559, 0.1812 -0.2895 0.2559, -0.0724 0.0045 0.2559, 0.1783 -0.2913 0.2559, -0.0724 -0.2913 0.2559, 0.1778 -0.2916 0.2559, 0.1645 -0.2975 0.2559, 0.1694 -0.2968 0.2559, 0.1749 -0.2941 0.2559, 0.1709 -0.2969 0.2559, 0.1723 -0.2971 0.2559, 0.155 -0.3029 0.2559, 0.1559 -0.3021 0.2559, 0.1598 -0.2993 0.2559, -0.0724 -0.3092 0.2559, -0.0724 -0.3144 0.2559, 0.1494 -0.3144 0.2559, 0.15 -0.3113 0.2559, 0.1509 -0.3092 0.2559, 0.152 -0.3067 0.2559, 0.1628 -0.3364 0.2559, 0.1583 -0.3342 0.2559, -0.0724 -0.3372 0.2559, 0.1544 -0.3309 0.2559, 0.1515 -0.3268 0.2559, 0.1497 -0.3221 0.2559, 0.1491 -0.3172 0.2559, 0.1491 -0.316 0.2559, 0.1644 -0.3369 0.2559, 0.1646 -0.3372 0.2559, 0.1657 -0.3396 0.2559, 0.1675 -0.3419 0.2559, 0.1815 -0.3442 0.2559, 0.1794 -0.345 0.2559, 0.2364 -0.3937 0.2559, 0.1763 -0.3454 0.2559, 0.1759 -0.3454 0.2559, 0.1729 -0.3449 0.2559, 0.1711 -0.3442 0.2559, 0.17 -0.3437 0.2559, 0.1881 -0.3372 0.2559, 0.1881 -0.3373 0.2559, 0.2364 -0.3442 0.2559, 0.1866 -0.3401 0.2559, 0.1847 -0.3422 0.2559, 0.1822 -0.344 0.2559, 0.2286 -0.3155 0.2559, 0.2292 -0.3196 0.2559, 0.2041 -0.3298 0.2559, 0.205 -0.3295 0.2559, 0.2065 -0.3223 0.2559, 0.1857 -0.3245 0.2559, 0.2026 -0.3157 0.2559, 0.1836 -0.3225 0.2559, 0.1809 -0.321 0.2559, 0.2033 -0.3304 0.2559, 0.227 -0.328 0.2559, 0.2245 -0.3315 0.2559, 0.2213 -0.3186 0.2559, 0.2207 -0.3162 0.2559, 0.2198 -0.3144 0.2559, 0.1573 -0.3144 0.2559, 0.2286 -0.324 0.2559, 0.206 -0.3293 0.2559, 0.2061 -0.3294 0.2559, 0.2065 -0.3294 0.2559, 0.1581 -0.3219 0.2559, 0.1596 -0.3245 0.2559, 0.1659 -0.3258 0.2559, 0.1618 -0.3268 0.2559, 0.1645 -0.3285 0.2559, 0.1706 -0.3216 0.2559, 0.168 -0.3234 0.2559, 0.157 -0.3169 0.2559, 0.1572 -0.3189 0.2559, 0.1733 -0.3206 0.2559, 0.1763 -0.3202 0.2559, 0.1779 -0.3203 0.2559, 0.2211 -0.3344 0.2559, 0.2173 -0.3362 0.2559, 0.2131 -0.3371 0.2559, 0.2021 -0.3332 0.2559, 0.2021 -0.3327 0.2559, 0.1889 -0.3316 0.2559, 0.2023 -0.3318 0.2559, 0.2028 -0.3309 0.2559, 0.2188 -0.3263 0.2559, 0.2202 -0.3244 0.2559, 0.2211 -0.3221 0.2559, 0.2214 -0.3197 0.2559, 0.2057 -0.3371 0.2559, 0.205 -0.337 0.2559, 0.2042 -0.3367 0.2559, 0.2034 -0.3361 0.2559, 0.2031 -0.3358 0.2559, 0.2025 -0.335 0.2559, 0.2022 -0.3342 0.2559, 0.1888 -0.3342 0.2559, 0.1889 -0.3329 0.2559, 0.2067 -0.3295 0.2559, 0.2124 -0.3295 0.2559, 0.2146 -0.329 0.2559, 0.2168 -0.328 0.2559, 0.2187 -0.3265 0.2559, 0.2106 -0.3099 0.2559, 0.1585 -0.3111 0.2559, 0.1574 -0.3139 0.2559, 0.2116 -0.3099 0.2559, 0.2196 -0.314 0.2559, 0.2181 -0.3124 0.2559, 0.2162 -0.311 0.2559, 0.214 -0.3102 0.2559, 0.2079 -0.3024 0.2559, 0.2051 -0.299 0.2559, 0.1762 -0.3063 0.2559, 0.2047 -0.2987 0.2559, 0.2012 -0.2962 0.2559, 0.1781 -0.3023 0.2559, 0.1598 -0.3092 0.2559, 0.1753 -0.3058 0.2559, 0.2104 -0.3092 0.2559, 0.2098 -0.3064 0.2559, 0.1725 -0.3047 0.2559, 0.1696 -0.3044 0.2559, 0.1683 -0.3044 0.2559, 0.1809 -0.2989 0.2559, 0.1973 -0.2947 0.2559, 0.1843 -0.2965 0.2559, 0.193 -0.2942 0.2559, 0.1884 -0.2948 0.2559, 0.1652 -0.3052 0.2559, 0.1624 -0.3067 0.2559, 0.1602 -0.3086 0.2559, 0.2253 -0.3092 0.2559, 0.2271 -0.3116 0.2559, 0.2282 -0.3144 0.2559, 0.2971 -0.3032 0.2559, 0.2962 -0.305 0.2559, 0.2956 -0.2944 0.2559, 0.2966 -0.2959 0.2559, 0.2949 -0.2938 0.2559, 0.2973 -0.2976 0.2559, 0.2976 -0.3 0.2559, 0.2975 -0.3011 0.2559, 0.2913 -0.2913 0.2559, 0.2774 -0.2913 0.2559, 0.2795 -0.2914 0.2559, 0.2774 -0.2914 0.2559, 0.2795 -0.2935 0.2559, 0.2832 -0.3091 0.2559, 0.2832 -0.2914 0.2559, 0.2883 -0.2914 0.2559, 0.291 -0.2917 0.2559, 0.2913 -0.2918 0.2559, 0.2931 -0.2925 0.2559, 0.2774 -0.3092 0.2559, 0.2913 -0.3092 0.2559, 0.2799 -0.3091 0.2559, 0.2949 -0.3066 0.2559, 0.2931 -0.3079 0.2559, 0.2913 -0.3086 0.2559, 0.2911 -0.3087 0.2559, 0.2881 -0.3091 0.2559, 0.2799 -0.3071 0.2559, 0.302 -0.3351 0.2559, 0.302 -0.3371 0.2559, 0.3037 -0.3372 0.2559, 0.2981 -0.3372 0.2559, 0.2948 -0.3291 0.2559, 0.2948 -0.3351 0.2559, 0.2981 -0.3291 0.2559, 0.2981 -0.3351 0.2559, 0.3011 -0.3291 0.2559, 0.3011 -0.3271 0.2559, 0.2948 -0.3214 0.2559, 0.2948 -0.3271 0.2559, 0.2981 -0.3214 0.2559, 0.2981 -0.3271 0.2559, 0.3016 -0.3214 0.2559, 0.2981 -0.3371 0.2559, 0.2925 -0.3371 0.2559, 0.2913 -0.3372 0.2559, 0.2925 -0.3194 0.2559, 0.2981 -0.3144 0.2559, 0.2981 -0.3194 0.2559, 0.3037 -0.3144 0.2559, 0.3016 -0.3194 0.2559, 0.2727 -0.3011 0.2559, 0.2727 -0.3071 0.2559, 0.2774 -0.3011 0.2559, 0.2774 -0.3071 0.2559, 0.279 -0.3011 0.2559, 0.279 -0.2991 0.2559, 0.2774 -0.2991 0.2559, 0.2774 -0.2935 0.2559, 0.2727 -0.2991 0.2559, 0.2727 -0.2935 0.2559, 0.2704 -0.2914 0.2559, 0.2694 -0.2913 0.2559, 0.2704 -0.3091 0.2559, 0.3037 -0.3442 0.2559, 0.2981 -0.3937 0.2559, 0.2981 -0.3442 0.2559, 0.2913 -0.3937 0.2559, 0.2774 -0.3937 0.2559, 0.2694 -0.3937 0.2559, 0.2676 -0.3937 0.2559, 0.2676 -0.3442 0.2559, 0.2661 -0.3937 0.2559, 0.2534 -0.3937 0.2559, 0.253 -0.3937 0.2559, 0.253 -0.3442 0.2559, 0.2613 -0.3369 0.2559, 0.3651 -0.3372 0.2559, 0.3202 -0.3372 0.2559, 0.3053 -0.3371 0.2559, 0.3192 -0.3312 0.2559, 0.3183 -0.333 0.2559, 0.317 -0.3346 0.2559, 0.3188 -0.3239 0.2559, 0.3194 -0.3256 0.2559, 0.3202 -0.3144 0.2559, 0.3197 -0.328 0.2559, 0.3196 -0.3291 0.2559, 0.3152 -0.3359 0.2559, 0.3132 -0.3367 0.2559, 0.3102 -0.3371 0.2559, 0.3053 -0.3194 0.2559, 0.3104 -0.3194 0.2559, 0.3131 -0.3197 0.2559, 0.3152 -0.3205 0.2559, 0.317 -0.3218 0.2559, 0.3177 -0.3224 0.2559, 0.3232 -0.3371 0.2559, 0.3207 -0.3371 0.2559, 0.334 -0.3371 0.2559, 0.3322 -0.3322 0.2559, 0.3249 -0.3322 0.2559, 0.3274 -0.3194 0.2559, 0.3298 -0.3194 0.2559, 0.253 -0.3092 0.2559, 0.2694 -0.3092 0.2559, 0.2529 -0.3071 0.2559, 0.2529 -0.3091 0.2559, 0.2436 -0.3091 0.2559, 0.2459 -0.2914 0.2559, 0.253 -0.2913 0.2559, 0.2436 -0.2914 0.2559, 0.2459 -0.3071 0.2559, 0.2774 -0.3091 0.2559, 0.3366 -0.3371 0.2559, 0.3651 -0.3144 0.2559, 0.3651 -0.3092 0.2559, 0.3651 -0.2913 0.2559, 0.3937 -0.3372 0.2559, 0.3937 -0.3144 0.2559, 0.3937 -0.3092 0.2559, 0.3937 -0.2913 0.2559, 0.2615 -0.2913 0.2559, 0.2534 0.0045 0.2559, 0.253 0.0045 0.2559, 0.3937 0.0045 0.2559, 0.3651 0.0045 0.2559, 0.3202 0.0045 0.2559, 0.3037 0.0045 0.2559, 0.2981 0.0045 0.2559, 0.2913 0.0045 0.2559, 0.2774 0.0045 0.2559, 0.2694 0.0045 0.2559, 0.2676 0.0045 0.2559, 0.2661 0.0045 0.2559, 0.2627 -0.2911 0.2559, -0.2949 0.3164 0.2559, -0.2977 0.3097 0.2559, -0.3022 0.3038 0.2559, -0.308 0.2994 0.2559, -0.3148 0.2966 0.2559, -0.3022 0.3436 0.2559, -0.2977 0.3378 0.2559, -0.0724 0.3937 0.2559, -0.2949 0.331 0.2559, -0.294 0.3237 0.2559, -0.3937 0.3937 0.2559, -0.3493 0.331 0.2559, -0.3465 0.3378 0.2559, -0.342 0.3436 0.2559, -0.3362 0.3481 0.2559, -0.3294 0.3509 0.2559, -0.3937 -0.3442 0.2559, -0.3937 -0.3372 0.2559, -0.3937 -0.3144 0.2559, -0.3937 -0.3092 0.2559, -0.3937 -0.2913 0.2559, -0.3937 0.0045 0.2559, -0.3221 0.2956 0.2559, -0.3294 0.2966 0.2559, -0.3362 0.2994 0.2559, -0.342 0.3038 0.2559, -0.3221 0.3519 0.2559, -0.3148 0.3509 0.2559, -0.308 0.3481 0.2559, -0.3465 0.3097 0.2559, -0.3493 0.3164 0.2559, -0.3502 0.3237 0.2559, 0.3937 0.3937 0.2559, 0.3651 0.3937 0.2559, 0.3202 0.3937 0.2559, 0.3037 0.3937 0.2559, 0.2981 0.3937 0.2559, 0.2913 0.3937 0.2559, 0.2774 0.3937 0.2559, 0.2694 0.3937 0.2559, 0.2676 0.3937 0.2559, 0.2661 0.3937 0.2559, 0.2534 0.3937 0.2559, 0.253 0.3937 0.2559, 0.2364 0.3937 0.2559, -0.1168 0.2851 0.0079, -0.1128 0.2756 0.0079, -0.2021 0.2756 0.0079, -0.2756 -0.2953 0.0079, -0.2756 -0.3937 0.0079, -0.3937 -0.3937 0.0079, 0.2756 0.2953 0.0079, 0.2756 0.3937 0.0079, 0.3937 0.3937 0.0079, -0.3937 0.3937 0.0079, -0.2756 0.3937 0.0079, -0.3937 0.1969 0.0079, -0.2756 0.2953 0.0079, -0.2362 0.1575 0.0079, -0.2559 0.1575 0.0079, -0.2362 0.2559 0.0079, -0.2953 0.1969 0.0079, -0.2674 -0.1296 0.0079, -0.2756 -0.1234 0.0079, -0.2674 -0.0278 0.0079, -0.2851 -0.1195 0.0079, -0.2756 -0.0341 0.0079, 0.2165 -0.2612 0.0079, -0.2362 0.1181 0.0079, 0.226 -0.2572 0.0079, 0.2362 -0.2559 0.0079, -0.3937 -0.1969 0.0079, -0.2953 -0.1969 0.0079, -0.2362 -0.2559 0.0079, -0.2559 -0.1575 0.0079, -0.226 -0.2572 0.0079, 0.2559 0.1575 0.0079, 0.2362 0.2559 0.0079, 0.2953 0.1969 0.0079, 0.3937 0.1969 0.0079, -0.1066 0.2674 0.0079, -0.226 0.2572 0.0079, -0.2165 0.2612 0.0079, -0.2084 0.2674 0.0079, -0.1969 0.2953 0.0079, -0.1969 0.3937 0.0079, -0.1181 0.3937 0.0079, -0.2674 0.0278 0.0079, -0.2756 0.0341 0.0079, 0.2612 -0.1378 0.0079, 0.2612 -0.0197 0.0079, 0.3937 -0.3937 0.0079, 0.2756 -0.3937 0.0079, 0.3937 -0.1969 0.0079, 0.2756 -0.2953 0.0079, 0.2953 -0.1969 0.0079, 0.2559 -0.1575 0.0079, 0.2572 -0.1473 0.0079, -0.1982 0.2851 0.0079, -0.1181 0.2953 0.0079, 0.0509 -0.2674 0.0079, 0.0446 -0.2756 0.0079, -0.0394 -0.2953 0.0079, 0.0394 -0.3937 0.0079, -0.0394 -0.3937 0.0079, 0.0394 -0.2953 0.0079, 0.0407 -0.2851 0.0079, -0.0407 -0.2851 0.0079, -0.0446 -0.2756 0.0079, 0.0686 -0.2572 0.0079, -0.0509 -0.2674 0.0079, 0.0787 -0.2559 0.0079, -0.0591 -0.2612 0.0079, -0.0686 -0.2572 0.0079, 0.1168 -0.2851 0.0079, 0.1128 -0.2756 0.0079, 0.2021 -0.2756 0.0079, 0.1066 -0.2674 0.0079, 0.0984 -0.2612 0.0079, 0.0889 0.2572 0.0079, 0.0984 0.2612 0.0079, 0.1982 0.2851 0.0079, 0.1066 0.2674 0.0079, 0.2756 -0.0341 0.0079, 0.2851 -0.1195 0.0079, 0.2756 -0.1234 0.0079, 0.0591 -0.2612 0.0079, -0.0984 -0.2612 0.0079, -0.1066 -0.2674 0.0079, -0.2084 -0.2674 0.0079, -0.1128 -0.2756 0.0079, -0.1168 -0.2851 0.0079, -0.1181 -0.2953 0.0079, -0.1181 -0.3937 0.0079, -0.1969 -0.3937 0.0079, -0.3937 -0.1181 0.0079, -0.3937 -0.0394 0.0079, -0.2953 -0.1181 0.0079, -0.2953 -0.0394 0.0079, -0.2851 -0.038 0.0079, -0.2612 -0.1378 0.0079, 0.0889 -0.2572 0.0079, -0.2612 -0.0197 0.0079, -0.2572 -0.0102 0.0079, 0.2084 -0.2674 0.0079, -0.2559 0.0 0.0079, -0.2572 0.0102 0.0079, -0.2612 0.0197 0.0079, 0.0591 0.2612 0.0079, -0.0591 0.2612 0.0079, 0.0509 0.2674 0.0079, -0.0509 0.2674 0.0079, -0.0446 0.2756 0.0079, 0.0686 0.2572 0.0079, 0.0787 0.2559 0.0079, -0.0984 0.2612 0.0079, -0.0889 0.2572 0.0079, -0.0787 0.2559 0.0079, 0.2674 -0.0278 0.0079, 0.2674 -0.1296 0.0079, -0.1969 -0.2953 0.0079, -0.1982 -0.2851 0.0079, -0.2021 -0.2756 0.0079, -0.2165 -0.2612 0.0079, -0.0787 -0.2559 0.0079, -0.0889 -0.2572 0.0079, -0.3937 0.0394 0.0079, -0.3937 0.1181 0.0079, -0.2953 0.0394 0.0079, -0.2851 0.038 0.0079, 0.1969 -0.2953 0.0079, 0.1969 -0.3937 0.0079, 0.1181 -0.3937 0.0079, 0.2021 0.2756 0.0079, 0.2084 0.2674 0.0079, 0.2165 0.2612 0.0079, 0.226 0.2572 0.0079, 0.2953 -0.0394 0.0079, 0.3937 -0.0394 0.0079, 0.3937 -0.1181 0.0079, -0.2572 -0.1473 0.0079, 0.1982 -0.2851 0.0079, 0.1181 -0.2953 0.0079, 0.1181 0.3937 0.0079, 0.1969 0.3937 0.0079, 0.1181 0.2953 0.0079, 0.1969 0.2953 0.0079, 0.1168 0.2851 0.0079, 0.1128 0.2756 0.0079, -0.0686 0.2572 0.0079, 0.2572 0.1473 0.0079, 0.2612 0.1378 0.0079, 0.2674 0.1296 0.0079, 0.2851 -0.038 0.0079, 0.2953 -0.1181 0.0079, 0.2674 0.0278 0.0079, 0.2612 0.0197 0.0079, 0.2756 0.1234 0.0079, 0.2572 0.0102 0.0079, 0.2559 -0.0 0.0079, 0.2572 -0.0102 0.0079, 0.3937 0.1181 0.0079, 0.3937 0.0394 0.0079, 0.2953 0.1181 0.0079, 0.2953 0.0394 0.0079, 0.2851 0.1195 0.0079, 0.2851 0.038 0.0079, 0.2756 0.0341 0.0079, -0.0394 0.3937 0.0079, 0.0394 0.3937 0.0079, -0.0394 0.2953 0.0079, 0.0394 0.2953 0.0079, -0.0407 0.2851 0.0079, 0.0407 0.2851 0.0079, 0.0446 0.2756 0.0079
            ]
        }
        coordIndex [
            0,1,2,-1,3,0,4,-1,5,3,6,-1,7,8,9,-1,10,11,12,-1,13,14,15,-1,16,17,15,-1,15,17,18,-1,15,18,13,-1,14,13,19,-1,19,13,20,-1,19,20,21,-1,17,22,18,-1,18,22,23,-1,18,23,24,-1,24,23,25,-1,24,25,26,-1,26,25,27,-1,26,27,21,-1,21,27,28,-1,21,28,19,-1,29,30,31,-1,32,33,31,-1,31,33,34,-1,31,34,29,-1,35,36,37,-1,37,38,39,-1,40,41,42,-1,42,41,43,-1,42,43,44,-1,39,44,37,-1,37,44,43,-1,37,43,35,-1,35,43,45,-1,30,29,46,-1,46,29,47,-1,46,47,48,-1,49,50,51,-1,49,51,52,-1,50,53,51,-1,51,53,54,-1,51,54,55,-1,55,56,51,-1,51,56,57,-1,51,57,58,-1,58,59,51,-1,51,59,60,-1,51,60,61,-1,61,60,62,-1,62,60,63,-1,63,60,64,-1,63,64,65,-1,65,66,63,-1,63,66,67,-1,63,67,68,-1,68,67,69,-1,70,71,72,-1,72,71,73,-1,72,73,51,-1,51,73,74,-1,51,74,52,-1,75,76,77,-1,77,76,78,-1,77,78,79,-1,79,78,80,-1,81,82,83,-1,84,85,83,-1,83,85,86,-1,87,88,89,-1,88,90,89,-1,89,90,91,-1,89,91,92,-1,86,93,83,-1,83,93,94,-1,83,94,81,-1,92,95,89,-1,89,95,96,-1,89,96,97,-1,98,45,99,-1,99,45,100,-1,99,100,101,-1,72,102,70,-1,70,102,103,-1,70,103,104,-1,104,103,105,-1,104,105,106,-1,107,108,109,-1,110,111,12,-1,12,111,112,-1,12,112,113,-1,113,112,109,-1,109,112,114,-1,109,114,107,-1,107,114,115,-1,107,115,116,-1,117,118,115,-1,115,118,119,-1,115,119,116,-1,120,121,122,-1,122,121,123,-1,120,124,121,-1,121,124,125,-1,121,125,126,-1,127,128,12,-1,12,128,129,-1,12,129,110,-1,12,130,131,-1,132,133,123,-1,123,133,134,-1,123,134,135,-1,135,136,123,-1,123,136,137,-1,123,137,122,-1,131,138,12,-1,12,138,139,-1,12,139,127,-1,140,141,142,-1,12,143,144,-1,145,146,147,-1,147,146,148,-1,149,150,12,-1,12,150,151,-1,12,151,143,-1,145,152,146,-1,146,152,153,-1,146,153,113,-1,141,149,142,-1,142,149,12,-1,142,12,154,-1,154,12,113,-1,154,113,155,-1,155,113,153,-1,144,156,12,-1,12,156,157,-1,12,157,10,-1,158,159,160,-1,160,159,161,-1,160,161,162,-1,160,163,158,-1,158,163,164,-1,158,164,165,-1,165,166,158,-1,158,166,167,-1,158,167,168,-1,168,167,169,-1,168,169,170,-1,170,169,171,-1,170,171,142,-1,142,171,172,-1,142,172,140,-1,173,174,162,-1,162,174,175,-1,162,175,160,-1,148,146,176,-1,176,146,177,-1,176,177,178,-1,179,180,181,-1,182,183,184,-1,183,185,184,-1,184,185,186,-1,184,186,177,-1,177,186,187,-1,177,187,178,-1,179,181,184,-1,184,181,188,-1,184,188,182,-1,189,190,180,-1,180,190,191,-1,180,191,181,-1,189,192,190,-1,190,192,193,-1,190,193,194,-1,194,193,195,-1,194,196,197,-1,195,198,194,-1,194,198,199,-1,194,199,200,-1,200,201,194,-1,194,201,202,-1,194,202,196,-1,197,203,194,-1,194,203,204,-1,194,204,205,-1,206,207,208,-1,208,207,209,-1,208,209,210,-1,210,209,211,-1,212,213,11,-1,11,213,121,-1,11,121,12,-1,12,121,126,-1,12,126,130,-1,47,214,215,-1,43,48,45,-1,45,48,47,-1,45,47,216,-1,216,47,217,-1,218,219,220,-1,220,219,221,-1,215,222,47,-1,47,222,223,-1,47,223,224,-1,225,226,100,-1,225,100,227,-1,224,228,47,-1,47,228,229,-1,47,229,230,-1,231,232,221,-1,221,232,233,-1,221,233,234,-1,230,235,47,-1,47,235,236,-1,47,236,217,-1,217,236,237,-1,217,237,238,-1,238,239,217,-1,217,239,240,-1,217,240,241,-1,241,240,242,-1,243,244,242,-1,242,244,245,-1,242,245,241,-1,216,246,45,-1,45,246,247,-1,45,247,100,-1,100,247,248,-1,100,248,227,-1,226,249,100,-1,100,249,250,-1,100,250,251,-1,252,253,242,-1,242,253,254,-1,242,254,255,-1,255,256,242,-1,242,256,257,-1,242,257,243,-1,258,259,260,-1,260,259,261,-1,260,261,262,-1,263,264,265,-1,265,264,266,-1,267,268,265,-1,265,268,269,-1,265,269,270,-1,270,271,265,-1,265,271,272,-1,265,272,263,-1,273,274,275,-1,275,274,276,-1,276,274,277,-1,277,274,278,-1,277,278,279,-1,279,278,280,-1,279,280,281,-1,280,282,281,-1,281,282,283,-1,281,283,284,-1,284,283,285,-1,284,285,286,-1,287,288,280,-1,280,288,289,-1,280,289,282,-1,290,291,292,-1,292,293,290,-1,290,293,294,-1,290,294,280,-1,280,294,295,-1,280,295,287,-1,296,297,298,-1,298,297,299,-1,298,299,300,-1,300,301,298,-1,298,301,302,-1,298,302,291,-1,291,302,303,-1,291,303,292,-1,304,296,305,-1,305,296,298,-1,305,298,306,-1,306,298,307,-1,308,309,310,-1,309,311,310,-1,310,311,312,-1,310,312,8,-1,8,312,313,-1,8,313,9,-1,9,313,314,-1,9,314,298,-1,298,314,315,-1,298,315,307,-1,316,317,318,-1,317,319,318,-1,318,319,320,-1,318,320,321,-1,322,323,33,-1,324,325,326,-1,327,328,329,-1,329,328,330,-1,324,326,331,-1,332,333,34,-1,334,335,328,-1,328,335,336,-1,328,336,337,-1,33,323,34,-1,34,323,338,-1,34,338,332,-1,325,339,326,-1,326,339,340,-1,326,340,341,-1,342,343,344,-1,344,343,345,-1,344,345,346,-1,347,337,348,-1,348,337,349,-1,348,349,344,-1,344,349,350,-1,344,350,342,-1,347,351,337,-1,337,351,352,-1,337,352,328,-1,328,352,353,-1,328,353,330,-1,333,354,34,-1,34,354,355,-1,34,355,356,-1,357,358,359,-1,359,358,360,-1,359,360,326,-1,326,360,361,-1,326,361,331,-1,362,363,326,-1,326,363,364,-1,326,364,328,-1,328,364,365,-1,328,365,334,-1,366,367,316,-1,367,368,316,-1,316,368,369,-1,316,369,370,-1,370,371,316,-1,316,371,372,-1,316,372,373,-1,373,372,357,-1,373,357,374,-1,374,357,359,-1,341,375,326,-1,326,375,376,-1,326,376,377,-1,377,378,326,-1,326,378,379,-1,326,379,362,-1,380,381,382,-1,382,337,380,-1,380,337,336,-1,380,336,383,-1,383,336,384,-1,384,385,383,-1,383,385,386,-1,383,386,387,-1,388,389,390,-1,389,391,390,-1,390,391,392,-1,390,392,393,-1,394,390,395,-1,381,380,394,-1,394,380,396,-1,394,396,390,-1,390,396,397,-1,390,397,388,-1,395,398,394,-1,394,398,399,-1,394,399,400,-1,393,392,401,-1,401,392,402,-1,401,402,403,-1,403,402,404,-1,403,404,405,-1,406,407,400,-1,400,407,408,-1,400,408,394,-1,264,409,266,-1,266,409,410,-1,266,410,33,-1,33,410,411,-1,33,411,322,-1,412,413,24,-1,414,415,26,-1,414,26,416,-1,415,417,26,-1,26,417,418,-1,26,418,24,-1,24,418,419,-1,24,419,412,-1,420,421,422,-1,422,421,423,-1,424,425,426,-1,427,428,420,-1,420,428,429,-1,420,429,26,-1,26,429,430,-1,26,430,416,-1,427,420,426,-1,426,420,422,-1,426,422,424,-1,431,432,433,-1,413,434,24,-1,24,434,435,-1,24,435,432,-1,432,435,436,-1,432,436,437,-1,437,438,432,-1,432,438,425,-1,432,425,433,-1,433,425,439,-1,440,441,442,-1,442,441,443,-1,444,445,446,-1,446,445,447,-1,446,447,448,-1,448,447,440,-1,448,440,449,-1,450,451,452,-1,452,451,453,-1,452,453,454,-1,441,455,443,-1,443,455,456,-1,443,456,457,-1,457,456,458,-1,108,457,109,-1,109,457,458,-1,109,458,459,-1,459,458,460,-1,459,460,461,-1,461,460,462,-1,461,462,454,-1,463,464,465,-1,465,464,466,-1,465,466,467,-1,466,439,467,-1,467,439,425,-1,467,425,468,-1,468,425,424,-1,468,424,469,-1,469,424,470,-1,469,470,471,-1,471,470,472,-1,423,421,473,-1,473,421,474,-1,473,474,475,-1,5,476,477,-1,477,476,478,-1,477,478,479,-1,479,478,123,-1,479,123,480,-1,480,123,121,-1,480,121,481,-1,481,121,213,-1,481,213,482,-1,482,213,483,-1,482,483,484,-1,484,483,261,-1,484,261,485,-1,485,261,259,-1,485,259,486,-1,486,259,487,-1,486,487,310,-1,310,487,318,-1,310,318,308,-1,308,318,321,-1,258,214,259,-1,259,214,47,-1,259,47,487,-1,487,47,29,-1,487,29,318,-1,318,29,34,-1,318,34,316,-1,316,34,356,-1,316,356,366,-1,212,211,213,-1,213,211,209,-1,213,209,483,-1,483,209,207,-1,483,207,261,-1,261,207,220,-1,261,220,262,-1,262,220,221,-1,262,221,488,-1,488,221,234,-1,476,442,478,-1,478,442,443,-1,478,443,123,-1,123,443,457,-1,123,457,132,-1,132,457,108,-1,3,4,6,-1,6,4,489,-1,6,489,490,-1,206,184,207,-1,207,184,177,-1,207,177,220,-1,220,177,100,-1,220,100,218,-1,218,100,251,-1,453,449,454,-1,454,449,440,-1,454,440,461,-1,461,440,442,-1,461,442,491,-1,492,493,490,-1,490,493,494,-1,495,496,497,-1,497,496,498,-1,497,498,490,-1,490,498,499,-1,490,499,492,-1,494,500,490,-1,490,500,501,-1,490,501,502,-1,5,6,476,-1,476,6,490,-1,476,490,442,-1,442,490,502,-1,442,502,491,-1,491,503,461,-1,461,503,504,-1,461,504,497,-1,497,504,505,-1,497,505,506,-1,506,507,497,-1,497,507,508,-1,497,508,495,-1,509,510,490,-1,511,512,513,-1,490,510,497,-1,497,510,514,-1,497,514,515,-1,98,84,45,-1,45,84,83,-1,45,83,35,-1,35,83,516,-1,497,13,461,-1,461,13,18,-1,461,18,459,-1,459,18,24,-1,459,24,109,-1,109,24,432,-1,109,432,113,-1,113,432,431,-1,113,431,146,-1,146,431,517,-1,146,517,177,-1,177,517,70,-1,177,70,100,-1,100,70,104,-1,100,104,101,-1,101,104,106,-1,518,519,516,-1,516,519,520,-1,521,522,523,-1,523,522,265,-1,523,265,520,-1,520,265,266,-1,520,266,516,-1,516,266,33,-1,516,33,35,-1,35,33,32,-1,35,32,36,-1,82,87,83,-1,83,87,89,-1,83,89,516,-1,516,89,522,-1,516,522,518,-1,518,522,521,-1,518,521,524,-1,433,525,431,-1,431,525,475,-1,431,475,517,-1,517,475,474,-1,517,474,70,-1,70,474,76,-1,70,76,71,-1,71,76,75,-1,513,509,511,-1,511,509,490,-1,511,490,526,-1,526,490,489,-1,526,489,515,-1,515,489,527,-1,515,527,497,-1,497,527,528,-1,497,528,13,-1,13,528,529,-1,13,529,20,-1,0,2,4,-1,4,2,530,-1,4,530,489,-1,489,530,531,-1,489,531,527,-1,527,531,532,-1,527,532,528,-1,528,532,533,-1,528,533,529,-1,97,534,89,-1,89,534,535,-1,89,535,522,-1,522,535,536,-1,522,536,265,-1,265,536,274,-1,265,274,267,-1,267,274,273,-1,533,537,529,-1,529,537,538,-1,529,538,20,-1,20,538,539,-1,20,539,21,-1,21,539,540,-1,21,540,26,-1,26,540,541,-1,26,541,420,-1,420,541,542,-1,420,542,421,-1,421,542,543,-1,421,543,474,-1,474,543,544,-1,474,544,76,-1,76,544,545,-1,76,545,78,-1,78,545,546,-1,78,546,80,-1,80,546,535,-1,80,535,547,-1,547,535,534,-1,548,549,278,-1,549,550,278,-1,278,550,551,-1,278,551,552,-1,553,554,555,-1,555,554,556,-1,555,556,557,-1,558,559,560,-1,560,561,558,-1,558,561,562,-1,558,562,563,-1,7,9,564,-1,564,9,298,-1,564,298,565,-1,565,298,291,-1,565,291,566,-1,566,291,290,-1,566,290,567,-1,567,290,280,-1,567,280,568,-1,568,280,278,-1,568,278,569,-1,569,278,552,-1,569,552,570,-1,570,571,569,-1,569,571,572,-1,569,572,573,-1,563,574,558,-1,558,574,575,-1,558,575,555,-1,555,575,576,-1,555,576,553,-1,573,577,569,-1,569,577,578,-1,569,578,558,-1,558,578,579,-1,558,579,559,-1,537,580,538,-1,538,580,581,-1,538,581,539,-1,539,581,582,-1,539,582,540,-1,540,582,583,-1,540,583,541,-1,541,583,584,-1,541,584,542,-1,542,584,585,-1,542,585,543,-1,543,585,586,-1,543,586,544,-1,544,586,587,-1,544,587,545,-1,545,587,588,-1,545,588,546,-1,546,588,589,-1,546,589,535,-1,535,589,590,-1,535,590,536,-1,536,590,591,-1,536,591,274,-1,274,591,592,-1,274,592,278,-1,278,592,555,-1,278,555,548,-1,548,555,557,-1,593,594,595,-1,596,597,598,-1,599,600,601,-1,602,603,604,-1,604,603,605,-1,606,607,608,-1,608,607,605,-1,605,607,609,-1,605,609,604,-1,610,611,612,-1,612,611,613,-1,612,613,614,-1,615,616,617,-1,617,616,618,-1,598,619,596,-1,596,619,620,-1,596,620,621,-1,621,620,622,-1,621,622,623,-1,624,625,626,-1,626,625,599,-1,626,599,627,-1,627,599,601,-1,606,594,616,-1,616,594,628,-1,608,629,606,-1,606,629,630,-1,606,630,594,-1,594,630,631,-1,594,631,595,-1,632,633,634,-1,635,636,616,-1,637,616,638,-1,639,640,641,-1,641,640,642,-1,641,642,643,-1,643,642,618,-1,643,618,644,-1,644,618,616,-1,644,616,645,-1,645,616,637,-1,595,646,593,-1,593,646,632,-1,593,632,647,-1,647,632,634,-1,648,649,650,-1,651,652,653,-1,653,652,650,-1,653,650,654,-1,654,650,649,-1,655,656,657,-1,657,656,658,-1,657,658,659,-1,659,658,660,-1,659,660,661,-1,662,663,664,-1,664,663,665,-1,664,665,666,-1,667,668,669,-1,669,668,670,-1,671,672,673,-1,655,657,650,-1,650,657,674,-1,650,674,648,-1,675,676,677,-1,677,676,678,-1,677,678,679,-1,680,681,682,-1,683,684,685,-1,685,684,686,-1,685,686,613,-1,613,686,687,-1,613,687,614,-1,688,610,689,-1,689,610,612,-1,689,612,666,-1,666,612,690,-1,666,690,664,-1,664,690,691,-1,664,691,692,-1,692,691,693,-1,692,693,615,-1,615,693,694,-1,615,694,616,-1,616,694,695,-1,616,695,635,-1,696,697,698,-1,698,697,699,-1,698,699,700,-1,701,702,624,-1,628,703,616,-1,616,703,704,-1,616,704,705,-1,638,706,637,-1,637,706,671,-1,637,671,707,-1,707,671,673,-1,682,708,680,-1,680,708,709,-1,680,709,679,-1,679,709,710,-1,679,710,677,-1,623,622,711,-1,711,622,712,-1,711,712,677,-1,677,712,713,-1,677,713,675,-1,714,715,716,-1,716,715,616,-1,716,616,717,-1,717,616,636,-1,718,719,720,-1,669,721,667,-1,667,721,722,-1,667,722,702,-1,702,722,723,-1,702,723,624,-1,624,723,724,-1,624,724,625,-1,725,726,727,-1,661,712,659,-1,659,712,622,-1,659,622,689,-1,689,622,728,-1,689,728,688,-1,664,729,662,-1,662,729,718,-1,662,718,730,-1,730,718,720,-1,731,732,733,-1,733,732,734,-1,733,734,735,-1,735,734,669,-1,735,669,736,-1,736,669,670,-1,696,701,697,-1,697,701,624,-1,697,624,737,-1,737,624,738,-1,737,738,705,-1,705,738,616,-1,616,738,739,-1,616,739,740,-1,671,741,672,-1,672,741,725,-1,672,725,742,-1,742,725,727,-1,743,744,745,-1,745,744,746,-1,745,746,740,-1,740,746,747,-1,740,747,616,-1,616,747,748,-1,616,748,638,-1,749,750,751,-1,751,750,752,-1,751,752,753,-1,753,752,754,-1,753,754,745,-1,745,754,755,-1,745,755,743,-1,756,757,758,-1,758,757,759,-1,758,759,760,-1,760,759,761,-1,760,761,700,-1,700,761,762,-1,700,762,698,-1,
        ]
    }
}
Shape{
    appearance Appearance {
        material  Material 	{
            diffuseColor 0.6666666666666666 0.6666666666666666 0.6666666666666666
            specularColor 0.4666666666666667 0.4666666666666667 0.4666666666666667
            ambientIntensity 0.6667
            transparency 0.0
            shininess 0.5
        }
    }
    geometry IndexedFaceSet {
        ccw TRUE
        solid FALSE
        coord DEF co Coordinate {
            point [
                -0.2559 -0.1575 0.0079, -0.2559 -0.1575 0.0, -0.2572 -0.1473 0.0, -0.2572 -0.1473 0.0079, -0.2612 -0.1378 0.0, -0.2612 -0.1378 0.0079, -0.2674 -0.1296 0.0, -0.2674 -0.1296 0.0079, -0.2756 -0.1234 0.0, -0.2756 -0.1234 0.0079, -0.2851 -0.1195 0.0, -0.2851 -0.1195 0.0079, -0.2953 -0.1181 0.0, -0.2953 -0.1181 0.0079, -0.3941 -0.1969 0.0, -0.3941 -0.1181 0.0, -0.2953 -0.1969 0.0, 0.2559 0.1575 0.0079, 0.2559 0.1575 0.0, 0.2572 0.1473 0.0, 0.2572 0.1473 0.0079, 0.2612 0.1378 0.0, 0.2612 0.1378 0.0079, 0.2674 0.1296 0.0, 0.2674 0.1296 0.0079, 0.2756 0.1234 0.0, 0.2756 0.1234 0.0079, 0.2851 0.1195 0.0, 0.2851 0.1195 0.0079, 0.2953 0.1181 0.0, 0.2953 0.1181 0.0079, 0.3941 0.1969 0.0, 0.3941 0.1181 0.0, 0.2953 0.1969 0.0
            ]
        }
        coordIndex [
            0,1,2,-1,0,2,3,-1,3,2,4,-1,3,4,5,-1,5,4,6,-1,5,6,7,-1,7,6,8,-1,7,8,9,-1,9,8,10,-1,9,10,11,-1,11,10,12,-1,11,12,13,-1,14,15,16,-1,16,15,12,-1,12,10,16,-1,16,10,8,-1,16,8,6,-1,6,4,16,-1,16,4,2,-1,16,2,1,-1,17,18,19,-1,17,19,20,-1,20,19,21,-1,20,21,22,-1,22,21,23,-1,22,23,24,-1,24,23,25,-1,24,25,26,-1,26,25,27,-1,26,27,28,-1,28,27,29,-1,28,29,30,-1,31,32,33,-1,33,32,29,-1,29,27,33,-1,33,27,25,-1,33,25,23,-1,23,21,33,-1,33,21,19,-1,33,19,18,-1,
        ]
    }
}
Shape{
    appearance Appearance {
        material  Material 	{
            diffuseColor 0.20784313725490197 0.20784313725490197 0.20784313725490197
            specularColor 0.01568627450980392 0.01568627450980392 0.01568627450980392
            ambientIntensity 0.298
            transparency 0.0
            shininess 0.5
        }
    }
    geometry IndexedFaceSet {
        ccw TRUE
        solid FALSE
        coord DEF co Coordinate {
            point [
                0.3937 -0.1181 0.0787, 0.3937 -0.1181 0.0079, 0.3937 -0.0394 0.0079, 0.3937 -0.0394 0.0787, 0.3937 0.0394 0.0787, 0.3937 0.3937 0.2559, 0.3937 -0.1969 0.0787, 0.3937 -0.3937 0.2559, 0.3937 -0.1969 0.0079, 0.3937 -0.3937 0.0079, 0.3937 0.1969 0.0079, 0.3937 0.3937 0.0079, 0.3937 0.1969 0.0787, 0.3937 0.1181 0.0787, 0.3937 0.1181 0.0079, 0.3937 0.0394 0.0079
            ]
        }
        coordIndex [
            0,1,2,-1,3,4,5,-1,2,3,0,-1,0,3,5,-1,0,5,6,-1,6,5,7,-1,6,7,8,-1,8,7,9,-1,10,11,12,-1,12,11,5,-1,12,5,13,-1,13,5,4,-1,13,4,14,-1,14,4,15,-1,
        ]
    }
}
Shape{
    appearance Appearance {
        material  Material 	{
            diffuseColor 0.6666666666666666 0.6666666666666666 0.6666666666666666
            specularColor 0.4666666666666667 0.4666666666666667 0.4666666666666667
            ambientIntensity 0.6667
            transparency 0.0
            shininess 0.5
        }
    }
    geometry IndexedFaceSet {
        ccw TRUE
        solid FALSE
        coord DEF co Coordinate {
            point [
                -0.1969 -0.2953 0.0079, -0.1969 -0.2953 0.0, -0.1982 -0.2851 0.0, -0.1982 -0.2851 0.0079, -0.2021 -0.2756 0.0, -0.2021 -0.2756 0.0079, -0.2084 -0.2674 0.0, -0.2084 -0.2674 0.0079, -0.2165 -0.2612 0.0, -0.2165 -0.2612 0.0079, -0.226 -0.2572 0.0, -0.226 -0.2572 0.0079, -0.2362 -0.2559 0.0, -0.2362 -0.2559 0.0079, -0.2756 -0.2953 0.0, -0.1969 -0.3941 0.0, -0.2756 -0.3941 0.0, 0.1969 0.2953 0.0079, 0.1969 0.2953 0.0, 0.1982 0.2851 0.0, 0.1982 0.2851 0.0079, 0.2021 0.2756 0.0, 0.2021 0.2756 0.0079, 0.2084 0.2674 0.0, 0.2084 0.2674 0.0079, 0.2165 0.2612 0.0, 0.2165 0.2612 0.0079, 0.226 0.2572 0.0, 0.226 0.2572 0.0079, 0.2362 0.2559 0.0, 0.2362 0.2559 0.0079, 0.2756 0.2953 0.0, 0.1969 0.3941 0.0, 0.2756 0.3941 0.0
            ]
        }
        coordIndex [
            0,1,2,-1,0,2,3,-1,3,2,4,-1,3,4,5,-1,5,4,6,-1,5,6,7,-1,7,6,8,-1,7,8,9,-1,9,8,10,-1,9,10,11,-1,11,10,12,-1,11,12,13,-1,14,12,10,-1,10,8,14,-1,14,8,6,-1,14,6,4,-1,15,16,1,-1,1,16,14,-1,1,14,2,-1,2,14,4,-1,17,18,19,-1,17,19,20,-1,20,19,21,-1,20,21,22,-1,22,21,23,-1,22,23,24,-1,24,23,25,-1,24,25,26,-1,26,25,27,-1,26,27,28,-1,28,27,29,-1,28,29,30,-1,31,29,27,-1,32,33,18,-1,18,33,31,-1,18,31,19,-1,19,31,21,-1,27,25,31,-1,31,25,23,-1,31,23,21,-1,
        ]
    }
}
Shape{
    appearance Appearance {
        material  Material 	{
            diffuseColor 0.20784313725490197 0.20784313725490197 0.20784313725490197
            specularColor 0.01568627450980392 0.01568627450980392 0.01568627450980392
            ambientIntensity 0.298
            transparency 0.0
            shininess 0.5
        }
    }
    geometry IndexedFaceSet {
        ccw TRUE
        solid FALSE
        coord DEF co Coordinate {
            point [
                0.3937 0.3937 0.2559, 0.3937 0.3937 0.0079, 0.2756 0.3937 0.0079, 0.2756 0.3937 0.0787, 0.1969 0.3937 0.0787, -0.3937 0.3937 0.2559, 0.0394 0.3937 0.0787, 0.0394 0.3937 0.0079, -0.0394 0.3937 0.0079, -0.0394 0.3937 0.0787, -0.1181 0.3937 0.0787, 0.1181 0.3937 0.0787, 0.1181 0.3937 0.0079, 0.1969 0.3937 0.0079, -0.2756 0.3937 0.0079, -0.3937 0.3937 0.0079, -0.2756 0.3937 0.0787, -0.1969 0.3937 0.0787, -0.1969 0.3937 0.0079, -0.1181 0.3937 0.0079, -0.3937 0.1181 0.0787, -0.3937 0.1181 0.0079, -0.3937 0.0394 0.0079, -0.3937 0.1969 0.0079, -0.3937 -0.0394 0.0079, -0.3937 -0.1181 0.0079, -0.3937 -0.0394 0.0787, -0.3937 -0.1181 0.0787, -0.3937 0.0394 0.0787, -0.3937 0.1969 0.0787, -0.3937 -0.1969 0.0079, -0.3937 -0.3937 0.0079, -0.3937 -0.1969 0.0787, -0.3937 -0.3937 0.2559, -0.2756 -0.3937 0.0079, -0.2756 -0.3937 0.0787, -0.1969 -0.3937 0.0787, 0.3937 -0.3937 0.2559, -0.0394 -0.3937 0.0787, -0.0394 -0.3937 0.0079, 0.0394 -0.3937 0.0079, 0.0394 -0.3937 0.0787, 0.1181 -0.3937 0.0787, -0.1181 -0.3937 0.0787, -0.1181 -0.3937 0.0079, -0.1969 -0.3937 0.0079, 0.2756 -0.3937 0.0079, 0.3937 -0.3937 0.0079, 0.2756 -0.3937 0.0787, 0.1969 -0.3937 0.0787, 0.1969 -0.3937 0.0079, 0.1181 -0.3937 0.0079
            ]
        }
        coordIndex [
            0,1,2,-1,2,3,0,-1,0,3,4,-1,0,4,5,-1,6,7,8,-1,9,10,5,-1,8,9,6,-1,6,9,5,-1,6,5,11,-1,11,5,4,-1,11,4,12,-1,12,4,13,-1,14,15,16,-1,16,15,5,-1,16,5,17,-1,17,5,10,-1,17,10,18,-1,18,10,19,-1,20,21,22,-1,5,15,23,-1,24,25,26,-1,26,25,27,-1,22,28,20,-1,20,28,5,-1,20,5,29,-1,29,5,23,-1,30,31,32,-1,32,31,33,-1,32,33,27,-1,27,33,5,-1,27,5,26,-1,26,5,28,-1,33,31,34,-1,34,35,33,-1,33,35,36,-1,33,36,37,-1,38,39,40,-1,41,42,37,-1,40,41,38,-1,38,41,37,-1,38,37,43,-1,43,37,36,-1,43,36,44,-1,44,36,45,-1,46,47,48,-1,48,47,37,-1,48,37,49,-1,49,37,42,-1,49,42,50,-1,50,42,51,-1,
        ]
    }
}
Shape{
    appearance Appearance {
        material  Material 	{
            diffuseColor 0.34901960784313724 0.34901960784313724 0.34901960784313724
            specularColor 0.023529411764705882 0.023529411764705882 0.023529411764705882
            ambientIntensity 0.498
            transparency 0.0
            shininess 0.5
        }
    }
    geometry IndexedFaceSet {
        ccw TRUE
        solid FALSE
        coord DEF co Coordinate {
            point [
                -0.294 0.3237 0.248, -0.294 0.3237 0.2559, -0.2949 0.331 0.248, -0.2949 0.331 0.2559, -0.2977 0.3378 0.248, -0.2977 0.3378 0.2559, -0.3022 0.3436 0.248, -0.3022 0.3436 0.2559, -0.308 0.3481 0.248, -0.308 0.3481 0.2559, -0.3148 0.3509 0.248, -0.3148 0.3509 0.2559, -0.3221 0.3519 0.248, -0.3221 0.3519 0.2559, -0.3294 0.3509 0.248, -0.3294 0.3509 0.2559, -0.3362 0.3481 0.248, -0.3362 0.3481 0.2559, -0.342 0.3436 0.248, -0.342 0.3436 0.2559, -0.3465 0.3378 0.248, -0.3465 0.3378 0.2559, -0.3493 0.331 0.248, -0.3493 0.331 0.2559, -0.3502 0.3237 0.248, -0.3502 0.3237 0.2559, -0.3493 0.3164 0.248, -0.3493 0.3164 0.2559, -0.3465 0.3097 0.248, -0.3465 0.3097 0.2559, -0.342 0.3038 0.248, -0.342 0.3038 0.2559, -0.3362 0.2994 0.248, -0.3362 0.2994 0.2559, -0.3294 0.2966 0.248, -0.3294 0.2966 0.2559, -0.3221 0.2956 0.248, -0.3221 0.2956 0.2559, -0.3148 0.2966 0.248, -0.3148 0.2966 0.2559, -0.308 0.2994 0.248, -0.308 0.2994 0.2559, -0.3022 0.3038 0.248, -0.3022 0.3038 0.2559, -0.2977 0.3097 0.248, -0.2977 0.3097 0.2559, -0.2949 0.3164 0.248, -0.2949 0.3164 0.2559, -0.3221 0.3237 0.248
            ]
        }
        coordIndex [
            0,1,2,-1,2,1,3,-1,2,3,4,-1,4,3,5,-1,4,5,6,-1,6,5,7,-1,6,7,8,-1,8,7,9,-1,8,9,10,-1,10,9,11,-1,10,11,12,-1,12,11,13,-1,12,13,14,-1,14,13,15,-1,14,15,16,-1,16,15,17,-1,16,17,18,-1,18,17,19,-1,18,19,20,-1,20,19,21,-1,20,21,22,-1,22,21,23,-1,22,23,24,-1,24,23,25,-1,24,25,26,-1,26,25,27,-1,26,27,28,-1,28,27,29,-1,28,29,30,-1,30,29,31,-1,30,31,32,-1,32,31,33,-1,32,33,34,-1,34,33,35,-1,34,35,36,-1,36,35,37,-1,36,37,38,-1,38,37,39,-1,38,39,40,-1,40,39,41,-1,40,41,42,-1,42,41,43,-1,42,43,44,-1,44,43,45,-1,44,45,46,-1,46,45,47,-1,46,47,0,-1,0,47,1,-1,44,46,48,-1,48,46,0,-1,48,0,2,-1,38,40,48,-1,48,40,42,-1,48,42,44,-1,32,34,48,-1,48,34,36,-1,48,36,38,-1,26,28,48,-1,48,28,30,-1,48,30,32,-1,20,22,48,-1,48,22,24,-1,48,24,26,-1,14,16,48,-1,48,16,18,-1,48,18,20,-1,8,10,48,-1,48,10,12,-1,48,12,14,-1,2,4,48,-1,48,4,6,-1,48,6,8,-1,
        ]
    }
}
Shape{
    appearance Appearance {
        material  Material 	{
            diffuseColor 0.6666666666666666 0.6666666666666666 0.6666666666666666
            specularColor 0.4666666666666667 0.4666666666666667 0.4666666666666667
            ambientIntensity 0.6667
            transparency 0.0
            shininess 0.5
        }
    }
    geometry IndexedFaceSet {
        ccw TRUE
        solid FALSE
        coord DEF co Coordinate {
            point [
                0.2756 0.3937 0.0787, 0.2756 0.3941 0.0787, 0.1969 0.3937 0.0787, 0.1969 0.3941 0.0787, 0.1969 0.3937 0.0079, 0.1969 0.3941 0.0, 0.1969 0.2953 0.0079, 0.1969 0.2953 0.0, 0.2756 0.3937 0.0079, 0.2756 0.2953 0.0079, 0.2756 0.2953 0.0, 0.2756 0.3941 0.0, 0.1181 0.3937 0.0787, 0.1181 0.3941 0.0787, 0.0394 0.3937 0.0787, 0.0394 0.3941 0.0787, 0.0394 0.3937 0.0079, 0.0394 0.3941 0.0, 0.0394 0.2953 0.0079, 0.0394 0.2953 0.0, 0.1181 0.3937 0.0079, 0.1181 0.2953 0.0079, 0.1181 0.2953 0.0, 0.1181 0.3941 0.0, 0.0407 0.2851 0.0, 0.0407 0.2851 0.0079, 0.0446 0.2756 0.0, 0.0446 0.2756 0.0079, 0.0509 0.2674 0.0, 0.0509 0.2674 0.0079, 0.0591 0.2612 0.0, 0.0591 0.2612 0.0079, 0.0686 0.2572 0.0, 0.0686 0.2572 0.0079, 0.0787 0.2559 0.0, 0.0787 0.2559 0.0079, 0.0889 0.2572 0.0, 0.0889 0.2572 0.0079, 0.0984 0.2612 0.0, 0.0984 0.2612 0.0079, 0.1066 0.2674 0.0, 0.1066 0.2674 0.0079, 0.1128 0.2756 0.0, 0.1128 0.2756 0.0079, 0.1168 0.2851 0.0, 0.1168 0.2851 0.0079, -0.0394 0.3937 0.0787, -0.0394 0.3941 0.0787, -0.1181 0.3937 0.0787, -0.1181 0.3941 0.0787, -0.1181 0.3937 0.0079, -0.1181 0.3941 0.0, -0.1181 0.2953 0.0079, -0.1181 0.2953 0.0, -0.0394 0.3937 0.0079, -0.0394 0.2953 0.0079, -0.0394 0.2953 0.0, -0.0394 0.3941 0.0, -0.1168 0.2851 0.0, -0.1168 0.2851 0.0079, -0.1128 0.2756 0.0, -0.1128 0.2756 0.0079, -0.1066 0.2674 0.0, -0.1066 0.2674 0.0079, -0.0984 0.2612 0.0, -0.0984 0.2612 0.0079, -0.0889 0.2572 0.0, -0.0889 0.2572 0.0079, -0.0787 0.2559 0.0, -0.0787 0.2559 0.0079, -0.0686 0.2572 0.0, -0.0686 0.2572 0.0079, -0.0591 0.2612 0.0, -0.0591 0.2612 0.0079, -0.0509 0.2674 0.0, -0.0509 0.2674 0.0079, -0.0446 0.2756 0.0, -0.0446 0.2756 0.0079, -0.0407 0.2851 0.0, -0.0407 0.2851 0.0079, -0.1969 0.3937 0.0787, -0.1969 0.3941 0.0787, -0.2756 0.3937 0.0787, -0.2756 0.3941 0.0787, -0.2756 0.3937 0.0079, -0.2756 0.3941 0.0, -0.2756 0.2953 0.0079, -0.2756 0.2953 0.0, -0.1969 0.3937 0.0079, -0.1969 0.2953 0.0079, -0.1969 0.2953 0.0, -0.1969 0.3941 0.0, -0.2362 0.2559 0.0079, -0.2362 0.2559 0.0, -0.226 0.2572 0.0, -0.226 0.2572 0.0079, -0.2165 0.2612 0.0, -0.2165 0.2612 0.0079, -0.2084 0.2674 0.0, -0.2084 0.2674 0.0079, -0.2021 0.2756 0.0, -0.2021 0.2756 0.0079, -0.1982 0.2851 0.0, -0.1982 0.2851 0.0079, 0.2362 0.2559 0.0079, 0.2362 0.2559 0.0, 0.1969 -0.3937 0.0787, 0.1969 -0.3941 0.0787, 0.2756 -0.3937 0.0787, 0.2756 -0.3941 0.0787, 0.2756 -0.3937 0.0079, 0.2756 -0.3941 0.0, 0.2756 -0.2953 0.0079, 0.2756 -0.2953 0.0, 0.1969 -0.3937 0.0079, 0.1969 -0.2953 0.0079, 0.1969 -0.2953 0.0, 0.1969 -0.3941 0.0, 0.2362 -0.2559 0.0079, 0.2362 -0.2559 0.0, 0.226 -0.2572 0.0, 0.226 -0.2572 0.0079, 0.2165 -0.2612 0.0, 0.2165 -0.2612 0.0079, 0.2084 -0.2674 0.0, 0.2084 -0.2674 0.0079, 0.2021 -0.2756 0.0, 0.2021 -0.2756 0.0079, 0.1982 -0.2851 0.0, 0.1982 -0.2851 0.0079, 0.0394 -0.3937 0.0787, 0.0394 -0.3941 0.0787, 0.1181 -0.3937 0.0787, 0.1181 -0.3941 0.0787, 0.1181 -0.3937 0.0079, 0.1181 -0.3941 0.0, 0.1181 -0.2953 0.0079, 0.1181 -0.2953 0.0, 0.0394 -0.3937 0.0079, 0.0394 -0.2953 0.0079, 0.0394 -0.2953 0.0, 0.0394 -0.3941 0.0, 0.1168 -0.2851 0.0, 0.1168 -0.2851 0.0079, 0.1128 -0.2756 0.0, 0.1128 -0.2756 0.0079, 0.1066 -0.2674 0.0, 0.1066 -0.2674 0.0079, 0.0984 -0.2612 0.0, 0.0984 -0.2612 0.0079, 0.0889 -0.2572 0.0, 0.0889 -0.2572 0.0079, 0.0787 -0.2559 0.0, 0.0787 -0.2559 0.0079, 0.0686 -0.2572 0.0, 0.0686 -0.2572 0.0079, 0.0591 -0.2612 0.0, 0.0591 -0.2612 0.0079, 0.0509 -0.2674 0.0, 0.0509 -0.2674 0.0079, 0.0446 -0.2756 0.0, 0.0446 -0.2756 0.0079, 0.0407 -0.2851 0.0, 0.0407 -0.2851 0.0079, -0.1181 -0.3937 0.0787, -0.1181 -0.3941 0.0787, -0.0394 -0.3937 0.0787, -0.0394 -0.3941 0.0787, -0.0394 -0.3937 0.0079, -0.0394 -0.3941 0.0, -0.0394 -0.2953 0.0079, -0.0394 -0.2953 0.0, -0.1181 -0.3937 0.0079, -0.1181 -0.2953 0.0079, -0.1181 -0.2953 0.0, -0.1181 -0.3941 0.0, -0.0407 -0.2851 0.0, -0.0407 -0.2851 0.0079, -0.0446 -0.2756 0.0, -0.0446 -0.2756 0.0079, -0.0509 -0.2674 0.0, -0.0509 -0.2674 0.0079, -0.0591 -0.2612 0.0, -0.0591 -0.2612 0.0079, -0.0686 -0.2572 0.0, -0.0686 -0.2572 0.0079, -0.0787 -0.2559 0.0, -0.0787 -0.2559 0.0079, -0.0889 -0.2572 0.0, -0.0889 -0.2572 0.0079, -0.0984 -0.2612 0.0, -0.0984 -0.2612 0.0079, -0.1066 -0.2674 0.0, -0.1066 -0.2674 0.0079, -0.1128 -0.2756 0.0, -0.1128 -0.2756 0.0079, -0.1168 -0.2851 0.0, -0.1168 -0.2851 0.0079, -0.2756 -0.3937 0.0787, -0.2756 -0.3941 0.0787, -0.1969 -0.3937 0.0787, -0.1969 -0.3941 0.0787, -0.1969 -0.3937 0.0079, -0.1969 -0.3941 0.0, -0.1969 -0.2953 0.0079, -0.1969 -0.2953 0.0, -0.2756 -0.3937 0.0079, -0.2756 -0.2953 0.0079, -0.2756 -0.2953 0.0, -0.2756 -0.3941 0.0, -0.2362 -0.2559 0.0079, -0.2362 -0.2559 0.0, 0.3937 0.1181 0.0787, 0.3941 0.1181 0.0787, 0.3937 0.1969 0.0787, 0.3941 0.1969 0.0787, 0.3937 0.1969 0.0079, 0.3941 0.1969 0.0, 0.2953 0.1969 0.0079, 0.2953 0.1969 0.0, 0.3937 0.1181 0.0079, 0.2953 0.1181 0.0079, 0.2953 0.1181 0.0, 0.3941 0.1181 0.0, 0.3937 -0.0394 0.0787, 0.3941 -0.0394 0.0787, 0.3937 0.0394 0.0787, 0.3941 0.0394 0.0787, 0.3937 0.0394 0.0079, 0.3941 0.0394 0.0, 0.2953 0.0394 0.0079, 0.2953 0.0394 0.0, 0.3937 -0.0394 0.0079, 0.2953 -0.0394 0.0079, 0.2953 -0.0394 0.0, 0.3941 -0.0394 0.0, 0.2851 0.038 0.0, 0.2851 0.038 0.0079, 0.2756 0.0341 0.0, 0.2756 0.0341 0.0079, 0.2674 0.0278 0.0, 0.2674 0.0278 0.0079, 0.2612 0.0197 0.0, 0.2612 0.0197 0.0079, 0.2572 0.0102 0.0, 0.2572 0.0102 0.0079, 0.2559 -0.0 0.0, 0.2559 -0.0 0.0079, 0.2572 -0.0102 0.0, 0.2572 -0.0102 0.0079, 0.2612 -0.0197 0.0, 0.2612 -0.0197 0.0079, 0.2674 -0.0278 0.0, 0.2674 -0.0278 0.0079, 0.2756 -0.0341 0.0, 0.2756 -0.0341 0.0079, 0.2851 -0.038 0.0, 0.2851 -0.038 0.0079, 0.3937 -0.1969 0.0787, 0.3941 -0.1969 0.0787, 0.3937 -0.1181 0.0787, 0.3941 -0.1181 0.0787, 0.3937 -0.1181 0.0079, 0.3941 -0.1181 0.0, 0.2953 -0.1181 0.0079, 0.2953 -0.1181 0.0, 0.3937 -0.1969 0.0079, 0.2953 -0.1969 0.0079, 0.2953 -0.1969 0.0, 0.3941 -0.1969 0.0, 0.2851 -0.1195 0.0, 0.2851 -0.1195 0.0079, 0.2756 -0.1234 0.0, 0.2756 -0.1234 0.0079, 0.2674 -0.1296 0.0, 0.2674 -0.1296 0.0079, 0.2612 -0.1378 0.0, 0.2612 -0.1378 0.0079, 0.2572 -0.1473 0.0, 0.2572 -0.1473 0.0079, 0.2559 -0.1575 0.0, 0.2559 -0.1575 0.0079, 0.2559 0.1575 0.0, 0.2559 0.1575 0.0079, -0.3937 0.1969 0.0787, -0.3941 0.1969 0.0787, -0.3937 0.1181 0.0787, -0.3941 0.1181 0.0787, -0.3937 0.1969 0.0079, -0.2953 0.1969 0.0079, -0.2953 0.1969 0.0, -0.3941 0.1969 0.0, -0.3941 0.1181 0.0, -0.3937 0.1181 0.0079, -0.2362 0.1181 0.0079, -0.2362 0.1181 0.0, -0.2559 0.1575 0.0, -0.2362 0.1575 0.0, -0.3937 0.0394 0.0787, -0.3941 0.0394 0.0787, -0.3937 -0.0394 0.0787, -0.3941 -0.0394 0.0787, -0.3937 0.0394 0.0079, -0.2953 0.0394 0.0079, -0.2953 0.0394 0.0, -0.3941 0.0394 0.0, -0.3941 -0.0394 0.0, -0.3937 -0.0394 0.0079, -0.2953 -0.0394 0.0079, -0.2953 -0.0394 0.0, -0.2851 -0.038 0.0, -0.2851 -0.038 0.0079, -0.2756 -0.0341 0.0, -0.2756 -0.0341 0.0079, -0.2674 -0.0278 0.0, -0.2674 -0.0278 0.0079, -0.2612 -0.0197 0.0, -0.2612 -0.0197 0.0079, -0.2572 -0.0102 0.0, -0.2572 -0.0102 0.0079, -0.2559 0.0 0.0, -0.2559 0.0 0.0079, -0.2572 0.0102 0.0, -0.2572 0.0102 0.0079, -0.2612 0.0197 0.0, -0.2612 0.0197 0.0079, -0.2674 0.0278 0.0, -0.2674 0.0278 0.0079, -0.2756 0.0341 0.0, -0.2756 0.0341 0.0079, -0.2851 0.038 0.0, -0.2851 0.038 0.0079, -0.3937 -0.1181 0.0787, -0.3941 -0.1181 0.0787, -0.3937 -0.1969 0.0787, -0.3941 -0.1969 0.0787, -0.3937 -0.1181 0.0079, -0.2953 -0.1181 0.0079, -0.2953 -0.1181 0.0, -0.3941 -0.1181 0.0, -0.3941 -0.1969 0.0, -0.3937 -0.1969 0.0079, -0.2953 -0.1969 0.0079, -0.2953 -0.1969 0.0, -0.2559 -0.1575 0.0, -0.2559 -0.1575 0.0079, -0.2559 0.1575 0.0079, -0.2362 0.1575 0.0079
            ]
        }
        coordIndex [
            0,1,2,-1,2,1,3,-1,2,3,4,-1,4,3,5,-1,4,5,6,-1,6,5,7,-1,1,0,8,-1,9,10,8,-1,8,10,11,-1,8,11,1,-1,3,1,5,-1,5,1,11,-1,12,13,14,-1,14,13,15,-1,14,15,16,-1,16,15,17,-1,16,17,18,-1,18,17,19,-1,13,12,20,-1,21,22,20,-1,20,22,23,-1,20,23,13,-1,15,13,17,-1,17,13,23,-1,18,19,24,-1,18,24,25,-1,25,24,26,-1,25,26,27,-1,27,26,28,-1,27,28,29,-1,29,28,30,-1,29,30,31,-1,31,30,32,-1,31,32,33,-1,33,32,34,-1,33,34,35,-1,35,34,36,-1,35,36,37,-1,37,36,38,-1,37,38,39,-1,39,38,40,-1,39,40,41,-1,41,40,42,-1,41,42,43,-1,43,42,44,-1,43,44,45,-1,45,44,22,-1,45,22,21,-1,17,23,19,-1,19,23,22,-1,19,22,44,-1,44,42,19,-1,19,42,40,-1,19,40,24,-1,40,32,30,-1,32,40,34,-1,34,40,38,-1,34,38,36,-1,30,28,40,-1,40,28,26,-1,40,26,24,-1,46,47,48,-1,48,47,49,-1,48,49,50,-1,50,49,51,-1,50,51,52,-1,52,51,53,-1,47,46,54,-1,55,56,54,-1,54,56,57,-1,54,57,47,-1,49,47,51,-1,51,47,57,-1,52,53,58,-1,52,58,59,-1,59,58,60,-1,59,60,61,-1,61,60,62,-1,61,62,63,-1,63,62,64,-1,63,64,65,-1,65,64,66,-1,65,66,67,-1,67,66,68,-1,67,68,69,-1,69,68,70,-1,69,70,71,-1,71,70,72,-1,71,72,73,-1,73,72,74,-1,73,74,75,-1,75,74,76,-1,75,76,77,-1,77,76,78,-1,77,78,79,-1,79,78,56,-1,79,56,55,-1,53,51,57,-1,57,56,53,-1,53,56,78,-1,53,78,76,-1,76,74,53,-1,53,74,72,-1,53,72,58,-1,70,68,72,-1,72,68,66,-1,72,66,64,-1,64,62,72,-1,72,62,60,-1,72,60,58,-1,80,81,82,-1,82,81,83,-1,82,83,84,-1,84,83,85,-1,84,85,86,-1,86,85,87,-1,81,80,88,-1,89,90,88,-1,88,90,91,-1,88,91,81,-1,83,81,85,-1,85,81,91,-1,92,93,94,-1,92,94,95,-1,95,94,96,-1,95,96,97,-1,97,96,98,-1,97,98,99,-1,99,98,100,-1,99,100,101,-1,101,100,102,-1,101,102,103,-1,103,102,90,-1,103,90,89,-1,85,91,87,-1,87,91,90,-1,90,102,87,-1,87,102,100,-1,87,100,98,-1,98,96,87,-1,87,96,94,-1,87,94,93,-1,92,86,93,-1,93,86,87,-1,9,104,10,-1,10,104,105,-1,106,107,108,-1,108,107,109,-1,108,109,110,-1,110,109,111,-1,110,111,112,-1,112,111,113,-1,107,106,114,-1,115,116,114,-1,114,116,117,-1,114,117,107,-1,109,107,111,-1,111,107,117,-1,118,119,120,-1,118,120,121,-1,121,120,122,-1,121,122,123,-1,123,122,124,-1,123,124,125,-1,125,124,126,-1,125,126,127,-1,127,126,128,-1,127,128,129,-1,129,128,116,-1,129,116,115,-1,120,119,113,-1,120,113,122,-1,111,117,113,-1,113,117,116,-1,113,116,128,-1,128,126,113,-1,113,126,124,-1,113,124,122,-1,130,131,132,-1,132,131,133,-1,132,133,134,-1,134,133,135,-1,134,135,136,-1,136,135,137,-1,131,130,138,-1,139,140,138,-1,138,140,141,-1,138,141,131,-1,133,131,135,-1,135,131,141,-1,136,137,142,-1,136,142,143,-1,143,142,144,-1,143,144,145,-1,145,144,146,-1,145,146,147,-1,147,146,148,-1,147,148,149,-1,149,148,150,-1,149,150,151,-1,151,150,152,-1,151,152,153,-1,153,152,154,-1,153,154,155,-1,155,154,156,-1,155,156,157,-1,157,156,158,-1,157,158,159,-1,159,158,160,-1,159,160,161,-1,161,160,162,-1,161,162,163,-1,163,162,140,-1,163,140,139,-1,135,141,137,-1,137,141,140,-1,137,140,162,-1,150,158,152,-1,152,158,156,-1,152,156,154,-1,150,148,158,-1,158,148,146,-1,158,146,144,-1,162,160,137,-1,137,160,158,-1,137,158,142,-1,142,158,144,-1,164,165,166,-1,166,165,167,-1,166,167,168,-1,168,167,169,-1,168,169,170,-1,170,169,171,-1,165,164,172,-1,173,174,172,-1,172,174,175,-1,172,175,165,-1,167,165,169,-1,169,165,175,-1,170,171,176,-1,170,176,177,-1,177,176,178,-1,177,178,179,-1,179,178,180,-1,179,180,181,-1,181,180,182,-1,181,182,183,-1,183,182,184,-1,183,184,185,-1,185,184,186,-1,185,186,187,-1,187,186,188,-1,187,188,189,-1,189,188,190,-1,189,190,191,-1,191,190,192,-1,191,192,193,-1,193,192,194,-1,193,194,195,-1,195,194,196,-1,195,196,197,-1,197,196,174,-1,197,174,173,-1,169,175,171,-1,171,175,174,-1,171,174,196,-1,184,192,186,-1,186,192,190,-1,186,190,188,-1,184,182,192,-1,192,182,180,-1,192,180,178,-1,196,194,171,-1,171,194,192,-1,171,192,176,-1,176,192,178,-1,198,199,200,-1,200,199,201,-1,200,201,202,-1,202,201,203,-1,202,203,204,-1,204,203,205,-1,199,198,206,-1,207,208,206,-1,206,208,209,-1,206,209,199,-1,201,199,203,-1,203,199,209,-1,118,112,119,-1,119,112,113,-1,207,210,208,-1,208,210,211,-1,212,213,214,-1,214,213,215,-1,214,215,216,-1,216,215,217,-1,216,217,218,-1,218,217,219,-1,213,212,220,-1,221,222,220,-1,220,222,223,-1,220,223,213,-1,215,213,217,-1,217,213,223,-1,224,225,226,-1,226,225,227,-1,226,227,228,-1,228,227,229,-1,228,229,230,-1,230,229,231,-1,225,224,232,-1,233,234,232,-1,232,234,235,-1,232,235,225,-1,230,231,236,-1,230,236,237,-1,237,236,238,-1,237,238,239,-1,239,238,240,-1,239,240,241,-1,241,240,242,-1,241,242,243,-1,243,242,244,-1,243,244,245,-1,245,244,246,-1,245,246,247,-1,247,246,248,-1,247,248,249,-1,249,248,250,-1,249,250,251,-1,251,250,252,-1,251,252,253,-1,253,252,254,-1,253,254,255,-1,255,254,256,-1,255,256,257,-1,257,256,234,-1,257,234,233,-1,227,225,229,-1,229,225,235,-1,229,235,231,-1,231,235,234,-1,231,234,256,-1,250,248,252,-1,252,248,246,-1,252,246,244,-1,244,242,252,-1,252,242,240,-1,252,240,238,-1,256,254,231,-1,231,254,252,-1,231,252,236,-1,236,252,238,-1,258,259,260,-1,260,259,261,-1,260,261,262,-1,262,261,263,-1,262,263,264,-1,264,263,265,-1,259,258,266,-1,267,268,266,-1,266,268,269,-1,266,269,259,-1,264,265,270,-1,264,270,271,-1,271,270,272,-1,271,272,273,-1,273,272,274,-1,273,274,275,-1,275,274,276,-1,275,276,277,-1,277,276,278,-1,277,278,279,-1,279,278,280,-1,279,280,281,-1,261,259,263,-1,263,259,269,-1,263,269,265,-1,265,269,268,-1,265,268,270,-1,270,268,272,-1,268,280,278,-1,278,276,268,-1,268,276,274,-1,268,274,272,-1,219,282,218,-1,218,282,283,-1,280,268,281,-1,281,268,267,-1,284,285,286,-1,286,285,287,-1,285,284,288,-1,289,290,288,-1,288,290,291,-1,288,291,285,-1,287,285,292,-1,292,285,291,-1,286,287,293,-1,293,287,292,-1,293,292,294,-1,294,292,295,-1,291,290,292,-1,292,290,296,-1,292,296,295,-1,295,296,297,-1,298,299,300,-1,300,299,301,-1,299,298,302,-1,303,304,302,-1,302,304,305,-1,302,305,299,-1,301,299,306,-1,306,299,305,-1,300,301,307,-1,307,301,306,-1,307,306,308,-1,308,306,309,-1,308,309,310,-1,308,310,311,-1,311,310,312,-1,311,312,313,-1,313,312,314,-1,313,314,315,-1,315,314,316,-1,315,316,317,-1,317,316,318,-1,317,318,319,-1,319,318,320,-1,319,320,321,-1,321,320,322,-1,321,322,323,-1,323,322,324,-1,323,324,325,-1,325,324,326,-1,325,326,327,-1,327,326,328,-1,327,328,329,-1,329,328,330,-1,329,330,331,-1,331,330,304,-1,331,304,303,-1,309,306,305,-1,312,330,314,-1,314,330,316,-1,305,304,309,-1,309,304,330,-1,309,330,310,-1,310,330,312,-1,330,328,316,-1,316,328,326,-1,316,326,324,-1,324,322,316,-1,316,322,320,-1,316,320,318,-1,332,333,334,-1,334,333,335,-1,333,332,336,-1,337,338,336,-1,336,338,339,-1,336,339,333,-1,335,333,340,-1,340,333,339,-1,334,335,341,-1,341,335,340,-1,341,340,342,-1,342,340,343,-1,343,344,342,-1,342,344,345,-1,296,290,346,-1,346,290,289,-1,346,347,296,-1,296,347,297,-1,295,297,294,-1,294,297,347,-1,
        ]
    }
}
Shape{
    appearance Appearance {
        material  Material 	{
            diffuseColor 1.0 1.0 1.0
            specularColor 0.5019607843137255 0.5019607843137255 0.5019607843137255
            ambientIntensity 1.0
            transparency 0.0
            shininess 0.5
        }
    }
    geometry IndexedFaceSet {
        ccw TRUE
        solid FALSE
        coord DEF co Coordinate {
            point [
                0.3163 -0.3321 0.2598, 0.3154 -0.3332 0.2598, 0.317 -0.3346 0.2598, 0.3152 -0.3334 0.2598, 0.3152 -0.3359 0.2598, 0.3141 -0.3342 0.2598, 0.3132 -0.3367 0.2598, 0.3126 -0.3348 0.2598, 0.3102 -0.3371 0.2598, 0.3102 -0.3351 0.2598, 0.3053 -0.3371 0.2598, 0.3076 -0.3351 0.2598, 0.3053 -0.3194 0.2598, 0.3076 -0.3214 0.2598, 0.3104 -0.3194 0.2598, 0.3103 -0.3214 0.2598, 0.3131 -0.3197 0.2598, 0.3127 -0.3217 0.2598, 0.3152 -0.3205 0.2598, 0.3142 -0.3223 0.2598, 0.317 -0.3218 0.2598, 0.3154 -0.3231 0.2598, 0.3177 -0.3224 0.2598, 0.3159 -0.3236 0.2598, 0.3188 -0.3239 0.2598, 0.3165 -0.3246 0.2598, 0.3194 -0.3256 0.2598, 0.317 -0.3259 0.2598, 0.3197 -0.328 0.2598, 0.3173 -0.3281 0.2598, 0.3196 -0.3291 0.2598, 0.3172 -0.3292 0.2598, 0.3192 -0.3312 0.2598, 0.3169 -0.3308 0.2598, 0.3183 -0.333 0.2598, 0.317 -0.3346 0.2559, 0.3183 -0.333 0.2559, 0.3192 -0.3312 0.2559, 0.3196 -0.3291 0.2559, 0.3197 -0.328 0.2559, 0.3194 -0.3256 0.2559, 0.3188 -0.3239 0.2559, 0.3177 -0.3224 0.2559, 0.317 -0.3218 0.2559, 0.3152 -0.3205 0.2559, 0.3131 -0.3197 0.2559, 0.3104 -0.3194 0.2559, 0.3053 -0.3194 0.2559, 0.3053 -0.3371 0.2559, 0.3102 -0.3371 0.2559, 0.3132 -0.3367 0.2559, 0.3152 -0.3359 0.2559, 0.3154 -0.3231 0.2559, 0.3159 -0.3236 0.2559, 0.3165 -0.3246 0.2559, 0.317 -0.3259 0.2559, 0.3173 -0.3281 0.2559, 0.3103 -0.3214 0.2559, 0.3127 -0.3217 0.2559, 0.3142 -0.3223 0.2559, 0.3076 -0.3214 0.2559, 0.3076 -0.3351 0.2559, 0.3102 -0.3351 0.2559, 0.3154 -0.3332 0.2559, 0.3152 -0.3334 0.2559, 0.3141 -0.3342 0.2559, 0.3126 -0.3348 0.2559, 0.3172 -0.3292 0.2559, 0.3169 -0.3308 0.2559, 0.3163 -0.3321 0.2559
            ]
        }
        coordIndex [
            0,1,2,-1,2,1,3,-1,2,3,4,-1,4,3,5,-1,4,5,6,-1,6,5,7,-1,6,7,8,-1,8,7,9,-1,8,9,10,-1,10,9,11,-1,10,11,12,-1,12,11,13,-1,12,13,14,-1,14,13,15,-1,14,15,16,-1,16,15,17,-1,16,17,18,-1,18,17,19,-1,18,19,20,-1,20,19,21,-1,20,21,22,-1,22,21,23,-1,22,23,24,-1,24,23,25,-1,24,25,26,-1,26,25,27,-1,26,27,28,-1,28,27,29,-1,28,29,30,-1,30,29,31,-1,30,31,32,-1,32,31,33,-1,32,33,34,-1,34,33,0,-1,34,0,2,-1,2,35,36,-1,2,36,34,-1,34,36,37,-1,34,37,32,-1,32,37,38,-1,32,38,30,-1,30,38,39,-1,30,39,28,-1,28,39,40,-1,28,40,26,-1,26,40,41,-1,26,41,24,-1,24,41,42,-1,24,42,22,-1,22,42,43,-1,22,43,20,-1,20,43,44,-1,20,44,18,-1,18,44,45,-1,18,45,16,-1,16,45,46,-1,16,46,14,-1,12,14,47,-1,47,14,46,-1,10,12,48,-1,48,12,47,-1,8,10,49,-1,49,10,48,-1,8,49,50,-1,8,50,6,-1,6,50,51,-1,6,51,4,-1,4,51,35,-1,4,35,2,-1,21,52,53,-1,21,53,23,-1,23,53,54,-1,23,54,25,-1,25,54,55,-1,25,55,27,-1,27,55,56,-1,27,56,29,-1,15,57,58,-1,15,58,17,-1,17,58,59,-1,17,59,19,-1,19,59,52,-1,19,52,21,-1,15,13,57,-1,57,13,60,-1,13,11,60,-1,60,11,61,-1,11,9,61,-1,61,9,62,-1,1,63,64,-1,1,64,3,-1,3,64,65,-1,3,65,5,-1,5,65,66,-1,5,66,7,-1,7,66,62,-1,7,62,9,-1,29,56,67,-1,29,67,31,-1,31,67,68,-1,31,68,33,-1,33,68,69,-1,33,69,0,-1,0,69,63,-1,0,63,1,-1,
        ]
    }
}
Shape{
    appearance Appearance {
        material  Material 	{
            diffuseColor 0.20784313725490197 0.20784313725490197 0.20784313725490197
            specularColor 0.01568627450980392 0.01568627450980392 0.01568627450980392
            ambientIntensity 0.298
            transparency 0.0
            shininess 0.5
        }
    }
    geometry IndexedFaceSet {
        ccw TRUE
        solid FALSE
        coord DEF co Coordinate {
            point [
                0.3076 -0.3214 0.2559, 0.3076 -0.3351 0.2559, 0.3103 -0.3214 0.2559, 0.3102 -0.3351 0.2559, 0.3126 -0.3348 0.2559, 0.3141 -0.3342 0.2559, 0.3152 -0.3334 0.2559, 0.3154 -0.3332 0.2559, 0.3163 -0.3321 0.2559, 0.3169 -0.3308 0.2559, 0.3173 -0.3281 0.2559, 0.3154 -0.3231 0.2559, 0.3142 -0.3223 0.2559, 0.317 -0.3259 0.2559, 0.3165 -0.3246 0.2559, 0.3159 -0.3236 0.2559, 0.3172 -0.3292 0.2559, 0.3127 -0.3217 0.2559
            ]
        }
        coordIndex [
            0,1,2,-1,2,1,3,-1,3,4,2,-1,2,4,5,-1,2,5,6,-1,6,7,2,-1,2,7,8,-1,2,8,9,-1,10,11,12,-1,13,14,10,-1,10,14,15,-1,10,15,11,-1,9,16,2,-1,2,16,10,-1,2,10,17,-1,17,10,12,-1,
        ]
    }
}
Shape{
    appearance Appearance {
        material  Material 	{
            diffuseColor 1.0 1.0 1.0
            specularColor 0.5019607843137255 0.5019607843137255 0.5019607843137255
            ambientIntensity 1.0
            transparency 0.0
            shininess 0.5
        }
    }
    geometry IndexedFaceSet {
        ccw TRUE
        solid FALSE
        coord DEF co Coordinate {
            point [
                0.2844 -0.334 0.2598, 0.2844 -0.334 0.2559, 0.2842 -0.3345 0.2559, 0.2842 -0.3345 0.2598, 0.2841 -0.335 0.2559, 0.2841 -0.335 0.2598, 0.2841 -0.335 0.2598, 0.2841 -0.335 0.2559, 0.2838 -0.3339 0.2598, 0.2838 -0.3339 0.2559, 0.2805 -0.3245 0.2598, 0.2805 -0.3245 0.2559, 0.278 -0.3245 0.2598, 0.278 -0.3245 0.2559, 0.283 -0.337 0.2598, 0.283 -0.337 0.2559, 0.282 -0.3393 0.2559, 0.282 -0.3393 0.2598, 0.2829 -0.3372 0.2559, 0.2816 -0.3401 0.2559, 0.2816 -0.3401 0.2598, 0.2811 -0.3406 0.2559, 0.2811 -0.3406 0.2598, 0.2808 -0.3409 0.2559, 0.2808 -0.3409 0.2598, 0.2803 -0.341 0.2559, 0.2803 -0.341 0.2598, 0.2797 -0.3411 0.2559, 0.2797 -0.3411 0.2598, 0.2789 -0.341 0.2559, 0.2789 -0.341 0.2598, 0.2785 -0.3409 0.2559, 0.2785 -0.3409 0.2598, 0.2785 -0.3428 0.2598, 0.2785 -0.3428 0.2559, 0.2794 -0.343 0.2559, 0.2794 -0.343 0.2598, 0.2799 -0.343 0.2559, 0.2799 -0.343 0.2598, 0.2808 -0.3429 0.2559, 0.2808 -0.3429 0.2598, 0.2817 -0.3426 0.2559, 0.2817 -0.3426 0.2598, 0.2824 -0.342 0.2559, 0.2824 -0.342 0.2598, 0.2826 -0.3419 0.2559, 0.2826 -0.3419 0.2598, 0.2834 -0.3409 0.2559, 0.2834 -0.3409 0.2598, 0.2844 -0.339 0.2559, 0.2844 -0.339 0.2598, 0.2901 -0.3245 0.2559, 0.2901 -0.3245 0.2598, 0.2851 -0.3372 0.2559, 0.2878 -0.3245 0.2598, 0.2878 -0.3245 0.2559, 0.2718 -0.3374 0.2559, 0.2733 -0.3372 0.2559, 0.2718 -0.3374 0.2598, 0.2735 -0.3372 0.2598, 0.2735 -0.3372 0.2559, 0.2747 -0.3368 0.2559, 0.2747 -0.3368 0.2598, 0.2754 -0.3364 0.2559, 0.2754 -0.3364 0.2598, 0.2761 -0.3358 0.2559, 0.2761 -0.3358 0.2598, 0.2765 -0.3352 0.2559, 0.2765 -0.3352 0.2598, 0.2768 -0.3345 0.2559, 0.2768 -0.3345 0.2598, 0.2769 -0.3336 0.2559, 0.2769 -0.3336 0.2598, 0.2768 -0.3328 0.2559, 0.2768 -0.3328 0.2598, 0.2765 -0.3322 0.2559, 0.2765 -0.3322 0.2598, 0.2761 -0.3316 0.2559, 0.2761 -0.3316 0.2598, 0.2756 -0.3311 0.2559, 0.2756 -0.3311 0.2598, 0.2741 -0.3303 0.2559, 0.2741 -0.3303 0.2598, 0.2733 -0.3299 0.2559, 0.2733 -0.3299 0.2598, 0.2719 -0.3293 0.2559, 0.2719 -0.3293 0.2598, 0.2711 -0.3288 0.2559, 0.2711 -0.3288 0.2598, 0.2709 -0.3286 0.2559, 0.2709 -0.3286 0.2598, 0.2708 -0.3283 0.2559, 0.2708 -0.3283 0.2598, 0.2707 -0.328 0.2559, 0.2707 -0.328 0.2598, 0.2706 -0.3277 0.2559, 0.2706 -0.3277 0.2598, 0.2707 -0.3273 0.2559, 0.2707 -0.3273 0.2598, 0.2708 -0.327 0.2559, 0.2708 -0.327 0.2598, 0.271 -0.3267 0.2559, 0.271 -0.3267 0.2598, 0.2713 -0.3264 0.2559, 0.2713 -0.3264 0.2598, 0.2718 -0.3262 0.2559, 0.2718 -0.3262 0.2598, 0.2724 -0.326 0.2559, 0.2724 -0.326 0.2598, 0.2731 -0.326 0.2559, 0.2731 -0.326 0.2598, 0.2745 -0.3261 0.2559, 0.2745 -0.3261 0.2598, 0.2758 -0.3266 0.2559, 0.2758 -0.3266 0.2598, 0.2763 -0.3269 0.2559, 0.2763 -0.3269 0.2598, 0.2763 -0.3247 0.2598, 0.2763 -0.3247 0.2559, 0.2748 -0.3243 0.2559, 0.2748 -0.3243 0.2598, 0.2733 -0.3242 0.2559, 0.2733 -0.3242 0.2598, 0.2717 -0.3243 0.2559, 0.2717 -0.3243 0.2598, 0.2705 -0.3248 0.2559, 0.2705 -0.3248 0.2598, 0.2698 -0.3252 0.2559, 0.2698 -0.3252 0.2598, 0.2694 -0.3255 0.2559, 0.2691 -0.3258 0.2598, 0.2691 -0.3258 0.2559, 0.2687 -0.3264 0.2559, 0.2687 -0.3264 0.2598, 0.2685 -0.3271 0.2559, 0.2685 -0.3271 0.2598, 0.2684 -0.3279 0.2559, 0.2684 -0.3279 0.2598, 0.2685 -0.3287 0.2559, 0.2685 -0.3287 0.2598, 0.2687 -0.3294 0.2559, 0.2687 -0.3294 0.2598, 0.269 -0.3299 0.2559, 0.269 -0.3299 0.2598, 0.2717 -0.3315 0.2559, 0.2717 -0.3315 0.2598, 0.2704 -0.3309 0.2598, 0.2694 -0.3302 0.2559, 0.2694 -0.3302 0.2598, 0.2694 -0.3302 0.2559, 0.2704 -0.3309 0.2559, 0.2732 -0.3321 0.2559, 0.2732 -0.3321 0.2598, 0.274 -0.3327 0.2559, 0.274 -0.3327 0.2598, 0.2743 -0.3329 0.2559, 0.2743 -0.3329 0.2598, 0.2745 -0.3332 0.2559, 0.2745 -0.3332 0.2598, 0.2746 -0.3336 0.2559, 0.2746 -0.3336 0.2598, 0.2746 -0.3339 0.2559, 0.2746 -0.3339 0.2598, 0.2746 -0.3343 0.2559, 0.2746 -0.3343 0.2598, 0.2744 -0.3346 0.2559, 0.2744 -0.3346 0.2598, 0.2742 -0.3349 0.2559, 0.2742 -0.3349 0.2598, 0.274 -0.3351 0.2559, 0.274 -0.3351 0.2598, 0.2738 -0.3352 0.2559, 0.2738 -0.3352 0.2598, 0.2732 -0.3354 0.2559, 0.2732 -0.3354 0.2598, 0.2721 -0.3356 0.2559, 0.2721 -0.3356 0.2598, 0.272 -0.3356 0.2559, 0.272 -0.3356 0.2598, 0.2684 -0.3343 0.2559, 0.2684 -0.3343 0.2598, 0.2692 -0.3349 0.2598, 0.2706 -0.3354 0.2559, 0.2706 -0.3354 0.2598, 0.2694 -0.3349 0.2559, 0.2692 -0.3349 0.2559, 0.2684 -0.3366 0.2598, 0.2684 -0.3366 0.2559, 0.2694 -0.337 0.2559, 0.2697 -0.3371 0.2598, 0.2705 -0.3372 0.2559, 0.2697 -0.3371 0.2559, 0.2631 -0.3371 0.2598, 0.2654 -0.3371 0.2598, 0.2631 -0.3351 0.2598, 0.2654 -0.329 0.2598, 0.2631 -0.3291 0.2598, 0.2583 -0.3317 0.2598, 0.2588 -0.3315 0.2598, 0.2631 -0.3351 0.2598, 0.2619 -0.3348 0.2598, 0.2627 -0.3357 0.2598, 0.2613 -0.3352 0.2598, 0.2602 -0.3311 0.2598, 0.2631 -0.3307 0.2598, 0.2631 -0.332 0.2598, 0.2631 -0.3321 0.2598, 0.263 -0.3331 0.2598, 0.2627 -0.3339 0.2598, 0.2622 -0.3345 0.2598, 0.2631 -0.3281 0.2598, 0.2652 -0.3273 0.2598, 0.2628 -0.3273 0.2598, 0.2648 -0.3263 0.2598, 0.2626 -0.3268 0.2598, 0.2644 -0.3256 0.2598, 0.2622 -0.3265 0.2598, 0.2638 -0.325 0.2598, 0.2619 -0.3262 0.2598, 0.2631 -0.3246 0.2598, 0.2613 -0.326 0.2598, 0.2621 -0.3243 0.2598, 0.2606 -0.326 0.2598, 0.2608 -0.3242 0.2598, 0.2592 -0.3261 0.2598, 0.2586 -0.3244 0.2598, 0.2578 -0.3266 0.2598, 0.2569 -0.3251 0.2598, 0.2565 -0.3275 0.2598, 0.2565 -0.3253 0.2598, 0.2579 -0.3348 0.2598, 0.2563 -0.3364 0.2598, 0.2581 -0.335 0.2598, 0.2571 -0.3369 0.2598, 0.2586 -0.3353 0.2598, 0.2579 -0.3372 0.2598, 0.2591 -0.3355 0.2598, 0.2592 -0.3374 0.2598, 0.2598 -0.3356 0.2598, 0.2604 -0.3372 0.2598, 0.2606 -0.3355 0.2598, 0.2613 -0.3369 0.2598, 0.262 -0.3364 0.2598, 0.2575 -0.3332 0.2598, 0.2552 -0.3334 0.2598, 0.2575 -0.3335 0.2598, 0.2552 -0.3337 0.2598, 0.2575 -0.334 0.2598, 0.2553 -0.3347 0.2598, 0.2577 -0.3344 0.2598, 0.2556 -0.3354 0.2598, 0.2561 -0.3361 0.2598, 0.2594 -0.3296 0.2598, 0.2578 -0.33 0.2598, 0.2581 -0.3319 0.2598, 0.2568 -0.3305 0.2598, 0.2578 -0.3322 0.2598, 0.2561 -0.331 0.2598, 0.2576 -0.3327 0.2598, 0.2557 -0.3317 0.2598, 0.2554 -0.3325 0.2598, 0.2606 -0.326 0.2559, 0.2613 -0.326 0.2559, 0.2619 -0.3262 0.2559, 0.2622 -0.3265 0.2559, 0.2626 -0.3268 0.2559, 0.2628 -0.3273 0.2559, 0.2631 -0.3281 0.2559, 0.2631 -0.3291 0.2559, 0.2594 -0.3296 0.2559, 0.2578 -0.33 0.2559, 0.2568 -0.3305 0.2559, 0.2561 -0.331 0.2559, 0.2557 -0.3317 0.2559, 0.2554 -0.3325 0.2559, 0.2552 -0.3334 0.2559, 0.2552 -0.3337 0.2559, 0.2553 -0.3347 0.2559, 0.2556 -0.3354 0.2559, 0.2561 -0.3361 0.2559, 0.2563 -0.3364 0.2559, 0.2592 -0.3374 0.2559, 0.2579 -0.3372 0.2559, 0.2579 -0.3372 0.2559, 0.2571 -0.3369 0.2559, 0.2604 -0.3372 0.2559, 0.2604 -0.3372 0.2559, 0.2613 -0.3369 0.2559, 0.262 -0.3364 0.2559, 0.2627 -0.3357 0.2559, 0.2631 -0.3351 0.2559, 0.2631 -0.3351 0.2559, 0.2631 -0.3371 0.2559, 0.2654 -0.3371 0.2559, 0.2654 -0.329 0.2559, 0.2652 -0.3273 0.2559, 0.2648 -0.3263 0.2559, 0.2644 -0.3256 0.2559, 0.2638 -0.325 0.2559, 0.2631 -0.3246 0.2559, 0.2621 -0.3243 0.2559, 0.2608 -0.3242 0.2559, 0.2586 -0.3244 0.2559, 0.2569 -0.3251 0.2559, 0.2565 -0.3253 0.2559, 0.2565 -0.3275 0.2559, 0.2578 -0.3266 0.2559, 0.2592 -0.3261 0.2559, 0.2622 -0.3345 0.2559, 0.2619 -0.3348 0.2559, 0.2613 -0.3352 0.2559, 0.2606 -0.3355 0.2559, 0.2598 -0.3356 0.2559, 0.2631 -0.332 0.2559, 0.2631 -0.3321 0.2559, 0.263 -0.3331 0.2559, 0.2627 -0.3339 0.2559, 0.2631 -0.3307 0.2559, 0.2602 -0.3311 0.2559, 0.2581 -0.3319 0.2559, 0.2583 -0.3317 0.2559, 0.2588 -0.3315 0.2559, 0.2575 -0.3335 0.2559, 0.2575 -0.3332 0.2559, 0.2576 -0.3327 0.2559, 0.2578 -0.3322 0.2559, 0.2581 -0.335 0.2559, 0.2579 -0.3348 0.2559, 0.2577 -0.3344 0.2559, 0.2575 -0.334 0.2559, 0.2591 -0.3355 0.2559, 0.2586 -0.3353 0.2559
            ]
        }
        coordIndex [
            0,1,2,-1,0,2,3,-1,3,2,4,-1,3,4,5,-1,6,5,7,-1,7,5,4,-1,8,6,9,-1,9,6,7,-1,10,8,11,-1,11,8,9,-1,12,10,13,-1,13,10,11,-1,14,12,15,-1,15,12,13,-1,16,17,18,-1,18,17,14,-1,18,14,15,-1,17,16,19,-1,17,19,20,-1,20,19,21,-1,20,21,22,-1,22,21,23,-1,22,23,24,-1,24,23,25,-1,24,25,26,-1,26,25,27,-1,26,27,28,-1,28,27,29,-1,28,29,30,-1,30,29,31,-1,30,31,32,-1,33,32,34,-1,34,32,31,-1,33,34,35,-1,33,35,36,-1,36,35,37,-1,36,37,38,-1,38,37,39,-1,38,39,40,-1,40,39,41,-1,40,41,42,-1,42,41,43,-1,42,43,44,-1,44,43,45,-1,44,45,46,-1,46,45,47,-1,46,47,48,-1,48,47,49,-1,48,49,50,-1,51,52,53,-1,53,52,50,-1,53,50,49,-1,54,52,55,-1,55,52,51,-1,0,54,1,-1,1,54,55,-1,3,5,50,-1,52,54,50,-1,50,54,0,-1,50,0,3,-1,10,12,8,-1,8,12,14,-1,8,14,6,-1,32,33,30,-1,30,33,36,-1,30,36,28,-1,28,36,38,-1,28,38,26,-1,26,38,40,-1,26,40,24,-1,24,40,42,-1,24,42,22,-1,5,6,50,-1,50,6,14,-1,50,14,48,-1,14,17,48,-1,48,17,20,-1,48,20,46,-1,46,20,22,-1,46,22,44,-1,44,22,42,-1,56,57,58,-1,58,57,59,-1,57,60,59,-1,59,60,61,-1,59,61,62,-1,62,61,63,-1,62,63,64,-1,64,63,65,-1,64,65,66,-1,66,65,67,-1,66,67,68,-1,68,67,69,-1,68,69,70,-1,70,69,71,-1,70,71,72,-1,72,71,73,-1,72,73,74,-1,74,73,75,-1,74,75,76,-1,76,75,77,-1,76,77,78,-1,78,77,79,-1,78,79,80,-1,80,79,81,-1,80,81,82,-1,82,81,83,-1,82,83,84,-1,84,83,85,-1,84,85,86,-1,86,85,87,-1,86,87,88,-1,88,87,89,-1,88,89,90,-1,90,89,91,-1,90,91,92,-1,92,91,93,-1,92,93,94,-1,94,93,95,-1,94,95,96,-1,96,95,97,-1,96,97,98,-1,98,97,99,-1,98,99,100,-1,100,99,101,-1,100,101,102,-1,102,101,103,-1,102,103,104,-1,104,103,105,-1,104,105,106,-1,106,105,107,-1,106,107,108,-1,108,107,109,-1,108,109,110,-1,110,109,111,-1,110,111,112,-1,112,111,113,-1,112,113,114,-1,114,113,115,-1,114,115,116,-1,117,116,118,-1,118,116,115,-1,117,118,119,-1,117,119,120,-1,120,119,121,-1,120,121,122,-1,122,121,123,-1,122,123,124,-1,124,123,125,-1,124,125,126,-1,126,125,127,-1,126,127,128,-1,127,129,128,-1,128,129,130,-1,129,131,130,-1,130,131,132,-1,130,132,133,-1,133,132,134,-1,133,134,135,-1,135,134,136,-1,135,136,137,-1,137,136,138,-1,137,138,139,-1,139,138,140,-1,139,140,141,-1,141,140,142,-1,141,142,143,-1,144,145,146,-1,143,142,147,-1,143,147,148,-1,148,147,149,-1,148,149,146,-1,146,149,150,-1,146,150,144,-1,145,144,151,-1,145,151,152,-1,152,151,153,-1,152,153,154,-1,154,153,155,-1,154,155,156,-1,156,155,157,-1,156,157,158,-1,158,157,159,-1,158,159,160,-1,160,159,161,-1,160,161,162,-1,162,161,163,-1,162,163,164,-1,164,163,165,-1,164,165,166,-1,166,165,167,-1,166,167,168,-1,168,167,169,-1,168,169,170,-1,170,169,171,-1,170,171,172,-1,172,171,173,-1,172,173,174,-1,174,173,175,-1,174,175,176,-1,176,175,177,-1,176,177,178,-1,179,180,181,-1,178,177,182,-1,178,182,183,-1,183,182,184,-1,183,184,181,-1,181,184,185,-1,181,185,179,-1,186,180,187,-1,187,180,179,-1,187,188,186,-1,186,188,189,-1,56,58,190,-1,190,58,189,-1,190,189,191,-1,191,189,188,-1,102,104,126,-1,126,104,124,-1,86,145,84,-1,84,145,152,-1,84,152,82,-1,58,178,189,-1,189,178,183,-1,189,183,186,-1,186,183,181,-1,186,181,180,-1,104,106,124,-1,124,106,108,-1,124,108,122,-1,122,108,110,-1,122,110,120,-1,120,110,112,-1,120,112,117,-1,117,112,114,-1,117,114,116,-1,82,152,80,-1,80,152,154,-1,80,154,78,-1,78,154,156,-1,78,156,76,-1,76,156,158,-1,76,158,74,-1,74,158,160,-1,74,160,72,-1,72,160,162,-1,72,162,70,-1,70,162,164,-1,70,164,68,-1,68,164,166,-1,68,166,66,-1,66,166,168,-1,66,168,64,-1,64,168,170,-1,64,170,62,-1,62,170,172,-1,62,172,59,-1,59,172,174,-1,59,174,58,-1,58,174,176,-1,58,176,178,-1,126,128,102,-1,102,128,130,-1,102,130,100,-1,100,130,133,-1,100,133,98,-1,98,133,135,-1,98,135,96,-1,96,135,137,-1,96,137,94,-1,94,137,139,-1,94,139,92,-1,92,139,141,-1,92,141,90,-1,90,141,143,-1,90,143,88,-1,88,143,148,-1,88,148,86,-1,86,148,146,-1,86,146,145,-1,192,193,194,-1,194,193,195,-1,196,197,198,-1,199,200,201,-1,201,200,202,-1,203,204,195,-1,195,204,205,-1,205,206,195,-1,195,206,207,-1,195,207,194,-1,194,207,208,-1,194,208,199,-1,199,208,209,-1,199,209,200,-1,198,203,196,-1,196,203,195,-1,196,195,210,-1,210,195,211,-1,210,211,212,-1,212,211,213,-1,212,213,214,-1,214,213,215,-1,214,215,216,-1,216,215,217,-1,216,217,218,-1,218,217,219,-1,218,219,220,-1,220,219,221,-1,220,221,222,-1,222,221,223,-1,222,223,224,-1,224,223,225,-1,224,225,226,-1,226,225,227,-1,226,227,228,-1,228,227,229,-1,230,231,232,-1,232,231,233,-1,232,233,234,-1,234,233,235,-1,234,235,236,-1,236,235,237,-1,236,237,238,-1,238,237,239,-1,238,239,240,-1,240,239,241,-1,240,241,202,-1,202,241,242,-1,202,242,201,-1,243,244,245,-1,245,244,246,-1,245,246,247,-1,247,246,248,-1,247,248,249,-1,249,248,250,-1,249,250,230,-1,230,250,251,-1,230,251,231,-1,196,252,197,-1,197,252,253,-1,197,253,254,-1,254,253,255,-1,254,255,256,-1,256,255,257,-1,256,257,258,-1,258,257,259,-1,258,259,243,-1,243,259,260,-1,243,260,244,-1,222,261,262,-1,222,262,220,-1,220,262,263,-1,220,263,218,-1,218,263,264,-1,218,264,216,-1,216,264,265,-1,216,265,214,-1,214,265,266,-1,214,266,212,-1,212,266,267,-1,212,267,210,-1,210,267,268,-1,210,268,196,-1,252,196,269,-1,269,196,268,-1,252,269,270,-1,252,270,253,-1,253,270,271,-1,253,271,255,-1,255,271,272,-1,255,272,257,-1,257,272,273,-1,257,273,259,-1,259,273,274,-1,259,274,260,-1,260,274,275,-1,260,275,244,-1,244,275,276,-1,244,276,246,-1,246,276,277,-1,246,277,248,-1,248,277,278,-1,248,278,250,-1,250,278,279,-1,250,279,251,-1,251,279,280,-1,251,280,231,-1,281,237,282,-1,282,237,235,-1,282,235,283,-1,283,235,233,-1,283,233,284,-1,284,233,231,-1,284,231,280,-1,237,281,285,-1,237,285,239,-1,239,285,286,-1,239,286,241,-1,286,287,241,-1,241,287,288,-1,241,288,242,-1,242,288,289,-1,242,289,201,-1,201,289,290,-1,201,290,199,-1,194,199,291,-1,291,199,290,-1,192,194,292,-1,292,194,291,-1,193,192,293,-1,293,192,292,-1,195,193,294,-1,294,193,293,-1,195,294,295,-1,195,295,211,-1,211,295,296,-1,211,296,213,-1,213,296,297,-1,213,297,215,-1,215,297,298,-1,215,298,217,-1,217,298,299,-1,217,299,219,-1,219,299,300,-1,219,300,221,-1,221,300,301,-1,221,301,223,-1,223,301,302,-1,223,302,225,-1,225,302,303,-1,225,303,227,-1,227,303,304,-1,227,304,229,-1,228,229,305,-1,305,229,304,-1,228,305,306,-1,228,306,226,-1,226,306,307,-1,226,307,224,-1,224,307,261,-1,224,261,222,-1,209,308,309,-1,209,309,200,-1,200,309,310,-1,200,310,202,-1,202,310,311,-1,202,311,240,-1,240,311,312,-1,240,312,238,-1,205,313,314,-1,205,314,206,-1,206,314,315,-1,206,315,207,-1,207,315,316,-1,207,316,208,-1,208,316,308,-1,208,308,209,-1,205,204,313,-1,313,204,317,-1,204,203,317,-1,317,203,318,-1,254,319,320,-1,254,320,197,-1,197,320,321,-1,197,321,198,-1,198,321,318,-1,198,318,203,-1,245,322,323,-1,245,323,243,-1,243,323,324,-1,243,324,258,-1,258,324,325,-1,258,325,256,-1,256,325,319,-1,256,319,254,-1,232,326,327,-1,232,327,230,-1,230,327,328,-1,230,328,249,-1,249,328,329,-1,249,329,247,-1,247,329,322,-1,247,322,245,-1,238,312,330,-1,238,330,236,-1,236,330,331,-1,236,331,234,-1,234,331,326,-1,234,326,232,-1,
        ]
    }
}
Shape{
    appearance Appearance {
        material  Material 	{
            diffuseColor 0.20784313725490197 0.20784313725490197 0.20784313725490197
            specularColor 0.01568627450980392 0.01568627450980392 0.01568627450980392
            ambientIntensity 0.298
            transparency 0.0
            shininess 0.5
        }
    }
    geometry IndexedFaceSet {
        ccw TRUE
        solid FALSE
        coord DEF co Coordinate {
            point [
                0.2631 -0.3321 0.2559, 0.2631 -0.332 0.2559, 0.2581 -0.3319 0.2559, 0.2631 -0.3307 0.2559, 0.2602 -0.3311 0.2559, 0.2588 -0.3315 0.2559, 0.2583 -0.3317 0.2559, 0.263 -0.3331 0.2559, 0.2578 -0.3322 0.2559, 0.2627 -0.3339 0.2559, 0.2579 -0.3348 0.2559, 0.2581 -0.335 0.2559, 0.2619 -0.3348 0.2559, 0.2577 -0.3344 0.2559, 0.2613 -0.3352 0.2559, 0.2606 -0.3355 0.2559, 0.2598 -0.3356 0.2559, 0.2576 -0.3327 0.2559, 0.2575 -0.3332 0.2559, 0.2622 -0.3345 0.2559, 0.2575 -0.3335 0.2559, 0.2575 -0.334 0.2559, 0.2586 -0.3353 0.2559, 0.2591 -0.3355 0.2559
            ]
        }
        coordIndex [
            0,1,2,-1,1,3,4,-1,4,5,1,-1,1,5,6,-1,1,6,2,-1,0,2,7,-1,7,2,8,-1,7,8,9,-1,10,11,12,-1,10,12,13,-1,14,12,15,-1,15,12,16,-1,8,17,9,-1,9,17,18,-1,9,18,19,-1,19,18,20,-1,19,20,12,-1,12,20,21,-1,12,21,13,-1,11,22,12,-1,12,22,23,-1,12,23,16,-1,
        ]
    }
}
Shape{
    appearance Appearance {
        material  Material 	{
            diffuseColor 1.0 1.0 1.0
            specularColor 0.5019607843137255 0.5019607843137255 0.5019607843137255
            ambientIntensity 1.0
            transparency 0.0
            shininess 0.5
        }
    }
    geometry IndexedFaceSet {
        ccw TRUE
        solid FALSE
        coord DEF co Coordinate {
            point [
                0.1657 -0.3396 0.2598, 0.1675 -0.3419 0.2598, 0.1645 -0.3285 0.2598, 0.1624 -0.3067 0.2598, 0.1652 -0.3052 0.2598, 0.1645 -0.2975 0.2598, 0.1723 -0.2971 0.2598, 0.1762 -0.3063 0.2598, 0.1781 -0.3023 0.2598, 0.1889 -0.3329 0.2598, 0.1889 -0.3316 0.2598, 0.1783 -0.3286 0.2598, 0.1771 -0.3282 0.2598, 0.1618 -0.3268 0.2598, 0.1628 -0.3364 0.2598, 0.1644 -0.3369 0.2598, 0.1694 -0.2968 0.2598, 0.1802 -0.3301 0.2598, 0.1807 -0.3311 0.2598, 0.1888 -0.3342 0.2598, 0.2065 -0.3223 0.2598, 0.2026 -0.3157 0.2598, 0.1857 -0.3245 0.2598, 0.1762 -0.3281 0.2598, 0.175 -0.3283 0.2598, 0.1733 -0.3206 0.2598, 0.1739 -0.3287 0.2598, 0.1706 -0.3216 0.2598, 0.1729 -0.3294 0.2598, 0.168 -0.3234 0.2598, 0.1724 -0.3299 0.2598, 0.1659 -0.3258 0.2598, 0.1718 -0.3309 0.2598, 0.1714 -0.3321 0.2598, 0.1713 -0.3333 0.2598, 0.1809 -0.321 0.2598, 0.1779 -0.3203 0.2598, 0.1763 -0.3202 0.2598, 0.1793 -0.3292 0.2598, 0.2106 -0.3099 0.2598, 0.2116 -0.3099 0.2598, 0.2167 -0.3031 0.2598, 0.214 -0.3102 0.2598, 0.2174 -0.3033 0.2598, 0.2162 -0.311 0.2598, 0.2211 -0.3052 0.2598, 0.2245 -0.3081 0.2598, 0.1749 -0.2941 0.2598, 0.1809 -0.2989 0.2598, 0.1778 -0.2916 0.2598, 0.1843 -0.2965 0.2598, 0.1812 -0.2895 0.2598, 0.1683 -0.3044 0.2598, 0.1696 -0.3044 0.2598, 0.1709 -0.2969 0.2598, 0.1725 -0.3047 0.2598, 0.1753 -0.3058 0.2598, 0.1836 -0.3225 0.2598, 0.2245 -0.3315 0.2598, 0.2187 -0.3265 0.2598, 0.2211 -0.3344 0.2598, 0.2168 -0.328 0.2598, 0.2173 -0.3362 0.2598, 0.2146 -0.329 0.2598, 0.2131 -0.3371 0.2598, 0.2124 -0.3295 0.2598, 0.2057 -0.3371 0.2598, 0.2067 -0.3295 0.2598, 0.205 -0.337 0.2598, 0.1716 -0.3345 0.2598, 0.1721 -0.3356 0.2598, 0.2181 -0.3124 0.2598, 0.2196 -0.314 0.2598, 0.2271 -0.3116 0.2598, 0.2207 -0.3162 0.2598, 0.2286 -0.3155 0.2598, 0.2213 -0.3186 0.2598, 0.2292 -0.3196 0.2598, 0.2214 -0.3197 0.2598, 0.2286 -0.324 0.2598, 0.2211 -0.3221 0.2598, 0.227 -0.328 0.2598, 0.2202 -0.3244 0.2598, 0.2188 -0.3263 0.2598, 0.21 -0.2932 0.2598, 0.2051 -0.299 0.2598, 0.2142 -0.2981 0.2598, 0.2079 -0.3024 0.2598, 0.2098 -0.3064 0.2598, 0.1574 -0.3139 0.2598, 0.1491 -0.316 0.2598, 0.157 -0.3169 0.2598, 0.1491 -0.3172 0.2598, 0.1572 -0.3189 0.2598, 0.1497 -0.3221 0.2598, 0.1581 -0.3219 0.2598, 0.1515 -0.3268 0.2598, 0.1596 -0.3245 0.2598, 0.1544 -0.3309 0.2598, 0.1583 -0.3342 0.2598, 0.1811 -0.3323 0.2598, 0.1811 -0.3335 0.2598, 0.1881 -0.3373 0.2598, 0.1808 -0.3347 0.2598, 0.1866 -0.3401 0.2598, 0.1802 -0.3358 0.2598, 0.1847 -0.3422 0.2598, 0.1795 -0.3366 0.2598, 0.1822 -0.344 0.2598, 0.1785 -0.3373 0.2598, 0.1794 -0.345 0.2598, 0.1775 -0.3377 0.2598, 0.1763 -0.3454 0.2598, 0.1762 -0.3379 0.2598, 0.1759 -0.3454 0.2598, 0.176 -0.3379 0.2598, 0.1729 -0.3449 0.2598, 0.1749 -0.3377 0.2598, 0.17 -0.3437 0.2598, 0.1737 -0.3372 0.2598, 0.1728 -0.3365 0.2598, 0.187 -0.2874 0.2598, 0.1884 -0.2948 0.2598, 0.1929 -0.2867 0.2598, 0.193 -0.2942 0.2598, 0.1986 -0.2874 0.2598, 0.1973 -0.2947 0.2598, 0.2049 -0.2897 0.2598, 0.2012 -0.2962 0.2598, 0.2047 -0.2987 0.2598, 0.1598 -0.2993 0.2598, 0.1559 -0.3021 0.2598, 0.1602 -0.3086 0.2598, 0.155 -0.3029 0.2598, 0.1585 -0.3111 0.2598, 0.152 -0.3067 0.2598, 0.15 -0.3113 0.2598, 0.2061 -0.3294 0.2598, 0.2031 -0.3358 0.2598, 0.2034 -0.3361 0.2598, 0.2065 -0.3294 0.2598, 0.2042 -0.3367 0.2598, 0.2021 -0.3332 0.2598, 0.2022 -0.3342 0.2598, 0.2025 -0.335 0.2598, 0.205 -0.3295 0.2598, 0.2041 -0.3298 0.2598, 0.2021 -0.3327 0.2598, 0.2033 -0.3304 0.2598, 0.2028 -0.3309 0.2598, 0.2023 -0.3318 0.2598, 0.206 -0.3293 0.2598, 0.2292 -0.3196 0.2559, 0.2286 -0.3155 0.2559, 0.2282 -0.3144 0.2559, 0.2271 -0.3116 0.2559, 0.2253 -0.3092 0.2559, 0.2245 -0.3081 0.2559, 0.2211 -0.3052 0.2559, 0.2174 -0.3033 0.2559, 0.2167 -0.3031 0.2559, 0.2142 -0.2981 0.2559, 0.21 -0.2932 0.2559, 0.2072 -0.2913 0.2559, 0.2049 -0.2897 0.2559, 0.1986 -0.2874 0.2559, 0.1929 -0.2867 0.2559, 0.1778 -0.2916 0.2559, 0.1783 -0.2913 0.2559, 0.1812 -0.2895 0.2559, 0.187 -0.2874 0.2559, 0.1749 -0.2941 0.2559, 0.1723 -0.2971 0.2559, 0.1709 -0.2969 0.2559, 0.1694 -0.2968 0.2559, 0.1645 -0.2975 0.2559, 0.1598 -0.2993 0.2559, 0.1559 -0.3021 0.2559, 0.155 -0.3029 0.2559, 0.1491 -0.3172 0.2559, 0.152 -0.3067 0.2559, 0.1509 -0.3092 0.2559, 0.15 -0.3113 0.2559, 0.1494 -0.3144 0.2559, 0.1491 -0.316 0.2559, 0.1497 -0.3221 0.2559, 0.1515 -0.3268 0.2559, 0.1544 -0.3309 0.2559, 0.1583 -0.3342 0.2559, 0.1628 -0.3364 0.2559, 0.1644 -0.3369 0.2559, 0.1646 -0.3372 0.2559, 0.1657 -0.3396 0.2559, 0.1675 -0.3419 0.2559, 0.17 -0.3437 0.2559, 0.1711 -0.3442 0.2559, 0.1729 -0.3449 0.2559, 0.1759 -0.3454 0.2559, 0.1763 -0.3454 0.2559, 0.1889 -0.3329 0.2559, 0.1794 -0.345 0.2559, 0.1815 -0.3442 0.2559, 0.1822 -0.344 0.2559, 0.1847 -0.3422 0.2559, 0.1866 -0.3401 0.2559, 0.1881 -0.3373 0.2559, 0.1881 -0.3372 0.2559, 0.1888 -0.3342 0.2559, 0.1889 -0.3316 0.2559, 0.2065 -0.3223 0.2559, 0.2026 -0.3157 0.2559, 0.1857 -0.3245 0.2559, 0.1836 -0.3225 0.2559, 0.1809 -0.321 0.2559, 0.1779 -0.3203 0.2559, 0.1763 -0.3202 0.2559, 0.1733 -0.3206 0.2559, 0.1706 -0.3216 0.2559, 0.168 -0.3234 0.2559, 0.1659 -0.3258 0.2559, 0.1645 -0.3285 0.2559, 0.1618 -0.3268 0.2559, 0.1596 -0.3245 0.2559, 0.1581 -0.3219 0.2559, 0.1572 -0.3189 0.2559, 0.157 -0.3169 0.2559, 0.1573 -0.3144 0.2559, 0.1574 -0.3139 0.2559, 0.1585 -0.3111 0.2559, 0.1598 -0.3092 0.2559, 0.1602 -0.3086 0.2559, 0.1624 -0.3067 0.2559, 0.1652 -0.3052 0.2559, 0.1683 -0.3044 0.2559, 0.1696 -0.3044 0.2559, 0.1725 -0.3047 0.2559, 0.1753 -0.3058 0.2559, 0.1762 -0.3063 0.2559, 0.1781 -0.3023 0.2559, 0.1809 -0.2989 0.2559, 0.1843 -0.2965 0.2559, 0.1884 -0.2948 0.2559, 0.193 -0.2942 0.2559, 0.2106 -0.3099 0.2559, 0.2104 -0.3092 0.2559, 0.2098 -0.3064 0.2559, 0.2079 -0.3024 0.2559, 0.2051 -0.299 0.2559, 0.2047 -0.2987 0.2559, 0.2012 -0.2962 0.2559, 0.1973 -0.2947 0.2559, 0.2116 -0.3099 0.2559, 0.214 -0.3102 0.2559, 0.2162 -0.311 0.2559, 0.2181 -0.3124 0.2559, 0.2196 -0.314 0.2559, 0.2198 -0.3144 0.2559, 0.2207 -0.3162 0.2559, 0.2213 -0.3186 0.2559, 0.2214 -0.3197 0.2559, 0.2211 -0.3221 0.2559, 0.2202 -0.3244 0.2559, 0.2188 -0.3263 0.2559, 0.2187 -0.3265 0.2559, 0.2168 -0.328 0.2559, 0.2146 -0.329 0.2559, 0.2124 -0.3295 0.2559, 0.2067 -0.3295 0.2559, 0.2065 -0.3294 0.2559, 0.2061 -0.3294 0.2559, 0.206 -0.3293 0.2559, 0.205 -0.3295 0.2559, 0.2041 -0.3298 0.2559, 0.2033 -0.3304 0.2559, 0.2028 -0.3309 0.2559, 0.2023 -0.3318 0.2559, 0.2021 -0.3327 0.2559, 0.2021 -0.3332 0.2559, 0.2022 -0.3342 0.2559, 0.2025 -0.335 0.2559, 0.2031 -0.3358 0.2559, 0.2034 -0.3361 0.2559, 0.2042 -0.3367 0.2559, 0.205 -0.337 0.2559, 0.2057 -0.3371 0.2559, 0.2131 -0.3371 0.2559, 0.2173 -0.3362 0.2559, 0.2211 -0.3344 0.2559, 0.2245 -0.3315 0.2559, 0.227 -0.328 0.2559, 0.2286 -0.324 0.2559, 0.1762 -0.3281 0.2559, 0.1771 -0.3282 0.2559, 0.1783 -0.3286 0.2559, 0.1793 -0.3292 0.2559, 0.1802 -0.3301 0.2559, 0.1807 -0.3311 0.2559, 0.1811 -0.3323 0.2559, 0.1811 -0.3335 0.2559, 0.1808 -0.3347 0.2559, 0.1802 -0.3358 0.2559, 0.1795 -0.3366 0.2559, 0.1785 -0.3373 0.2559, 0.1775 -0.3377 0.2559, 0.1762 -0.3379 0.2559, 0.176 -0.3379 0.2559, 0.1749 -0.3377 0.2559, 0.1737 -0.3372 0.2559, 0.1728 -0.3365 0.2559, 0.1721 -0.3356 0.2559, 0.1716 -0.3345 0.2559, 0.1713 -0.3333 0.2559, 0.1714 -0.3321 0.2559, 0.1718 -0.3309 0.2559, 0.1724 -0.3299 0.2559, 0.1729 -0.3294 0.2559, 0.1739 -0.3287 0.2559, 0.175 -0.3283 0.2559
            ]
        }
        coordIndex [
            0,1,2,-1,3,4,5,-1,6,7,8,-1,9,10,11,-1,11,10,12,-1,13,14,2,-1,2,14,15,-1,2,15,0,-1,5,4,16,-1,17,18,19,-1,20,21,10,-1,10,21,22,-1,10,22,12,-1,12,22,23,-1,24,25,26,-1,26,25,27,-1,26,27,28,-1,28,27,29,-1,28,29,30,-1,30,29,31,-1,30,31,32,-1,32,31,2,-1,32,2,33,-1,33,2,34,-1,35,36,24,-1,24,36,37,-1,24,37,25,-1,9,11,19,-1,19,11,38,-1,19,38,17,-1,39,40,41,-1,41,40,42,-1,41,42,43,-1,43,42,44,-1,43,44,45,-1,45,44,46,-1,6,8,47,-1,47,8,48,-1,47,48,49,-1,49,48,50,-1,49,50,51,-1,4,52,16,-1,16,52,53,-1,16,53,54,-1,54,53,55,-1,54,55,6,-1,6,55,56,-1,6,56,7,-1,23,22,24,-1,24,22,57,-1,24,57,35,-1,58,59,60,-1,60,59,61,-1,60,61,62,-1,62,61,63,-1,62,63,64,-1,64,63,65,-1,64,65,66,-1,66,65,67,-1,66,67,68,-1,34,2,69,-1,69,2,1,-1,69,1,70,-1,44,71,46,-1,46,71,72,-1,46,72,73,-1,73,72,74,-1,73,74,75,-1,75,74,76,-1,75,76,77,-1,77,76,78,-1,77,78,79,-1,79,78,80,-1,79,80,81,-1,81,80,82,-1,81,82,58,-1,58,82,83,-1,58,83,59,-1,84,85,86,-1,86,85,87,-1,86,87,41,-1,41,87,88,-1,41,88,39,-1,89,90,91,-1,91,90,92,-1,91,92,93,-1,93,92,94,-1,93,94,95,-1,95,94,96,-1,95,96,97,-1,97,96,98,-1,97,98,13,-1,13,98,99,-1,13,99,14,-1,18,100,19,-1,19,100,101,-1,19,101,102,-1,102,101,103,-1,102,103,104,-1,104,103,105,-1,104,105,106,-1,106,105,107,-1,106,107,108,-1,108,107,109,-1,108,109,110,-1,110,109,111,-1,110,111,112,-1,112,111,113,-1,112,113,114,-1,114,113,115,-1,114,115,116,-1,116,115,117,-1,116,117,118,-1,118,117,119,-1,118,119,1,-1,1,119,120,-1,1,120,70,-1,51,50,121,-1,121,50,122,-1,121,122,123,-1,123,122,124,-1,123,124,125,-1,125,124,126,-1,125,126,127,-1,127,126,128,-1,127,128,84,-1,84,128,129,-1,84,129,85,-1,5,130,3,-1,3,130,131,-1,3,131,132,-1,132,131,133,-1,132,133,134,-1,134,133,135,-1,134,135,89,-1,89,135,136,-1,89,136,90,-1,137,138,139,-1,67,140,68,-1,68,140,137,-1,68,137,141,-1,141,137,139,-1,142,143,137,-1,137,143,144,-1,137,144,138,-1,145,146,147,-1,146,148,147,-1,147,148,149,-1,147,149,150,-1,142,137,147,-1,147,137,151,-1,147,151,145,-1,77,152,153,-1,77,153,75,-1,75,153,154,-1,75,154,73,-1,154,155,73,-1,73,155,156,-1,73,156,46,-1,156,157,46,-1,46,157,158,-1,46,158,45,-1,45,158,159,-1,45,159,43,-1,43,159,160,-1,43,160,41,-1,41,160,161,-1,41,161,86,-1,86,161,162,-1,86,162,84,-1,84,162,127,-1,127,162,163,-1,163,164,127,-1,127,164,165,-1,127,165,125,-1,125,165,166,-1,125,166,123,-1,167,49,168,-1,168,49,51,-1,168,51,169,-1,169,51,121,-1,169,121,170,-1,170,121,123,-1,170,123,166,-1,49,167,171,-1,49,171,47,-1,47,171,172,-1,47,172,6,-1,6,172,173,-1,6,173,54,-1,54,173,174,-1,54,174,16,-1,16,174,175,-1,16,175,5,-1,5,175,176,-1,5,176,130,-1,130,176,177,-1,130,177,131,-1,131,177,178,-1,131,178,133,-1,179,92,90,-1,133,178,180,-1,133,180,135,-1,135,180,181,-1,135,181,136,-1,181,182,136,-1,136,182,183,-1,136,183,90,-1,90,183,184,-1,90,184,179,-1,92,179,185,-1,92,185,94,-1,94,185,186,-1,94,186,96,-1,96,186,187,-1,96,187,98,-1,98,187,188,-1,98,188,99,-1,99,188,189,-1,99,189,14,-1,14,189,190,-1,14,190,15,-1,15,190,191,-1,15,191,0,-1,191,192,0,-1,0,192,193,-1,0,193,1,-1,1,193,194,-1,1,194,118,-1,118,194,195,-1,118,195,116,-1,195,196,116,-1,116,196,197,-1,116,197,114,-1,114,197,198,-1,114,198,112,-1,199,9,19,-1,112,198,200,-1,112,200,110,-1,110,200,201,-1,110,201,108,-1,201,202,108,-1,108,202,203,-1,108,203,106,-1,106,203,204,-1,106,204,104,-1,104,204,205,-1,104,205,102,-1,102,205,206,-1,102,206,19,-1,19,206,207,-1,19,207,199,-1,10,9,208,-1,208,9,199,-1,20,10,209,-1,209,10,208,-1,21,20,210,-1,210,20,209,-1,22,21,211,-1,211,21,210,-1,22,211,212,-1,22,212,57,-1,57,212,213,-1,57,213,35,-1,35,213,214,-1,35,214,36,-1,36,214,215,-1,36,215,37,-1,37,215,216,-1,37,216,25,-1,25,216,217,-1,25,217,27,-1,27,217,218,-1,27,218,29,-1,29,218,219,-1,29,219,31,-1,31,219,220,-1,31,220,2,-1,2,220,221,-1,2,221,13,-1,13,221,222,-1,13,222,97,-1,97,222,223,-1,97,223,95,-1,95,223,224,-1,95,224,93,-1,93,224,225,-1,93,225,91,-1,225,226,91,-1,91,226,89,-1,226,227,89,-1,89,227,228,-1,89,228,134,-1,134,228,229,-1,134,229,132,-1,229,230,132,-1,132,230,231,-1,132,231,3,-1,3,231,232,-1,3,232,4,-1,4,232,233,-1,4,233,52,-1,52,233,234,-1,52,234,53,-1,53,234,235,-1,53,235,55,-1,55,235,236,-1,55,236,56,-1,56,236,237,-1,56,237,7,-1,7,237,238,-1,7,238,8,-1,8,238,239,-1,8,239,48,-1,48,239,240,-1,48,240,50,-1,50,240,241,-1,50,241,122,-1,122,241,242,-1,122,242,124,-1,243,39,244,-1,244,39,88,-1,244,88,245,-1,245,88,87,-1,245,87,246,-1,246,87,85,-1,246,85,247,-1,247,85,129,-1,247,129,248,-1,248,129,128,-1,248,128,249,-1,249,128,126,-1,249,126,250,-1,250,126,124,-1,250,124,242,-1,40,39,251,-1,251,39,243,-1,40,251,252,-1,40,252,42,-1,42,252,253,-1,42,253,44,-1,44,253,254,-1,44,254,71,-1,71,254,255,-1,71,255,72,-1,72,255,256,-1,72,256,74,-1,256,257,74,-1,74,257,258,-1,74,258,76,-1,76,258,259,-1,76,259,78,-1,78,259,260,-1,78,260,80,-1,80,260,261,-1,80,261,82,-1,82,261,262,-1,82,262,83,-1,83,262,263,-1,83,263,59,-1,59,263,264,-1,59,264,61,-1,61,264,265,-1,61,265,63,-1,63,265,266,-1,63,266,65,-1,67,65,267,-1,267,65,266,-1,67,267,268,-1,67,268,140,-1,140,268,269,-1,140,269,137,-1,137,269,270,-1,137,270,151,-1,151,270,271,-1,151,271,145,-1,145,271,272,-1,145,272,146,-1,146,272,273,-1,146,273,148,-1,148,273,274,-1,148,274,149,-1,149,274,275,-1,149,275,150,-1,150,275,276,-1,150,276,147,-1,147,276,277,-1,147,277,142,-1,142,277,278,-1,142,278,143,-1,143,278,279,-1,143,279,144,-1,144,279,280,-1,144,280,138,-1,138,280,281,-1,138,281,139,-1,139,281,282,-1,139,282,141,-1,141,282,283,-1,141,283,68,-1,68,283,284,-1,68,284,66,-1,64,66,285,-1,285,66,284,-1,64,285,286,-1,64,286,62,-1,62,286,287,-1,62,287,60,-1,60,287,288,-1,60,288,58,-1,58,288,289,-1,58,289,81,-1,81,289,290,-1,81,290,79,-1,79,290,152,-1,79,152,77,-1,23,291,292,-1,23,292,12,-1,12,292,293,-1,12,293,11,-1,11,293,294,-1,11,294,38,-1,38,294,295,-1,38,295,17,-1,17,295,296,-1,17,296,18,-1,18,296,297,-1,18,297,100,-1,100,297,298,-1,100,298,101,-1,101,298,299,-1,101,299,103,-1,103,299,300,-1,103,300,105,-1,105,300,301,-1,105,301,107,-1,107,301,302,-1,107,302,109,-1,109,302,303,-1,109,303,111,-1,111,303,304,-1,111,304,113,-1,113,304,305,-1,113,305,115,-1,115,305,306,-1,115,306,117,-1,117,306,307,-1,117,307,119,-1,119,307,308,-1,119,308,120,-1,120,308,309,-1,120,309,70,-1,70,309,310,-1,70,310,69,-1,69,310,311,-1,69,311,34,-1,34,311,312,-1,34,312,33,-1,33,312,313,-1,33,313,32,-1,32,313,314,-1,32,314,30,-1,30,314,315,-1,30,315,28,-1,28,315,316,-1,28,316,26,-1,26,316,317,-1,26,317,24,-1,24,317,291,-1,24,291,23,-1,
        ]
    }
}
Shape{
    appearance Appearance {
        material  Material 	{
            diffuseColor 0.20784313725490197 0.20784313725490197 0.20784313725490197
            specularColor 0.01568627450980392 0.01568627450980392 0.01568627450980392
            ambientIntensity 0.298
            transparency 0.0
            shininess 0.5
        }
    }
    geometry IndexedFaceSet {
        ccw TRUE
        solid FALSE
        coord DEF co Coordinate {
            point [
                0.176 -0.3379 0.2559, 0.1729 -0.3294 0.2559, 0.1724 -0.3299 0.2559, 0.1775 -0.3377 0.2559, 0.1785 -0.3373 0.2559, 0.1771 -0.3282 0.2559, 0.1762 -0.3281 0.2559, 0.175 -0.3283 0.2559, 0.1739 -0.3287 0.2559, 0.1716 -0.3345 0.2559, 0.1721 -0.3356 0.2559, 0.1728 -0.3365 0.2559, 0.1762 -0.3379 0.2559, 0.1807 -0.3311 0.2559, 0.1802 -0.3301 0.2559, 0.1802 -0.3358 0.2559, 0.1793 -0.3292 0.2559, 0.1718 -0.3309 0.2559, 0.1714 -0.3321 0.2559, 0.1713 -0.3333 0.2559, 0.1737 -0.3372 0.2559, 0.1749 -0.3377 0.2559, 0.1795 -0.3366 0.2559, 0.1783 -0.3286 0.2559, 0.1808 -0.3347 0.2559, 0.1811 -0.3335 0.2559, 0.1811 -0.3323 0.2559
            ]
        }
        coordIndex [
            0,1,2,-1,3,4,5,-1,6,7,0,-1,0,7,8,-1,0,8,1,-1,9,10,2,-1,2,10,11,-1,6,0,5,-1,5,0,12,-1,5,12,3,-1,13,14,15,-1,15,14,16,-1,17,18,2,-1,2,18,19,-1,2,19,9,-1,11,20,2,-1,2,20,21,-1,2,21,0,-1,4,22,5,-1,5,22,15,-1,5,15,23,-1,23,15,16,-1,24,25,15,-1,15,25,26,-1,15,26,13,-1,
        ]
    }
}
Shape{
    appearance Appearance {
        material  Material 	{
            diffuseColor 1.0 1.0 1.0
            specularColor 0.5019607843137255 0.5019607843137255 0.5019607843137255
            ambientIntensity 1.0
            transparency 0.0
            shininess 0.5
        }
    }
    geometry IndexedFaceSet {
        ccw TRUE
        solid FALSE
        coord DEF co Coordinate {
            point [
                0.2942 -0.3042 0.2598, 0.2933 -0.3052 0.2598, 0.2949 -0.3066 0.2598, 0.2931 -0.3054 0.2598, 0.2931 -0.3079 0.2598, 0.292 -0.3062 0.2598, 0.2911 -0.3087 0.2598, 0.2905 -0.3068 0.2598, 0.2881 -0.3091 0.2598, 0.2881 -0.3071 0.2598, 0.2832 -0.3091 0.2598, 0.2855 -0.3071 0.2598, 0.2832 -0.2914 0.2598, 0.2855 -0.2935 0.2598, 0.2883 -0.2914 0.2598, 0.2882 -0.2935 0.2598, 0.291 -0.2917 0.2598, 0.2906 -0.2937 0.2598, 0.2931 -0.2925 0.2598, 0.2921 -0.2943 0.2598, 0.2949 -0.2938 0.2598, 0.2933 -0.2951 0.2598, 0.2956 -0.2944 0.2598, 0.2938 -0.2956 0.2598, 0.2966 -0.2959 0.2598, 0.2944 -0.2966 0.2598, 0.2973 -0.2976 0.2598, 0.2949 -0.2979 0.2598, 0.2976 -0.3 0.2598, 0.2952 -0.3001 0.2598, 0.2975 -0.3011 0.2598, 0.2951 -0.3012 0.2598, 0.2971 -0.3032 0.2598, 0.2948 -0.3028 0.2598, 0.2962 -0.305 0.2598, 0.2949 -0.3066 0.2559, 0.2962 -0.305 0.2559, 0.2971 -0.3032 0.2559, 0.2975 -0.3011 0.2559, 0.2976 -0.3 0.2559, 0.2973 -0.2976 0.2559, 0.2966 -0.2959 0.2559, 0.2956 -0.2944 0.2559, 0.2949 -0.2938 0.2559, 0.2883 -0.2914 0.2559, 0.2931 -0.2925 0.2559, 0.2913 -0.2918 0.2559, 0.291 -0.2917 0.2559, 0.2832 -0.2914 0.2559, 0.2832 -0.3091 0.2559, 0.2881 -0.3091 0.2559, 0.2911 -0.3087 0.2559, 0.2913 -0.3086 0.2559, 0.2931 -0.3079 0.2559, 0.2933 -0.2951 0.2559, 0.2938 -0.2956 0.2559, 0.2944 -0.2966 0.2559, 0.2949 -0.2979 0.2559, 0.2952 -0.3001 0.2559, 0.2882 -0.2935 0.2559, 0.2906 -0.2937 0.2559, 0.2921 -0.2943 0.2559, 0.2855 -0.2935 0.2559, 0.2855 -0.3071 0.2559, 0.2881 -0.3071 0.2559, 0.2933 -0.3052 0.2559, 0.2931 -0.3054 0.2559, 0.292 -0.3062 0.2559, 0.2905 -0.3068 0.2559, 0.2951 -0.3012 0.2559, 0.2948 -0.3028 0.2559, 0.2942 -0.3042 0.2559
            ]
        }
        coordIndex [
            0,1,2,-1,2,1,3,-1,2,3,4,-1,4,3,5,-1,4,5,6,-1,6,5,7,-1,6,7,8,-1,8,7,9,-1,8,9,10,-1,10,9,11,-1,10,11,12,-1,12,11,13,-1,12,13,14,-1,14,13,15,-1,14,15,16,-1,16,15,17,-1,16,17,18,-1,18,17,19,-1,18,19,20,-1,20,19,21,-1,20,21,22,-1,22,21,23,-1,22,23,24,-1,24,23,25,-1,24,25,26,-1,26,25,27,-1,26,27,28,-1,28,27,29,-1,28,29,30,-1,30,29,31,-1,30,31,32,-1,32,31,33,-1,32,33,34,-1,34,33,0,-1,34,0,2,-1,2,35,36,-1,2,36,34,-1,34,36,37,-1,34,37,32,-1,32,37,38,-1,32,38,30,-1,30,38,39,-1,30,39,28,-1,28,39,40,-1,28,40,26,-1,26,40,41,-1,26,41,24,-1,24,41,42,-1,24,42,22,-1,22,42,43,-1,22,43,20,-1,44,14,16,-1,20,43,45,-1,20,45,18,-1,18,45,46,-1,18,46,16,-1,16,46,47,-1,16,47,44,-1,12,14,48,-1,48,14,44,-1,10,12,49,-1,49,12,48,-1,8,10,50,-1,50,10,49,-1,35,2,4,-1,8,50,51,-1,8,51,6,-1,6,51,52,-1,6,52,4,-1,4,52,53,-1,4,53,35,-1,21,54,55,-1,21,55,23,-1,23,55,56,-1,23,56,25,-1,25,56,57,-1,25,57,27,-1,27,57,58,-1,27,58,29,-1,15,59,60,-1,15,60,17,-1,17,60,61,-1,17,61,19,-1,19,61,54,-1,19,54,21,-1,15,13,59,-1,59,13,62,-1,13,11,62,-1,62,11,63,-1,11,9,63,-1,63,9,64,-1,1,65,66,-1,1,66,3,-1,3,66,67,-1,3,67,5,-1,5,67,68,-1,5,68,7,-1,7,68,64,-1,7,64,9,-1,29,58,69,-1,29,69,31,-1,31,69,70,-1,31,70,33,-1,33,70,71,-1,33,71,0,-1,0,71,65,-1,0,65,1,-1,
        ]
    }
}
Shape{
    appearance Appearance {
        material  Material 	{
            diffuseColor 0.20784313725490197 0.20784313725490197 0.20784313725490197
            specularColor 0.01568627450980392 0.01568627450980392 0.01568627450980392
            ambientIntensity 0.298
            transparency 0.0
            shininess 0.5
        }
    }
    geometry IndexedFaceSet {
        ccw TRUE
        solid FALSE
        coord DEF co Coordinate {
            point [
                0.2855 -0.2935 0.2559, 0.2855 -0.3071 0.2559, 0.2882 -0.2935 0.2559, 0.2881 -0.3071 0.2559, 0.2905 -0.3068 0.2559, 0.292 -0.3062 0.2559, 0.2931 -0.3054 0.2559, 0.2933 -0.3052 0.2559, 0.2942 -0.3042 0.2559, 0.2948 -0.3028 0.2559, 0.2952 -0.3001 0.2559, 0.2933 -0.2951 0.2559, 0.2921 -0.2943 0.2559, 0.2949 -0.2979 0.2559, 0.2944 -0.2966 0.2559, 0.2938 -0.2956 0.2559, 0.2951 -0.3012 0.2559, 0.2906 -0.2937 0.2559
            ]
        }
        coordIndex [
            0,1,2,-1,2,1,3,-1,3,4,2,-1,2,4,5,-1,2,5,6,-1,6,7,2,-1,2,7,8,-1,2,8,9,-1,10,11,12,-1,13,14,10,-1,10,14,15,-1,10,15,11,-1,9,16,2,-1,2,16,10,-1,2,10,17,-1,17,10,12,-1,
        ]
    }
}
Shape{
    appearance Appearance {
        material  Material 	{
            diffuseColor 1.0 1.0 1.0
            specularColor 0.5019607843137255 0.5019607843137255 0.5019607843137255
            ambientIntensity 1.0
            transparency 0.0
            shininess 0.5
        }
    }
    geometry IndexedFaceSet {
        ccw TRUE
        solid FALSE
        coord DEF co Coordinate {
            point [
                0.2623 -0.3073 0.2598, 0.2623 -0.3073 0.2559, 0.2607 -0.3072 0.2559, 0.2607 -0.3072 0.2598, 0.2594 -0.3067 0.2559, 0.2594 -0.3067 0.2598, 0.2582 -0.3059 0.2559, 0.2582 -0.3059 0.2598, 0.2578 -0.3055 0.2559, 0.2578 -0.3055 0.2598, 0.2569 -0.3043 0.2559, 0.2569 -0.3043 0.2598, 0.2564 -0.3029 0.2559, 0.2564 -0.3029 0.2598, 0.2561 -0.3012 0.2559, 0.2561 -0.3012 0.2598, 0.256 -0.3004 0.2559, 0.256 -0.3004 0.2598, 0.2563 -0.298 0.2559, 0.2563 -0.298 0.2598, 0.2569 -0.2965 0.2559, 0.2569 -0.2965 0.2598, 0.2578 -0.2953 0.2559, 0.2578 -0.2953 0.2598, 0.2579 -0.2951 0.2559, 0.2579 -0.2951 0.2598, 0.259 -0.2942 0.2559, 0.259 -0.2942 0.2598, 0.2604 -0.2935 0.2559, 0.2604 -0.2935 0.2598, 0.2619 -0.2932 0.2559, 0.2619 -0.2932 0.2598, 0.2627 -0.2932 0.2559, 0.2627 -0.2932 0.2598, 0.2669 -0.2942 0.2559, 0.2669 -0.2942 0.2598, 0.2667 -0.2941 0.2598, 0.2649 -0.2934 0.2559, 0.2649 -0.2934 0.2598, 0.2661 -0.2939 0.2559, 0.2667 -0.2941 0.2559, 0.2669 -0.2918 0.2598, 0.2669 -0.2918 0.2559, 0.2661 -0.2916 0.2559, 0.265 -0.2913 0.2598, 0.2627 -0.2911 0.2559, 0.2627 -0.2911 0.2598, 0.2646 -0.2913 0.2559, 0.265 -0.2913 0.2559, 0.2615 -0.2913 0.2559, 0.2601 -0.2914 0.2598, 0.2601 -0.2914 0.2559, 0.2583 -0.2921 0.2559, 0.2583 -0.2921 0.2598, 0.2566 -0.2933 0.2559, 0.2566 -0.2933 0.2598, 0.2562 -0.2937 0.2559, 0.2562 -0.2937 0.2598, 0.2549 -0.2954 0.2559, 0.2549 -0.2954 0.2598, 0.2541 -0.2974 0.2559, 0.2541 -0.2974 0.2598, 0.2537 -0.2997 0.2559, 0.2537 -0.2997 0.2598, 0.2537 -0.3006 0.2559, 0.2537 -0.3006 0.2598, 0.254 -0.3034 0.2559, 0.254 -0.3034 0.2598, 0.2547 -0.3053 0.2559, 0.2547 -0.3053 0.2598, 0.2558 -0.3068 0.2559, 0.2558 -0.3068 0.2598, 0.2559 -0.307 0.2559, 0.2559 -0.307 0.2598, 0.262 -0.3094 0.2559, 0.262 -0.3094 0.2598, 0.2606 -0.3093 0.2598, 0.2571 -0.308 0.2559, 0.2571 -0.308 0.2598, 0.2588 -0.3088 0.2559, 0.2588 -0.3088 0.2598, 0.2603 -0.3092 0.2559, 0.2606 -0.3093 0.2559, 0.2669 -0.3083 0.2559, 0.2669 -0.3083 0.2598, 0.2666 -0.3085 0.2598, 0.2635 -0.3092 0.2559, 0.2647 -0.3091 0.2598, 0.2647 -0.3091 0.2559, 0.2661 -0.3086 0.2559, 0.2666 -0.3085 0.2559, 0.2669 -0.3062 0.2598, 0.2669 -0.3062 0.2559, 0.2661 -0.3065 0.2559, 0.2654 -0.3068 0.2598, 0.2654 -0.3068 0.2559, 0.2635 -0.3073 0.2559, 0.2635 -0.3073 0.2598, 0.3256 -0.3302 0.2598, 0.3249 -0.3322 0.2598, 0.3315 -0.3302 0.2598, 0.3322 -0.3322 0.2598, 0.3282 -0.3229 0.2598, 0.3274 -0.3194 0.2598, 0.3207 -0.3371 0.2598, 0.3232 -0.3371 0.2598, 0.3284 -0.3224 0.2598, 0.3285 -0.3217 0.2598, 0.3298 -0.3194 0.2598, 0.3286 -0.3217 0.2598, 0.3287 -0.3224 0.2598, 0.3289 -0.3229 0.2598, 0.3366 -0.3371 0.2598, 0.334 -0.3371 0.2598, 0.3274 -0.3194 0.2559, 0.3298 -0.3194 0.2559, 0.3207 -0.3371 0.2559, 0.3232 -0.3371 0.2559, 0.3249 -0.3322 0.2559, 0.3322 -0.3322 0.2559, 0.334 -0.3371 0.2559, 0.3366 -0.3371 0.2559, 0.3282 -0.3229 0.2559, 0.3284 -0.3224 0.2559, 0.3285 -0.3217 0.2559, 0.3256 -0.3302 0.2559, 0.3315 -0.3302 0.2559, 0.3289 -0.3229 0.2559, 0.3286 -0.3217 0.2559, 0.3287 -0.3224 0.2559
            ]
        }
        coordIndex [
            0,1,2,-1,0,2,3,-1,3,2,4,-1,3,4,5,-1,5,4,6,-1,5,6,7,-1,7,6,8,-1,7,8,9,-1,9,8,10,-1,9,10,11,-1,11,10,12,-1,11,12,13,-1,13,12,14,-1,13,14,15,-1,15,14,16,-1,15,16,17,-1,17,16,18,-1,17,18,19,-1,19,18,20,-1,19,20,21,-1,21,20,22,-1,21,22,23,-1,23,22,24,-1,23,24,25,-1,25,24,26,-1,25,26,27,-1,27,26,28,-1,27,28,29,-1,29,28,30,-1,29,30,31,-1,31,30,32,-1,31,32,33,-1,34,35,36,-1,33,32,37,-1,33,37,38,-1,38,37,39,-1,38,39,36,-1,36,39,40,-1,36,40,34,-1,41,35,42,-1,42,35,34,-1,41,42,43,-1,41,43,44,-1,45,46,47,-1,47,46,44,-1,47,44,48,-1,48,44,43,-1,46,45,49,-1,46,49,50,-1,49,51,50,-1,50,51,52,-1,50,52,53,-1,53,52,54,-1,53,54,55,-1,55,54,56,-1,55,56,57,-1,57,56,58,-1,57,58,59,-1,59,58,60,-1,59,60,61,-1,61,60,62,-1,61,62,63,-1,63,62,64,-1,63,64,65,-1,65,64,66,-1,65,66,67,-1,67,66,68,-1,67,68,69,-1,69,68,70,-1,69,70,71,-1,71,70,72,-1,71,72,73,-1,74,75,76,-1,73,72,77,-1,73,77,78,-1,78,77,79,-1,78,79,80,-1,80,79,81,-1,80,81,76,-1,76,81,82,-1,76,82,74,-1,83,84,85,-1,74,86,75,-1,75,86,87,-1,86,88,87,-1,87,88,89,-1,87,89,85,-1,85,89,90,-1,85,90,83,-1,91,84,92,-1,92,84,83,-1,92,93,91,-1,91,93,94,-1,93,95,94,-1,94,95,96,-1,94,96,97,-1,97,96,1,-1,97,1,0,-1,57,25,55,-1,55,25,27,-1,55,27,53,-1,65,17,63,-1,63,17,19,-1,63,19,61,-1,61,19,59,-1,59,19,21,-1,59,21,57,-1,57,21,23,-1,57,23,25,-1,53,27,50,-1,50,27,29,-1,50,29,46,-1,84,91,85,-1,85,91,94,-1,85,94,87,-1,87,94,97,-1,87,97,75,-1,75,97,0,-1,75,0,76,-1,76,0,3,-1,76,3,80,-1,80,3,5,-1,80,5,78,-1,78,5,7,-1,78,7,73,-1,73,7,9,-1,73,9,71,-1,71,9,11,-1,71,11,69,-1,69,11,67,-1,67,11,13,-1,67,13,65,-1,65,13,15,-1,65,15,17,-1,29,31,46,-1,46,31,33,-1,46,33,44,-1,44,33,38,-1,44,38,41,-1,41,38,36,-1,41,36,35,-1,98,99,100,-1,100,99,101,-1,102,103,98,-1,98,103,104,-1,98,104,99,-1,99,104,105,-1,102,106,103,-1,103,106,107,-1,103,107,108,-1,108,107,109,-1,108,109,110,-1,110,111,108,-1,108,111,100,-1,108,100,112,-1,112,100,101,-1,112,101,113,-1,103,108,114,-1,114,108,115,-1,104,103,116,-1,116,103,114,-1,105,104,117,-1,117,104,116,-1,99,105,118,-1,118,105,117,-1,101,99,119,-1,119,99,118,-1,113,101,120,-1,120,101,119,-1,112,113,121,-1,121,113,120,-1,108,112,115,-1,115,112,121,-1,102,122,123,-1,102,123,106,-1,106,123,124,-1,106,124,107,-1,102,98,122,-1,122,98,125,-1,98,100,125,-1,125,100,126,-1,100,111,126,-1,126,111,127,-1,109,128,129,-1,109,129,110,-1,110,129,127,-1,110,127,111,-1,109,107,128,-1,128,107,124,-1,
        ]
    }
}
Shape{
    appearance Appearance {
        material  Material 	{
            diffuseColor 0.20784313725490197 0.20784313725490197 0.20784313725490197
            specularColor 0.01568627450980392 0.01568627450980392 0.01568627450980392
            ambientIntensity 0.298
            transparency 0.0
            shininess 0.5
        }
    }
    geometry IndexedFaceSet {
        ccw TRUE
        solid FALSE
        coord DEF co Coordinate {
            point [
                0.3286 -0.3217 0.2559, 0.3285 -0.3217 0.2559, 0.3287 -0.3224 0.2559, 0.3284 -0.3224 0.2559, 0.3289 -0.3229 0.2559, 0.3282 -0.3229 0.2559, 0.3315 -0.3302 0.2559, 0.3256 -0.3302 0.2559
            ]
        }
        coordIndex [
            0,1,2,-1,2,1,3,-1,2,3,4,-1,4,3,5,-1,4,5,6,-1,6,5,7,-1,
        ]
    }
}
Shape{
    appearance Appearance {
        material  Material 	{
            diffuseColor 1.0 1.0 1.0
            specularColor 0.5019607843137255 0.5019607843137255 0.5019607843137255
            ambientIntensity 1.0
            transparency 0.0
            shininess 0.5
        }
    }
    geometry IndexedFaceSet {
        ccw TRUE
        solid FALSE
        coord DEF co Coordinate {
            point [
                0.302 -0.3351 0.2598, 0.302 -0.3351 0.2559, 0.2948 -0.3351 0.2598, 0.2981 -0.3351 0.2559, 0.2948 -0.3351 0.2559, 0.2948 -0.3291 0.2598, 0.2948 -0.3291 0.2559, 0.3011 -0.3291 0.2598, 0.2981 -0.3291 0.2559, 0.3011 -0.3291 0.2559, 0.3011 -0.3271 0.2598, 0.3011 -0.3271 0.2559, 0.2948 -0.3271 0.2559, 0.2948 -0.3271 0.2598, 0.2981 -0.3271 0.2559, 0.2948 -0.3214 0.2598, 0.2948 -0.3214 0.2559, 0.3016 -0.3214 0.2559, 0.3016 -0.3214 0.2598, 0.2981 -0.3214 0.2559, 0.3016 -0.3194 0.2598, 0.3016 -0.3194 0.2559, 0.2925 -0.3194 0.2559, 0.2925 -0.3194 0.2598, 0.2981 -0.3194 0.2559, 0.2925 -0.3371 0.2598, 0.2925 -0.3371 0.2559, 0.302 -0.3371 0.2598, 0.2981 -0.3371 0.2559, 0.302 -0.3371 0.2559, 0.2459 -0.3351 0.2559, 0.2459 -0.3351 0.2598, 0.253 -0.3351 0.2559, 0.2531 -0.3351 0.2598, 0.2531 -0.3351 0.2559, 0.2459 -0.3291 0.2598, 0.2459 -0.3291 0.2559, 0.2522 -0.3291 0.2598, 0.2522 -0.3291 0.2559, 0.2522 -0.3271 0.2598, 0.2522 -0.3271 0.2559, 0.2459 -0.3271 0.2598, 0.2459 -0.3271 0.2559, 0.2459 -0.3214 0.2598, 0.2459 -0.3214 0.2559, 0.2527 -0.3214 0.2598, 0.2527 -0.3214 0.2559, 0.2527 -0.3194 0.2598, 0.2527 -0.3194 0.2559, 0.2436 -0.3194 0.2598, 0.2436 -0.3194 0.2559, 0.2436 -0.3371 0.2598, 0.2436 -0.3371 0.2559, 0.2531 -0.3371 0.2559, 0.2531 -0.3371 0.2598, 0.253 -0.3371 0.2559, 0.3035 -0.3022 0.2598, 0.3028 -0.3042 0.2598, 0.3094 -0.3022 0.2598, 0.3101 -0.3042 0.2598, 0.3061 -0.2949 0.2598, 0.3053 -0.2914 0.2598, 0.2986 -0.3091 0.2598, 0.3011 -0.3091 0.2598, 0.3063 -0.2944 0.2598, 0.3064 -0.2937 0.2598, 0.3077 -0.2914 0.2598, 0.3065 -0.2937 0.2598, 0.3066 -0.2944 0.2598, 0.3068 -0.2949 0.2598, 0.3145 -0.3091 0.2598, 0.3119 -0.3091 0.2598, 0.3053 -0.2914 0.2559, 0.3077 -0.2914 0.2559, 0.2986 -0.3091 0.2559, 0.3037 -0.2957 0.2559, 0.3011 -0.3091 0.2559, 0.3028 -0.3042 0.2559, 0.3101 -0.3042 0.2559, 0.3037 -0.3042 0.2559, 0.3119 -0.3091 0.2559, 0.3145 -0.3091 0.2559, 0.3061 -0.2949 0.2559, 0.3063 -0.2944 0.2559, 0.3064 -0.2937 0.2559, 0.3035 -0.3022 0.2559, 0.3094 -0.3022 0.2559, 0.3068 -0.2949 0.2559, 0.3065 -0.2937 0.2559, 0.3066 -0.2944 0.2559
            ]
        }
        coordIndex [
            0,1,2,-1,2,1,3,-1,2,3,4,-1,5,2,6,-1,6,2,4,-1,5,6,7,-1,7,6,8,-1,7,8,9,-1,10,7,11,-1,11,7,9,-1,12,13,14,-1,14,13,10,-1,14,10,11,-1,15,13,16,-1,16,13,12,-1,17,18,19,-1,19,18,15,-1,19,15,16,-1,20,18,21,-1,21,18,17,-1,22,23,24,-1,24,23,20,-1,24,20,21,-1,25,23,26,-1,26,23,22,-1,25,26,27,-1,27,26,28,-1,27,28,29,-1,0,27,1,-1,1,27,29,-1,25,27,0,-1,0,2,25,-1,25,2,5,-1,25,5,23,-1,18,20,15,-1,15,20,23,-1,15,23,13,-1,13,23,5,-1,13,5,10,-1,10,5,7,-1,30,31,32,-1,32,31,33,-1,32,33,34,-1,35,31,36,-1,36,31,30,-1,37,35,38,-1,38,35,36,-1,39,37,40,-1,40,37,38,-1,41,39,42,-1,42,39,40,-1,43,41,44,-1,44,41,42,-1,45,43,46,-1,46,43,44,-1,47,45,48,-1,48,45,46,-1,49,47,50,-1,50,47,48,-1,51,49,52,-1,52,49,50,-1,53,54,55,-1,55,54,51,-1,55,51,52,-1,33,54,34,-1,34,54,53,-1,51,54,33,-1,33,31,51,-1,51,31,35,-1,51,35,49,-1,45,47,43,-1,43,47,49,-1,43,49,41,-1,41,49,35,-1,41,35,39,-1,39,35,37,-1,56,57,58,-1,58,57,59,-1,60,61,56,-1,56,61,62,-1,56,62,57,-1,57,62,63,-1,60,64,61,-1,61,64,65,-1,61,65,66,-1,66,65,67,-1,66,67,68,-1,68,69,66,-1,66,69,58,-1,66,58,70,-1,70,58,59,-1,70,59,71,-1,61,66,72,-1,72,66,73,-1,74,62,75,-1,75,62,61,-1,75,61,72,-1,63,62,76,-1,76,62,74,-1,57,63,77,-1,77,63,76,-1,78,59,79,-1,79,59,57,-1,79,57,77,-1,71,59,80,-1,80,59,78,-1,70,71,81,-1,81,71,80,-1,66,70,73,-1,73,70,81,-1,60,82,83,-1,60,83,64,-1,64,83,84,-1,64,84,65,-1,60,56,82,-1,82,56,85,-1,56,58,85,-1,85,58,86,-1,58,69,86,-1,86,69,87,-1,67,88,89,-1,67,89,68,-1,68,89,87,-1,68,87,69,-1,67,65,88,-1,88,65,84,-1,
        ]
    }
}
Shape{
    appearance Appearance {
        material  Material 	{
            diffuseColor 0.20784313725490197 0.20784313725490197 0.20784313725490197
            specularColor 0.01568627450980392 0.01568627450980392 0.01568627450980392
            ambientIntensity 0.298
            transparency 0.0
            shininess 0.5
        }
    }
    geometry IndexedFaceSet {
        ccw TRUE
        solid FALSE
        coord DEF co Coordinate {
            point [
                0.3065 -0.2937 0.2559, 0.3064 -0.2937 0.2559, 0.3066 -0.2944 0.2559, 0.3063 -0.2944 0.2559, 0.3068 -0.2949 0.2559, 0.3061 -0.2949 0.2559, 0.3094 -0.3022 0.2559, 0.3035 -0.3022 0.2559
            ]
        }
        coordIndex [
            0,1,2,-1,2,1,3,-1,2,3,4,-1,4,3,5,-1,4,5,6,-1,6,5,7,-1,
        ]
    }
}
Shape{
    appearance Appearance {
        material  Material 	{
            diffuseColor 1.0 1.0 1.0
            specularColor 0.5019607843137255 0.5019607843137255 0.5019607843137255
            ambientIntensity 1.0
            transparency 0.0
            shininess 0.5
        }
    }
    geometry IndexedFaceSet {
        ccw TRUE
        solid FALSE
        coord DEF co Coordinate {
            point [
                0.2727 -0.3071 0.2559, 0.2727 -0.3071 0.2598, 0.2774 -0.3071 0.2559, 0.2799 -0.3071 0.2598, 0.2799 -0.3071 0.2559, 0.2727 -0.3011 0.2598, 0.2727 -0.3011 0.2559, 0.279 -0.3011 0.2559, 0.279 -0.3011 0.2598, 0.2774 -0.3011 0.2559, 0.279 -0.2991 0.2598, 0.279 -0.2991 0.2559, 0.2727 -0.2991 0.2559, 0.2727 -0.2991 0.2598, 0.2774 -0.2991 0.2559, 0.2727 -0.2935 0.2598, 0.2727 -0.2935 0.2559, 0.2795 -0.2935 0.2559, 0.2795 -0.2935 0.2598, 0.2774 -0.2935 0.2559, 0.2795 -0.2914 0.2598, 0.2795 -0.2914 0.2559, 0.2704 -0.2914 0.2559, 0.2704 -0.2914 0.2598, 0.2774 -0.2914 0.2559, 0.2704 -0.3091 0.2598, 0.2704 -0.3091 0.2559, 0.2799 -0.3091 0.2598, 0.2774 -0.3091 0.2559, 0.2799 -0.3091 0.2559, 0.2459 -0.3071 0.2598, 0.2529 -0.3071 0.2598, 0.2459 -0.3071 0.2559, 0.2529 -0.3071 0.2559, 0.2459 -0.2914 0.2598, 0.2459 -0.2914 0.2559, 0.2436 -0.2914 0.2598, 0.2436 -0.2914 0.2559, 0.2436 -0.3091 0.2598, 0.2436 -0.3091 0.2559, 0.2529 -0.3091 0.2598, 0.2529 -0.3091 0.2559
            ]
        }
        coordIndex [
            0,1,2,-1,2,1,3,-1,2,3,4,-1,5,1,6,-1,6,1,0,-1,7,8,9,-1,9,8,5,-1,9,5,6,-1,10,8,11,-1,11,8,7,-1,12,13,14,-1,14,13,10,-1,14,10,11,-1,15,13,16,-1,16,13,12,-1,17,18,19,-1,19,18,15,-1,19,15,16,-1,20,18,21,-1,21,18,17,-1,22,23,24,-1,24,23,20,-1,24,20,21,-1,25,23,26,-1,26,23,22,-1,25,26,27,-1,27,26,28,-1,27,28,29,-1,3,27,4,-1,4,27,29,-1,25,27,3,-1,3,1,25,-1,25,1,5,-1,25,5,23,-1,18,20,15,-1,15,20,23,-1,15,23,13,-1,13,23,5,-1,13,5,10,-1,10,5,8,-1,30,31,32,-1,32,31,33,-1,34,30,35,-1,35,30,32,-1,36,34,37,-1,37,34,35,-1,38,36,39,-1,39,36,37,-1,40,38,41,-1,41,38,39,-1,31,40,33,-1,33,40,41,-1,34,36,30,-1,30,36,38,-1,30,38,31,-1,31,38,40,-1,
        ]
    }
}