#VRML V2.0 utf8
# 3D model generated by easyeda2kicad.py (https://github.com/uPesy/easyeda2kicad.py)

Shape{
    appearance Appearance {
        material  Material 	{
            diffuseColor 0.25098039215686274 0.25098039215686274 0.25098039215686274
            specularColor 0.12549019607843137 0.12549019607843137 0.12549019607843137
            ambientIntensity 0.251
            transparency 0.0
            shininess 0.5
        }
    }
    geometry IndexedFaceSet {
        ccw TRUE
        solid FALSE
        coord DEF co Coordinate {
            point [
                0.119 -1.1793 0.2065, 0.1085 -1.1793 0.1797, 0.1216 -1.1793 0.1797, 0.0824 -1.1793 0.2716, 0.0824 -1.1793 0.2597, 0.0924 -1.1793 0.2597, 0.0846 -1.1793 0.1798, 0.0833 -1.1793 0.1797, 0.0924 -1.1793 0.1797, 0.0767 -1.1793 0.1798, 0.0755 -1.1793 0.1802, 0.0755 -1.1793 0.1797, 0.1288 -1.1793 0.1967, 0.1288 -1.1793 0.1842, 0.1358 -1.1793 0.1842, -0.1048 -1.1793 0.2107, -0.1002 -1.1793 0.2065, -0.0895 -1.1793 0.2121, -0.1753 -1.1793 0.2342, -0.1734 -1.1793 0.2385, -0.5315 -1.1793 0.2385, -0.017 -1.1793 0.2385, 0.0062 -1.1793 0.2385, -0.0188 -1.1793 0.2409, 0.0062 -1.1793 0.2762, -0.0259 -1.1793 0.247, -0.0553 -1.1793 0.2762, -0.0493 -1.1793 0.2721, -0.0406 -1.1793 0.262, -0.0351 -1.1793 0.2513, -0.0338 -1.1793 0.2509, -0.0743 -1.1793 0.2847, -0.061 -1.1793 0.28, 0.0062 -1.1793 0.3346, -0.0851 -1.1793 0.2858, -0.0982 -1.1793 0.2842, -0.5315 -1.1793 0.3346, -0.1103 -1.1793 0.2795, -0.1157 -1.1793 0.2762, -0.5315 -1.1793 0.2762, -0.1168 -1.1793 0.2755, -0.1711 -1.1793 0.2437, -0.1647 -1.1793 0.2518, -0.1448 -1.1793 0.2632, -0.1344 -1.1793 0.2645, -0.123 -1.1793 0.2702, -0.1314 -1.1793 0.2643, -0.1284 -1.1793 0.2639, -0.163 -1.1793 0.2535, -0.1546 -1.1793 0.2594, -0.5315 -1.1793 0.2121, -0.1771 -1.1793 0.2218, -0.177 -1.1793 0.2243, -0.1578 -1.1793 0.186, -0.166 -1.1793 0.193, -0.5315 -1.1793 0.1797, -0.1721 -1.1793 0.2016, -0.1758 -1.1793 0.2114, -0.1759 -1.1793 0.2121, -0.1483 -1.1793 0.1814, -0.1446 -1.1793 0.1797, -0.145 -1.1793 0.1804, -0.1332 -1.1793 0.166, -0.1384 -1.1793 0.1699, -0.1423 -1.1793 0.1747, -0.1308 -1.1793 0.165, -0.5315 -1.1793 0.165, -0.4429 -1.1793 0.0787, -0.2461 -1.1793 0.0079, -0.1476 -1.1793 0.0079, -0.2461 -1.1793 0.0787, -0.1476 -1.1793 0.0787, 0.0419 -1.1793 0.0079, 0.0062 -1.1793 0.165, 0.0062 -1.1793 0.0079, -0.0492 -1.1793 0.0787, -0.0492 -1.1793 0.0079, -0.109 -1.1793 0.165, -0.1135 -1.1793 0.1633, -0.1199 -1.1793 0.1625, -0.4429 -1.1793 0.0079, -0.3445 -1.1793 0.0079, -0.3445 -1.1793 0.0787, -0.1271 -1.1793 0.1635, -0.1209 -1.1793 0.1625, -0.0952 -1.1793 0.1797, -0.0953 -1.1793 0.1795, -0.0984 -1.1793 0.1737, -0.1024 -1.1793 0.1692, -0.1077 -1.1793 0.1655, 0.0062 -1.1793 0.2121, -0.0096 -1.1793 0.2121, -0.0102 -1.1793 0.2074, -0.0616 -1.1793 0.1952, -0.0598 -1.1793 0.1959, -0.0567 -1.1793 0.211, -0.0632 -1.1793 0.1941, -0.0577 -1.1793 0.1962, -0.0575 -1.1793 0.1962, -0.0567 -1.1793 0.196, 0.0062 -1.1793 0.1797, -0.0135 -1.1793 0.199, -0.0187 -1.1793 0.1917, -0.0259 -1.1793 0.1857, -0.0339 -1.1793 0.1817, -0.0427 -1.1793 0.1799, -0.0659 -1.1793 0.188, -0.0658 -1.1793 0.1891, -0.0936 -1.1793 0.1915, -0.0653 -1.1793 0.1911, -0.0643 -1.1793 0.1929, -0.0307 -1.1793 0.2025, -0.0278 -1.1793 0.2067, -0.0583 -1.1793 0.1799, -0.0597 -1.1793 0.1801, -0.0615 -1.1793 0.1808, -0.0632 -1.1793 0.182, -0.0638 -1.1793 0.1826, -0.065 -1.1793 0.1843, -0.0656 -1.1793 0.1861, -0.0937 -1.1793 0.186, -0.0936 -1.1793 0.1888, -0.0561 -1.1793 0.1959, -0.0443 -1.1793 0.1959, -0.0395 -1.1793 0.1969, -0.0349 -1.1793 0.199, -0.031 -1.1793 0.2022, -0.1167 -1.1793 0.2153, -0.1104 -1.1793 0.2137, -0.0483 -1.1793 0.2385, -0.1199 -1.1793 0.2154, -0.0259 -1.1793 0.2114, -0.0259 -1.1793 0.2121, -0.0573 -1.1793 0.2121, -0.0253 -1.1793 0.2165, -0.0254 -1.1793 0.2189, -0.1262 -1.1793 0.2147, -0.1547 -1.1793 0.2385, -0.1321 -1.1793 0.2124, -0.1575 -1.1793 0.2346, -0.1597 -1.1793 0.2287, -0.1584 -1.1793 0.2121, -0.1326 -1.1793 0.2121, -0.1602 -1.1793 0.2182, -0.1605 -1.1793 0.2223, -0.0322 -1.1793 0.2318, -0.0362 -1.1793 0.2347, -0.0267 -1.1793 0.2239, -0.0292 -1.1793 0.2285, -0.048 -1.1793 0.2371, -0.0648 -1.1793 0.2249, -0.0459 -1.1793 0.2371, -0.0408 -1.1793 0.2364, -0.1074 -1.1793 0.2121, -0.1583 -1.1793 0.2117, -0.1418 -1.1793 0.2037, -0.1374 -1.1793 0.2087, -0.1552 -1.1793 0.2065, -0.1505 -1.1793 0.2016, -0.1447 -1.1793 0.198, -0.0537 -1.1793 0.2529, -0.0596 -1.1793 0.26, -0.1202 -1.1793 0.2447, -0.0603 -1.1793 0.2606, -0.0677 -1.1793 0.2657, -0.1162 -1.1793 0.253, -0.122 -1.1793 0.2457, -0.0496 -1.1793 0.2444, -0.1279 -1.1793 0.2479, -0.1342 -1.1793 0.2487, -0.1369 -1.1793 0.2485, -0.1102 -1.1793 0.2601, -0.0759 -1.1793 0.2689, -0.1032 -1.1793 0.2653, -0.0849 -1.1793 0.27, -0.0946 -1.1793 0.2687, -0.1435 -1.1793 0.2469, -0.1493 -1.1793 0.2438, -0.1538 -1.1793 0.2398, -0.0134 -1.1793 0.2334, -0.0102 -1.1793 0.2254, -0.009 -1.1793 0.2168, 0.1973 -1.1793 0.2171, 0.1822 -1.1793 0.2385, 0.1954 -1.1793 0.2121, 0.1822 -1.1793 0.2121, 0.1832 -1.1793 0.18, 0.1822 -1.1793 0.1797, 0.1885 -1.1793 0.18, 0.9646 -1.1793 0.2385, 0.2025 -1.1793 0.2171, 0.9646 -1.1793 0.2121, 0.2044 -1.1793 0.2121, 0.9646 -1.1793 0.1797, 0.2166 -1.1793 0.18, 0.2113 -1.1793 0.18, 0.2075 -1.1793 0.1901, 0.1921 -1.1793 0.1901, 0.1773 -1.1793 0.2105, 0.1795 -1.1793 0.2071, 0.1801 -1.1793 0.192, 0.1782 -1.1793 0.1882, 0.1756 -1.1793 0.1852, 0.1716 -1.1793 0.1824, 0.1674 -1.1793 0.1807, 0.1612 -1.1793 0.18, 0.1475 -1.1793 0.1797, 0.1807 -1.1793 0.2034, 0.1812 -1.1793 0.199, 0.181 -1.1793 0.1963, 0.151 -1.1793 0.18, 0.151 -1.1793 0.2121, 0.1475 -1.1793 0.2121, 0.151 -1.1793 0.2171, 0.1475 -1.1793 0.2385, 0.1616 -1.1793 0.2171, 0.1678 -1.1793 0.2163, 0.1722 -1.1793 0.2146, 0.1756 -1.1793 0.2122, 0.1757 -1.1793 0.2121, 0.144 -1.1793 0.1842, 0.144 -1.1793 0.18, 0.1358 -1.1793 0.1797, 0.1358 -1.1793 0.2121, 0.1358 -1.1793 0.2009, 0.1421 -1.1793 0.2009, 0.1421 -1.1793 0.1967, 0.1358 -1.1793 0.1967, 0.1288 -1.1793 0.2009, 0.1288 -1.1793 0.2121, 0.1288 -1.1793 0.2128, 0.1358 -1.1793 0.2128, 0.1241 -1.1793 0.18, 0.1241 -1.1793 0.2121, 0.1216 -1.1793 0.2121, 0.1241 -1.1793 0.2171, 0.0475 -1.1793 0.1924, 0.0484 -1.1793 0.2001, 0.0465 -1.1793 0.1909, 0.046 -1.1793 0.1892, 0.0586 -1.1793 0.2031, 0.057 -1.1793 0.2033, 0.0546 -1.1793 0.1957, 0.0733 -1.1793 0.1857, 0.067 -1.1793 0.197, 0.0733 -1.1793 0.1809, 0.067 -1.1793 0.18, 0.0601 -1.1793 0.1814, 0.0584 -1.1793 0.1803, 0.0624 -1.1793 0.18, 0.0567 -1.1793 0.1797, 0.0489 -1.1793 0.1937, 0.0507 -1.1793 0.1947, 0.0516 -1.1793 0.2021, 0.0545 -1.1793 0.2031, 0.0496 -1.1793 0.1804, 0.0441 -1.1793 0.1797, 0.0514 -1.1793 0.1797, 0.0515 -1.1793 0.1797, 0.048 -1.1793 0.1815, 0.0475 -1.1793 0.182, 0.0466 -1.1793 0.1834, 0.0497 -1.1793 0.2054, 0.0532 -1.1793 0.2066, 0.0441 -1.1793 0.2121, 0.0752 -1.1793 0.1846, 0.0755 -1.1793 0.1845, 0.0755 -1.1793 0.1943, 0.0624 -1.1793 0.1841, 0.0623 -1.1793 0.1841, 0.0616 -1.1793 0.183, 0.0458 -1.1793 0.1871, 0.046 -1.1793 0.185, 0.0484 -1.1793 0.2046, 0.0736 -1.1793 0.1975, 0.0666 -1.1793 0.2009, 0.0734 -1.1793 0.1993, 0.0624 -1.1793 0.1968, 0.0622 -1.1793 0.1989, 0.0618 -1.1793 0.2005, 0.0612 -1.1793 0.2015, 0.0575 -1.1793 0.2071, 0.0607 -1.1793 0.2067, 0.075 -1.1793 0.2037, 0.0626 -1.1793 0.2061, 0.064 -1.1793 0.2051, 0.0754 -1.1793 0.1943, 0.0747 -1.1793 0.1951, 0.0741 -1.1793 0.1961, 0.0605 -1.1793 0.2022, 0.0597 -1.1793 0.2028, 0.0735 -1.1793 0.201, 0.0741 -1.1793 0.2025, 0.0658 -1.1793 0.2029, 0.0648 -1.1793 0.2044, 0.0775 -1.1793 0.1797, 0.0755 -1.1793 0.165, 0.0805 -1.1793 0.1794, 0.0924 -1.1793 0.165, 0.0924 -1.1793 0.2121, 0.0899 -1.1793 0.2059, 0.0899 -1.1793 0.2014, 0.0897 -1.1793 0.1916, 0.0905 -1.1793 0.1903, 0.0755 -1.1793 0.2042, 0.0755 -1.1793 0.2121, 0.0763 -1.1793 0.205, 0.0775 -1.1793 0.2057, 0.091 -1.1793 0.1889, 0.0912 -1.1793 0.1872, 0.091 -1.1793 0.1853, 0.0904 -1.1793 0.1839, 0.0896 -1.1793 0.1826, 0.0799 -1.1793 0.2066, 0.0837 -1.1793 0.2071, 0.0864 -1.1793 0.2069, 0.0882 -1.1793 0.1815, 0.087 -1.1793 0.1807, 0.0832 -1.1793 0.2033, 0.0818 -1.1793 0.2032, 0.0782 -1.1793 0.1997, 0.0806 -1.1793 0.2029, 0.0796 -1.1793 0.2023, 0.0782 -1.1793 0.1991, 0.0784 -1.1793 0.1984, 0.0787 -1.1793 0.1978, 0.0792 -1.1793 0.1973, 0.0808 -1.1793 0.1963, 0.0863 -1.1793 0.203, 0.0837 -1.1793 0.195, 0.0889 -1.1793 0.202, 0.0855 -1.1793 0.1943, 0.0886 -1.1793 0.1926, 0.0789 -1.1793 0.2017, 0.0785 -1.1793 0.2011, 0.0782 -1.1793 0.2005, 0.0781 -1.1793 0.1835, 0.0804 -1.1793 0.1916, 0.0776 -1.1793 0.1929, 0.081 -1.1793 0.1832, 0.0812 -1.1793 0.1832, 0.0834 -1.1793 0.1903, 0.0836 -1.1793 0.1834, 0.0865 -1.1793 0.1867, 0.0864 -1.1793 0.1873, 0.0848 -1.1793 0.1839, 0.0852 -1.1793 0.1841, 0.0857 -1.1793 0.1846, 0.0861 -1.1793 0.1852, 0.0864 -1.1793 0.1859, 0.0862 -1.1793 0.188, 0.0858 -1.1793 0.1887, 0.0853 -1.1793 0.1893, 0.1702 -1.1793 0.2388, 0.1649 -1.1793 0.2388, 0.1611 -1.1793 0.2489, 0.1475 -1.1793 0.2489, 0.156 -1.1793 0.2759, 0.1822 -1.1793 0.2762, 0.1475 -1.1793 0.2762, 0.1457 -1.1793 0.2489, 0.1421 -1.1793 0.2388, 0.1358 -1.1793 0.2385, 0.1368 -1.1793 0.2388, 0.1358 -1.1793 0.2762, 0.1475 -1.1793 0.2668, 0.1509 -1.1793 0.2759, 0.1216 -1.1793 0.2385, 0.121 -1.1793 0.2395, 0.1148 -1.1793 0.2388, 0.1151 -1.1793 0.2759, 0.1216 -1.1793 0.2762, 0.1011 -1.1793 0.2762, 0.1011 -1.1793 0.2385, 0.1046 -1.1793 0.2388, 0.1046 -1.1793 0.2759, 0.1308 -1.1793 0.2693, 0.133 -1.1793 0.2659, 0.1336 -1.1793 0.2508, 0.1318 -1.1793 0.247, 0.1292 -1.1793 0.271, 0.1292 -1.1793 0.244, 0.1252 -1.1793 0.2412, 0.1216 -1.1793 0.2398, 0.1213 -1.1793 0.2751, 0.1216 -1.1793 0.275, 0.1257 -1.1793 0.2734, 0.1343 -1.1793 0.2623, 0.1347 -1.1793 0.2578, 0.1346 -1.1793 0.2551, 0.0924 -1.1793 0.2762, 0.0967 -1.1793 0.2759, 0.0924 -1.1793 0.2759, 0.0824 -1.1793 0.243, 0.0924 -1.1793 0.243, 0.0824 -1.1793 0.2555, 0.0924 -1.1793 0.2555, 0.0957 -1.1793 0.2555, 0.0976 -1.1793 0.243, 0.0957 -1.1793 0.2597, 0.0967 -1.1793 0.2716, 0.0924 -1.1793 0.2716, 0.0776 -1.1793 0.2388, 0.0755 -1.1793 0.2385, 0.0924 -1.1793 0.2385, 0.0976 -1.1793 0.2388, 0.0924 -1.1793 0.2388, 0.0776 -1.1793 0.2759, 0.0755 -1.1793 0.2762, 0.9646 -1.1793 0.0079, 0.9252 -1.1793 0.0551, 0.8858 -1.1793 0.0551, 0.2461 -1.1793 0.0079, 0.2461 -1.1793 0.0787, 0.1822 -1.1793 0.165, 0.3445 -1.1793 0.0787, 0.9646 -1.1793 0.165, 0.5413 -1.1793 0.0787, 0.5413 -1.1793 0.0079, 0.6398 -1.1793 0.0079, 0.6398 -1.1793 0.0787, 0.7382 -1.1793 0.0787, 0.4429 -1.1793 0.0787, 0.4429 -1.1793 0.0079, 0.3445 -1.1793 0.0079, 0.9252 -1.1793 0.0787, 0.8858 -1.1793 0.0787, 0.7382 -1.1793 0.0079, 0.1475 -1.1793 0.0787, 0.1476 -1.1793 0.0787, 0.1822 -1.1793 0.0079, 0.1476 -1.1793 0.0079, 0.1475 -1.1793 0.165, 0.1358 -1.1793 0.165, 0.1358 -1.1793 0.0787, 0.1216 -1.1793 0.165, 0.1216 -1.1793 0.0787, 0.1011 -1.1793 0.165, 0.1011 -1.1793 0.0787, 0.0924 -1.1793 0.0787, 0.0441 -1.1793 0.165, 0.0492 -1.1793 0.0787, 0.0755 -1.1793 0.0787, -0.7382 -1.1793 0.0787, -0.6398 -1.1793 0.0787, -0.6398 -1.1793 0.0079, -0.5413 -1.1793 0.0079, -0.5413 -1.1793 0.0787, -0.5315 -1.1793 0.0787, 0.0652 -1.1793 0.2762, 0.0666 -1.1793 0.276, 0.0702 -1.1793 0.275, 0.0702 -1.1793 0.27, 0.0702 -1.1793 0.2449, 0.0702 -1.1793 0.2403, 0.0696 -1.1793 0.24, 0.0656 -1.1793 0.2387, 0.0632 -1.1793 0.2385, 0.0626 -1.1793 0.2425, 0.0667 -1.1793 0.2433, 0.0475 -1.1793 0.2566, 0.0475 -1.1793 0.2569, 0.0508 -1.1793 0.2674, 0.0491 -1.1793 0.2647, 0.0479 -1.1793 0.2614, 0.0695 -1.1793 0.2704, 0.0657 -1.1793 0.2717, 0.0518 -1.1793 0.2456, 0.0543 -1.1793 0.2439, 0.0615 -1.1793 0.2722, 0.0598 -1.1793 0.2721, 0.0566 -1.1793 0.2714, 0.0511 -1.1793 0.2463, 0.0481 -1.1793 0.252, 0.0492 -1.1793 0.249, 0.0569 -1.1793 0.2429, 0.0606 -1.1793 0.2424, 0.0537 -1.1793 0.27, 0.0514 -1.1793 0.2681, 0.0583 -1.1793 0.2762, 0.0614 -1.1793 0.2765, 0.0441 -1.1793 0.3346, 0.0755 -1.1793 0.3346, 0.0618 -1.1793 0.2765, 0.0441 -1.1793 0.2762, 0.0569 -1.1793 0.276, 0.0529 -1.1793 0.2747, 0.0453 -1.1793 0.2678, 0.0478 -1.1793 0.271, 0.0492 -1.1793 0.2723, 0.0419 -1.1793 0.2762, 0.0435 -1.1793 0.2638, 0.0441 -1.1793 0.2652, 0.0441 -1.1793 0.2482, 0.0432 -1.1793 0.2507, 0.0419 -1.1793 0.2385, 0.0425 -1.1793 0.2566, 0.0426 -1.1793 0.259, 0.0536 -1.1793 0.2391, 0.0501 -1.1793 0.2408, 0.0441 -1.1793 0.2385, 0.0472 -1.1793 0.2432, 0.0469 -1.1793 0.2436, 0.0447 -1.1793 0.2468, 0.0567 -1.1793 0.2385, 0.0576 -1.1793 0.2383, 0.0599 -1.1793 0.2382, 0.0262 -1.1793 0.2121, 0.0262 -1.1793 0.2009, 0.0419 -1.1793 0.2121, 0.0394 -1.1793 0.2009, 0.0394 -1.1793 0.1967, 0.0413 -1.1793 0.1842, 0.0413 -1.1793 0.18, 0.0419 -1.1793 0.1797, 0.0214 -1.1793 0.18, 0.0542 -1.1793 0.1794, 0.0566 -1.1793 0.1796, 0.1142 -1.1793 0.2065, 0.1358 -1.1793 0.18, 0.1057 -1.1793 0.1866, 0.1063 -1.1793 0.1844, 0.1064 -1.1793 0.1844, 0.1011 -1.1793 0.2121, 0.1011 -1.1793 0.2, 0.107 -1.1793 0.1865, 0.1066 -1.1793 0.1853, 0.1011 -1.1793 0.1876, 0.0936 -1.1793 0.2065, 0.0988 -1.1793 0.2065, 0.1039 -1.1793 0.1797, 0.104 -1.1793 0.18, 0.1011 -1.1793 0.1736, 0.1011 -1.1793 0.1736, 0.1011 -1.1793 0.1797, 0.102 -1.1793 0.1752, 0.0946 -1.1793 0.172, 0.0946 -1.1793 0.1679, 0.0955 -1.1793 0.1717, 0.0972 -1.1793 0.1715, 0.0983 -1.1793 0.1716, 0.1011 -1.1793 0.1683, 0.0995 -1.1793 0.1677, 0.0976 -1.1793 0.1675, 0.0966 -1.1793 0.1676, 0.0994 -1.1793 0.172, 0.1002 -1.1793 0.1726, 0.107 -1.1793 0.176, 0.1049 -1.1793 0.1719, 0.1032 -1.1793 0.1699, 0.1029 -1.1793 0.1696, 0.1013 -1.1793 0.1684, -0.9646 -1.1793 0.3346, -0.9646 -1.1793 0.2762, -0.9646 -1.1793 0.2385, -0.9646 -1.1793 0.2121, -0.9646 -1.1793 0.1797, -0.9646 -1.1793 0.165, -0.8858 -1.1793 0.0787, -0.7382 -1.1793 0.0079, -0.8858 -1.1793 0.0551, -0.9646 -1.1793 0.0079, -0.9252 -1.1793 0.0551, -0.9252 -1.1793 0.0787, 0.0214 -1.1793 0.2388, 0.0262 -1.1793 0.2759, 0.0214 -1.1793 0.2759, 0.0262 -1.1793 0.243, 0.0409 -1.1793 0.243, 0.0409 -1.1793 0.2388, 0.0419 -1.1793 0.165, 0.0441 -1.1793 0.0079, 0.0419 -1.1793 0.3346, 0.0262 -1.1793 0.1967, 0.0262 -1.1793 0.1842, 0.0262 -1.1793 0.2128, 0.0405 -1.1793 0.2128, 0.0405 -1.1793 0.2171, 0.0214 -1.1793 0.2171, 0.0214 -1.1793 0.2121, 0.0492 -1.1793 0.0079, 0.1431 -1.1793 0.2128, 0.1431 -1.1793 0.2171, 0.1358 -1.1793 0.2171, 0.0924 -1.1793 0.3346, 0.1011 -1.1793 0.3346, 0.1216 -1.1793 0.3346, 0.1358 -1.1793 0.3346, 0.1475 -1.1793 0.3346, 0.1822 -1.1793 0.3346, 0.9646 -1.1793 0.2762, 0.9646 -1.1793 0.3346, 0.9843 -1.1596 0.0079, 0.9843 -1.1203 0.0787, 0.9843 -1.1596 0.3346, 0.9843 -1.0809 0.0787, 0.9843 1.1632 0.3346, 0.9843 -0.7167 0.0787, 0.9843 -0.7167 0.0079, 0.9843 -0.4805 0.0079, 0.9843 -0.4805 0.0787, 0.9843 -0.3821 0.0787, 0.9843 -0.8152 0.0787, 0.9843 -0.8152 0.0079, 0.9843 -1.0809 0.0551, 0.9843 -1.1203 0.0551, 0.9843 -0.0474 0.0787, 0.9843 -0.0474 0.0079, 0.9843 0.1888 0.0079, 0.9843 0.1888 0.0787, 0.9843 0.2872 0.0787, 0.9843 -0.1459 0.0787, 0.9843 -0.1459 0.0079, 0.9843 -0.3821 0.0079, 0.9843 0.6219 0.0787, 0.9843 0.6219 0.0079, 0.9843 0.7203 0.0079, 0.9843 0.7203 0.0787, 0.9843 0.8187 0.0787, 0.9843 0.5234 0.0787, 0.9843 0.5234 0.0079, 0.9843 0.2872 0.0079, 0.9843 1.1632 0.0079, 0.9843 1.1238 0.0551, 0.9843 1.0844 0.0551, 0.9843 1.1238 0.0787, 0.9843 1.0844 0.0787, 0.9843 0.8187 0.0079, -0.5413 1.1829 0.0787, -0.5413 1.1829 0.0079, -0.6398 1.1829 0.0079, 0.9646 1.1829 0.0079, 0.9252 1.1829 0.0787, 0.9646 1.1829 0.3346, 0.8858 1.1829 0.0787, -0.8858 1.1829 0.0787, -0.7382 1.1829 0.0787, -0.8858 1.1829 0.0551, -0.7382 1.1829 0.0079, -0.9646 1.1829 0.0079, 0.6398 1.1829 0.0787, 0.7382 1.1829 0.0787, 0.7382 1.1829 0.0079, 0.8858 1.1829 0.0551, 0.9252 1.1829 0.0551, 0.6398 1.1829 0.0079, 0.5413 1.1829 0.0079, 0.5413 1.1829 0.0787, 0.4429 1.1829 0.0787, 0.4429 1.1829 0.0079, 0.3445 1.1829 0.0079, 0.3445 1.1829 0.0787, 0.2461 1.1829 0.0787, 0.2461 1.1829 0.0079, 0.1476 1.1829 0.0079, 0.1476 1.1829 0.0787, 0.0492 1.1829 0.0787, 0.0492 1.1829 0.0079, -0.0492 1.1829 0.0079, -0.0492 1.1829 0.0787, -0.1476 1.1829 0.0787, -0.1476 1.1829 0.0079, -0.2461 1.1829 0.0079, -0.2461 1.1829 0.0787, -0.3445 1.1829 0.0787, -0.6398 1.1829 0.0787, -0.4429 1.1829 0.0787, -0.4429 1.1829 0.0079, -0.3445 1.1829 0.0079, -0.9646 1.1829 0.3346, -0.9252 1.1829 0.0787, -0.9252 1.1829 0.0551, -0.9843 1.1632 0.0079, -0.9843 1.1238 0.0787, -0.9843 1.1632 0.3346, -0.9843 1.0844 0.0787, -0.9843 -1.1596 0.3346, -0.9843 -1.0809 0.0787, -0.9843 -1.1203 0.0787, -0.9843 -1.1596 0.0079, -0.9843 -0.8152 0.0787, -0.9843 -0.8152 0.0079, -0.9843 -1.0809 0.0551, -0.9843 -1.1203 0.0551, -0.9843 0.7203 0.0787, -0.9843 0.8187 0.0787, -0.9843 0.8187 0.0079, -0.9843 1.0844 0.0551, -0.9843 1.1238 0.0551, -0.9843 0.7203 0.0079, -0.9843 0.6219 0.0079, -0.9843 0.6219 0.0787, -0.9843 0.5234 0.0787, -0.9843 0.5234 0.0079, -0.9843 0.2872 0.0079, -0.9843 0.2872 0.0787, -0.9843 0.1888 0.0787, -0.9843 0.1888 0.0079, -0.9843 -0.0474 0.0079, -0.9843 -0.0474 0.0787, -0.9843 -0.1459 0.0787, -0.9843 -0.1459 0.0079, -0.9843 -0.3821 0.0079, -0.9843 -0.3821 0.0787, -0.9843 -0.4805 0.0787, -0.9843 -0.4805 0.0079, -0.9843 -0.7167 0.0079, -0.9843 -0.7167 0.0787, -0.9039 0.9213 0.3543, -0.8902 0.9461 0.3543, -0.9646 1.1632 0.3543, -0.7162 0.9571 0.3543, -0.6996 0.9341 0.3543, 0.9646 1.1632 0.3543, -0.6891 0.9078 0.3543, -0.6856 0.8797 0.3543, -0.6891 0.8515 0.3543, 0.9646 -1.1596 0.3543, -0.6996 0.8252 0.3543, -0.7162 0.8022 0.3543, -0.8902 0.8132 0.3543, -0.9039 0.838 0.3543, -0.9646 -1.1596 0.3543, -0.9109 0.8655 0.3543, -0.9109 0.8938 0.3543, -0.8708 0.9668 0.3543, -0.8469 0.982 0.3543, -0.8199 0.9908 0.3543, -0.7916 0.9925 0.3543, -0.7637 0.9872 0.3543, -0.7381 0.9751 0.3543, -0.7381 0.7842 0.3543, -0.7637 0.7721 0.3543, -0.7916 0.7668 0.3543, -0.8199 0.7685 0.3543, -0.8469 0.7773 0.3543, -0.8708 0.7925 0.3543, 0.9768 -1.175 0.0079, 0.8636 -0.8135 0.0079, 0.8764 -0.8152 0.0079, -0.8764 -0.8152 0.0079, -0.308 1.0275 0.0079, -0.2953 1.0258 0.0079, -0.3937 0.7892 0.0079, -0.9836 -1.1647 0.0079, -0.8416 -0.8007 0.0079, -0.5906 -0.7856 0.0079, -0.8518 -0.8086 0.0079, -0.9785 -1.1736 0.0079, -0.8636 -0.8135 0.0079, -0.8338 -0.7906 0.0079, -0.8288 -0.7787 0.0079, -0.8272 -0.7659 0.0079, 0.5049 -1.0239 0.0079, 0.4921 -1.0222 0.0079, 0.5906 -0.7856 0.0079, 0.876 0.8187 0.0079, 0.9785 1.1771 0.0079, 0.8633 0.817 0.0079, 0.8514 0.8121 0.0079, 0.9838 -1.164 0.0079, 0.9823 -1.1682 0.0079, -0.4794 1.0275 0.0079, -0.4675 1.0324 0.0079, 0.0558 -1.0469 0.0079, 0.0636 -1.0367 0.0079, 0.0738 -1.0288 0.0079, -0.1112 -1.0239 0.0079, -0.123 -1.0288 0.0079, 0.9836 1.1683 0.0079, 0.98 -1.1719 0.0079, -0.8285 0.7568 0.0079, -0.8268 0.7695 0.0079, -0.5269 1.0402 0.0079, -0.8334 0.7449 0.0079, -0.7017 1.0275 0.0079, -0.689 1.0258 0.0079, -0.8412 0.8043 0.0079, -0.9816 -1.1695 0.0079, 0.7365 -1.0587 0.0079, 0.7382 -1.0715 0.0079, 0.9731 -1.1774 0.0079, 0.7017 -1.0239 0.0079, 0.689 -1.0222 0.0079, 0.6762 -1.0239 0.0079, 0.6644 -1.0288 0.0079, 0.5269 -1.0367 0.0079, 0.5167 -1.0288 0.0079, 0.6464 -1.0469 0.0079, -0.4573 -1.0367 0.0079, -0.4675 -1.0288 0.0079, 0.5906 0.7892 0.0079, 0.8412 0.8043 0.0079, 0.8334 0.7941 0.0079, -0.8412 0.7347 0.0079, -0.5167 1.0324 0.0079, -0.5049 1.0275 0.0079, -0.7382 1.075 0.0079, -0.7238 1.0402 0.0079, -0.8514 0.8121 0.0079, -0.8633 0.817 0.0079, -0.8272 -0.4313 0.0079, -0.8288 -0.4186 0.0079, 0.9689 -1.1788 0.0079, 0.7316 -1.0469 0.0079, 0.7238 -1.0367 0.0079, 0.7136 -1.0288 0.0079, -0.0636 -1.0367 0.0079, -0.0738 -1.0288 0.0079, -0.0857 -1.0239 0.0079, -0.0984 -1.0222 0.0079, -0.1332 -1.0367 0.0079, -0.141 -1.0469 0.0079, -0.2707 -1.0288 0.0079, 0.9816 1.173 0.0079, 0.8272 0.238 0.0079, 0.8288 0.2253 0.0079, 0.8338 0.2134 0.0079, 0.8416 0.2032 0.0079, 0.8518 0.1954 0.0079, 0.8636 0.1905 0.0079, 0.8518 -0.3887 0.0079, 0.8416 -0.3965 0.0079, 0.8636 -0.1442 0.0079, 0.8338 -0.4067 0.0079, -0.3199 1.0324 0.0079, -0.4495 1.0504 0.0079, -0.4573 1.0402 0.0079, -0.3428 1.0623 0.0079, -0.3379 1.0504 0.0079, -0.3301 1.0402 0.0079, -0.2825 1.0275 0.0079, -0.2707 1.0324 0.0079, -0.0984 1.0258 0.0079, -0.2605 1.0402 0.0079, -0.1112 1.0275 0.0079, -0.2527 1.0504 0.0079, -0.123 1.0324 0.0079, -0.1332 1.0402 0.0079, -0.2477 1.0623 0.0079, -0.141 1.0504 0.0079, -0.876 0.7203 0.0079, -0.8633 0.722 0.0079, -0.5906 0.5923 0.0079, -0.8514 0.7269 0.0079, -0.7136 1.0324 0.0079, -0.876 0.8187 0.0079, -0.7316 1.0504 0.0079, -0.6762 1.0275 0.0079, -0.6644 1.0324 0.0079, -0.5413 1.075 0.0079, -0.6542 1.0402 0.0079, -0.6464 1.0504 0.0079, -0.6398 1.075 0.0079, -0.6414 1.0623 0.0079, -0.8416 -0.7311 0.0079, -0.8338 -0.7413 0.0079, -0.8288 -0.7532 0.0079, -0.8636 -0.7184 0.0079, -0.8416 -0.4661 0.0079, -0.8338 -0.4559 0.0079, 0.6542 -1.0367 0.0079, 0.4794 -1.0239 0.0079, 0.4675 -1.0288 0.0079, 0.2953 -1.0222 0.0079, 0.4573 -1.0367 0.0079, 0.308 -1.0239 0.0079, 0.4495 -1.0469 0.0079, 0.3199 -1.0288 0.0079, 0.3301 -1.0367 0.0079, 0.2825 -1.0239 0.0079, 0.0984 -1.0222 0.0079, 0.0857 -1.0239 0.0079, 0.2707 -1.0288 0.0079, 0.2605 -1.0367 0.0079, 0.1112 -1.0239 0.0079, 0.2527 -1.0469 0.0079, 0.123 -1.0288 0.0079, 0.1332 -1.0367 0.0079, -0.2477 -1.0587 0.0079, -0.2527 -1.0469 0.0079, -0.2605 -1.0367 0.0079, -0.308 -1.0239 0.0079, -0.3199 -1.0288 0.0079, -0.4446 -1.0587 0.0079, -0.3301 -1.0367 0.0079, -0.4794 -1.0239 0.0079, -0.4921 -1.0222 0.0079, -0.5049 -1.0239 0.0079, -0.7365 -1.0587 0.0079, -0.7382 -1.0715 0.0079, 0.8272 -0.7659 0.0079, 0.8288 -0.7787 0.0079, 0.8338 -0.7906 0.0079, 0.8416 -0.8007 0.0079, 0.8518 -0.8086 0.0079, -0.4429 1.075 0.0079, -0.0857 1.0275 0.0079, -0.0738 1.0324 0.0079, 0.0984 1.0258 0.0079, -0.0636 1.0402 0.0079, 0.0857 1.0275 0.0079, -0.0558 1.0504 0.0079, 0.0738 1.0324 0.0079, -0.8764 -0.7167 0.0079, -0.8518 -0.7233 0.0079, -0.8288 -0.444 0.0079, -0.8285 0.5599 0.0079, -0.8268 0.5726 0.0079, -0.8285 0.5854 0.0079, 0.6398 -1.0715 0.0079, 0.5413 -1.0715 0.0079, 0.6414 -1.0587 0.0079, 0.5397 -1.0587 0.0079, 0.5347 -1.0469 0.0079, 0.0492 -1.0715 0.0079, -0.0492 -1.0715 0.0079, 0.0509 -1.0587 0.0079, -0.0509 -1.0587 0.0079, -0.0558 -1.0469 0.0079, -0.1476 -1.0715 0.0079, -0.2825 -1.0239 0.0079, -0.2953 -1.0222 0.0079, -0.4495 -1.0469 0.0079, -0.5167 -1.0288 0.0079, -0.5269 -1.0367 0.0079, -0.5347 -1.0469 0.0079, -0.7017 -1.0239 0.0079, -0.7136 -1.0288 0.0079, -0.7238 -1.0367 0.0079, -0.7316 -1.0469 0.0079, 0.8518 -0.054 0.0079, 0.8416 -0.0619 0.0079, 0.8288 -0.1094 0.0079, 0.8338 -0.1213 0.0079, 0.8518 -0.7233 0.0079, 0.8416 -0.7311 0.0079, 0.8636 -0.4788 0.0079, 0.8338 -0.7413 0.0079, 0.8764 -0.1459 0.0079, 0.8764 -0.3821 0.0079, 0.8636 -0.3838 0.0079, -0.4446 1.0623 0.0079, -0.3445 1.075 0.0079, 0.0509 1.0623 0.0079, 0.0558 1.0504 0.0079, 0.0636 1.0402 0.0079, 0.1112 1.0275 0.0079, 0.123 1.0324 0.0079, 0.1332 1.0402 0.0079, 0.141 1.0504 0.0079, 0.2707 1.0324 0.0079, 0.4573 1.0402 0.0079, 0.4675 1.0324 0.0079, 0.6542 1.0402 0.0079, 0.6644 1.0324 0.0079, -0.8285 0.7822 0.0079, -0.8334 0.7941 0.0079, -0.5347 1.0504 0.0079, -0.5397 1.0623 0.0079, -0.4921 1.0258 0.0079, -0.8764 -0.4805 0.0079, -0.8636 -0.4788 0.0079, -0.8518 -0.4739 0.0079, -0.8636 -0.1442 0.0079, -0.8518 -0.1393 0.0079, -0.8518 -0.3887 0.0079, -0.8416 -0.1315 0.0079, -0.8338 -0.1213 0.0079, -0.8338 -0.4067 0.0079, -0.8416 -0.3965 0.0079, -0.8272 -0.0967 0.0079, -0.8288 -0.1094 0.0079, -0.8272 0.238 0.0079, -0.8288 0.2253 0.0079, -0.8338 0.2134 0.0079, -0.8416 0.2032 0.0079, -0.8633 0.5251 0.0079, -0.8288 0.2507 0.0079, -0.146 -1.0587 0.0079, -0.2461 -1.0715 0.0079, -0.3445 -1.0715 0.0079, -0.4429 -1.0715 0.0079, -0.3428 -1.0587 0.0079, -0.3379 -1.0469 0.0079, -0.6542 -1.0367 0.0079, -0.6644 -1.0288 0.0079, -0.6762 -1.0239 0.0079, -0.689 -1.0222 0.0079, 0.8285 0.7568 0.0079, 0.8334 0.7449 0.0079, 0.8633 0.6202 0.0079, 0.8412 0.7347 0.0079, 0.8514 0.7269 0.0079, 0.8285 0.7822 0.0079, 0.8268 0.7695 0.0079, 0.8338 0.2626 0.0079, 0.8334 0.548 0.0079, 0.8416 0.2728 0.0079, 0.8412 0.5378 0.0079, 0.8514 0.53 0.0079, 0.8633 0.5251 0.0079, 0.8518 0.2806 0.0079, 0.8285 0.5854 0.0079, 0.8268 0.5726 0.0079, 0.8285 0.5599 0.0079, 0.8288 0.2507 0.0079, 0.8338 -0.072 0.0079, 0.8288 -0.0839 0.0079, 0.8272 -0.0967 0.0079, 0.8338 -0.4559 0.0079, 0.8416 -0.4661 0.0079, 0.8518 -0.4739 0.0079, 0.8288 -0.7532 0.0079, 0.2477 1.0623 0.0079, 0.2527 1.0504 0.0079, 0.2605 1.0402 0.0079, 0.2825 1.0275 0.0079, 0.2953 1.0258 0.0079, 0.308 1.0275 0.0079, 0.3199 1.0324 0.0079, 0.3301 1.0402 0.0079, 0.3379 1.0504 0.0079, 0.4495 1.0504 0.0079, 0.4446 1.0623 0.0079, 0.6762 1.0275 0.0079, 0.689 1.0258 0.0079, 0.7017 1.0275 0.0079, -0.8338 -0.072 0.0079, -0.8288 -0.0839 0.0079, -0.8416 -0.0619 0.0079, -0.8518 -0.054 0.0079, -0.8636 -0.0491 0.0079, -0.8764 -0.0474 0.0079, -0.8514 0.53 0.0079, -0.8412 0.5378 0.0079, -0.8334 0.548 0.0079, -0.8514 0.6153 0.0079, -0.8412 0.6074 0.0079, -0.8334 0.5972 0.0079, 0.4429 -1.0715 0.0079, 0.3445 -1.0715 0.0079, 0.4446 -1.0587 0.0079, 0.3428 -1.0587 0.0079, 0.3379 -1.0469 0.0079, 0.2461 -1.0715 0.0079, 0.1476 -1.0715 0.0079, 0.2477 -1.0587 0.0079, 0.146 -1.0587 0.0079, 0.141 -1.0469 0.0079, -0.5413 -1.0715 0.0079, -0.6398 -1.0715 0.0079, -0.5397 -1.0587 0.0079, -0.6414 -1.0587 0.0079, -0.6464 -1.0469 0.0079, -0.9697 -1.1787 0.0079, -0.9744 -1.1767 0.0079, 0.8514 0.6153 0.0079, 0.8412 0.6074 0.0079, 0.8334 0.5972 0.0079, -0.2461 1.075 0.0079, -0.1476 1.075 0.0079, -0.146 1.0623 0.0079, -0.0492 1.075 0.0079, 0.1476 1.075 0.0079, 0.4794 1.0275 0.0079, 0.4921 1.0258 0.0079, 0.5049 1.0275 0.0079, 0.7316 1.0504 0.0079, 0.7238 1.0402 0.0079, 0.7136 1.0324 0.0079, -0.9785 1.1771 0.0079, -0.9744 1.1802 0.0079, -0.9816 1.173 0.0079, -0.9697 1.1822 0.0079, -0.9836 1.1683 0.0079, -0.7365 1.0623 0.0079, -0.8764 -0.3821 0.0079, -0.8764 0.1888 0.0079, -0.8636 0.1905 0.0079, -0.8518 0.1954 0.0079, -0.8338 0.2626 0.0079, -0.8416 0.2728 0.0079, -0.8518 0.2806 0.0079, -0.8764 0.2872 0.0079, -0.876 0.6219 0.0079, -0.8633 0.6202 0.0079, 0.876 0.7203 0.0079, 0.8764 0.1888 0.0079, 0.8764 -0.0474 0.0079, 0.8636 -0.0491 0.0079, -0.0509 1.0623 0.0079, 0.0492 1.075 0.0079, 0.146 1.0623 0.0079, 0.2461 1.075 0.0079, 0.3445 1.075 0.0079, 0.6414 1.0623 0.0079, 0.6464 1.0504 0.0079, 0.5347 1.0504 0.0079, 0.5269 1.0402 0.0079, 0.5167 1.0324 0.0079, 0.7382 1.075 0.0079, 0.9697 1.1822 0.0079, -0.8636 -0.3838 0.0079, -0.8764 -0.1459 0.0079, -0.8636 0.2855 0.0079, -0.876 0.5234 0.0079, 0.8633 0.722 0.0079, 0.876 0.6219 0.0079, 0.8416 -0.1315 0.0079, 0.8518 -0.1393 0.0079, 0.8764 -0.4805 0.0079, 0.8764 -0.7167 0.0079, 0.8636 -0.7184 0.0079, 0.3428 1.0623 0.0079, 0.4429 1.075 0.0079, 0.5413 1.075 0.0079, 0.7365 1.0623 0.0079, 0.9744 1.1802 0.0079, 0.8288 -0.4186 0.0079, 0.8272 -0.4313 0.0079, 0.8288 -0.444 0.0079, 0.5397 1.0623 0.0079, 0.6398 1.075 0.0079, 0.876 0.5234 0.0079, 0.8764 0.2872 0.0079, 0.8636 0.2855 0.0079
            ]
        }
        coordIndex [
            0,1,2,-1,3,4,5,-1,6,7,8,-1,9,10,11,-1,12,13,14,-1,15,16,17,-1,18,19,20,-1,21,22,23,-1,23,22,24,-1,23,24,25,-1,26,27,24,-1,24,27,28,-1,28,29,24,-1,24,29,30,-1,24,30,25,-1,31,32,33,-1,31,33,34,-1,34,33,35,-1,35,33,36,-1,35,36,37,-1,37,36,38,-1,38,36,39,-1,38,39,40,-1,20,19,39,-1,39,19,41,-1,39,41,42,-1,39,43,40,-1,40,43,44,-1,40,44,45,-1,45,44,46,-1,45,46,47,-1,42,48,39,-1,39,48,49,-1,39,49,43,-1,50,51,20,-1,20,51,52,-1,20,52,18,-1,53,54,55,-1,54,56,55,-1,55,56,57,-1,55,57,50,-1,50,57,58,-1,50,58,51,-1,53,55,59,-1,59,55,60,-1,59,60,61,-1,62,63,55,-1,55,63,64,-1,55,64,60,-1,62,55,65,-1,65,55,66,-1,65,66,67,-1,68,69,70,-1,70,69,71,-1,72,73,74,-1,74,73,75,-1,74,75,76,-1,73,77,75,-1,75,77,78,-1,75,78,71,-1,71,78,79,-1,80,81,67,-1,67,81,82,-1,67,82,65,-1,65,82,70,-1,65,70,83,-1,83,70,71,-1,83,71,84,-1,84,71,79,-1,85,86,73,-1,73,86,87,-1,87,88,73,-1,73,88,89,-1,73,89,77,-1,90,91,92,-1,93,94,95,-1,93,95,96,-1,94,97,95,-1,95,97,98,-1,95,98,99,-1,90,92,100,-1,100,92,101,-1,100,101,102,-1,102,103,100,-1,100,103,104,-1,100,104,105,-1,106,107,108,-1,108,107,109,-1,108,109,95,-1,95,109,110,-1,95,110,96,-1,95,111,112,-1,113,114,85,-1,113,85,105,-1,114,115,85,-1,85,115,116,-1,85,116,117,-1,117,118,85,-1,85,118,119,-1,85,119,120,-1,120,119,106,-1,120,106,121,-1,121,106,108,-1,99,122,95,-1,95,122,123,-1,95,123,124,-1,124,125,95,-1,95,125,126,-1,95,126,111,-1,127,128,129,-1,127,129,130,-1,112,131,95,-1,95,131,132,-1,95,132,133,-1,133,132,134,-1,133,134,135,-1,136,137,138,-1,138,137,139,-1,138,139,140,-1,141,142,143,-1,143,142,138,-1,143,138,144,-1,144,138,140,-1,133,145,146,-1,135,147,133,-1,133,147,148,-1,133,148,145,-1,149,150,151,-1,151,150,133,-1,151,133,152,-1,152,133,146,-1,149,129,150,-1,150,129,128,-1,150,128,17,-1,17,128,153,-1,17,153,15,-1,154,155,141,-1,141,155,156,-1,141,156,142,-1,154,157,155,-1,155,157,158,-1,155,158,159,-1,160,161,162,-1,161,163,162,-1,162,163,164,-1,162,164,165,-1,137,162,166,-1,136,130,137,-1,137,130,129,-1,137,129,162,-1,162,129,167,-1,162,167,160,-1,166,168,137,-1,137,168,169,-1,137,169,170,-1,165,164,171,-1,171,164,172,-1,171,172,173,-1,173,172,174,-1,173,174,175,-1,176,177,170,-1,170,177,178,-1,170,178,137,-1,21,179,22,-1,22,179,180,-1,22,180,90,-1,90,180,181,-1,90,181,91,-1,182,183,184,-1,184,183,185,-1,184,185,186,-1,186,185,187,-1,186,187,188,-1,189,190,191,-1,191,190,192,-1,191,192,193,-1,193,192,194,-1,193,194,187,-1,187,194,195,-1,187,195,188,-1,188,195,196,-1,188,196,197,-1,198,199,185,-1,200,201,187,-1,187,201,202,-1,187,202,203,-1,203,204,187,-1,187,204,205,-1,187,205,206,-1,199,207,185,-1,185,207,208,-1,185,208,187,-1,187,208,209,-1,187,209,200,-1,210,211,212,-1,212,211,213,-1,212,213,214,-1,214,213,215,-1,216,217,183,-1,183,217,218,-1,183,218,185,-1,185,218,219,-1,185,219,198,-1,220,221,206,-1,206,221,222,-1,223,224,212,-1,212,224,225,-1,212,225,226,-1,205,210,206,-1,206,210,212,-1,206,212,220,-1,220,212,226,-1,220,226,14,-1,14,226,227,-1,14,227,12,-1,228,224,229,-1,229,224,223,-1,229,223,230,-1,230,223,231,-1,232,233,234,-1,234,233,235,-1,236,237,238,-1,238,237,239,-1,240,241,242,-1,243,244,245,-1,245,244,246,-1,247,248,249,-1,249,248,250,-1,249,250,246,-1,236,251,237,-1,237,251,252,-1,237,252,253,-1,253,252,242,-1,253,242,254,-1,254,242,241,-1,255,256,257,-1,257,256,258,-1,255,259,256,-1,256,259,260,-1,256,260,261,-1,262,263,264,-1,265,266,267,-1,268,269,249,-1,249,269,270,-1,249,270,247,-1,239,264,271,-1,271,264,256,-1,271,256,272,-1,272,256,261,-1,239,237,264,-1,264,237,273,-1,264,273,262,-1,244,274,275,-1,275,274,276,-1,277,278,242,-1,242,278,279,-1,242,279,280,-1,265,267,243,-1,263,281,264,-1,264,281,282,-1,264,282,283,-1,283,282,284,-1,283,284,285,-1,267,286,243,-1,243,286,287,-1,243,287,244,-1,244,287,288,-1,244,288,274,-1,280,289,242,-1,242,289,290,-1,242,290,240,-1,276,291,275,-1,275,291,292,-1,275,292,293,-1,293,292,283,-1,293,283,294,-1,294,283,285,-1,9,11,295,-1,295,11,296,-1,295,296,297,-1,297,296,7,-1,7,296,298,-1,7,298,8,-1,299,300,301,-1,302,303,301,-1,283,304,305,-1,305,304,306,-1,305,306,307,-1,308,309,8,-1,309,310,8,-1,8,310,311,-1,8,311,312,-1,307,313,305,-1,305,313,314,-1,305,314,299,-1,299,314,315,-1,299,315,300,-1,312,316,8,-1,8,316,317,-1,8,317,6,-1,318,319,320,-1,320,319,321,-1,320,321,322,-1,320,323,318,-1,318,323,324,-1,318,324,325,-1,325,326,318,-1,318,326,327,-1,318,327,328,-1,328,327,329,-1,328,329,330,-1,330,329,331,-1,330,331,301,-1,301,331,332,-1,301,332,302,-1,333,334,322,-1,322,334,335,-1,322,335,320,-1,336,337,266,-1,266,337,338,-1,266,338,267,-1,336,339,337,-1,337,339,340,-1,337,340,341,-1,341,340,342,-1,341,343,344,-1,342,345,341,-1,341,345,346,-1,341,346,347,-1,347,348,341,-1,341,348,349,-1,341,349,343,-1,344,350,341,-1,341,350,351,-1,341,351,352,-1,183,353,354,-1,355,356,354,-1,354,356,214,-1,354,214,183,-1,183,214,215,-1,183,215,216,-1,353,183,357,-1,357,183,358,-1,357,358,359,-1,356,360,214,-1,214,360,361,-1,214,361,362,-1,362,361,363,-1,362,363,364,-1,364,363,365,-1,364,365,359,-1,359,365,366,-1,359,366,357,-1,367,368,369,-1,370,371,372,-1,367,369,373,-1,373,369,374,-1,373,374,372,-1,372,374,375,-1,372,375,370,-1,376,377,364,-1,378,379,362,-1,376,364,380,-1,379,381,362,-1,362,381,382,-1,362,382,367,-1,367,382,383,-1,367,383,368,-1,370,384,371,-1,371,384,385,-1,371,385,364,-1,364,385,386,-1,364,386,380,-1,377,387,364,-1,364,387,388,-1,364,388,362,-1,362,388,389,-1,362,389,378,-1,372,390,391,-1,391,390,392,-1,393,394,395,-1,395,394,396,-1,396,394,397,-1,397,394,398,-1,397,398,399,-1,399,398,400,-1,399,400,5,-1,5,400,401,-1,5,401,3,-1,402,403,404,-1,391,400,372,-1,372,400,398,-1,372,398,373,-1,373,398,405,-1,373,405,404,-1,404,405,406,-1,404,406,402,-1,392,390,407,-1,407,390,408,-1,407,408,402,-1,409,410,411,-1,412,413,414,-1,414,413,415,-1,414,415,416,-1,417,418,419,-1,420,421,416,-1,419,420,417,-1,417,420,416,-1,417,416,422,-1,422,416,415,-1,422,415,423,-1,423,415,424,-1,410,409,425,-1,425,409,416,-1,425,416,426,-1,426,416,421,-1,426,421,411,-1,411,421,427,-1,411,427,409,-1,428,429,414,-1,412,414,430,-1,430,414,429,-1,430,429,431,-1,414,432,428,-1,428,432,433,-1,428,433,434,-1,434,433,435,-1,434,435,436,-1,436,435,437,-1,436,437,438,-1,438,437,298,-1,438,298,439,-1,439,298,296,-1,440,441,296,-1,296,441,442,-1,296,442,439,-1,443,444,66,-1,445,446,444,-1,444,446,447,-1,444,447,66,-1,66,447,448,-1,66,448,67,-1,449,450,408,-1,408,450,451,-1,408,451,452,-1,453,454,403,-1,454,455,403,-1,403,455,456,-1,403,456,457,-1,458,459,460,-1,460,459,453,-1,460,453,461,-1,462,463,453,-1,453,463,464,-1,453,464,461,-1,402,408,403,-1,403,408,452,-1,403,452,453,-1,453,452,465,-1,453,465,466,-1,460,467,468,-1,466,469,453,-1,453,469,470,-1,453,470,471,-1,467,460,472,-1,472,460,473,-1,472,473,474,-1,468,475,460,-1,460,475,476,-1,460,476,458,-1,471,477,453,-1,453,477,478,-1,453,478,462,-1,479,480,481,-1,481,480,482,-1,482,480,483,-1,482,483,449,-1,479,484,485,-1,485,484,486,-1,487,488,484,-1,484,488,489,-1,484,489,486,-1,490,491,484,-1,484,491,492,-1,484,492,487,-1,493,494,495,-1,495,494,496,-1,495,496,490,-1,490,496,497,-1,490,497,491,-1,498,499,500,-1,499,501,500,-1,500,501,502,-1,500,502,503,-1,498,500,504,-1,504,500,264,-1,504,264,505,-1,283,305,264,-1,264,305,506,-1,264,506,505,-1,507,508,509,-1,509,508,510,-1,509,510,511,-1,512,513,514,-1,514,513,515,-1,516,440,517,-1,517,440,296,-1,517,296,250,-1,250,296,11,-1,250,11,246,-1,246,11,10,-1,246,10,245,-1,518,0,234,-1,234,0,2,-1,234,2,232,-1,232,2,222,-1,232,222,519,-1,519,222,221,-1,520,521,522,-1,234,523,518,-1,518,523,524,-1,518,524,525,-1,525,524,520,-1,525,520,526,-1,526,520,522,-1,527,528,8,-1,303,308,301,-1,301,308,8,-1,301,8,299,-1,299,8,528,-1,299,528,523,-1,523,528,529,-1,523,529,524,-1,530,531,527,-1,532,533,534,-1,534,533,535,-1,534,535,530,-1,530,527,534,-1,534,527,8,-1,534,8,536,-1,536,8,298,-1,536,298,537,-1,536,538,534,-1,534,538,539,-1,534,539,540,-1,541,542,437,-1,437,542,543,-1,437,543,298,-1,298,543,544,-1,298,544,537,-1,540,545,534,-1,534,545,546,-1,534,546,532,-1,547,548,435,-1,547,435,1,-1,548,549,435,-1,435,549,550,-1,435,550,437,-1,437,550,551,-1,437,551,541,-1,36,552,39,-1,39,552,553,-1,39,553,20,-1,20,553,554,-1,20,554,50,-1,50,554,555,-1,50,555,55,-1,55,555,556,-1,55,556,66,-1,66,556,557,-1,66,557,443,-1,443,557,558,-1,443,558,559,-1,559,558,560,-1,559,560,561,-1,561,560,562,-1,561,562,557,-1,557,562,563,-1,557,563,558,-1,564,22,495,-1,565,490,24,-1,22,564,24,-1,24,564,566,-1,24,566,565,-1,565,567,490,-1,490,567,568,-1,490,568,495,-1,495,568,569,-1,495,569,564,-1,105,85,100,-1,100,85,73,-1,100,73,570,-1,570,73,72,-1,570,72,571,-1,479,481,484,-1,484,481,572,-1,484,572,490,-1,490,572,33,-1,490,33,24,-1,24,33,32,-1,24,32,26,-1,503,493,500,-1,500,493,495,-1,500,495,264,-1,264,495,509,-1,264,509,256,-1,573,574,511,-1,511,574,512,-1,511,512,509,-1,509,512,514,-1,509,514,256,-1,256,514,440,-1,256,440,258,-1,258,440,516,-1,575,507,576,-1,576,507,509,-1,576,509,577,-1,577,509,495,-1,577,495,578,-1,578,495,22,-1,578,22,579,-1,579,22,90,-1,579,90,515,-1,515,90,100,-1,515,100,514,-1,514,100,570,-1,514,570,440,-1,440,570,571,-1,440,571,441,-1,441,571,580,-1,231,223,581,-1,581,223,212,-1,581,212,582,-1,582,212,214,-1,582,214,583,-1,583,214,362,-1,583,362,235,-1,235,362,367,-1,235,367,234,-1,234,367,373,-1,234,373,523,-1,523,373,404,-1,523,404,299,-1,299,404,403,-1,299,403,305,-1,305,403,457,-1,305,457,506,-1,449,408,482,-1,482,408,390,-1,482,390,584,-1,584,390,372,-1,584,372,585,-1,585,372,371,-1,585,371,586,-1,586,371,364,-1,586,364,587,-1,587,364,359,-1,587,359,588,-1,588,359,358,-1,588,358,589,-1,182,190,183,-1,183,190,189,-1,183,189,358,-1,358,189,590,-1,358,590,589,-1,589,590,591,-1,1,435,2,-1,2,435,433,-1,2,433,222,-1,222,433,432,-1,222,432,206,-1,206,432,414,-1,206,414,187,-1,187,414,416,-1,187,416,193,-1,592,593,594,-1,594,593,595,-1,594,595,596,-1,597,598,599,-1,600,601,596,-1,599,600,597,-1,597,600,596,-1,597,596,602,-1,602,596,595,-1,602,595,603,-1,603,595,604,-1,603,604,592,-1,592,604,605,-1,592,605,593,-1,606,607,608,-1,609,610,596,-1,608,609,606,-1,606,609,596,-1,606,596,611,-1,611,596,601,-1,611,601,612,-1,612,601,613,-1,614,615,616,-1,617,618,596,-1,616,617,614,-1,614,617,596,-1,614,596,619,-1,619,596,610,-1,619,610,620,-1,620,610,621,-1,622,623,624,-1,623,622,625,-1,625,622,596,-1,625,596,626,-1,626,596,618,-1,626,618,624,-1,624,618,627,-1,624,627,622,-1,628,629,630,-1,631,632,633,-1,633,632,634,-1,635,636,637,-1,637,636,638,-1,637,638,639,-1,640,633,641,-1,641,633,634,-1,641,634,642,-1,642,634,643,-1,642,643,631,-1,631,643,644,-1,631,644,632,-1,645,646,640,-1,640,646,647,-1,640,647,633,-1,633,647,648,-1,649,650,648,-1,648,650,651,-1,648,651,633,-1,633,651,652,-1,653,654,652,-1,652,654,655,-1,652,655,633,-1,633,655,656,-1,657,658,656,-1,656,658,659,-1,656,659,633,-1,633,659,660,-1,661,662,660,-1,660,662,663,-1,660,663,633,-1,633,663,664,-1,630,665,628,-1,628,665,633,-1,628,633,666,-1,666,633,664,-1,666,664,667,-1,667,664,668,-1,665,636,633,-1,633,636,635,-1,633,635,669,-1,669,635,670,-1,669,670,639,-1,639,670,671,-1,639,671,637,-1,672,673,674,-1,674,673,675,-1,674,675,676,-1,677,678,676,-1,676,678,679,-1,680,681,682,-1,682,681,679,-1,682,679,683,-1,683,679,678,-1,684,676,685,-1,685,676,675,-1,685,675,686,-1,686,675,687,-1,686,687,672,-1,672,687,688,-1,672,688,673,-1,689,690,684,-1,684,690,691,-1,684,691,676,-1,676,691,692,-1,693,694,692,-1,692,694,695,-1,692,695,676,-1,676,695,696,-1,697,698,696,-1,696,698,699,-1,696,699,676,-1,676,699,700,-1,701,702,700,-1,700,702,703,-1,700,703,676,-1,676,703,704,-1,705,706,704,-1,704,706,707,-1,704,707,676,-1,676,707,680,-1,676,680,677,-1,677,680,682,-1,708,709,710,-1,711,712,713,-1,713,712,714,-1,714,715,713,-1,713,715,716,-1,713,716,717,-1,717,716,718,-1,717,718,719,-1,720,721,722,-1,722,721,723,-1,722,723,710,-1,710,723,724,-1,710,724,708,-1,709,725,710,-1,710,725,726,-1,710,726,727,-1,727,728,710,-1,710,728,729,-1,710,729,713,-1,713,729,730,-1,713,730,711,-1,719,731,717,-1,717,731,732,-1,717,732,722,-1,722,732,733,-1,722,733,734,-1,734,735,722,-1,722,735,736,-1,722,736,720,-1,737,738,739,-1,679,681,740,-1,741,742,743,-1,679,740,744,-1,745,746,747,-1,747,746,748,-1,747,748,749,-1,745,750,746,-1,746,750,751,-1,746,751,752,-1,753,754,755,-1,622,627,756,-1,757,758,759,-1,592,760,761,-1,762,763,743,-1,764,746,765,-1,765,746,766,-1,767,768,746,-1,622,756,769,-1,739,603,737,-1,737,603,592,-1,737,592,770,-1,770,592,761,-1,771,772,773,-1,771,773,774,-1,775,776,777,-1,749,748,740,-1,740,748,778,-1,740,778,744,-1,779,737,780,-1,780,737,781,-1,782,783,755,-1,755,783,784,-1,755,784,785,-1,786,787,788,-1,789,790,746,-1,757,759,791,-1,791,759,792,-1,791,792,793,-1,774,773,794,-1,794,773,795,-1,794,795,796,-1,639,638,797,-1,798,799,800,-1,746,801,802,-1,781,803,780,-1,780,803,409,-1,780,409,427,-1,779,804,737,-1,737,804,805,-1,737,805,755,-1,755,805,806,-1,755,806,782,-1,807,808,764,-1,764,808,809,-1,764,809,746,-1,746,809,810,-1,746,810,767,-1,768,811,746,-1,746,811,812,-1,746,812,813,-1,758,757,756,-1,756,757,814,-1,756,814,769,-1,791,815,755,-1,755,815,816,-1,755,816,817,-1,817,818,755,-1,755,818,819,-1,755,819,820,-1,821,822,823,-1,823,822,824,-1,825,741,826,-1,826,741,743,-1,826,743,827,-1,827,743,763,-1,828,829,826,-1,826,829,830,-1,826,830,825,-1,742,831,743,-1,743,831,832,-1,743,832,833,-1,833,832,834,-1,833,834,835,-1,835,834,836,-1,835,836,837,-1,837,836,838,-1,838,836,839,-1,838,839,840,-1,841,842,843,-1,843,842,844,-1,799,798,777,-1,777,798,845,-1,777,845,775,-1,800,846,798,-1,798,846,686,-1,798,686,847,-1,776,848,777,-1,777,848,849,-1,777,849,850,-1,850,849,851,-1,850,851,852,-1,630,629,853,-1,853,629,850,-1,853,850,854,-1,854,850,852,-1,855,801,856,-1,856,801,746,-1,856,746,857,-1,857,746,752,-1,858,859,860,-1,787,753,788,-1,788,753,755,-1,788,755,861,-1,861,755,785,-1,754,862,755,-1,755,862,863,-1,755,863,864,-1,864,863,865,-1,864,865,866,-1,866,865,867,-1,866,867,868,-1,868,867,869,-1,864,870,755,-1,755,870,871,-1,755,871,746,-1,746,871,872,-1,746,872,766,-1,870,873,871,-1,871,873,874,-1,871,874,875,-1,875,874,876,-1,875,876,877,-1,877,876,878,-1,879,880,812,-1,812,880,881,-1,812,881,813,-1,882,883,884,-1,884,883,885,-1,790,886,746,-1,746,886,887,-1,746,887,888,-1,748,889,890,-1,755,891,892,-1,892,893,755,-1,755,893,894,-1,755,894,737,-1,737,894,895,-1,737,895,738,-1,896,667,668,-1,897,898,899,-1,899,898,900,-1,899,900,901,-1,901,900,902,-1,901,902,903,-1,904,706,705,-1,855,905,801,-1,801,905,858,-1,801,858,906,-1,906,858,860,-1,907,908,843,-1,843,908,909,-1,419,418,910,-1,910,418,911,-1,910,911,912,-1,912,911,913,-1,912,913,788,-1,788,913,914,-1,788,914,786,-1,580,76,915,-1,915,76,916,-1,915,916,917,-1,917,916,918,-1,917,918,764,-1,764,918,919,-1,764,919,807,-1,920,69,68,-1,813,921,746,-1,746,921,922,-1,746,922,789,-1,789,922,882,-1,789,882,923,-1,923,882,884,-1,888,924,746,-1,746,924,925,-1,746,925,926,-1,927,928,746,-1,746,928,929,-1,746,929,748,-1,748,929,930,-1,748,930,889,-1,890,559,561,-1,820,931,932,-1,933,934,755,-1,935,936,937,-1,937,936,938,-1,612,613,939,-1,939,613,940,-1,939,940,823,-1,823,940,941,-1,823,941,821,-1,826,942,828,-1,828,942,896,-1,828,896,943,-1,943,896,668,-1,944,945,902,-1,902,945,946,-1,902,946,903,-1,833,897,743,-1,743,897,899,-1,743,899,791,-1,791,899,947,-1,791,947,948,-1,948,949,791,-1,791,949,950,-1,791,950,951,-1,952,953,791,-1,791,954,955,-1,772,956,773,-1,773,956,957,-1,773,957,958,-1,958,957,777,-1,958,777,959,-1,959,777,850,-1,844,794,843,-1,843,794,796,-1,843,796,743,-1,743,796,960,-1,743,960,762,-1,705,961,904,-1,904,961,962,-1,904,962,858,-1,858,962,963,-1,858,963,859,-1,964,965,966,-1,966,965,967,-1,966,967,968,-1,969,970,971,-1,971,970,966,-1,971,966,972,-1,972,966,968,-1,973,843,974,-1,974,843,746,-1,974,746,975,-1,975,746,976,-1,977,973,978,-1,812,979,879,-1,879,979,920,-1,879,920,980,-1,980,920,68,-1,81,80,981,-1,981,80,982,-1,981,982,983,-1,983,982,884,-1,983,884,984,-1,984,884,885,-1,985,986,926,-1,926,986,987,-1,926,987,746,-1,746,987,988,-1,746,988,927,-1,989,990,991,-1,991,990,992,-1,991,992,993,-1,793,994,791,-1,791,994,995,-1,791,995,989,-1,996,997,998,-1,998,997,999,-1,999,1000,998,-1,998,1000,1001,-1,998,1001,1002,-1,1003,1004,791,-1,791,1004,1005,-1,791,1005,815,-1,815,1005,997,-1,815,997,1006,-1,1006,997,996,-1,932,1007,820,-1,820,1007,1008,-1,820,1008,755,-1,755,1008,1009,-1,755,1009,933,-1,1010,1011,755,-1,755,1011,1012,-1,755,1012,891,-1,891,1012,937,-1,891,937,1013,-1,1013,937,938,-1,1014,1015,950,-1,950,1015,1016,-1,950,1016,951,-1,951,1017,791,-1,791,1017,1018,-1,791,1018,952,-1,952,1018,1019,-1,952,1019,1020,-1,1020,1021,952,-1,952,1021,1022,-1,952,1022,1023,-1,1023,1022,1024,-1,955,1025,791,-1,791,1025,1026,-1,791,1026,1027,-1,1028,976,1029,-1,1029,976,746,-1,1029,746,971,-1,971,746,802,-1,971,802,969,-1,1028,1030,976,-1,976,1030,1031,-1,976,1031,1032,-1,1033,698,697,-1,977,1034,973,-1,973,1034,1035,-1,973,1035,843,-1,843,1035,1036,-1,843,1036,907,-1,1037,841,1038,-1,1038,841,843,-1,1038,843,1039,-1,1039,843,909,-1,423,424,1040,-1,1040,424,1041,-1,1040,1041,1042,-1,1042,1041,1043,-1,1042,1043,867,-1,867,1043,1044,-1,867,1044,869,-1,412,431,1045,-1,1045,431,1046,-1,1045,1046,1047,-1,1047,1046,1048,-1,1047,1048,876,-1,876,1048,1049,-1,876,1049,878,-1,446,445,1050,-1,1050,445,1051,-1,1050,1051,1052,-1,1052,1051,1053,-1,1052,1053,926,-1,926,1053,1054,-1,926,1054,985,-1,561,1055,890,-1,890,1055,1056,-1,890,1056,748,-1,991,1057,989,-1,989,1057,1058,-1,989,1058,791,-1,791,1058,1059,-1,791,1059,1003,-1,662,661,1060,-1,1060,661,1061,-1,1060,1061,839,-1,839,1061,1062,-1,839,1062,840,-1,1063,658,657,-1,1064,654,653,-1,953,1065,791,-1,791,1065,1066,-1,791,1066,1067,-1,1068,757,1069,-1,1069,757,791,-1,1069,791,1070,-1,1070,791,1027,-1,1071,1072,1073,-1,1073,1072,1074,-1,1073,1074,1075,-1,1075,1074,639,-1,1075,639,672,-1,672,639,797,-1,672,797,686,-1,686,797,1076,-1,686,1076,847,-1,1077,702,701,-1,697,1078,1033,-1,1033,1078,1079,-1,1033,1079,1032,-1,1032,1079,1080,-1,1032,1080,976,-1,978,1081,977,-1,977,1081,1082,-1,977,1082,1083,-1,1084,694,693,-1,690,689,1085,-1,1085,689,841,-1,1085,841,1086,-1,1086,841,1037,-1,1087,616,615,-1,608,607,1088,-1,1088,607,1089,-1,1088,1089,820,-1,820,1089,1090,-1,820,1090,931,-1,902,1091,944,-1,944,1091,1063,-1,944,1063,1092,-1,1092,1063,657,-1,950,1093,1014,-1,1014,1093,1064,-1,1014,1064,1094,-1,1094,1064,653,-1,1095,650,649,-1,1096,1097,1098,-1,1098,1097,954,-1,1098,954,1099,-1,1099,954,791,-1,1099,791,1100,-1,1100,791,1067,-1,642,631,1101,-1,1101,631,1102,-1,966,1103,964,-1,964,1103,1077,-1,964,1077,1104,-1,1104,1077,701,-1,1083,1105,977,-1,977,1105,1084,-1,977,1084,1106,-1,1106,1084,693,-1,993,1107,991,-1,991,1107,1087,-1,991,1087,1108,-1,1108,1087,615,-1,934,1109,755,-1,755,1109,1110,-1,755,1110,823,-1,599,598,1111,-1,1111,598,1112,-1,1111,1112,937,-1,937,1112,1113,-1,937,1113,935,-1,1022,1114,1024,-1,1024,1114,1095,-1,1024,1095,1115,-1,1115,1095,649,-1,1116,646,645,-1,1068,1117,757,-1,757,1117,1101,-1,757,1101,1118,-1,1118,1101,1102,-1,824,1119,823,-1,823,1119,1120,-1,823,1120,755,-1,755,1120,1121,-1,755,1121,1010,-1,1098,1122,1096,-1,1096,1122,1116,-1,1096,1116,1123,-1,1123,1116,645,-1,620,621,1124,-1,1124,621,1125,-1,1124,1125,1001,-1,1001,1125,1126,-1,1001,1126,1002,-1,
        ]
    }
}
Shape{
    appearance Appearance {
        material  Material 	{
            diffuseColor 1.0 1.0 1.0
            specularColor 0.5019607843137255 0.5019607843137255 0.5019607843137255
            ambientIntensity 1.0
            transparency 0.0
            shininess 0.5
        }
    }
    geometry IndexedFaceSet {
        ccw TRUE
        solid FALSE
        coord DEF co Coordinate {
            point [
                -0.711 0.829 0.3504, -0.7009 0.8534 0.3504, -0.7987 0.8797 0.3504, -0.6974 0.8797 0.3504, -0.7009 0.9059 0.3504, -0.7725 0.7818 0.3504, -0.7481 0.7919 0.3504, -0.7271 0.808 0.3504, -0.8493 0.7919 0.3504, -0.8249 0.7818 0.3504, -0.7987 0.7784 0.3504, -0.8965 0.8534 0.3504, -0.8864 0.829 0.3504, -0.8703 0.808 0.3504, -0.8864 0.9303 0.3504, -0.8965 0.9059 0.3504, -0.9 0.8797 0.3504, -0.8249 0.9775 0.3504, -0.8493 0.9674 0.3504, -0.8703 0.9513 0.3504, -0.7481 0.9674 0.3504, -0.7725 0.9775 0.3504, -0.7987 0.9809 0.3504, -0.711 0.9303 0.3504, -0.7271 0.9513 0.3504
            ]
        }
        coordIndex [
            0,1,2,-1,2,1,3,-1,2,3,4,-1,5,6,2,-1,2,6,7,-1,2,7,0,-1,8,9,2,-1,2,9,10,-1,2,10,5,-1,11,12,2,-1,2,12,13,-1,2,13,8,-1,14,15,2,-1,2,15,16,-1,2,16,11,-1,17,18,2,-1,2,18,19,-1,2,19,14,-1,20,21,2,-1,2,21,22,-1,2,22,17,-1,4,23,2,-1,2,23,24,-1,2,24,20,-1,
        ]
    }
}
Shape{
    appearance Appearance {
        material  Material 	{
            diffuseColor 0.7529411764705882 0.7529411764705882 0.7529411764705882
            specularColor 0.3764705882352941 0.3764705882352941 0.3764705882352941
            ambientIntensity 0.7529
            transparency 0.0
            shininess 0.5
        }
    }
    geometry IndexedFaceSet {
        ccw TRUE
        solid FALSE
        coord DEF co Coordinate {
            point [
                -0.9846 -0.7167 0.0787, -0.9846 -0.8152 0.0787, -0.9843 -0.7167 0.0787, -0.9843 -0.8152 0.0787, -0.9843 -0.8152 0.0079, -0.9846 -0.8152 0.0, -0.8764 -0.8152 0.0079, -0.8764 -0.8152 0.0, -0.8636 -0.8135 0.0, -0.8636 -0.8135 0.0079, -0.8518 -0.8086 0.0, -0.8518 -0.8086 0.0079, -0.8416 -0.8007 0.0, -0.8416 -0.8007 0.0079, -0.8338 -0.7906 0.0, -0.8338 -0.7906 0.0079, -0.8288 -0.7787 0.0, -0.8288 -0.7787 0.0079, -0.8272 -0.7659 0.0, -0.8272 -0.7659 0.0079, -0.8288 -0.7532 0.0, -0.8288 -0.7532 0.0079, -0.8338 -0.7413 0.0, -0.8338 -0.7413 0.0079, -0.8416 -0.7311 0.0, -0.8416 -0.7311 0.0079, -0.8518 -0.7233 0.0, -0.8518 -0.7233 0.0079, -0.8636 -0.7184 0.0, -0.8636 -0.7184 0.0079, -0.8764 -0.7167 0.0, -0.8764 -0.7167 0.0079, -0.9843 -0.7167 0.0079, -0.9846 -0.7167 0.0, -0.9843 0.6219 0.0787, -0.9843 0.5234 0.0787, -0.9843 0.6219 0.0787, -0.9843 0.5234 0.0787, -0.9843 0.5234 0.0079, -0.9843 0.5234 0.0, -0.876 0.5234 0.0079, -0.876 0.5234 0.0, -0.8633 0.5251 0.0, -0.8633 0.5251 0.0079, -0.8514 0.53 0.0, -0.8514 0.53 0.0079, -0.8412 0.5378 0.0, -0.8412 0.5378 0.0079, -0.8334 0.548 0.0, -0.8334 0.548 0.0079, -0.8285 0.5599 0.0, -0.8285 0.5599 0.0079, -0.8268 0.5726 0.0, -0.8268 0.5726 0.0079, -0.8285 0.5854 0.0, -0.8285 0.5854 0.0079, -0.8334 0.5972 0.0, -0.8334 0.5972 0.0079, -0.8412 0.6074 0.0, -0.8412 0.6074 0.0079, -0.8514 0.6153 0.0, -0.8514 0.6153 0.0079, -0.8633 0.6202 0.0, -0.8633 0.6202 0.0079, -0.876 0.6219 0.0, -0.876 0.6219 0.0079, -0.9843 0.6219 0.0079, -0.9843 0.6219 0.0, -0.9846 -0.3821 0.0787, -0.9846 -0.4805 0.0787, -0.9843 -0.3821 0.0787, -0.9843 -0.4805 0.0787, -0.9843 -0.4805 0.0079, -0.9846 -0.4805 0.0, -0.8764 -0.4805 0.0079, -0.8764 -0.4805 0.0, -0.8636 -0.4788 0.0, -0.8636 -0.4788 0.0079, -0.8518 -0.4739 0.0, -0.8518 -0.4739 0.0079, -0.8416 -0.4661 0.0, -0.8416 -0.4661 0.0079, -0.8338 -0.4559 0.0, -0.8338 -0.4559 0.0079, -0.8288 -0.444 0.0, -0.8288 -0.444 0.0079, -0.8272 -0.4313 0.0, -0.8272 -0.4313 0.0079, -0.8288 -0.4186 0.0, -0.8288 -0.4186 0.0079, -0.8338 -0.4067 0.0, -0.8338 -0.4067 0.0079, -0.8416 -0.3965 0.0, -0.8416 -0.3965 0.0079, -0.8518 -0.3887 0.0, -0.8518 -0.3887 0.0079, -0.8636 -0.3838 0.0, -0.8636 -0.3838 0.0079, -0.8764 -0.3821 0.0, -0.8764 -0.3821 0.0079, -0.9843 -0.3821 0.0079, -0.9846 -0.3821 0.0, -0.9846 -0.0474 0.0787, -0.9846 -0.1459 0.0787, -0.9843 -0.0474 0.0787, -0.9843 -0.1459 0.0787, -0.9843 -0.1459 0.0079, -0.9846 -0.1459 0.0, -0.8764 -0.1459 0.0079, -0.8764 -0.1459 0.0, -0.8636 -0.1442 0.0, -0.8636 -0.1442 0.0079, -0.8518 -0.1393 0.0, -0.8518 -0.1393 0.0079, -0.8416 -0.1315 0.0, -0.8416 -0.1315 0.0079, -0.8338 -0.1213 0.0, -0.8338 -0.1213 0.0079, -0.8288 -0.1094 0.0, -0.8288 -0.1094 0.0079, -0.8272 -0.0967 0.0, -0.8272 -0.0967 0.0079, -0.8288 -0.0839 0.0, -0.8288 -0.0839 0.0079, -0.8338 -0.072 0.0, -0.8338 -0.072 0.0079, -0.8416 -0.0619 0.0, -0.8416 -0.0619 0.0079, -0.8518 -0.054 0.0, -0.8518 -0.054 0.0079, -0.8636 -0.0491 0.0, -0.8636 -0.0491 0.0079, -0.8764 -0.0474 0.0, -0.8764 -0.0474 0.0079, -0.9843 -0.0474 0.0079, -0.9846 -0.0474 0.0, -0.9846 0.2872 0.0787, -0.9846 0.1888 0.0787, -0.9843 0.2872 0.0787, -0.9843 0.1888 0.0787, -0.9843 0.1888 0.0079, -0.9846 0.1888 0.0, -0.8764 0.1888 0.0079, -0.8764 0.1888 0.0, -0.8636 0.1905 0.0, -0.8636 0.1905 0.0079, -0.8518 0.1954 0.0, -0.8518 0.1954 0.0079, -0.8416 0.2032 0.0, -0.8416 0.2032 0.0079, -0.8338 0.2134 0.0, -0.8338 0.2134 0.0079, -0.8288 0.2253 0.0, -0.8288 0.2253 0.0079, -0.8272 0.238 0.0, -0.8272 0.238 0.0079, -0.8288 0.2507 0.0, -0.8288 0.2507 0.0079, -0.8338 0.2626 0.0, -0.8338 0.2626 0.0079, -0.8416 0.2728 0.0, -0.8416 0.2728 0.0079, -0.8518 0.2806 0.0, -0.8518 0.2806 0.0079, -0.8636 0.2855 0.0, -0.8636 0.2855 0.0079, -0.8764 0.2872 0.0, -0.8764 0.2872 0.0079, -0.9843 0.2872 0.0079, -0.9846 0.2872 0.0, -0.9843 0.8187 0.0787, -0.9843 0.7203 0.0787, -0.9843 0.8187 0.0787, -0.9843 0.7203 0.0787, -0.9843 0.7203 0.0079, -0.9843 0.7203 0.0, -0.876 0.7203 0.0079, -0.876 0.7203 0.0, -0.8633 0.722 0.0, -0.8633 0.722 0.0079, -0.8514 0.7269 0.0, -0.8514 0.7269 0.0079, -0.8412 0.7347 0.0, -0.8412 0.7347 0.0079, -0.8334 0.7449 0.0, -0.8334 0.7449 0.0079, -0.8285 0.7568 0.0, -0.8285 0.7568 0.0079, -0.8268 0.7695 0.0, -0.8268 0.7695 0.0079, -0.8285 0.7822 0.0, -0.8285 0.7822 0.0079, -0.8334 0.7941 0.0, -0.8334 0.7941 0.0079, -0.8412 0.8043 0.0, -0.8412 0.8043 0.0079, -0.8514 0.8121 0.0, -0.8514 0.8121 0.0079, -0.8633 0.817 0.0, -0.8633 0.817 0.0079, -0.876 0.8187 0.0, -0.876 0.8187 0.0079, -0.9843 0.8187 0.0079, -0.9843 0.8187 0.0, 0.9843 0.7203 0.0787, 0.9843 0.7203 0.0787, 0.9843 0.8187 0.0787, 0.9843 0.8187 0.0787, 0.876 0.8187 0.0079, 0.876 0.8187 0.0, 0.8633 0.817 0.0, 0.8633 0.817 0.0079, 0.8514 0.8121 0.0, 0.8514 0.8121 0.0079, 0.8412 0.8043 0.0, 0.8412 0.8043 0.0079, 0.8334 0.7941 0.0, 0.8334 0.7941 0.0079, 0.8285 0.7822 0.0, 0.8285 0.7822 0.0079, 0.8268 0.7695 0.0, 0.8268 0.7695 0.0079, 0.8285 0.7568 0.0, 0.8285 0.7568 0.0079, 0.8334 0.7449 0.0, 0.8334 0.7449 0.0079, 0.8412 0.7347 0.0, 0.8412 0.7347 0.0079, 0.8514 0.7269 0.0, 0.8514 0.7269 0.0079, 0.8633 0.722 0.0, 0.8633 0.722 0.0079, 0.876 0.7203 0.0, 0.876 0.7203 0.0079, 0.9843 0.7203 0.0079, 0.9843 0.7203 0.0, 0.9843 0.8187 0.0079, 0.9843 0.8187 0.0, 0.9843 0.5234 0.0787, 0.9843 0.5234 0.0787, 0.9843 0.6219 0.0787, 0.9843 0.6219 0.0787, 0.876 0.6219 0.0079, 0.876 0.6219 0.0, 0.8633 0.6202 0.0, 0.8633 0.6202 0.0079, 0.8514 0.6153 0.0, 0.8514 0.6153 0.0079, 0.8412 0.6074 0.0, 0.8412 0.6074 0.0079, 0.8334 0.5972 0.0, 0.8334 0.5972 0.0079, 0.8285 0.5854 0.0, 0.8285 0.5854 0.0079, 0.8268 0.5726 0.0, 0.8268 0.5726 0.0079, 0.8285 0.5599 0.0, 0.8285 0.5599 0.0079, 0.8334 0.548 0.0, 0.8334 0.548 0.0079, 0.8412 0.5378 0.0, 0.8412 0.5378 0.0079, 0.8514 0.53 0.0, 0.8514 0.53 0.0079, 0.8633 0.5251 0.0, 0.8633 0.5251 0.0079, 0.876 0.5234 0.0, 0.876 0.5234 0.0079, 0.9843 0.5234 0.0079, 0.9843 0.5234 0.0, 0.9843 0.6219 0.0079, 0.9843 0.6219 0.0, 0.9843 0.1888 0.0787, 0.9846 0.1888 0.0787, 0.9843 0.2872 0.0787, 0.9846 0.2872 0.0787, 0.8764 0.2872 0.0079, 0.8764 0.2872 0.0, 0.8636 0.2855 0.0, 0.8636 0.2855 0.0079, 0.8518 0.2806 0.0, 0.8518 0.2806 0.0079, 0.8416 0.2728 0.0, 0.8416 0.2728 0.0079, 0.8338 0.2626 0.0, 0.8338 0.2626 0.0079, 0.8288 0.2507 0.0, 0.8288 0.2507 0.0079, 0.8272 0.238 0.0, 0.8272 0.238 0.0079, 0.8288 0.2253 0.0, 0.8288 0.2253 0.0079, 0.8338 0.2134 0.0, 0.8338 0.2134 0.0079, 0.8416 0.2032 0.0, 0.8416 0.2032 0.0079, 0.8518 0.1954 0.0, 0.8518 0.1954 0.0079, 0.8636 0.1905 0.0, 0.8636 0.1905 0.0079, 0.8764 0.1888 0.0, 0.8764 0.1888 0.0079, 0.9843 0.1888 0.0079, 0.9846 0.1888 0.0, 0.9843 0.2872 0.0079, 0.9846 0.2872 0.0, 0.9843 -0.1459 0.0787, 0.9846 -0.1459 0.0787, 0.9843 -0.0474 0.0787, 0.9846 -0.0474 0.0787, 0.8764 -0.0474 0.0079, 0.8764 -0.0474 0.0, 0.8636 -0.0491 0.0, 0.8636 -0.0491 0.0079, 0.8518 -0.054 0.0, 0.8518 -0.054 0.0079, 0.8416 -0.0619 0.0, 0.8416 -0.0619 0.0079, 0.8338 -0.072 0.0, 0.8338 -0.072 0.0079, 0.8288 -0.0839 0.0, 0.8288 -0.0839 0.0079, 0.8272 -0.0967 0.0, 0.8272 -0.0967 0.0079, 0.8288 -0.1094 0.0, 0.8288 -0.1094 0.0079, 0.8338 -0.1213 0.0, 0.8338 -0.1213 0.0079, 0.8416 -0.1315 0.0, 0.8416 -0.1315 0.0079, 0.8518 -0.1393 0.0, 0.8518 -0.1393 0.0079, 0.8636 -0.1442 0.0, 0.8636 -0.1442 0.0079, 0.8764 -0.1459 0.0, 0.8764 -0.1459 0.0079, 0.9843 -0.1459 0.0079, 0.9846 -0.1459 0.0, 0.9843 -0.0474 0.0079, 0.9846 -0.0474 0.0, 0.9843 -0.4805 0.0787, 0.9846 -0.4805 0.0787, 0.9843 -0.3821 0.0787, 0.9846 -0.3821 0.0787, 0.8764 -0.3821 0.0079, 0.8764 -0.3821 0.0, 0.8636 -0.3838 0.0, 0.8636 -0.3838 0.0079, 0.8518 -0.3887 0.0, 0.8518 -0.3887 0.0079, 0.8416 -0.3965 0.0, 0.8416 -0.3965 0.0079, 0.8338 -0.4067 0.0, 0.8338 -0.4067 0.0079, 0.8288 -0.4186 0.0, 0.8288 -0.4186 0.0079, 0.8272 -0.4313 0.0, 0.8272 -0.4313 0.0079, 0.8288 -0.444 0.0, 0.8288 -0.444 0.0079, 0.8338 -0.4559 0.0, 0.8338 -0.4559 0.0079, 0.8416 -0.4661 0.0, 0.8416 -0.4661 0.0079, 0.8518 -0.4739 0.0, 0.8518 -0.4739 0.0079, 0.8636 -0.4788 0.0, 0.8636 -0.4788 0.0079, 0.8764 -0.4805 0.0, 0.8764 -0.4805 0.0079, 0.9843 -0.4805 0.0079, 0.9846 -0.4805 0.0, 0.9843 -0.3821 0.0079, 0.9846 -0.3821 0.0, 0.9843 -0.8152 0.0787, 0.9846 -0.8152 0.0787, 0.9843 -0.7167 0.0787, 0.9846 -0.7167 0.0787, 0.8764 -0.7167 0.0079, 0.8764 -0.7167 0.0, 0.8636 -0.7184 0.0, 0.8636 -0.7184 0.0079, 0.8518 -0.7233 0.0, 0.8518 -0.7233 0.0079, 0.8416 -0.7311 0.0, 0.8416 -0.7311 0.0079, 0.8338 -0.7413 0.0, 0.8338 -0.7413 0.0079, 0.8288 -0.7532 0.0, 0.8288 -0.7532 0.0079, 0.8272 -0.7659 0.0, 0.8272 -0.7659 0.0079, 0.8288 -0.7787 0.0, 0.8288 -0.7787 0.0079, 0.8338 -0.7906 0.0, 0.8338 -0.7906 0.0079, 0.8416 -0.8007 0.0, 0.8416 -0.8007 0.0079, 0.8518 -0.8086 0.0, 0.8518 -0.8086 0.0079, 0.8636 -0.8135 0.0, 0.8636 -0.8135 0.0079, 0.8764 -0.8152 0.0, 0.8764 -0.8152 0.0079, 0.9843 -0.8152 0.0079, 0.9846 -0.8152 0.0, 0.9843 -0.7167 0.0079, 0.9846 -0.7167 0.0, -0.7382 -1.1793 0.0787, -0.7382 -1.1797 0.0787, -0.6398 -1.1793 0.0787, -0.6398 -1.1797 0.0787, -0.7382 -1.1793 0.0079, -0.7382 -1.0715 0.0079, -0.7382 -1.0715 0.0, -0.7382 -1.1797 0.0, -0.6398 -1.1793 0.0079, -0.6398 -1.1797 0.0, -0.6398 -1.0715 0.0079, -0.6398 -1.0715 0.0, -0.6414 -1.0587 0.0, -0.6414 -1.0587 0.0079, -0.6464 -1.0469 0.0, -0.6464 -1.0469 0.0079, -0.6542 -1.0367 0.0, -0.6542 -1.0367 0.0079, -0.6644 -1.0288 0.0, -0.6644 -1.0288 0.0079, -0.6762 -1.0239 0.0, -0.6762 -1.0239 0.0079, -0.689 -1.0222 0.0, -0.689 -1.0222 0.0079, -0.7017 -1.0239 0.0, -0.7017 -1.0239 0.0079, -0.7136 -1.0288 0.0, -0.7136 -1.0288 0.0079, -0.7238 -1.0367 0.0, -0.7238 -1.0367 0.0079, -0.7316 -1.0469 0.0, -0.7316 -1.0469 0.0079, -0.7365 -1.0587 0.0, -0.7365 -1.0587 0.0079, -0.5413 -1.1793 0.0787, -0.5413 -1.1797 0.0787, -0.4429 -1.1793 0.0787, -0.4429 -1.1797 0.0787, -0.5413 -1.1793 0.0079, -0.5413 -1.0715 0.0079, -0.5413 -1.0715 0.0, -0.5413 -1.1797 0.0, -0.4429 -1.1793 0.0079, -0.4429 -1.1797 0.0, -0.4429 -1.0715 0.0079, -0.4429 -1.0715 0.0, -0.4446 -1.0587 0.0, -0.4446 -1.0587 0.0079, -0.4495 -1.0469 0.0, -0.4495 -1.0469 0.0079, -0.4573 -1.0367 0.0, -0.4573 -1.0367 0.0079, -0.4675 -1.0288 0.0, -0.4675 -1.0288 0.0079, -0.4794 -1.0239 0.0, -0.4794 -1.0239 0.0079, -0.4921 -1.0222 0.0, -0.4921 -1.0222 0.0079, -0.5049 -1.0239 0.0, -0.5049 -1.0239 0.0079, -0.5167 -1.0288 0.0, -0.5167 -1.0288 0.0079, -0.5269 -1.0367 0.0, -0.5269 -1.0367 0.0079, -0.5347 -1.0469 0.0, -0.5347 -1.0469 0.0079, -0.5397 -1.0587 0.0, -0.5397 -1.0587 0.0079, -0.3445 -1.1793 0.0787, -0.3445 -1.1797 0.0787, -0.2461 -1.1793 0.0787, -0.2461 -1.1797 0.0787, -0.3445 -1.1793 0.0079, -0.3445 -1.0715 0.0079, -0.3445 -1.0715 0.0, -0.3445 -1.1797 0.0, -0.2461 -1.1793 0.0079, -0.2461 -1.1797 0.0, -0.2461 -1.0715 0.0079, -0.2461 -1.0715 0.0, -0.2477 -1.0587 0.0, -0.2477 -1.0587 0.0079, -0.2527 -1.0469 0.0, -0.2527 -1.0469 0.0079, -0.2605 -1.0367 0.0, -0.2605 -1.0367 0.0079, -0.2707 -1.0288 0.0, -0.2707 -1.0288 0.0079, -0.2825 -1.0239 0.0, -0.2825 -1.0239 0.0079, -0.2953 -1.0222 0.0, -0.2953 -1.0222 0.0079, -0.308 -1.0239 0.0, -0.308 -1.0239 0.0079, -0.3199 -1.0288 0.0, -0.3199 -1.0288 0.0079, -0.3301 -1.0367 0.0, -0.3301 -1.0367 0.0079, -0.3379 -1.0469 0.0, -0.3379 -1.0469 0.0079, -0.3428 -1.0587 0.0, -0.3428 -1.0587 0.0079, -0.1476 -1.1793 0.0787, -0.1476 -1.1797 0.0787, -0.0492 -1.1793 0.0787, -0.0492 -1.1797 0.0787, -0.1476 -1.1793 0.0079, -0.1476 -1.0715 0.0079, -0.1476 -1.0715 0.0, -0.1476 -1.1797 0.0, -0.0492 -1.1793 0.0079, -0.0492 -1.1797 0.0, -0.0492 -1.0715 0.0079, -0.0492 -1.0715 0.0, -0.0509 -1.0587 0.0, -0.0509 -1.0587 0.0079, -0.0558 -1.0469 0.0, -0.0558 -1.0469 0.0079, -0.0636 -1.0367 0.0, -0.0636 -1.0367 0.0079, -0.0738 -1.0288 0.0, -0.0738 -1.0288 0.0079, -0.0857 -1.0239 0.0, -0.0857 -1.0239 0.0079, -0.0984 -1.0222 0.0, -0.0984 -1.0222 0.0079, -0.1112 -1.0239 0.0, -0.1112 -1.0239 0.0079, -0.123 -1.0288 0.0, -0.123 -1.0288 0.0079, -0.1332 -1.0367 0.0, -0.1332 -1.0367 0.0079, -0.141 -1.0469 0.0, -0.141 -1.0469 0.0079, -0.146 -1.0587 0.0, -0.146 -1.0587 0.0079, 0.0492 -1.1793 0.0787, 0.0492 -1.1797 0.0787, 0.1476 -1.1793 0.0787, 0.1476 -1.1797 0.0787, 0.0492 -1.1793 0.0079, 0.0492 -1.0715 0.0079, 0.0492 -1.0715 0.0, 0.0492 -1.1797 0.0, 0.1476 -1.1793 0.0079, 0.1476 -1.1797 0.0, 0.1476 -1.0715 0.0079, 0.1476 -1.0715 0.0, 0.146 -1.0587 0.0, 0.146 -1.0587 0.0079, 0.141 -1.0469 0.0, 0.141 -1.0469 0.0079, 0.1332 -1.0367 0.0, 0.1332 -1.0367 0.0079, 0.123 -1.0288 0.0, 0.123 -1.0288 0.0079, 0.1112 -1.0239 0.0, 0.1112 -1.0239 0.0079, 0.0984 -1.0222 0.0, 0.0984 -1.0222 0.0079, 0.0857 -1.0239 0.0, 0.0857 -1.0239 0.0079, 0.0738 -1.0288 0.0, 0.0738 -1.0288 0.0079, 0.0636 -1.0367 0.0, 0.0636 -1.0367 0.0079, 0.0558 -1.0469 0.0, 0.0558 -1.0469 0.0079, 0.0509 -1.0587 0.0, 0.0509 -1.0587 0.0079, 0.2461 -1.1793 0.0787, 0.2461 -1.1797 0.0787, 0.3445 -1.1793 0.0787, 0.3445 -1.1797 0.0787, 0.2461 -1.1793 0.0079, 0.2461 -1.0715 0.0079, 0.2461 -1.0715 0.0, 0.2461 -1.1797 0.0, 0.3445 -1.1793 0.0079, 0.3445 -1.1797 0.0, 0.3445 -1.0715 0.0079, 0.3445 -1.0715 0.0, 0.3428 -1.0587 0.0, 0.3428 -1.0587 0.0079, 0.3379 -1.0469 0.0, 0.3379 -1.0469 0.0079, 0.3301 -1.0367 0.0, 0.3301 -1.0367 0.0079, 0.3199 -1.0288 0.0, 0.3199 -1.0288 0.0079, 0.308 -1.0239 0.0, 0.308 -1.0239 0.0079, 0.2953 -1.0222 0.0, 0.2953 -1.0222 0.0079, 0.2825 -1.0239 0.0, 0.2825 -1.0239 0.0079, 0.2707 -1.0288 0.0, 0.2707 -1.0288 0.0079, 0.2605 -1.0367 0.0, 0.2605 -1.0367 0.0079, 0.2527 -1.0469 0.0, 0.2527 -1.0469 0.0079, 0.2477 -1.0587 0.0, 0.2477 -1.0587 0.0079, 0.4429 -1.1793 0.0787, 0.4429 -1.1797 0.0787, 0.5413 -1.1793 0.0787, 0.5413 -1.1797 0.0787, 0.4429 -1.1793 0.0079, 0.4429 -1.0715 0.0079, 0.4429 -1.0715 0.0, 0.4429 -1.1797 0.0, 0.5413 -1.1793 0.0079, 0.5413 -1.1797 0.0, 0.5413 -1.0715 0.0079, 0.5413 -1.0715 0.0, 0.5397 -1.0587 0.0, 0.5397 -1.0587 0.0079, 0.5347 -1.0469 0.0, 0.5347 -1.0469 0.0079, 0.5269 -1.0367 0.0, 0.5269 -1.0367 0.0079, 0.5167 -1.0288 0.0, 0.5167 -1.0288 0.0079, 0.5049 -1.0239 0.0, 0.5049 -1.0239 0.0079, 0.4921 -1.0222 0.0, 0.4921 -1.0222 0.0079, 0.4794 -1.0239 0.0, 0.4794 -1.0239 0.0079, 0.4675 -1.0288 0.0, 0.4675 -1.0288 0.0079, 0.4573 -1.0367 0.0, 0.4573 -1.0367 0.0079, 0.4495 -1.0469 0.0, 0.4495 -1.0469 0.0079, 0.4446 -1.0587 0.0, 0.4446 -1.0587 0.0079, 0.6398 -1.1793 0.0787, 0.6398 -1.1797 0.0787, 0.7382 -1.1793 0.0787, 0.7382 -1.1797 0.0787, 0.6398 -1.1793 0.0079, 0.6398 -1.0715 0.0079, 0.6398 -1.0715 0.0, 0.6398 -1.1797 0.0, 0.7382 -1.1793 0.0079, 0.7382 -1.1797 0.0, 0.7382 -1.0715 0.0079, 0.7382 -1.0715 0.0, 0.7365 -1.0587 0.0, 0.7365 -1.0587 0.0079, 0.7316 -1.0469 0.0, 0.7316 -1.0469 0.0079, 0.7238 -1.0367 0.0, 0.7238 -1.0367 0.0079, 0.7136 -1.0288 0.0, 0.7136 -1.0288 0.0079, 0.7017 -1.0239 0.0, 0.7017 -1.0239 0.0079, 0.689 -1.0222 0.0, 0.689 -1.0222 0.0079, 0.6762 -1.0239 0.0, 0.6762 -1.0239 0.0079, 0.6644 -1.0288 0.0, 0.6644 -1.0288 0.0079, 0.6542 -1.0367 0.0, 0.6542 -1.0367 0.0079, 0.6464 -1.0469 0.0, 0.6464 -1.0469 0.0079, 0.6414 -1.0587 0.0, 0.6414 -1.0587 0.0079, 0.7382 1.1833 0.0787, 0.6398 1.1833 0.0787, 0.7382 1.1829 0.0787, 0.6398 1.1829 0.0787, 0.6398 1.075 0.0079, 0.6398 1.075 0.0, 0.6414 1.0623 0.0, 0.6414 1.0623 0.0079, 0.6464 1.0504 0.0, 0.6464 1.0504 0.0079, 0.6542 1.0402 0.0, 0.6542 1.0402 0.0079, 0.6644 1.0324 0.0, 0.6644 1.0324 0.0079, 0.6762 1.0275 0.0, 0.6762 1.0275 0.0079, 0.689 1.0258 0.0, 0.689 1.0258 0.0079, 0.7017 1.0275 0.0, 0.7017 1.0275 0.0079, 0.7136 1.0324 0.0, 0.7136 1.0324 0.0079, 0.7238 1.0402 0.0, 0.7238 1.0402 0.0079, 0.7316 1.0504 0.0, 0.7316 1.0504 0.0079, 0.7365 1.0623 0.0, 0.7365 1.0623 0.0079, 0.7382 1.075 0.0, 0.7382 1.075 0.0079, 0.7382 1.1829 0.0079, 0.7382 1.1833 0.0, 0.6398 1.1829 0.0079, 0.6398 1.1833 0.0, 0.5413 1.1833 0.0787, 0.4429 1.1833 0.0787, 0.5413 1.1829 0.0787, 0.4429 1.1829 0.0787, 0.4429 1.075 0.0079, 0.4429 1.075 0.0, 0.4446 1.0623 0.0, 0.4446 1.0623 0.0079, 0.4495 1.0504 0.0, 0.4495 1.0504 0.0079, 0.4573 1.0402 0.0, 0.4573 1.0402 0.0079, 0.4675 1.0324 0.0, 0.4675 1.0324 0.0079, 0.4794 1.0275 0.0, 0.4794 1.0275 0.0079, 0.4921 1.0258 0.0, 0.4921 1.0258 0.0079, 0.5049 1.0275 0.0, 0.5049 1.0275 0.0079, 0.5167 1.0324 0.0, 0.5167 1.0324 0.0079, 0.5269 1.0402 0.0, 0.5269 1.0402 0.0079, 0.5347 1.0504 0.0, 0.5347 1.0504 0.0079, 0.5397 1.0623 0.0, 0.5397 1.0623 0.0079, 0.5413 1.075 0.0, 0.5413 1.075 0.0079, 0.5413 1.1829 0.0079, 0.5413 1.1833 0.0, 0.4429 1.1829 0.0079, 0.4429 1.1833 0.0, 0.3445 1.1833 0.0787, 0.2461 1.1833 0.0787, 0.3445 1.1829 0.0787, 0.2461 1.1829 0.0787, 0.2461 1.075 0.0079, 0.2461 1.075 0.0, 0.2477 1.0623 0.0, 0.2477 1.0623 0.0079, 0.2527 1.0504 0.0, 0.2527 1.0504 0.0079, 0.2605 1.0402 0.0, 0.2605 1.0402 0.0079, 0.2707 1.0324 0.0, 0.2707 1.0324 0.0079, 0.2825 1.0275 0.0, 0.2825 1.0275 0.0079, 0.2953 1.0258 0.0, 0.2953 1.0258 0.0079, 0.308 1.0275 0.0, 0.308 1.0275 0.0079, 0.3199 1.0324 0.0, 0.3199 1.0324 0.0079, 0.3301 1.0402 0.0, 0.3301 1.0402 0.0079, 0.3379 1.0504 0.0, 0.3379 1.0504 0.0079, 0.3428 1.0623 0.0, 0.3428 1.0623 0.0079, 0.3445 1.075 0.0, 0.3445 1.075 0.0079, 0.3445 1.1829 0.0079, 0.3445 1.1833 0.0, 0.2461 1.1829 0.0079, 0.2461 1.1833 0.0, 0.1476 1.1833 0.0787, 0.0492 1.1833 0.0787, 0.1476 1.1829 0.0787, 0.0492 1.1829 0.0787, 0.0492 1.075 0.0079, 0.0492 1.075 0.0, 0.0509 1.0623 0.0, 0.0509 1.0623 0.0079, 0.0558 1.0504 0.0, 0.0558 1.0504 0.0079, 0.0636 1.0402 0.0, 0.0636 1.0402 0.0079, 0.0738 1.0324 0.0, 0.0738 1.0324 0.0079, 0.0857 1.0275 0.0, 0.0857 1.0275 0.0079, 0.0984 1.0258 0.0, 0.0984 1.0258 0.0079, 0.1112 1.0275 0.0, 0.1112 1.0275 0.0079, 0.123 1.0324 0.0, 0.123 1.0324 0.0079, 0.1332 1.0402 0.0, 0.1332 1.0402 0.0079, 0.141 1.0504 0.0, 0.141 1.0504 0.0079, 0.146 1.0623 0.0, 0.146 1.0623 0.0079, 0.1476 1.075 0.0, 0.1476 1.075 0.0079, 0.1476 1.1829 0.0079, 0.1476 1.1833 0.0, 0.0492 1.1829 0.0079, 0.0492 1.1833 0.0, -0.0492 1.1833 0.0787, -0.1476 1.1833 0.0787, -0.0492 1.1829 0.0787, -0.1476 1.1829 0.0787, -0.1476 1.075 0.0079, -0.1476 1.075 0.0, -0.146 1.0623 0.0, -0.146 1.0623 0.0079, -0.141 1.0504 0.0, -0.141 1.0504 0.0079, -0.1332 1.0402 0.0, -0.1332 1.0402 0.0079, -0.123 1.0324 0.0, -0.123 1.0324 0.0079, -0.1112 1.0275 0.0, -0.1112 1.0275 0.0079, -0.0984 1.0258 0.0, -0.0984 1.0258 0.0079, -0.0857 1.0275 0.0, -0.0857 1.0275 0.0079, -0.0738 1.0324 0.0, -0.0738 1.0324 0.0079, -0.0636 1.0402 0.0, -0.0636 1.0402 0.0079, -0.0558 1.0504 0.0, -0.0558 1.0504 0.0079, -0.0509 1.0623 0.0, -0.0509 1.0623 0.0079, -0.0492 1.075 0.0, -0.0492 1.075 0.0079, -0.0492 1.1829 0.0079, -0.0492 1.1833 0.0, -0.1476 1.1829 0.0079, -0.1476 1.1833 0.0, -0.2461 1.1833 0.0787, -0.3445 1.1833 0.0787, -0.2461 1.1829 0.0787, -0.3445 1.1829 0.0787, -0.3445 1.075 0.0079, -0.3445 1.075 0.0, -0.3428 1.0623 0.0, -0.3428 1.0623 0.0079, -0.3379 1.0504 0.0, -0.3379 1.0504 0.0079, -0.3301 1.0402 0.0, -0.3301 1.0402 0.0079, -0.3199 1.0324 0.0, -0.3199 1.0324 0.0079, -0.308 1.0275 0.0, -0.308 1.0275 0.0079, -0.2953 1.0258 0.0, -0.2953 1.0258 0.0079, -0.2825 1.0275 0.0, -0.2825 1.0275 0.0079, -0.2707 1.0324 0.0, -0.2707 1.0324 0.0079, -0.2605 1.0402 0.0, -0.2605 1.0402 0.0079, -0.2527 1.0504 0.0, -0.2527 1.0504 0.0079, -0.2477 1.0623 0.0, -0.2477 1.0623 0.0079, -0.2461 1.075 0.0, -0.2461 1.075 0.0079, -0.2461 1.1829 0.0079, -0.2461 1.1833 0.0, -0.3445 1.1829 0.0079, -0.3445 1.1833 0.0, -0.4429 1.1833 0.0787, -0.5413 1.1833 0.0787, -0.4429 1.1829 0.0787, -0.5413 1.1829 0.0787, -0.5413 1.075 0.0079, -0.5413 1.075 0.0, -0.5397 1.0623 0.0, -0.5397 1.0623 0.0079, -0.5347 1.0504 0.0, -0.5347 1.0504 0.0079, -0.5269 1.0402 0.0, -0.5269 1.0402 0.0079, -0.5167 1.0324 0.0, -0.5167 1.0324 0.0079, -0.5049 1.0275 0.0, -0.5049 1.0275 0.0079, -0.4921 1.0258 0.0, -0.4921 1.0258 0.0079, -0.4794 1.0275 0.0, -0.4794 1.0275 0.0079, -0.4675 1.0324 0.0, -0.4675 1.0324 0.0079, -0.4573 1.0402 0.0, -0.4573 1.0402 0.0079, -0.4495 1.0504 0.0, -0.4495 1.0504 0.0079, -0.4446 1.0623 0.0, -0.4446 1.0623 0.0079, -0.4429 1.075 0.0, -0.4429 1.075 0.0079, -0.4429 1.1829 0.0079, -0.4429 1.1833 0.0, -0.5413 1.1829 0.0079, -0.5413 1.1833 0.0, -0.6398 1.1833 0.0787, -0.7382 1.1833 0.0787, -0.6398 1.1829 0.0787, -0.7382 1.1829 0.0787, -0.7382 1.075 0.0079, -0.7382 1.075 0.0, -0.7365 1.0623 0.0, -0.7365 1.0623 0.0079, -0.7316 1.0504 0.0, -0.7316 1.0504 0.0079, -0.7238 1.0402 0.0, -0.7238 1.0402 0.0079, -0.7136 1.0324 0.0, -0.7136 1.0324 0.0079, -0.7017 1.0275 0.0, -0.7017 1.0275 0.0079, -0.689 1.0258 0.0, -0.689 1.0258 0.0079, -0.6762 1.0275 0.0, -0.6762 1.0275 0.0079, -0.6644 1.0324 0.0, -0.6644 1.0324 0.0079, -0.6542 1.0402 0.0, -0.6542 1.0402 0.0079, -0.6464 1.0504 0.0, -0.6464 1.0504 0.0079, -0.6414 1.0623 0.0, -0.6414 1.0623 0.0079, -0.6398 1.075 0.0, -0.6398 1.075 0.0079, -0.6398 1.1829 0.0079, -0.6398 1.1833 0.0, -0.7382 1.1829 0.0079, -0.7382 1.1833 0.0, 0.5906 -0.7856 0.0, 0.5906 0.7892 0.0, 0.5906 -0.7856 0.0079, 0.5906 0.7892 0.0079, -0.3937 0.7892 0.0, -0.3937 0.7892 0.0079, -0.5906 0.5923 0.0, -0.5906 0.5923 0.0079, -0.5906 -0.7856 0.0, -0.5906 -0.7856 0.0079, 0.9846 -1.1203 0.0787, 0.9846 -1.0809 0.0787, 0.9843 -1.1203 0.0787, 0.9843 -1.0809 0.0787, 0.9846 -1.1203 0.0551, 0.9843 -1.1203 0.0551, 0.9846 -1.0809 0.0551, 0.9843 -1.0809 0.0551, 0.9846 1.1238 0.0787, 0.9846 1.1238 0.0551, 0.9843 1.1238 0.0787, 0.9843 1.1238 0.0551, 0.9846 1.0844 0.0787, 0.9843 1.0844 0.0787, 0.9846 1.0844 0.0551, 0.9843 1.0844 0.0551, -0.9846 -1.0809 0.0787, -0.9846 -1.1203 0.0787, -0.9843 -1.0809 0.0787, -0.9843 -1.1203 0.0787, -0.9846 -1.0809 0.0551, -0.9843 -1.0809 0.0551, -0.9846 -1.1203 0.0551, -0.9843 -1.1203 0.0551, -0.9846 1.1238 0.0551, -0.9846 1.1238 0.0787, -0.9843 1.1238 0.0551, -0.9843 1.1238 0.0787, -0.9846 1.0844 0.0551, -0.9843 1.0844 0.0551, -0.9846 1.0844 0.0787, -0.9843 1.0844 0.0787, 0.8858 -1.1797 0.0551, 0.8858 -1.1797 0.0787, 0.8858 -1.1793 0.0551, 0.8858 -1.1793 0.0787, 0.9252 -1.1797 0.0551, 0.9252 -1.1793 0.0551, 0.9252 -1.1797 0.0787, 0.9252 -1.1793 0.0787, -0.9252 -1.1797 0.0787, -0.8858 -1.1797 0.0787, -0.9252 -1.1793 0.0787, -0.8858 -1.1793 0.0787, -0.9252 -1.1797 0.0551, -0.9252 -1.1793 0.0551, -0.8858 -1.1797 0.0551, -0.8858 -1.1793 0.0551, 0.8858 1.1833 0.0787, 0.8858 1.1833 0.0551, 0.8858 1.1829 0.0787, 0.8858 1.1829 0.0551, 0.9252 1.1833 0.0787, 0.9252 1.1829 0.0787, 0.9252 1.1833 0.0551, 0.9252 1.1829 0.0551, -0.8858 1.1833 0.0787, -0.9252 1.1833 0.0787, -0.8858 1.1829 0.0787, -0.9252 1.1829 0.0787, -0.8858 1.1833 0.0551, -0.8858 1.1829 0.0551, -0.9252 1.1833 0.0551, -0.9252 1.1829 0.0551
            ]
        }
        coordIndex [
            0,1,2,-1,2,1,3,-1,3,1,4,-1,4,1,5,-1,4,5,6,-1,6,5,7,-1,6,7,8,-1,6,8,9,-1,9,8,10,-1,9,10,11,-1,11,10,12,-1,11,12,13,-1,13,12,14,-1,13,14,15,-1,15,14,16,-1,15,16,17,-1,17,16,18,-1,17,18,19,-1,19,18,20,-1,19,20,21,-1,21,20,22,-1,21,22,23,-1,23,22,24,-1,23,24,25,-1,25,24,26,-1,25,26,27,-1,27,26,28,-1,27,28,29,-1,29,28,30,-1,29,30,31,-1,0,2,32,-1,31,30,32,-1,32,30,33,-1,32,33,0,-1,5,1,33,-1,33,1,0,-1,5,33,7,-1,7,33,30,-1,7,30,8,-1,8,30,10,-1,10,30,28,-1,10,28,26,-1,10,20,18,-1,18,16,10,-1,10,16,14,-1,10,14,12,-1,26,24,10,-1,10,24,22,-1,10,22,20,-1,34,35,36,-1,36,35,37,-1,37,35,38,-1,38,35,39,-1,38,39,40,-1,40,39,41,-1,40,41,42,-1,40,42,43,-1,43,42,44,-1,43,44,45,-1,45,44,46,-1,45,46,47,-1,47,46,48,-1,47,48,49,-1,49,48,50,-1,49,50,51,-1,51,50,52,-1,51,52,53,-1,53,52,54,-1,53,54,55,-1,55,54,56,-1,55,56,57,-1,57,56,58,-1,57,58,59,-1,59,58,60,-1,59,60,61,-1,61,60,62,-1,61,62,63,-1,63,62,64,-1,63,64,65,-1,34,36,66,-1,65,64,66,-1,66,64,67,-1,66,67,34,-1,39,35,67,-1,67,35,34,-1,39,67,41,-1,41,67,64,-1,41,64,42,-1,42,64,44,-1,50,64,52,-1,52,64,54,-1,64,62,54,-1,54,62,60,-1,54,60,56,-1,56,60,58,-1,50,48,64,-1,64,48,46,-1,64,46,44,-1,68,69,70,-1,70,69,71,-1,71,69,72,-1,72,69,73,-1,72,73,74,-1,74,73,75,-1,74,75,76,-1,74,76,77,-1,77,76,78,-1,77,78,79,-1,79,78,80,-1,79,80,81,-1,81,80,82,-1,81,82,83,-1,83,82,84,-1,83,84,85,-1,85,84,86,-1,85,86,87,-1,87,86,88,-1,87,88,89,-1,89,88,90,-1,89,90,91,-1,91,90,92,-1,91,92,93,-1,93,92,94,-1,93,94,95,-1,95,94,96,-1,95,96,97,-1,97,96,98,-1,97,98,99,-1,68,70,100,-1,99,98,100,-1,100,98,101,-1,100,101,68,-1,73,69,101,-1,101,69,68,-1,75,73,101,-1,101,98,75,-1,75,98,96,-1,75,96,94,-1,94,92,75,-1,75,92,90,-1,75,90,88,-1,88,86,75,-1,75,86,84,-1,75,84,82,-1,82,80,75,-1,75,80,78,-1,75,78,76,-1,102,103,104,-1,104,103,105,-1,105,103,106,-1,106,103,107,-1,106,107,108,-1,108,107,109,-1,108,109,110,-1,108,110,111,-1,111,110,112,-1,111,112,113,-1,113,112,114,-1,113,114,115,-1,115,114,116,-1,115,116,117,-1,117,116,118,-1,117,118,119,-1,119,118,120,-1,119,120,121,-1,121,120,122,-1,121,122,123,-1,123,122,124,-1,123,124,125,-1,125,124,126,-1,125,126,127,-1,127,126,128,-1,127,128,129,-1,129,128,130,-1,129,130,131,-1,131,130,132,-1,131,132,133,-1,102,104,134,-1,133,132,134,-1,134,132,135,-1,134,135,102,-1,107,103,135,-1,135,103,102,-1,109,107,135,-1,135,132,109,-1,109,132,130,-1,109,130,128,-1,128,126,109,-1,109,126,124,-1,109,124,122,-1,122,120,109,-1,109,120,118,-1,109,118,116,-1,116,114,109,-1,109,114,112,-1,109,112,110,-1,136,137,138,-1,138,137,139,-1,139,137,140,-1,140,137,141,-1,140,141,142,-1,142,141,143,-1,142,143,144,-1,142,144,145,-1,145,144,146,-1,145,146,147,-1,147,146,148,-1,147,148,149,-1,149,148,150,-1,149,150,151,-1,151,150,152,-1,151,152,153,-1,153,152,154,-1,153,154,155,-1,155,154,156,-1,155,156,157,-1,157,156,158,-1,157,158,159,-1,159,158,160,-1,159,160,161,-1,161,160,162,-1,161,162,163,-1,163,162,164,-1,163,164,165,-1,165,164,166,-1,165,166,167,-1,136,138,168,-1,167,166,168,-1,168,166,169,-1,168,169,136,-1,141,137,169,-1,169,137,136,-1,152,166,154,-1,154,166,156,-1,152,150,166,-1,166,150,148,-1,166,148,146,-1,166,164,156,-1,156,164,162,-1,156,162,158,-1,158,162,160,-1,141,169,143,-1,143,169,166,-1,143,166,144,-1,144,166,146,-1,170,171,172,-1,172,171,173,-1,173,171,174,-1,174,171,175,-1,174,175,176,-1,176,175,177,-1,176,177,178,-1,176,178,179,-1,179,178,180,-1,179,180,181,-1,181,180,182,-1,181,182,183,-1,183,182,184,-1,183,184,185,-1,185,184,186,-1,185,186,187,-1,187,186,188,-1,187,188,189,-1,189,188,190,-1,189,190,191,-1,191,190,192,-1,191,192,193,-1,193,192,194,-1,193,194,195,-1,195,194,196,-1,195,196,197,-1,197,196,198,-1,197,198,199,-1,199,198,200,-1,199,200,201,-1,170,172,202,-1,201,200,202,-1,202,200,203,-1,202,203,170,-1,175,171,203,-1,203,171,170,-1,175,203,177,-1,177,203,200,-1,177,200,178,-1,178,200,180,-1,186,200,188,-1,188,200,190,-1,200,198,190,-1,190,198,196,-1,190,196,192,-1,192,196,194,-1,186,184,200,-1,200,184,182,-1,200,182,180,-1,204,205,206,-1,206,205,207,-1,208,209,210,-1,208,210,211,-1,211,210,212,-1,211,212,213,-1,213,212,214,-1,213,214,215,-1,215,214,216,-1,215,216,217,-1,217,216,218,-1,217,218,219,-1,219,218,220,-1,219,220,221,-1,221,220,222,-1,221,222,223,-1,223,222,224,-1,223,224,225,-1,225,224,226,-1,225,226,227,-1,227,226,228,-1,227,228,229,-1,229,228,230,-1,229,230,231,-1,231,230,232,-1,231,232,233,-1,205,204,234,-1,233,232,234,-1,234,232,235,-1,234,235,205,-1,206,207,236,-1,236,207,237,-1,236,237,208,-1,208,237,209,-1,237,207,235,-1,235,207,205,-1,212,210,222,-1,237,235,209,-1,209,235,232,-1,209,232,210,-1,210,232,230,-1,210,230,228,-1,228,226,210,-1,210,226,224,-1,210,224,222,-1,222,220,218,-1,218,216,222,-1,222,216,214,-1,222,214,212,-1,238,239,240,-1,240,239,241,-1,242,243,244,-1,242,244,245,-1,245,244,246,-1,245,246,247,-1,247,246,248,-1,247,248,249,-1,249,248,250,-1,249,250,251,-1,251,250,252,-1,251,252,253,-1,253,252,254,-1,253,254,255,-1,255,254,256,-1,255,256,257,-1,257,256,258,-1,257,258,259,-1,259,258,260,-1,259,260,261,-1,261,260,262,-1,261,262,263,-1,263,262,264,-1,263,264,265,-1,265,264,266,-1,265,266,267,-1,239,238,268,-1,267,266,268,-1,268,266,269,-1,268,269,239,-1,240,241,270,-1,270,241,271,-1,270,271,242,-1,242,271,243,-1,271,241,269,-1,269,241,239,-1,271,269,243,-1,243,269,266,-1,248,246,266,-1,266,246,244,-1,266,244,243,-1,256,262,258,-1,258,262,260,-1,256,254,262,-1,262,254,252,-1,262,252,264,-1,264,252,266,-1,266,252,250,-1,266,250,248,-1,272,273,274,-1,274,273,275,-1,276,277,278,-1,276,278,279,-1,279,278,280,-1,279,280,281,-1,281,280,282,-1,281,282,283,-1,283,282,284,-1,283,284,285,-1,285,284,286,-1,285,286,287,-1,287,286,288,-1,287,288,289,-1,289,288,290,-1,289,290,291,-1,291,290,292,-1,291,292,293,-1,293,292,294,-1,293,294,295,-1,295,294,296,-1,295,296,297,-1,297,296,298,-1,297,298,299,-1,299,298,300,-1,299,300,301,-1,273,272,302,-1,301,300,302,-1,302,300,303,-1,302,303,273,-1,274,275,304,-1,304,275,305,-1,304,305,276,-1,276,305,277,-1,305,275,303,-1,303,275,273,-1,305,303,277,-1,277,303,300,-1,300,290,288,-1,300,298,290,-1,290,298,296,-1,290,296,292,-1,292,296,294,-1,288,286,300,-1,300,286,284,-1,300,284,282,-1,282,280,300,-1,300,280,278,-1,300,278,277,-1,306,307,308,-1,308,307,309,-1,310,311,312,-1,310,312,313,-1,313,312,314,-1,313,314,315,-1,315,314,316,-1,315,316,317,-1,317,316,318,-1,317,318,319,-1,319,318,320,-1,319,320,321,-1,321,320,322,-1,321,322,323,-1,323,322,324,-1,323,324,325,-1,325,324,326,-1,325,326,327,-1,327,326,328,-1,327,328,329,-1,329,328,330,-1,329,330,331,-1,331,330,332,-1,331,332,333,-1,333,332,334,-1,333,334,335,-1,307,306,336,-1,335,334,336,-1,336,334,337,-1,336,337,307,-1,308,309,338,-1,338,309,339,-1,338,339,310,-1,310,339,311,-1,339,309,337,-1,337,309,307,-1,339,337,311,-1,311,337,334,-1,311,334,312,-1,312,334,314,-1,332,324,334,-1,334,324,322,-1,334,322,320,-1,332,330,324,-1,324,330,328,-1,324,328,326,-1,320,318,334,-1,334,318,316,-1,334,316,314,-1,340,341,342,-1,342,341,343,-1,344,345,346,-1,344,346,347,-1,347,346,348,-1,347,348,349,-1,349,348,350,-1,349,350,351,-1,351,350,352,-1,351,352,353,-1,353,352,354,-1,353,354,355,-1,355,354,356,-1,355,356,357,-1,357,356,358,-1,357,358,359,-1,359,358,360,-1,359,360,361,-1,361,360,362,-1,361,362,363,-1,363,362,364,-1,363,364,365,-1,365,364,366,-1,365,366,367,-1,367,366,368,-1,367,368,369,-1,341,340,370,-1,369,368,370,-1,370,368,371,-1,370,371,341,-1,342,343,372,-1,372,343,373,-1,372,373,344,-1,344,373,345,-1,373,343,371,-1,371,343,341,-1,373,371,345,-1,345,371,368,-1,345,368,346,-1,346,368,366,-1,346,366,364,-1,354,352,350,-1,364,362,346,-1,346,362,360,-1,346,360,358,-1,358,356,346,-1,346,356,354,-1,346,354,348,-1,348,354,350,-1,374,375,376,-1,376,375,377,-1,378,379,380,-1,378,380,381,-1,381,380,382,-1,381,382,383,-1,383,382,384,-1,383,384,385,-1,385,384,386,-1,385,386,387,-1,387,386,388,-1,387,388,389,-1,389,388,390,-1,389,390,391,-1,391,390,392,-1,391,392,393,-1,393,392,394,-1,393,394,395,-1,395,394,396,-1,395,396,397,-1,397,396,398,-1,397,398,399,-1,399,398,400,-1,399,400,401,-1,401,400,402,-1,401,402,403,-1,375,374,404,-1,403,402,404,-1,404,402,405,-1,404,405,375,-1,376,377,406,-1,406,377,407,-1,406,407,378,-1,378,407,379,-1,407,377,405,-1,405,377,375,-1,407,405,379,-1,379,405,402,-1,379,402,400,-1,400,398,379,-1,379,398,396,-1,379,396,380,-1,380,396,394,-1,380,394,392,-1,392,390,380,-1,380,390,388,-1,380,388,382,-1,382,388,386,-1,382,386,384,-1,408,409,410,-1,410,409,411,-1,409,408,412,-1,413,414,412,-1,412,414,415,-1,412,415,409,-1,410,411,416,-1,416,411,417,-1,416,417,418,-1,418,417,419,-1,418,419,420,-1,418,420,421,-1,421,420,422,-1,421,422,423,-1,423,422,424,-1,423,424,425,-1,425,424,426,-1,425,426,427,-1,427,426,428,-1,427,428,429,-1,429,428,430,-1,429,430,431,-1,431,430,432,-1,431,432,433,-1,433,432,434,-1,433,434,435,-1,435,434,436,-1,435,436,437,-1,437,436,438,-1,437,438,439,-1,439,438,440,-1,439,440,441,-1,441,440,414,-1,441,414,413,-1,417,411,415,-1,415,411,409,-1,417,415,419,-1,419,415,414,-1,440,438,436,-1,414,432,430,-1,430,428,414,-1,414,428,426,-1,414,426,424,-1,440,436,414,-1,414,436,434,-1,414,434,432,-1,424,422,414,-1,414,422,420,-1,414,420,419,-1,442,443,444,-1,444,443,445,-1,443,442,446,-1,447,448,446,-1,446,448,449,-1,446,449,443,-1,444,445,450,-1,450,445,451,-1,450,451,452,-1,452,451,453,-1,452,453,454,-1,452,454,455,-1,455,454,456,-1,455,456,457,-1,457,456,458,-1,457,458,459,-1,459,458,460,-1,459,460,461,-1,461,460,462,-1,461,462,463,-1,463,462,464,-1,463,464,465,-1,465,464,466,-1,465,466,467,-1,467,466,468,-1,467,468,469,-1,469,468,470,-1,469,470,471,-1,471,470,472,-1,471,472,473,-1,473,472,474,-1,473,474,475,-1,475,474,448,-1,475,448,447,-1,451,445,449,-1,449,445,443,-1,451,449,453,-1,453,449,448,-1,474,472,470,-1,448,466,464,-1,464,462,448,-1,448,462,460,-1,448,460,458,-1,474,470,448,-1,448,470,468,-1,448,468,466,-1,458,456,448,-1,448,456,454,-1,448,454,453,-1,476,477,478,-1,478,477,479,-1,477,476,480,-1,481,482,480,-1,480,482,483,-1,480,483,477,-1,478,479,484,-1,484,479,485,-1,484,485,486,-1,486,485,487,-1,486,487,488,-1,486,488,489,-1,489,488,490,-1,489,490,491,-1,491,490,492,-1,491,492,493,-1,493,492,494,-1,493,494,495,-1,495,494,496,-1,495,496,497,-1,497,496,498,-1,497,498,499,-1,499,498,500,-1,499,500,501,-1,501,500,502,-1,501,502,503,-1,503,502,504,-1,503,504,505,-1,505,504,506,-1,505,506,507,-1,507,506,508,-1,507,508,509,-1,509,508,482,-1,509,482,481,-1,485,479,483,-1,483,479,477,-1,487,485,483,-1,492,490,488,-1,483,482,487,-1,487,482,508,-1,487,508,506,-1,506,504,487,-1,487,504,502,-1,487,502,500,-1,500,498,487,-1,487,498,496,-1,487,496,488,-1,488,496,494,-1,488,494,492,-1,510,511,512,-1,512,511,513,-1,511,510,514,-1,515,516,514,-1,514,516,517,-1,514,517,511,-1,512,513,518,-1,518,513,519,-1,518,519,520,-1,520,519,521,-1,520,521,522,-1,520,522,523,-1,523,522,524,-1,523,524,525,-1,525,524,526,-1,525,526,527,-1,527,526,528,-1,527,528,529,-1,529,528,530,-1,529,530,531,-1,531,530,532,-1,531,532,533,-1,533,532,534,-1,533,534,535,-1,535,534,536,-1,535,536,537,-1,537,536,538,-1,537,538,539,-1,539,538,540,-1,539,540,541,-1,541,540,542,-1,541,542,543,-1,543,542,516,-1,543,516,515,-1,519,513,517,-1,517,513,511,-1,519,517,521,-1,521,517,516,-1,526,516,528,-1,528,516,530,-1,542,534,516,-1,516,534,532,-1,516,532,530,-1,542,540,534,-1,534,540,538,-1,534,538,536,-1,526,524,516,-1,516,524,522,-1,516,522,521,-1,544,545,546,-1,546,545,547,-1,545,544,548,-1,549,550,548,-1,548,550,551,-1,548,551,545,-1,546,547,552,-1,552,547,553,-1,552,553,554,-1,554,553,555,-1,554,555,556,-1,554,556,557,-1,557,556,558,-1,557,558,559,-1,559,558,560,-1,559,560,561,-1,561,560,562,-1,561,562,563,-1,563,562,564,-1,563,564,565,-1,565,564,566,-1,565,566,567,-1,567,566,568,-1,567,568,569,-1,569,568,570,-1,569,570,571,-1,571,570,572,-1,571,572,573,-1,573,572,574,-1,573,574,575,-1,575,574,576,-1,575,576,577,-1,577,576,550,-1,577,550,549,-1,553,547,551,-1,551,547,545,-1,553,551,555,-1,555,551,550,-1,566,564,555,-1,550,576,555,-1,555,576,574,-1,555,574,572,-1,572,570,555,-1,555,570,568,-1,555,568,566,-1,564,562,555,-1,555,562,560,-1,555,560,556,-1,556,560,558,-1,578,579,580,-1,580,579,581,-1,579,578,582,-1,583,584,582,-1,582,584,585,-1,582,585,579,-1,580,581,586,-1,586,581,587,-1,586,587,588,-1,588,587,589,-1,588,589,590,-1,588,590,591,-1,591,590,592,-1,591,592,593,-1,593,592,594,-1,593,594,595,-1,595,594,596,-1,595,596,597,-1,597,596,598,-1,597,598,599,-1,599,598,600,-1,599,600,601,-1,601,600,602,-1,601,602,603,-1,603,602,604,-1,603,604,605,-1,605,604,606,-1,605,606,607,-1,607,606,608,-1,607,608,609,-1,609,608,610,-1,609,610,611,-1,611,610,584,-1,611,584,583,-1,587,581,585,-1,585,581,579,-1,589,587,585,-1,594,592,590,-1,585,584,589,-1,589,584,610,-1,589,610,608,-1,608,606,589,-1,589,606,604,-1,589,604,602,-1,602,600,589,-1,589,600,598,-1,589,598,590,-1,590,598,596,-1,590,596,594,-1,612,613,614,-1,614,613,615,-1,613,612,616,-1,617,618,616,-1,616,618,619,-1,616,619,613,-1,614,615,620,-1,620,615,621,-1,620,621,622,-1,622,621,623,-1,622,623,624,-1,622,624,625,-1,625,624,626,-1,625,626,627,-1,627,626,628,-1,627,628,629,-1,629,628,630,-1,629,630,631,-1,631,630,632,-1,631,632,633,-1,633,632,634,-1,633,634,635,-1,635,634,636,-1,635,636,637,-1,637,636,638,-1,637,638,639,-1,639,638,640,-1,639,640,641,-1,641,640,642,-1,641,642,643,-1,643,642,644,-1,643,644,645,-1,645,644,618,-1,645,618,617,-1,621,615,619,-1,619,615,613,-1,621,619,623,-1,623,619,618,-1,644,642,640,-1,618,636,634,-1,634,632,618,-1,618,632,630,-1,618,630,628,-1,644,640,618,-1,618,640,638,-1,618,638,636,-1,628,626,618,-1,618,626,624,-1,618,624,623,-1,646,647,648,-1,648,647,649,-1,647,646,650,-1,651,652,650,-1,650,652,653,-1,650,653,647,-1,648,649,654,-1,654,649,655,-1,654,655,656,-1,656,655,657,-1,656,657,658,-1,656,658,659,-1,659,658,660,-1,659,660,661,-1,661,660,662,-1,661,662,663,-1,663,662,664,-1,663,664,665,-1,665,664,666,-1,665,666,667,-1,667,666,668,-1,667,668,669,-1,669,668,670,-1,669,670,671,-1,671,670,672,-1,671,672,673,-1,673,672,674,-1,673,674,675,-1,675,674,676,-1,675,676,677,-1,677,676,678,-1,677,678,679,-1,679,678,652,-1,679,652,651,-1,655,649,653,-1,653,649,647,-1,655,653,657,-1,657,653,652,-1,678,676,674,-1,652,670,668,-1,668,666,652,-1,652,666,664,-1,652,664,662,-1,678,674,652,-1,652,674,672,-1,652,672,670,-1,662,660,652,-1,652,660,658,-1,652,658,657,-1,680,681,682,-1,682,681,683,-1,684,685,686,-1,684,686,687,-1,687,686,688,-1,687,688,689,-1,689,688,690,-1,689,690,691,-1,691,690,692,-1,691,692,693,-1,693,692,694,-1,693,694,695,-1,695,694,696,-1,695,696,697,-1,697,696,698,-1,697,698,699,-1,699,698,700,-1,699,700,701,-1,701,700,702,-1,701,702,703,-1,703,702,704,-1,703,704,705,-1,705,704,706,-1,705,706,707,-1,707,706,708,-1,707,708,709,-1,680,682,710,-1,709,708,710,-1,710,708,711,-1,710,711,680,-1,683,681,712,-1,712,681,713,-1,712,713,684,-1,684,713,685,-1,713,681,711,-1,711,681,680,-1,713,711,685,-1,685,711,708,-1,708,698,696,-1,696,694,708,-1,708,694,692,-1,708,692,690,-1,690,688,708,-1,708,688,686,-1,708,686,685,-1,708,706,698,-1,698,706,704,-1,698,704,700,-1,700,704,702,-1,714,715,716,-1,716,715,717,-1,718,719,720,-1,718,720,721,-1,721,720,722,-1,721,722,723,-1,723,722,724,-1,723,724,725,-1,725,724,726,-1,725,726,727,-1,727,726,728,-1,727,728,729,-1,729,728,730,-1,729,730,731,-1,731,730,732,-1,731,732,733,-1,733,732,734,-1,733,734,735,-1,735,734,736,-1,735,736,737,-1,737,736,738,-1,737,738,739,-1,739,738,740,-1,739,740,741,-1,741,740,742,-1,741,742,743,-1,714,716,744,-1,743,742,744,-1,744,742,745,-1,744,745,714,-1,717,715,746,-1,746,715,747,-1,746,747,718,-1,718,747,719,-1,747,715,745,-1,745,715,714,-1,747,745,719,-1,719,745,742,-1,742,732,730,-1,730,728,742,-1,742,728,726,-1,742,726,724,-1,724,722,742,-1,742,722,720,-1,742,720,719,-1,742,740,732,-1,732,740,738,-1,732,738,734,-1,734,738,736,-1,748,749,750,-1,750,749,751,-1,752,753,754,-1,752,754,755,-1,755,754,756,-1,755,756,757,-1,757,756,758,-1,757,758,759,-1,759,758,760,-1,759,760,761,-1,761,760,762,-1,761,762,763,-1,763,762,764,-1,763,764,765,-1,765,764,766,-1,765,766,767,-1,767,766,768,-1,767,768,769,-1,769,768,770,-1,769,770,771,-1,771,770,772,-1,771,772,773,-1,773,772,774,-1,773,774,775,-1,775,774,776,-1,775,776,777,-1,748,750,778,-1,777,776,778,-1,778,776,779,-1,778,779,748,-1,751,749,780,-1,780,749,781,-1,780,781,752,-1,752,781,753,-1,781,749,779,-1,779,749,748,-1,762,776,764,-1,764,776,766,-1,781,779,753,-1,753,779,776,-1,753,776,754,-1,754,776,756,-1,762,760,776,-1,776,760,758,-1,776,758,756,-1,776,774,766,-1,766,774,772,-1,766,772,768,-1,768,772,770,-1,782,783,784,-1,784,783,785,-1,786,787,788,-1,786,788,789,-1,789,788,790,-1,789,790,791,-1,791,790,792,-1,791,792,793,-1,793,792,794,-1,793,794,795,-1,795,794,796,-1,795,796,797,-1,797,796,798,-1,797,798,799,-1,799,798,800,-1,799,800,801,-1,801,800,802,-1,801,802,803,-1,803,802,804,-1,803,804,805,-1,805,804,806,-1,805,806,807,-1,807,806,808,-1,807,808,809,-1,809,808,810,-1,809,810,811,-1,782,784,812,-1,811,810,812,-1,812,810,813,-1,812,813,782,-1,785,783,814,-1,814,783,815,-1,814,815,786,-1,786,815,787,-1,815,783,813,-1,813,783,782,-1,815,813,787,-1,787,813,810,-1,804,802,800,-1,798,796,810,-1,810,796,794,-1,810,794,792,-1,804,800,806,-1,792,790,810,-1,810,790,788,-1,810,788,787,-1,798,810,800,-1,800,810,808,-1,800,808,806,-1,816,817,818,-1,818,817,819,-1,820,821,822,-1,820,822,823,-1,823,822,824,-1,823,824,825,-1,825,824,826,-1,825,826,827,-1,827,826,828,-1,827,828,829,-1,829,828,830,-1,829,830,831,-1,831,830,832,-1,831,832,833,-1,833,832,834,-1,833,834,835,-1,835,834,836,-1,835,836,837,-1,837,836,838,-1,837,838,839,-1,839,838,840,-1,839,840,841,-1,841,840,842,-1,841,842,843,-1,843,842,844,-1,843,844,845,-1,816,818,846,-1,845,844,846,-1,846,844,847,-1,846,847,816,-1,819,817,848,-1,848,817,849,-1,848,849,820,-1,820,849,821,-1,849,817,847,-1,847,817,816,-1,849,847,821,-1,821,847,844,-1,832,830,821,-1,844,842,821,-1,821,842,840,-1,821,840,838,-1,838,836,821,-1,821,836,834,-1,821,834,832,-1,830,828,821,-1,821,828,826,-1,821,826,822,-1,822,826,824,-1,850,851,852,-1,852,851,853,-1,854,855,856,-1,854,856,857,-1,857,856,858,-1,857,858,859,-1,859,858,860,-1,859,860,861,-1,861,860,862,-1,861,862,863,-1,863,862,864,-1,863,864,865,-1,865,864,866,-1,865,866,867,-1,867,866,868,-1,867,868,869,-1,869,868,870,-1,869,870,871,-1,871,870,872,-1,871,872,873,-1,873,872,874,-1,873,874,875,-1,875,874,876,-1,875,876,877,-1,877,876,878,-1,877,878,879,-1,850,852,880,-1,879,878,880,-1,880,878,881,-1,880,881,850,-1,853,851,882,-1,882,851,883,-1,882,883,854,-1,854,883,855,-1,883,851,881,-1,881,851,850,-1,864,878,866,-1,866,878,868,-1,883,881,855,-1,855,881,878,-1,855,878,856,-1,856,878,858,-1,864,862,878,-1,878,862,860,-1,878,860,858,-1,878,876,868,-1,868,876,874,-1,868,874,870,-1,870,874,872,-1,884,885,886,-1,886,885,887,-1,888,889,890,-1,888,890,891,-1,891,890,892,-1,891,892,893,-1,893,892,894,-1,893,894,895,-1,895,894,896,-1,895,896,897,-1,897,896,898,-1,897,898,899,-1,899,898,900,-1,899,900,901,-1,901,900,902,-1,901,902,903,-1,903,902,904,-1,903,904,905,-1,905,904,906,-1,905,906,907,-1,907,906,908,-1,907,908,909,-1,909,908,910,-1,909,910,911,-1,911,910,912,-1,911,912,913,-1,884,886,914,-1,913,912,914,-1,914,912,915,-1,914,915,884,-1,887,885,916,-1,916,885,917,-1,916,917,888,-1,888,917,889,-1,917,885,915,-1,915,885,884,-1,917,915,889,-1,889,915,912,-1,912,902,900,-1,900,898,912,-1,912,898,896,-1,912,896,894,-1,894,892,912,-1,912,892,890,-1,912,890,889,-1,912,910,902,-1,902,910,908,-1,902,908,904,-1,904,908,906,-1,918,919,920,-1,920,919,921,-1,922,923,924,-1,922,924,925,-1,925,924,926,-1,925,926,927,-1,927,926,928,-1,927,928,929,-1,929,928,930,-1,929,930,931,-1,931,930,932,-1,931,932,933,-1,933,932,934,-1,933,934,935,-1,935,934,936,-1,935,936,937,-1,937,936,938,-1,937,938,939,-1,939,938,940,-1,939,940,941,-1,941,940,942,-1,941,942,943,-1,943,942,944,-1,943,944,945,-1,945,944,946,-1,945,946,947,-1,918,920,948,-1,947,946,948,-1,948,946,949,-1,948,949,918,-1,921,919,950,-1,950,919,951,-1,950,951,922,-1,922,951,923,-1,951,919,949,-1,949,919,918,-1,951,949,923,-1,923,949,946,-1,946,936,934,-1,934,932,946,-1,946,932,930,-1,946,930,928,-1,928,926,946,-1,946,926,924,-1,946,924,923,-1,946,944,936,-1,936,944,942,-1,936,942,938,-1,938,942,940,-1,952,953,954,-1,954,953,955,-1,953,956,955,-1,955,956,957,-1,956,958,957,-1,957,958,959,-1,958,960,959,-1,959,960,961,-1,960,952,961,-1,961,952,954,-1,956,953,958,-1,958,953,952,-1,958,952,960,-1,962,963,964,-1,964,963,965,-1,966,962,967,-1,967,962,964,-1,968,966,969,-1,969,966,967,-1,963,968,965,-1,965,968,969,-1,966,968,962,-1,962,968,963,-1,970,971,972,-1,972,971,973,-1,974,970,975,-1,975,970,972,-1,976,974,977,-1,977,974,975,-1,971,976,973,-1,973,976,977,-1,974,976,970,-1,970,976,971,-1,978,979,980,-1,980,979,981,-1,982,978,983,-1,983,978,980,-1,984,982,985,-1,985,982,983,-1,979,984,981,-1,981,984,985,-1,982,984,978,-1,978,984,979,-1,986,987,988,-1,988,987,989,-1,990,986,991,-1,991,986,988,-1,992,990,993,-1,993,990,991,-1,987,992,989,-1,989,992,993,-1,990,992,986,-1,986,992,987,-1,994,995,996,-1,996,995,997,-1,998,994,999,-1,999,994,996,-1,1000,998,1001,-1,1001,998,999,-1,995,1000,997,-1,997,1000,1001,-1,998,1000,994,-1,994,1000,995,-1,1002,1003,1004,-1,1004,1003,1005,-1,1006,1002,1007,-1,1007,1002,1004,-1,1008,1006,1009,-1,1009,1006,1007,-1,1003,1008,1005,-1,1005,1008,1009,-1,1006,1008,1002,-1,1002,1008,1003,-1,1010,1011,1012,-1,1012,1011,1013,-1,1014,1010,1015,-1,1015,1010,1012,-1,1016,1014,1017,-1,1017,1014,1015,-1,1011,1016,1013,-1,1013,1016,1017,-1,1014,1016,1010,-1,1010,1016,1011,-1,1018,1019,1020,-1,1020,1019,1021,-1,1022,1018,1023,-1,1023,1018,1020,-1,1024,1022,1025,-1,1025,1022,1023,-1,1019,1024,1021,-1,1021,1024,1025,-1,1022,1024,1018,-1,1018,1024,1019,-1,
        ]
    }
}
Shape{
    appearance Appearance {
        material  Material 	{
            diffuseColor 0.25098039215686274 0.25098039215686274 0.25098039215686274
            specularColor 0.12549019607843137 0.12549019607843137 0.12549019607843137
            ambientIntensity 0.251
            transparency 0.0
            shininess 0.5
        }
    }
    geometry IndexedFaceSet {
        ccw TRUE
        solid FALSE
        coord DEF co Coordinate {
            point [
                -0.9646 1.1829 0.3346, -0.9646 1.1829 0.0079, -0.9697 1.1822 0.0079, -0.9697 1.1822 0.3346, -0.9744 1.1802 0.0079, -0.9744 1.1802 0.3346, -0.9785 1.1771 0.0079, -0.9785 1.1771 0.3346, -0.9816 1.173 0.0079, -0.9816 1.173 0.3346, -0.9836 1.1683 0.0079, -0.9836 1.1683 0.3346, -0.9843 1.1632 0.0079, -0.9843 1.1632 0.3346, -0.9646 1.1632 0.3543, 0.9646 1.1632 0.3543, 0.9646 1.1683 0.3537, -0.9646 1.1683 0.3537, 0.9646 1.173 0.3517, -0.9646 1.173 0.3517, 0.9646 1.1771 0.3486, -0.9646 1.1771 0.3486, 0.9646 1.1802 0.3445, -0.9646 1.1802 0.3445, 0.9646 1.1822 0.3397, -0.9646 1.1822 0.3397, 0.9646 1.1829 0.3346, 0.9843 1.1632 0.3346, 0.9843 1.1632 0.0079, 0.9836 1.1683 0.0079, 0.9836 1.1683 0.3346, 0.9816 1.173 0.0079, 0.9816 1.173 0.3346, 0.9785 1.1771 0.0079, 0.9785 1.1771 0.3346, 0.9744 1.1802 0.0079, 0.9744 1.1802 0.3346, 0.9697 1.1822 0.0079, 0.9697 1.1822 0.3346, 0.9646 1.1829 0.0079, -0.9836 1.1632 0.3397, -0.9829 1.1681 0.3397, -0.9731 1.1681 0.3517, -0.969 1.1657 0.3537, -0.9682 1.1668 0.3537, -0.9659 1.1681 0.3537, -0.9695 1.1645 0.3537, -0.9741 1.1657 0.3517, -0.978 1.1668 0.3486, -0.9697 1.1632 0.3537, -0.9715 1.1701 0.3517, -0.9671 1.1676 0.3537, -0.9695 1.1717 0.3517, -0.9671 1.1727 0.3517, -0.9744 1.1632 0.3517, -0.9785 1.1632 0.3486, -0.9816 1.1632 0.3445, -0.9766 1.1701 0.3486, -0.9744 1.173 0.3486, -0.9715 1.1752 0.3486, -0.9682 1.1766 0.3486, -0.981 1.1676 0.3445, -0.9793 1.1717 0.3445, -0.9766 1.1752 0.3445, -0.9731 1.178 0.3445, -0.969 1.1797 0.3445, -0.981 1.1727 0.3397, -0.978 1.1766 0.3397, -0.9741 1.1797 0.3397, -0.9695 1.1816 0.3397, 0.9695 1.1816 0.3397, 0.9695 1.1717 0.3517, 0.9671 1.1676 0.3537, 0.9682 1.1668 0.3537, 0.9697 1.1632 0.3537, 0.9695 1.1645 0.3537, 0.9659 1.1681 0.3537, 0.9671 1.1727 0.3517, 0.9682 1.1766 0.3486, 0.9715 1.1701 0.3517, 0.969 1.1657 0.3537, 0.9731 1.1681 0.3517, 0.9741 1.1657 0.3517, 0.9744 1.1632 0.3517, 0.9715 1.1752 0.3486, 0.9744 1.173 0.3486, 0.9766 1.1701 0.3486, 0.978 1.1668 0.3486, 0.9785 1.1632 0.3486, 0.969 1.1797 0.3445, 0.9731 1.178 0.3445, 0.9766 1.1752 0.3445, 0.9793 1.1717 0.3445, 0.981 1.1676 0.3445, 0.9816 1.1632 0.3445, 0.9741 1.1797 0.3397, 0.978 1.1766 0.3397, 0.981 1.1727 0.3397, 0.9829 1.1681 0.3397, 0.9836 1.1632 0.3397, -0.9843 -1.1596 0.3346, -0.9843 -1.1596 0.0079, -0.9836 -1.1647 0.0079, -0.9836 -1.1647 0.3346, -0.9816 -1.1695 0.0079, -0.9816 -1.1695 0.3346, -0.9785 -1.1736 0.0079, -0.9785 -1.1736 0.3346, -0.9744 -1.1767 0.0079, -0.9744 -1.1767 0.3346, -0.9697 -1.1787 0.0079, -0.9697 -1.1787 0.3346, -0.9646 -1.1793 0.0079, -0.9646 -1.1793 0.3346, -0.9646 -1.1596 0.3543, -0.9697 -1.1596 0.3537, -0.9744 -1.1596 0.3517, -0.9785 -1.1596 0.3486, -0.9816 -1.1596 0.3445, -0.9836 -1.1596 0.3397, 0.9646 -1.1596 0.3543, 0.9697 -1.1596 0.3537, 0.9744 -1.1596 0.3517, 0.9785 -1.1596 0.3486, 0.9816 -1.1596 0.3445, 0.9836 -1.1596 0.3397, 0.9843 -1.1596 0.3346, 0.9646 -1.1793 0.0079, 0.9689 -1.1788 0.0079, 0.9646 -1.1793 0.3346, 0.9689 -1.1788 0.3346, 0.9697 -1.1787 0.3346, 0.9731 -1.1774 0.0079, 0.9731 -1.1773 0.3346, 0.9744 -1.1767 0.3346, 0.9768 -1.175 0.0079, 0.9767 -1.1749 0.3346, 0.9785 -1.1736 0.3346, 0.98 -1.1719 0.0079, 0.9798 -1.1718 0.3346, 0.9837 -1.164 0.3346, 0.9836 -1.1647 0.3346, 0.9823 -1.1682 0.0079, 0.9822 -1.1681 0.3346, 0.9816 -1.1695 0.3346, 0.9838 -1.164 0.0079, 0.9843 -1.1596 0.0079, -0.9646 -1.1787 0.3397, -0.9695 -1.178 0.3397, -0.9695 -1.1682 0.3517, -0.9671 -1.1641 0.3537, -0.9682 -1.1632 0.3537, -0.9695 -1.161 0.3537, -0.9659 -1.1646 0.3537, -0.9671 -1.1692 0.3517, -0.9682 -1.1731 0.3486, -0.9646 -1.1647 0.3537, -0.9715 -1.1666 0.3517, -0.969 -1.1622 0.3537, -0.9731 -1.1646 0.3517, -0.9741 -1.1622 0.3517, -0.9646 -1.1695 0.3517, -0.9646 -1.1736 0.3486, -0.9646 -1.1767 0.3445, -0.9715 -1.1717 0.3486, -0.9744 -1.1695 0.3486, -0.9766 -1.1666 0.3486, -0.978 -1.1632 0.3486, -0.969 -1.1761 0.3445, -0.9731 -1.1744 0.3445, -0.9766 -1.1717 0.3445, -0.9793 -1.1682 0.3445, -0.981 -1.1641 0.3445, -0.9741 -1.1761 0.3397, -0.978 -1.1731 0.3397, -0.981 -1.1692 0.3397, -0.9829 -1.1646 0.3397, 0.9695 -1.178 0.3397, 0.9741 -1.1761 0.3397, 0.978 -1.1731 0.3397, 0.981 -1.1692 0.3397, 0.9829 -1.1646 0.3397, 0.981 -1.1641 0.3445, 0.978 -1.1632 0.3486, 0.9741 -1.1622 0.3517, 0.9695 -1.161 0.3537, 0.9793 -1.1682 0.3445, 0.9766 -1.1666 0.3486, 0.9731 -1.1646 0.3517, 0.969 -1.1622 0.3537, 0.9766 -1.1717 0.3445, 0.9744 -1.1695 0.3486, 0.9715 -1.1666 0.3517, 0.9682 -1.1632 0.3537, 0.9731 -1.1744 0.3445, 0.9715 -1.1717 0.3486, 0.9695 -1.1682 0.3517, 0.9671 -1.1641 0.3537, 0.969 -1.1761 0.3445, 0.9682 -1.1731 0.3486, 0.9671 -1.1692 0.3517, 0.9659 -1.1646 0.3537, 0.9646 -1.1787 0.3397, 0.9646 -1.1767 0.3445, 0.9646 -1.1736 0.3486, 0.9646 -1.1695 0.3517, 0.9646 -1.1647 0.3537, -0.6974 0.8797 0.3504, -0.6971 0.9057 0.3525, -0.7006 0.9048 0.3504, -0.7068 0.9302 0.3525, -0.7099 0.9284 0.3504, -0.7222 0.9515 0.3525, -0.7249 0.949 0.3504, -0.7425 0.9682 0.3525, -0.7444 0.9652 0.3504, -0.7663 0.9794 0.3525, -0.7674 0.976 0.3504, -0.7921 0.9844 0.3525, -0.7923 0.9807 0.3504, -0.8184 0.9827 0.3525, -0.8177 0.9792 0.3504, -0.8434 0.9746 0.3525, -0.8418 0.9713 0.3504, -0.8656 0.9605 0.3525, -0.8633 0.9577 0.3504, -0.8836 0.9413 0.3525, -0.8806 0.9392 0.3504, -0.8962 0.9183 0.3525, -0.8929 0.9169 0.3504, -0.9028 0.8928 0.3525, -0.8992 0.8923 0.3504, -0.9028 0.8665 0.3525, -0.8992 0.867 0.3504, -0.8962 0.841 0.3525, -0.8929 0.8424 0.3504, -0.8836 0.818 0.3525, -0.8806 0.8201 0.3504, -0.8656 0.7988 0.3525, -0.8633 0.8016 0.3504, -0.8434 0.7847 0.3525, -0.8418 0.788 0.3504, -0.8184 0.7766 0.3525, -0.8177 0.7801 0.3504, -0.7921 0.7749 0.3525, -0.7923 0.7786 0.3504, -0.7663 0.7799 0.3525, -0.7674 0.7833 0.3504, -0.7425 0.7911 0.3525, -0.7444 0.7941 0.3504, -0.7222 0.8078 0.3525, -0.7249 0.8103 0.3504, -0.7068 0.8291 0.3525, -0.7099 0.8309 0.3504, -0.6971 0.8536 0.3525, -0.7006 0.8545 0.3504, -0.6938 0.8797 0.3525, -0.6932 0.9067 0.3539, -0.7033 0.9321 0.3539, -0.7193 0.9542 0.3539, -0.7403 0.9716 0.3539, -0.765 0.9832 0.3539, -0.7919 0.9884 0.3539, -0.8191 0.9866 0.3539, -0.8451 0.9782 0.3539, -0.8681 0.9636 0.3539, -0.8868 0.9437 0.3539, -0.9 0.9197 0.3539, -0.9068 0.8933 0.3539, -0.9068 0.866 0.3539, -0.9 0.8396 0.3539, -0.8868 0.8156 0.3539, -0.8681 0.7957 0.3539, -0.8451 0.7811 0.3539, -0.8191 0.7727 0.3539, -0.7919 0.7709 0.3539, -0.765 0.7761 0.3539, -0.7403 0.7877 0.3539, -0.7193 0.8051 0.3539, -0.7033 0.8272 0.3539, -0.6932 0.8526 0.3539, -0.6898 0.8797 0.3539, -0.6891 0.9078 0.3543, -0.6996 0.9341 0.3543, -0.7162 0.9571 0.3543, -0.7381 0.9751 0.3543, -0.7637 0.9872 0.3543, -0.7916 0.9925 0.3543, -0.8199 0.9908 0.3543, -0.8469 0.982 0.3543, -0.8708 0.9668 0.3543, -0.8902 0.9461 0.3543, -0.9039 0.9213 0.3543, -0.9109 0.8938 0.3543, -0.9109 0.8655 0.3543, -0.9039 0.838 0.3543, -0.8902 0.8132 0.3543, -0.8708 0.7925 0.3543, -0.8469 0.7773 0.3543, -0.8199 0.7685 0.3543, -0.7916 0.7668 0.3543, -0.7637 0.7721 0.3543, -0.7381 0.7842 0.3543, -0.7162 0.8022 0.3543, -0.6996 0.8252 0.3543, -0.6891 0.8515 0.3543, -0.6856 0.8797 0.3543
            ]
        }
        coordIndex [
            0,1,2,-1,0,2,3,-1,3,2,4,-1,3,4,5,-1,5,4,6,-1,5,6,7,-1,7,6,8,-1,7,8,9,-1,9,8,10,-1,9,10,11,-1,11,10,12,-1,11,12,13,-1,14,15,16,-1,14,16,17,-1,17,16,18,-1,17,18,19,-1,19,18,20,-1,19,20,21,-1,21,20,22,-1,21,22,23,-1,23,22,24,-1,23,24,25,-1,25,24,26,-1,25,26,0,-1,27,28,29,-1,27,29,30,-1,30,29,31,-1,30,31,32,-1,32,31,33,-1,32,33,34,-1,34,33,35,-1,34,35,36,-1,36,35,37,-1,36,37,38,-1,38,37,39,-1,38,39,26,-1,13,40,41,-1,42,43,44,-1,14,17,45,-1,44,43,14,-1,46,14,43,-1,46,43,47,-1,47,43,42,-1,47,42,48,-1,49,14,46,-1,50,51,52,-1,52,51,45,-1,52,45,53,-1,53,45,17,-1,53,17,19,-1,49,46,54,-1,54,46,47,-1,54,47,55,-1,55,47,48,-1,55,48,56,-1,57,50,58,-1,58,50,52,-1,58,52,59,-1,59,52,53,-1,59,53,60,-1,60,53,19,-1,60,19,21,-1,61,57,62,-1,62,57,58,-1,62,58,63,-1,63,58,59,-1,63,59,64,-1,64,59,60,-1,64,60,65,-1,65,60,21,-1,65,21,23,-1,40,61,41,-1,41,61,62,-1,41,62,66,-1,66,62,63,-1,66,63,67,-1,67,63,64,-1,67,64,68,-1,68,64,65,-1,68,65,69,-1,69,65,23,-1,69,23,25,-1,13,41,11,-1,11,41,66,-1,11,66,9,-1,9,66,67,-1,9,67,7,-1,7,67,68,-1,7,68,5,-1,5,68,69,-1,5,69,3,-1,3,69,25,-1,3,25,0,-1,51,14,45,-1,40,56,61,-1,61,56,48,-1,61,48,57,-1,57,48,42,-1,57,42,50,-1,50,42,44,-1,50,44,51,-1,51,44,14,-1,26,24,70,-1,71,72,73,-1,15,74,75,-1,73,72,15,-1,76,15,72,-1,76,72,77,-1,77,72,71,-1,77,71,78,-1,16,15,76,-1,79,80,81,-1,81,80,75,-1,81,75,82,-1,82,75,74,-1,82,74,83,-1,16,76,18,-1,18,76,77,-1,18,77,20,-1,20,77,78,-1,20,78,22,-1,84,79,85,-1,85,79,81,-1,85,81,86,-1,86,81,82,-1,86,82,87,-1,87,82,83,-1,87,83,88,-1,89,84,90,-1,90,84,85,-1,90,85,91,-1,91,85,86,-1,91,86,92,-1,92,86,87,-1,92,87,93,-1,93,87,88,-1,93,88,94,-1,24,89,70,-1,70,89,90,-1,70,90,95,-1,95,90,91,-1,95,91,96,-1,96,91,92,-1,96,92,97,-1,97,92,93,-1,97,93,98,-1,98,93,94,-1,98,94,99,-1,26,70,38,-1,38,70,95,-1,38,95,36,-1,36,95,96,-1,36,96,34,-1,34,96,97,-1,34,97,32,-1,32,97,98,-1,32,98,30,-1,30,98,99,-1,30,99,27,-1,80,15,75,-1,24,22,89,-1,89,22,78,-1,89,78,84,-1,84,78,71,-1,84,71,79,-1,79,71,73,-1,79,73,80,-1,80,73,15,-1,100,101,102,-1,100,102,103,-1,103,102,104,-1,103,104,105,-1,105,104,106,-1,105,106,107,-1,107,106,108,-1,107,108,109,-1,109,108,110,-1,109,110,111,-1,111,110,112,-1,111,112,113,-1,114,14,49,-1,114,49,115,-1,115,49,54,-1,115,54,116,-1,116,54,55,-1,116,55,117,-1,117,55,56,-1,117,56,118,-1,118,56,40,-1,118,40,119,-1,119,40,13,-1,119,13,100,-1,15,120,121,-1,15,121,74,-1,74,121,122,-1,74,122,83,-1,83,122,123,-1,83,123,88,-1,88,123,124,-1,88,124,94,-1,94,124,125,-1,94,125,99,-1,99,125,126,-1,99,126,27,-1,127,128,129,-1,129,128,130,-1,130,128,131,-1,131,128,132,-1,131,132,133,-1,133,132,134,-1,134,132,135,-1,134,135,136,-1,136,135,137,-1,137,135,138,-1,137,138,139,-1,140,141,142,-1,142,141,143,-1,142,143,138,-1,138,143,144,-1,138,144,139,-1,142,145,140,-1,140,145,146,-1,140,146,126,-1,113,147,148,-1,149,150,151,-1,114,115,152,-1,151,150,114,-1,153,114,150,-1,153,150,154,-1,154,150,149,-1,154,149,155,-1,156,114,153,-1,157,158,159,-1,159,158,152,-1,159,152,160,-1,160,152,115,-1,160,115,116,-1,156,153,161,-1,161,153,154,-1,161,154,162,-1,162,154,155,-1,162,155,163,-1,164,157,165,-1,165,157,159,-1,165,159,166,-1,166,159,160,-1,166,160,167,-1,167,160,116,-1,167,116,117,-1,168,164,169,-1,169,164,165,-1,169,165,170,-1,170,165,166,-1,170,166,171,-1,171,166,167,-1,171,167,172,-1,172,167,117,-1,172,117,118,-1,147,168,148,-1,148,168,169,-1,148,169,173,-1,173,169,170,-1,173,170,174,-1,174,170,171,-1,174,171,175,-1,175,171,172,-1,175,172,176,-1,176,172,118,-1,176,118,119,-1,113,148,111,-1,111,148,173,-1,111,173,109,-1,109,173,174,-1,109,174,107,-1,107,174,175,-1,107,175,105,-1,105,175,176,-1,105,176,103,-1,103,176,119,-1,103,119,100,-1,158,114,152,-1,147,163,168,-1,168,163,155,-1,168,155,164,-1,164,155,149,-1,164,149,157,-1,157,149,151,-1,157,151,158,-1,158,151,114,-1,130,131,177,-1,133,134,178,-1,136,137,179,-1,139,144,180,-1,143,141,181,-1,140,126,125,-1,141,140,181,-1,181,140,125,-1,181,125,182,-1,182,125,124,-1,182,124,183,-1,183,124,123,-1,183,123,184,-1,184,123,122,-1,184,122,185,-1,185,122,121,-1,185,121,120,-1,144,143,180,-1,180,143,181,-1,180,181,186,-1,186,181,182,-1,186,182,187,-1,187,182,183,-1,187,183,188,-1,188,183,184,-1,188,184,189,-1,189,184,185,-1,189,185,120,-1,137,139,179,-1,179,139,180,-1,179,180,190,-1,190,180,186,-1,190,186,191,-1,191,186,187,-1,191,187,192,-1,192,187,188,-1,192,188,193,-1,193,188,189,-1,193,189,120,-1,134,136,178,-1,178,136,179,-1,178,179,194,-1,194,179,190,-1,194,190,195,-1,195,190,191,-1,195,191,196,-1,196,191,192,-1,196,192,197,-1,197,192,193,-1,197,193,120,-1,131,133,177,-1,177,133,178,-1,177,178,198,-1,198,178,194,-1,198,194,199,-1,199,194,195,-1,199,195,200,-1,200,195,196,-1,200,196,201,-1,201,196,197,-1,201,197,120,-1,129,130,202,-1,202,130,177,-1,202,177,203,-1,203,177,198,-1,203,198,204,-1,204,198,199,-1,204,199,205,-1,205,199,200,-1,205,200,206,-1,206,200,201,-1,206,201,120,-1,120,114,156,-1,120,156,206,-1,206,156,161,-1,206,161,205,-1,205,161,162,-1,205,162,204,-1,204,162,163,-1,204,163,203,-1,203,163,147,-1,203,147,202,-1,202,147,113,-1,202,113,129,-1,207,208,209,-1,209,208,210,-1,209,210,211,-1,211,210,212,-1,211,212,213,-1,213,212,214,-1,213,214,215,-1,215,214,216,-1,215,216,217,-1,217,216,218,-1,217,218,219,-1,219,218,220,-1,219,220,221,-1,221,220,222,-1,221,222,223,-1,223,222,224,-1,223,224,225,-1,225,224,226,-1,225,226,227,-1,227,226,228,-1,227,228,229,-1,229,228,230,-1,229,230,231,-1,231,230,232,-1,231,232,233,-1,233,232,234,-1,233,234,235,-1,235,234,236,-1,235,236,237,-1,237,236,238,-1,237,238,239,-1,239,238,240,-1,239,240,241,-1,241,240,242,-1,241,242,243,-1,243,242,244,-1,243,244,245,-1,245,244,246,-1,245,246,247,-1,247,246,248,-1,247,248,249,-1,249,248,250,-1,249,250,251,-1,251,250,252,-1,251,252,253,-1,253,252,254,-1,253,254,255,-1,255,254,256,-1,255,256,207,-1,207,256,208,-1,256,257,208,-1,208,257,258,-1,208,258,210,-1,210,258,259,-1,210,259,212,-1,212,259,260,-1,212,260,214,-1,214,260,261,-1,214,261,216,-1,216,261,262,-1,216,262,218,-1,218,262,263,-1,218,263,220,-1,220,263,264,-1,220,264,222,-1,222,264,265,-1,222,265,224,-1,224,265,266,-1,224,266,226,-1,226,266,267,-1,226,267,228,-1,228,267,268,-1,228,268,230,-1,230,268,269,-1,230,269,232,-1,232,269,270,-1,232,270,234,-1,234,270,271,-1,234,271,236,-1,236,271,272,-1,236,272,238,-1,238,272,273,-1,238,273,240,-1,240,273,274,-1,240,274,242,-1,242,274,275,-1,242,275,244,-1,244,275,276,-1,244,276,246,-1,246,276,277,-1,246,277,248,-1,248,277,278,-1,248,278,250,-1,250,278,279,-1,250,279,252,-1,252,279,280,-1,252,280,254,-1,254,280,281,-1,254,281,256,-1,256,281,257,-1,281,282,257,-1,257,282,283,-1,257,283,258,-1,258,283,284,-1,258,284,259,-1,259,284,285,-1,259,285,260,-1,260,285,286,-1,260,286,261,-1,261,286,287,-1,261,287,262,-1,262,287,288,-1,262,288,263,-1,263,288,289,-1,263,289,264,-1,264,289,290,-1,264,290,265,-1,265,290,291,-1,265,291,266,-1,266,291,292,-1,266,292,267,-1,267,292,293,-1,267,293,268,-1,268,293,294,-1,268,294,269,-1,269,294,295,-1,269,295,270,-1,270,295,296,-1,270,296,271,-1,271,296,297,-1,271,297,272,-1,272,297,298,-1,272,298,273,-1,273,298,299,-1,273,299,274,-1,274,299,300,-1,274,300,275,-1,275,300,301,-1,275,301,276,-1,276,301,302,-1,276,302,277,-1,277,302,303,-1,277,303,278,-1,278,303,304,-1,278,304,279,-1,279,304,305,-1,279,305,280,-1,280,305,306,-1,280,306,281,-1,281,306,282,-1,
        ]
    }
}
Shape{
    appearance Appearance {
        material  Material 	{
            diffuseColor 1.0 1.0 1.0
            specularColor 0.5019607843137255 0.5019607843137255 0.5019607843137255
            ambientIntensity 1.0
            transparency 0.0
            shininess 0.5
        }
    }
    geometry IndexedFaceSet {
        ccw TRUE
        solid FALSE
        coord DEF co Coordinate {
            point [
                0.0409 -1.1833 0.243, 0.0409 -1.1833 0.2388, 0.0409 -1.1793 0.243, 0.0409 -1.1793 0.2388, 0.0262 -1.1833 0.243, 0.0262 -1.1793 0.243, 0.0262 -1.1833 0.2759, 0.0262 -1.1793 0.2759, 0.0214 -1.1833 0.2759, 0.0214 -1.1793 0.2759, 0.0214 -1.1833 0.2388, 0.0214 -1.1793 0.2388, 0.0599 -1.1833 0.2382, 0.0599 -1.1793 0.2382, 0.0656 -1.1833 0.2387, 0.0632 -1.1793 0.2385, 0.0656 -1.1793 0.2387, 0.0696 -1.1793 0.24, 0.0696 -1.1833 0.24, 0.0702 -1.1793 0.2403, 0.0702 -1.1833 0.2403, 0.0702 -1.1833 0.2449, 0.0702 -1.1793 0.2449, 0.0667 -1.1793 0.2433, 0.0667 -1.1833 0.2433, 0.0626 -1.1793 0.2425, 0.0626 -1.1833 0.2425, 0.0606 -1.1793 0.2424, 0.0606 -1.1833 0.2424, 0.0569 -1.1793 0.2429, 0.0569 -1.1833 0.2429, 0.0543 -1.1793 0.2439, 0.0543 -1.1833 0.2439, 0.0518 -1.1793 0.2456, 0.0518 -1.1833 0.2456, 0.0511 -1.1793 0.2463, 0.0511 -1.1833 0.2463, 0.0492 -1.1793 0.249, 0.0492 -1.1833 0.249, 0.0481 -1.1793 0.252, 0.0481 -1.1833 0.252, 0.0475 -1.1793 0.2566, 0.0475 -1.1833 0.2566, 0.0475 -1.1793 0.2569, 0.0475 -1.1833 0.2569, 0.0479 -1.1793 0.2614, 0.0479 -1.1833 0.2614, 0.0491 -1.1793 0.2647, 0.0491 -1.1833 0.2647, 0.0508 -1.1793 0.2674, 0.0508 -1.1833 0.2674, 0.0514 -1.1793 0.2681, 0.0514 -1.1833 0.2681, 0.0537 -1.1793 0.27, 0.0537 -1.1833 0.27, 0.0566 -1.1793 0.2714, 0.0566 -1.1833 0.2714, 0.0598 -1.1793 0.2721, 0.0598 -1.1833 0.2721, 0.0615 -1.1793 0.2722, 0.0615 -1.1833 0.2722, 0.0657 -1.1793 0.2717, 0.0657 -1.1833 0.2717, 0.0695 -1.1793 0.2704, 0.0695 -1.1833 0.2704, 0.0702 -1.1793 0.27, 0.0702 -1.1833 0.27, 0.0702 -1.1833 0.275, 0.0702 -1.1793 0.275, 0.0614 -1.1793 0.2765, 0.0614 -1.1833 0.2765, 0.0618 -1.1833 0.2765, 0.0666 -1.1793 0.276, 0.0666 -1.1833 0.276, 0.0652 -1.1793 0.2762, 0.0618 -1.1793 0.2765, 0.0583 -1.1793 0.2762, 0.0569 -1.1833 0.276, 0.0569 -1.1793 0.276, 0.0529 -1.1793 0.2747, 0.0529 -1.1833 0.2747, 0.0492 -1.1793 0.2723, 0.0492 -1.1833 0.2723, 0.0478 -1.1793 0.271, 0.0478 -1.1833 0.271, 0.0453 -1.1793 0.2678, 0.0453 -1.1833 0.2678, 0.0441 -1.1793 0.2652, 0.0435 -1.1833 0.2638, 0.0435 -1.1793 0.2638, 0.0426 -1.1793 0.259, 0.0426 -1.1833 0.259, 0.0425 -1.1793 0.2566, 0.0425 -1.1833 0.2566, 0.0432 -1.1793 0.2507, 0.0432 -1.1833 0.2507, 0.0441 -1.1793 0.2482, 0.0447 -1.1833 0.2468, 0.0447 -1.1793 0.2468, 0.0469 -1.1793 0.2436, 0.0469 -1.1833 0.2436, 0.0472 -1.1793 0.2432, 0.0472 -1.1833 0.2432, 0.0576 -1.1833 0.2383, 0.0501 -1.1793 0.2408, 0.0501 -1.1833 0.2408, 0.0536 -1.1793 0.2391, 0.0536 -1.1833 0.2391, 0.0567 -1.1793 0.2385, 0.0576 -1.1793 0.2383, 0.0976 -1.1833 0.243, 0.0976 -1.1833 0.2388, 0.0976 -1.1793 0.243, 0.0976 -1.1793 0.2388, 0.0824 -1.1793 0.243, 0.0824 -1.1833 0.243, 0.0924 -1.1793 0.243, 0.0824 -1.1833 0.2555, 0.0824 -1.1793 0.2555, 0.0957 -1.1833 0.2555, 0.0924 -1.1793 0.2555, 0.0957 -1.1793 0.2555, 0.0957 -1.1833 0.2597, 0.0957 -1.1793 0.2597, 0.0824 -1.1793 0.2597, 0.0824 -1.1833 0.2597, 0.0924 -1.1793 0.2597, 0.0824 -1.1833 0.2716, 0.0824 -1.1793 0.2716, 0.0967 -1.1833 0.2716, 0.0924 -1.1793 0.2716, 0.0967 -1.1793 0.2716, 0.0967 -1.1833 0.2759, 0.0967 -1.1793 0.2759, 0.0776 -1.1793 0.2759, 0.0776 -1.1833 0.2759, 0.0924 -1.1793 0.2759, 0.0776 -1.1833 0.2388, 0.0776 -1.1793 0.2388, 0.0924 -1.1793 0.2388, 0.1277 -1.1833 0.2493, 0.1258 -1.1833 0.2469, 0.1292 -1.1833 0.244, 0.125 -1.1833 0.2462, 0.1252 -1.1833 0.2412, 0.1225 -1.1833 0.2446, 0.121 -1.1833 0.2395, 0.1192 -1.1833 0.2435, 0.1148 -1.1833 0.2388, 0.1147 -1.1833 0.243, 0.1046 -1.1833 0.2388, 0.1094 -1.1833 0.243, 0.1046 -1.1833 0.2759, 0.1094 -1.1833 0.2716, 0.1151 -1.1833 0.2759, 0.115 -1.1833 0.2716, 0.1213 -1.1833 0.2751, 0.1196 -1.1833 0.2711, 0.1257 -1.1833 0.2734, 0.1228 -1.1833 0.27, 0.1292 -1.1833 0.271, 0.1257 -1.1833 0.2681, 0.1308 -1.1833 0.2693, 0.1269 -1.1833 0.2669, 0.133 -1.1833 0.2659, 0.1283 -1.1833 0.2648, 0.1343 -1.1833 0.2623, 0.1293 -1.1833 0.2619, 0.1347 -1.1833 0.2578, 0.1297 -1.1833 0.2577, 0.1346 -1.1833 0.2551, 0.1296 -1.1833 0.2556, 0.1336 -1.1833 0.2508, 0.1289 -1.1833 0.2521, 0.1318 -1.1833 0.247, 0.1148 -1.1793 0.2388, 0.1046 -1.1793 0.2388, 0.1292 -1.1793 0.244, 0.121 -1.1793 0.2395, 0.1216 -1.1793 0.2398, 0.1252 -1.1793 0.2412, 0.1318 -1.1793 0.247, 0.1336 -1.1793 0.2508, 0.1346 -1.1793 0.2551, 0.1347 -1.1793 0.2578, 0.1343 -1.1793 0.2623, 0.133 -1.1793 0.2659, 0.1308 -1.1793 0.2693, 0.1292 -1.1793 0.271, 0.1151 -1.1793 0.2759, 0.1257 -1.1793 0.2734, 0.1216 -1.1793 0.275, 0.1213 -1.1793 0.2751, 0.1046 -1.1793 0.2759, 0.115 -1.1793 0.2716, 0.1094 -1.1793 0.2716, 0.1094 -1.1793 0.243, 0.1147 -1.1793 0.243, 0.1258 -1.1793 0.2469, 0.125 -1.1793 0.2462, 0.1225 -1.1793 0.2446, 0.1192 -1.1793 0.2435, 0.1297 -1.1793 0.2577, 0.1296 -1.1793 0.2556, 0.1289 -1.1793 0.2521, 0.1277 -1.1793 0.2493, 0.1257 -1.1793 0.2681, 0.1269 -1.1793 0.2669, 0.1283 -1.1793 0.2648, 0.1293 -1.1793 0.2619, 0.1196 -1.1793 0.2711, 0.1228 -1.1793 0.27
            ]
        }
        coordIndex [
            0,1,2,-1,2,1,3,-1,4,0,5,-1,5,0,2,-1,6,4,7,-1,7,4,5,-1,8,6,9,-1,9,6,7,-1,10,8,11,-1,11,8,9,-1,1,10,3,-1,3,10,11,-1,6,8,4,-1,4,8,10,-1,4,10,0,-1,0,10,1,-1,12,13,14,-1,14,13,15,-1,15,16,14,-1,14,16,17,-1,14,17,18,-1,18,17,19,-1,18,19,20,-1,21,20,22,-1,22,20,19,-1,21,22,23,-1,21,23,24,-1,24,23,25,-1,24,25,26,-1,26,25,27,-1,26,27,28,-1,28,27,29,-1,28,29,30,-1,30,29,31,-1,30,31,32,-1,32,31,33,-1,32,33,34,-1,34,33,35,-1,34,35,36,-1,36,35,37,-1,36,37,38,-1,38,37,39,-1,38,39,40,-1,40,39,41,-1,40,41,42,-1,42,41,43,-1,42,43,44,-1,44,43,45,-1,44,45,46,-1,46,45,47,-1,46,47,48,-1,48,47,49,-1,48,49,50,-1,50,49,51,-1,50,51,52,-1,52,51,53,-1,52,53,54,-1,54,53,55,-1,54,55,56,-1,56,55,57,-1,56,57,58,-1,58,57,59,-1,58,59,60,-1,60,59,61,-1,60,61,62,-1,62,61,63,-1,62,63,64,-1,64,63,65,-1,64,65,66,-1,67,66,68,-1,68,66,65,-1,69,70,71,-1,67,68,72,-1,67,72,73,-1,73,72,74,-1,73,74,71,-1,71,74,75,-1,71,75,69,-1,69,76,70,-1,70,76,77,-1,76,78,77,-1,77,78,79,-1,77,79,80,-1,80,79,81,-1,80,81,82,-1,82,81,83,-1,82,83,84,-1,84,83,85,-1,84,85,86,-1,86,85,87,-1,86,87,88,-1,87,89,88,-1,88,89,90,-1,88,90,91,-1,91,90,92,-1,91,92,93,-1,93,92,94,-1,93,94,95,-1,95,94,96,-1,95,96,97,-1,96,98,97,-1,97,98,99,-1,97,99,100,-1,100,99,101,-1,100,101,102,-1,13,12,103,-1,102,101,104,-1,102,104,105,-1,105,104,106,-1,105,106,107,-1,107,106,108,-1,107,108,103,-1,103,108,109,-1,103,109,13,-1,64,66,67,-1,54,56,77,-1,46,48,86,-1,77,56,70,-1,64,67,62,-1,20,21,18,-1,18,21,24,-1,18,24,14,-1,14,24,26,-1,14,26,12,-1,12,26,28,-1,12,28,103,-1,103,28,30,-1,103,30,107,-1,107,30,32,-1,107,32,105,-1,105,32,34,-1,105,34,102,-1,102,34,36,-1,102,36,100,-1,100,36,38,-1,100,38,97,-1,97,38,95,-1,95,38,40,-1,95,40,93,-1,86,48,84,-1,56,58,70,-1,70,58,60,-1,70,60,71,-1,71,60,62,-1,71,62,73,-1,73,62,67,-1,77,80,54,-1,54,80,82,-1,54,82,52,-1,52,82,84,-1,52,84,50,-1,50,84,48,-1,40,42,93,-1,93,42,44,-1,93,44,91,-1,91,44,46,-1,91,46,88,-1,88,46,86,-1,110,111,112,-1,112,111,113,-1,114,115,116,-1,116,115,110,-1,116,110,112,-1,117,115,118,-1,118,115,114,-1,117,118,119,-1,119,118,120,-1,119,120,121,-1,122,119,123,-1,123,119,121,-1,124,125,126,-1,126,125,122,-1,126,122,123,-1,127,125,128,-1,128,125,124,-1,127,128,129,-1,129,128,130,-1,129,130,131,-1,132,129,133,-1,133,129,131,-1,134,135,136,-1,136,135,132,-1,136,132,133,-1,137,135,138,-1,138,135,134,-1,137,138,111,-1,111,138,139,-1,111,139,113,-1,137,111,110,-1,110,115,137,-1,137,115,117,-1,137,117,135,-1,129,132,127,-1,127,132,135,-1,127,135,125,-1,125,135,117,-1,125,117,122,-1,122,117,119,-1,140,141,142,-1,142,141,143,-1,142,143,144,-1,144,143,145,-1,144,145,146,-1,146,145,147,-1,146,147,148,-1,148,147,149,-1,148,149,150,-1,150,149,151,-1,150,151,152,-1,152,151,153,-1,152,153,154,-1,154,153,155,-1,154,155,156,-1,156,155,157,-1,156,157,158,-1,158,157,159,-1,158,159,160,-1,160,159,161,-1,160,161,162,-1,162,161,163,-1,162,163,164,-1,164,163,165,-1,164,165,166,-1,166,165,167,-1,166,167,168,-1,168,167,169,-1,168,169,170,-1,170,169,171,-1,170,171,172,-1,172,171,173,-1,172,173,174,-1,174,173,140,-1,174,140,142,-1,148,150,175,-1,175,150,176,-1,177,142,144,-1,148,175,178,-1,148,178,146,-1,146,178,179,-1,146,179,144,-1,144,179,180,-1,144,180,177,-1,142,177,181,-1,142,181,174,-1,174,181,182,-1,174,182,172,-1,172,182,183,-1,172,183,170,-1,170,183,184,-1,170,184,168,-1,168,184,185,-1,168,185,166,-1,166,185,186,-1,166,186,164,-1,164,186,187,-1,164,187,162,-1,162,187,188,-1,162,188,160,-1,189,154,156,-1,160,188,190,-1,160,190,158,-1,158,190,191,-1,158,191,156,-1,156,191,192,-1,156,192,189,-1,152,154,193,-1,193,154,189,-1,150,152,176,-1,176,152,193,-1,155,153,194,-1,194,153,195,-1,153,151,195,-1,195,151,196,-1,151,149,196,-1,196,149,197,-1,141,198,199,-1,141,199,143,-1,143,199,200,-1,143,200,145,-1,145,200,201,-1,145,201,147,-1,147,201,197,-1,147,197,149,-1,169,202,203,-1,169,203,171,-1,171,203,204,-1,171,204,173,-1,173,204,205,-1,173,205,140,-1,140,205,198,-1,140,198,141,-1,161,206,207,-1,161,207,163,-1,163,207,208,-1,163,208,165,-1,165,208,209,-1,165,209,167,-1,167,209,202,-1,167,202,169,-1,155,194,210,-1,155,210,157,-1,157,210,211,-1,157,211,159,-1,159,211,206,-1,159,206,161,-1,
        ]
    }
}
Shape{
    appearance Appearance {
        material  Material 	{
            diffuseColor 0.25098039215686274 0.25098039215686274 0.25098039215686274
            specularColor 0.12549019607843137 0.12549019607843137 0.12549019607843137
            ambientIntensity 0.251
            transparency 0.0
            shininess 0.5
        }
    }
    geometry IndexedFaceSet {
        ccw TRUE
        solid FALSE
        coord DEF co Coordinate {
            point [
                0.1094 -1.1793 0.2716, 0.1094 -1.1793 0.243, 0.115 -1.1793 0.2716, 0.1147 -1.1793 0.243, 0.1192 -1.1793 0.2435, 0.1225 -1.1793 0.2446, 0.125 -1.1793 0.2462, 0.1258 -1.1793 0.2469, 0.1277 -1.1793 0.2493, 0.1289 -1.1793 0.2521, 0.1296 -1.1793 0.2556, 0.1297 -1.1793 0.2577, 0.1293 -1.1793 0.2619, 0.1283 -1.1793 0.2648, 0.1269 -1.1793 0.2669, 0.1257 -1.1793 0.2681, 0.1196 -1.1793 0.2711, 0.1228 -1.1793 0.27
            ]
        }
        coordIndex [
            0,1,2,-1,2,1,3,-1,2,3,4,-1,4,5,2,-1,2,5,6,-1,2,6,7,-1,7,8,2,-1,2,8,9,-1,2,9,10,-1,10,11,2,-1,2,11,12,-1,2,12,13,-1,13,14,2,-1,2,14,15,-1,2,15,16,-1,16,15,17,-1,
        ]
    }
}
Shape{
    appearance Appearance {
        material  Material 	{
            diffuseColor 1.0 1.0 1.0
            specularColor 0.5019607843137255 0.5019607843137255 0.5019607843137255
            ambientIntensity 1.0
            transparency 0.0
            shininess 0.5
        }
    }
    geometry IndexedFaceSet {
        ccw TRUE
        solid FALSE
        coord DEF co Coordinate {
            point [
                0.1472 -1.1833 0.2531, 0.1457 -1.1833 0.2489, 0.1596 -1.1833 0.2531, 0.1611 -1.1833 0.2489, 0.1527 -1.1833 0.2685, 0.1509 -1.1833 0.2759, 0.1368 -1.1833 0.2388, 0.1421 -1.1833 0.2388, 0.153 -1.1833 0.2696, 0.1533 -1.1833 0.2711, 0.156 -1.1833 0.2759, 0.1534 -1.1833 0.2711, 0.1537 -1.1833 0.2696, 0.154 -1.1833 0.2685, 0.1702 -1.1833 0.2388, 0.1649 -1.1833 0.2388, 0.156 -1.1793 0.2759, 0.1702 -1.1793 0.2388, 0.1509 -1.1793 0.2759, 0.1368 -1.1793 0.2388, 0.1475 -1.1793 0.2668, 0.1421 -1.1793 0.2388, 0.1457 -1.1793 0.2489, 0.1611 -1.1793 0.2489, 0.1475 -1.1793 0.2489, 0.1649 -1.1793 0.2388, 0.1472 -1.1793 0.2531, 0.1596 -1.1793 0.2531, 0.154 -1.1793 0.2685, 0.1534 -1.1793 0.2711, 0.1537 -1.1793 0.2696, 0.1533 -1.1793 0.2711, 0.1527 -1.1793 0.2685, 0.153 -1.1793 0.2696
            ]
        }
        coordIndex [
            0,1,2,-1,2,1,3,-1,4,5,0,-1,0,5,6,-1,0,6,1,-1,1,6,7,-1,4,8,5,-1,5,8,9,-1,5,9,10,-1,10,9,11,-1,10,11,12,-1,12,13,10,-1,10,13,2,-1,10,2,14,-1,14,2,3,-1,14,3,15,-1,10,14,16,-1,16,14,17,-1,5,10,18,-1,18,10,16,-1,19,6,20,-1,20,6,5,-1,20,5,18,-1,7,6,21,-1,21,6,19,-1,1,7,22,-1,22,7,21,-1,23,3,24,-1,24,3,1,-1,24,1,22,-1,15,3,25,-1,25,3,23,-1,14,15,17,-1,17,15,25,-1,0,2,26,-1,26,2,27,-1,2,13,27,-1,27,13,28,-1,11,29,30,-1,11,30,12,-1,12,30,28,-1,12,28,13,-1,11,9,29,-1,29,9,31,-1,4,32,33,-1,4,33,8,-1,8,33,31,-1,8,31,9,-1,4,0,32,-1,32,0,26,-1,
        ]
    }
}
Shape{
    appearance Appearance {
        material  Material 	{
            diffuseColor 0.25098039215686274 0.25098039215686274 0.25098039215686274
            specularColor 0.12549019607843137 0.12549019607843137 0.12549019607843137
            ambientIntensity 0.251
            transparency 0.0
            shininess 0.5
        }
    }
    geometry IndexedFaceSet {
        ccw TRUE
        solid FALSE
        coord DEF co Coordinate {
            point [
                0.1534 -1.1793 0.2711, 0.1533 -1.1793 0.2711, 0.1537 -1.1793 0.2696, 0.153 -1.1793 0.2696, 0.154 -1.1793 0.2685, 0.1527 -1.1793 0.2685, 0.1596 -1.1793 0.2531, 0.1472 -1.1793 0.2531
            ]
        }
        coordIndex [
            0,1,2,-1,2,1,3,-1,2,3,4,-1,4,3,5,-1,4,5,6,-1,6,5,7,-1,
        ]
    }
}
Shape{
    appearance Appearance {
        material  Material 	{
            diffuseColor 1.0 1.0 1.0
            specularColor 0.5019607843137255 0.5019607843137255 0.5019607843137255
            ambientIntensity 1.0
            transparency 0.0
            shininess 0.5
        }
    }
    geometry IndexedFaceSet {
        ccw TRUE
        solid FALSE
        coord DEF co Coordinate {
            point [
                0.0413 -1.1833 0.1842, 0.0413 -1.1833 0.18, 0.0413 -1.1793 0.1842, 0.0413 -1.1793 0.18, 0.0262 -1.1833 0.1842, 0.0262 -1.1793 0.1842, 0.0262 -1.1833 0.1967, 0.0262 -1.1793 0.1967, 0.0394 -1.1833 0.1967, 0.0394 -1.1793 0.1967, 0.0394 -1.1833 0.2009, 0.0394 -1.1793 0.2009, 0.0262 -1.1833 0.2009, 0.0262 -1.1793 0.2009, 0.0262 -1.1793 0.2128, 0.0262 -1.1833 0.2128, 0.0262 -1.1793 0.2121, 0.0405 -1.1833 0.2128, 0.0405 -1.1793 0.2128, 0.0405 -1.1833 0.2171, 0.0405 -1.1793 0.2171, 0.0214 -1.1833 0.2171, 0.0214 -1.1793 0.2171, 0.0214 -1.1793 0.18, 0.0214 -1.1833 0.18, 0.0214 -1.1793 0.2121, 0.0623 -1.1833 0.1841, 0.0624 -1.1833 0.1841, 0.0621 -1.1833 0.1884, 0.0624 -1.1833 0.1904, 0.067 -1.1833 0.197, 0.0624 -1.1833 0.1907, 0.0624 -1.1833 0.1933, 0.0624 -1.1833 0.18, 0.067 -1.1833 0.18, 0.0607 -1.1833 0.2067, 0.0597 -1.1833 0.2028, 0.0626 -1.1833 0.2061, 0.0605 -1.1833 0.2022, 0.0507 -1.1833 0.1947, 0.0524 -1.1833 0.1913, 0.0535 -1.1833 0.1918, 0.0614 -1.1833 0.1867, 0.0604 -1.1833 0.1853, 0.0616 -1.1833 0.183, 0.0598 -1.1833 0.1848, 0.0601 -1.1833 0.1814, 0.0585 -1.1833 0.1839, 0.0584 -1.1833 0.1803, 0.0571 -1.1833 0.1834, 0.0566 -1.1833 0.1796, 0.0554 -1.1833 0.1832, 0.0542 -1.1833 0.1794, 0.0538 -1.1833 0.1834, 0.0514 -1.1833 0.1797, 0.0528 -1.1833 0.1837, 0.0496 -1.1833 0.1804, 0.0518 -1.1833 0.1844, 0.048 -1.1833 0.1815, 0.0514 -1.1833 0.1848, 0.0484 -1.1833 0.2046, 0.0484 -1.1833 0.2001, 0.0497 -1.1833 0.2054, 0.0516 -1.1833 0.2021, 0.0532 -1.1833 0.2066, 0.0545 -1.1833 0.2031, 0.0575 -1.1833 0.2071, 0.057 -1.1833 0.2033, 0.0586 -1.1833 0.2031, 0.0546 -1.1833 0.1957, 0.0562 -1.1833 0.1924, 0.0624 -1.1833 0.1968, 0.0622 -1.1833 0.1989, 0.0666 -1.1833 0.2009, 0.0618 -1.1833 0.2005, 0.0658 -1.1833 0.2029, 0.0612 -1.1833 0.2015, 0.0648 -1.1833 0.2044, 0.064 -1.1833 0.2051, 0.0517 -1.1833 0.1908, 0.0489 -1.1833 0.1937, 0.0512 -1.1833 0.1901, 0.0475 -1.1833 0.1924, 0.0508 -1.1833 0.1893, 0.0465 -1.1833 0.1909, 0.0505 -1.1833 0.1882, 0.046 -1.1833 0.1892, 0.0505 -1.1833 0.1875, 0.0458 -1.1833 0.1871, 0.0506 -1.1833 0.1864, 0.046 -1.1833 0.185, 0.0509 -1.1833 0.1855, 0.0466 -1.1833 0.1834, 0.0475 -1.1833 0.182, 0.0575 -1.1793 0.2071, 0.0532 -1.1793 0.2066, 0.0497 -1.1793 0.2054, 0.0484 -1.1793 0.2046, 0.0484 -1.1793 0.2001, 0.0516 -1.1793 0.2021, 0.0545 -1.1793 0.2031, 0.057 -1.1793 0.2033, 0.0586 -1.1793 0.2031, 0.0597 -1.1793 0.2028, 0.0605 -1.1793 0.2022, 0.0612 -1.1793 0.2015, 0.0618 -1.1793 0.2005, 0.0622 -1.1793 0.1989, 0.0624 -1.1793 0.1968, 0.0546 -1.1793 0.1957, 0.0507 -1.1793 0.1947, 0.0489 -1.1793 0.1937, 0.0475 -1.1793 0.1924, 0.0465 -1.1793 0.1909, 0.046 -1.1793 0.1892, 0.0458 -1.1793 0.1871, 0.046 -1.1793 0.185, 0.0466 -1.1793 0.1834, 0.0475 -1.1793 0.182, 0.048 -1.1793 0.1815, 0.0542 -1.1793 0.1794, 0.0515 -1.1793 0.1797, 0.0514 -1.1793 0.1797, 0.0496 -1.1793 0.1804, 0.0566 -1.1793 0.1796, 0.0567 -1.1793 0.1797, 0.0584 -1.1793 0.1803, 0.0601 -1.1793 0.1814, 0.0616 -1.1793 0.183, 0.0623 -1.1793 0.1841, 0.0624 -1.1793 0.1841, 0.0624 -1.1793 0.18, 0.067 -1.1793 0.18, 0.067 -1.1793 0.197, 0.0666 -1.1793 0.2009, 0.0658 -1.1793 0.2029, 0.0648 -1.1793 0.2044, 0.064 -1.1793 0.2051, 0.0626 -1.1793 0.2061, 0.0607 -1.1793 0.2067, 0.0517 -1.1793 0.1908, 0.0524 -1.1793 0.1913, 0.0535 -1.1793 0.1918, 0.0562 -1.1793 0.1924, 0.0505 -1.1793 0.1875, 0.0505 -1.1793 0.1882, 0.0508 -1.1793 0.1893, 0.0512 -1.1793 0.1901, 0.0518 -1.1793 0.1844, 0.0514 -1.1793 0.1848, 0.0509 -1.1793 0.1855, 0.0506 -1.1793 0.1864, 0.0554 -1.1793 0.1832, 0.0538 -1.1793 0.1834, 0.0528 -1.1793 0.1837, 0.0604 -1.1793 0.1853, 0.0598 -1.1793 0.1848, 0.0585 -1.1793 0.1839, 0.0571 -1.1793 0.1834, 0.0624 -1.1793 0.1907, 0.0624 -1.1793 0.1904, 0.0621 -1.1793 0.1884, 0.0614 -1.1793 0.1867, 0.0624 -1.1793 0.1933
            ]
        }
        coordIndex [
            0,1,2,-1,2,1,3,-1,4,0,5,-1,5,0,2,-1,6,4,7,-1,7,4,5,-1,8,6,9,-1,9,6,7,-1,10,8,11,-1,11,8,9,-1,12,10,13,-1,13,10,11,-1,14,15,16,-1,16,15,12,-1,16,12,13,-1,17,15,18,-1,18,15,14,-1,19,17,20,-1,20,17,18,-1,21,19,22,-1,22,19,20,-1,23,24,25,-1,25,24,21,-1,25,21,22,-1,1,24,3,-1,3,24,23,-1,24,1,0,-1,0,4,24,-1,24,4,6,-1,24,6,21,-1,17,19,15,-1,15,19,21,-1,15,21,12,-1,12,21,6,-1,12,6,10,-1,10,6,8,-1,26,27,28,-1,29,30,31,-1,31,30,32,-1,33,34,27,-1,27,34,30,-1,27,30,28,-1,28,30,29,-1,35,36,37,-1,37,36,38,-1,39,40,41,-1,28,42,26,-1,26,42,43,-1,26,43,44,-1,44,43,45,-1,44,45,46,-1,46,45,47,-1,46,47,48,-1,48,47,49,-1,48,49,50,-1,50,49,51,-1,50,51,52,-1,52,51,53,-1,52,53,54,-1,54,53,55,-1,54,55,56,-1,56,55,57,-1,56,57,58,-1,58,57,59,-1,60,61,62,-1,62,61,63,-1,62,63,64,-1,64,63,65,-1,64,65,66,-1,66,65,67,-1,66,67,35,-1,35,67,68,-1,35,68,36,-1,39,41,69,-1,69,41,70,-1,69,70,71,-1,70,32,71,-1,71,32,30,-1,71,30,72,-1,72,30,73,-1,72,73,74,-1,74,73,75,-1,74,75,76,-1,76,75,77,-1,76,77,38,-1,38,77,78,-1,38,78,37,-1,40,39,79,-1,79,39,80,-1,79,80,81,-1,81,80,82,-1,81,82,83,-1,83,82,84,-1,83,84,85,-1,85,84,86,-1,85,86,87,-1,87,86,88,-1,87,88,89,-1,89,88,90,-1,89,90,91,-1,91,90,92,-1,91,92,59,-1,59,92,93,-1,59,93,58,-1,66,94,95,-1,66,95,64,-1,64,95,96,-1,64,96,62,-1,62,96,97,-1,62,97,60,-1,61,60,98,-1,98,60,97,-1,61,98,99,-1,61,99,63,-1,63,99,100,-1,63,100,65,-1,65,100,101,-1,65,101,67,-1,67,101,102,-1,67,102,68,-1,68,102,103,-1,68,103,36,-1,36,103,104,-1,36,104,38,-1,38,104,105,-1,38,105,76,-1,76,105,106,-1,76,106,74,-1,74,106,107,-1,74,107,72,-1,72,107,108,-1,72,108,71,-1,69,71,109,-1,109,71,108,-1,69,109,110,-1,69,110,39,-1,39,110,111,-1,39,111,80,-1,80,111,112,-1,80,112,82,-1,82,112,113,-1,82,113,84,-1,84,113,114,-1,84,114,86,-1,86,114,115,-1,86,115,88,-1,88,115,116,-1,88,116,90,-1,90,116,117,-1,90,117,92,-1,92,117,118,-1,92,118,93,-1,93,118,119,-1,93,119,58,-1,120,52,121,-1,121,52,54,-1,121,54,122,-1,122,54,56,-1,122,56,123,-1,123,56,58,-1,123,58,119,-1,52,120,124,-1,52,124,50,-1,50,124,125,-1,50,125,48,-1,125,126,48,-1,48,126,127,-1,48,127,46,-1,46,127,128,-1,46,128,44,-1,44,128,129,-1,44,129,26,-1,27,26,130,-1,130,26,129,-1,33,27,131,-1,131,27,130,-1,34,33,132,-1,132,33,131,-1,30,34,133,-1,133,34,132,-1,30,133,134,-1,30,134,73,-1,73,134,135,-1,73,135,75,-1,75,135,136,-1,75,136,77,-1,77,136,137,-1,77,137,78,-1,78,137,138,-1,78,138,37,-1,37,138,139,-1,37,139,35,-1,35,139,94,-1,35,94,66,-1,79,140,141,-1,79,141,40,-1,40,141,142,-1,40,142,41,-1,41,142,143,-1,41,143,70,-1,87,144,145,-1,87,145,85,-1,85,145,146,-1,85,146,83,-1,83,146,147,-1,83,147,81,-1,81,147,140,-1,81,140,79,-1,57,148,149,-1,57,149,59,-1,59,149,150,-1,59,150,91,-1,91,150,151,-1,91,151,89,-1,89,151,144,-1,89,144,87,-1,51,152,153,-1,51,153,53,-1,53,153,154,-1,53,154,55,-1,55,154,148,-1,55,148,57,-1,43,155,156,-1,43,156,45,-1,45,156,157,-1,45,157,47,-1,47,157,158,-1,47,158,49,-1,49,158,152,-1,49,152,51,-1,31,159,160,-1,31,160,29,-1,29,160,161,-1,29,161,28,-1,28,161,162,-1,28,162,42,-1,42,162,155,-1,42,155,43,-1,31,32,159,-1,159,32,163,-1,32,70,163,-1,163,70,143,-1,
        ]
    }
}
Shape{
    appearance Appearance {
        material  Material 	{
            diffuseColor 0.25098039215686274 0.25098039215686274 0.25098039215686274
            specularColor 0.12549019607843137 0.12549019607843137 0.12549019607843137
            ambientIntensity 0.251
            transparency 0.0
            shininess 0.5
        }
    }
    geometry IndexedFaceSet {
        ccw TRUE
        solid FALSE
        coord DEF co Coordinate {
            point [
                0.0624 -1.1793 0.1933, 0.0562 -1.1793 0.1924, 0.0624 -1.1793 0.1907, 0.0535 -1.1793 0.1918, 0.0524 -1.1793 0.1913, 0.0517 -1.1793 0.1908, 0.0624 -1.1793 0.1904, 0.0621 -1.1793 0.1884, 0.0512 -1.1793 0.1901, 0.0614 -1.1793 0.1867, 0.0514 -1.1793 0.1848, 0.0518 -1.1793 0.1844, 0.0598 -1.1793 0.1848, 0.0509 -1.1793 0.1855, 0.0585 -1.1793 0.1839, 0.0571 -1.1793 0.1834, 0.0554 -1.1793 0.1832, 0.0508 -1.1793 0.1893, 0.0505 -1.1793 0.1882, 0.0604 -1.1793 0.1853, 0.0505 -1.1793 0.1875, 0.0506 -1.1793 0.1864, 0.0528 -1.1793 0.1837, 0.0538 -1.1793 0.1834
            ]
        }
        coordIndex [
            0,1,2,-1,2,1,3,-1,3,4,2,-1,2,4,5,-1,2,5,6,-1,6,5,7,-1,7,5,8,-1,7,8,9,-1,10,11,12,-1,10,12,13,-1,14,12,15,-1,15,12,16,-1,8,17,9,-1,9,17,18,-1,9,18,19,-1,19,18,20,-1,19,20,12,-1,12,20,21,-1,12,21,13,-1,11,22,12,-1,12,22,23,-1,12,23,16,-1,
        ]
    }
}
Shape{
    appearance Appearance {
        material  Material 	{
            diffuseColor 1.0 1.0 1.0
            specularColor 0.5019607843137255 0.5019607843137255 0.5019607843137255
            ambientIntensity 1.0
            transparency 0.0
            shininess 0.5
        }
    }
    geometry IndexedFaceSet {
        ccw TRUE
        solid FALSE
        coord DEF co Coordinate {
            point [
                0.0733 -1.1793 0.1857, 0.0733 -1.1833 0.1857, 0.0752 -1.1833 0.1846, 0.081 -1.1833 0.1832, 0.081 -1.1793 0.1832, 0.0781 -1.1793 0.1835, 0.0781 -1.1833 0.1835, 0.0755 -1.1793 0.1845, 0.0752 -1.1793 0.1846, 0.0733 -1.1833 0.1809, 0.0733 -1.1793 0.1809, 0.0755 -1.1793 0.1802, 0.0767 -1.1833 0.1798, 0.0805 -1.1793 0.1794, 0.0805 -1.1833 0.1794, 0.0775 -1.1793 0.1797, 0.0767 -1.1793 0.1798, 0.0833 -1.1793 0.1797, 0.0846 -1.1833 0.1798, 0.0846 -1.1793 0.1798, 0.087 -1.1793 0.1807, 0.087 -1.1833 0.1807, 0.0882 -1.1793 0.1815, 0.0882 -1.1833 0.1815, 0.0896 -1.1793 0.1826, 0.0896 -1.1833 0.1826, 0.0904 -1.1793 0.1839, 0.0904 -1.1833 0.1839, 0.091 -1.1793 0.1853, 0.091 -1.1833 0.1853, 0.0912 -1.1793 0.1872, 0.0912 -1.1833 0.1872, 0.091 -1.1793 0.1889, 0.091 -1.1833 0.1889, 0.0905 -1.1793 0.1903, 0.0905 -1.1833 0.1903, 0.0897 -1.1793 0.1916, 0.0897 -1.1833 0.1916, 0.0886 -1.1793 0.1926, 0.0886 -1.1833 0.1926, 0.0855 -1.1793 0.1943, 0.0855 -1.1833 0.1943, 0.0837 -1.1793 0.195, 0.0837 -1.1833 0.195, 0.0808 -1.1793 0.1963, 0.0808 -1.1833 0.1963, 0.0792 -1.1793 0.1973, 0.0792 -1.1833 0.1973, 0.0787 -1.1793 0.1978, 0.0787 -1.1833 0.1978, 0.0784 -1.1793 0.1984, 0.0784 -1.1833 0.1984, 0.0782 -1.1793 0.1991, 0.0782 -1.1833 0.1991, 0.0782 -1.1793 0.1997, 0.0782 -1.1833 0.1997, 0.0782 -1.1793 0.2005, 0.0782 -1.1833 0.2005, 0.0785 -1.1793 0.2011, 0.0785 -1.1833 0.2011, 0.0789 -1.1793 0.2017, 0.0789 -1.1833 0.2017, 0.0796 -1.1793 0.2023, 0.0796 -1.1833 0.2023, 0.0806 -1.1793 0.2029, 0.0806 -1.1833 0.2029, 0.0818 -1.1793 0.2032, 0.0818 -1.1833 0.2032, 0.0832 -1.1793 0.2033, 0.0832 -1.1833 0.2033, 0.0863 -1.1793 0.203, 0.0863 -1.1833 0.203, 0.0889 -1.1793 0.202, 0.0889 -1.1833 0.202, 0.0899 -1.1793 0.2014, 0.0899 -1.1833 0.2014, 0.0899 -1.1833 0.2059, 0.0899 -1.1793 0.2059, 0.0864 -1.1793 0.2069, 0.0864 -1.1833 0.2069, 0.0837 -1.1793 0.2071, 0.0837 -1.1833 0.2071, 0.0799 -1.1793 0.2066, 0.0799 -1.1833 0.2066, 0.0775 -1.1793 0.2057, 0.0775 -1.1833 0.2057, 0.0763 -1.1793 0.205, 0.0763 -1.1833 0.205, 0.0755 -1.1793 0.2042, 0.075 -1.1833 0.2037, 0.075 -1.1793 0.2037, 0.0741 -1.1793 0.2025, 0.0741 -1.1833 0.2025, 0.0735 -1.1793 0.201, 0.0735 -1.1833 0.201, 0.0734 -1.1793 0.1993, 0.0734 -1.1833 0.1993, 0.0736 -1.1793 0.1975, 0.0736 -1.1833 0.1975, 0.0741 -1.1793 0.1961, 0.0741 -1.1833 0.1961, 0.0747 -1.1793 0.1951, 0.0747 -1.1833 0.1951, 0.0804 -1.1793 0.1916, 0.0804 -1.1833 0.1916, 0.0776 -1.1833 0.1929, 0.0754 -1.1793 0.1943, 0.0754 -1.1833 0.1943, 0.0755 -1.1793 0.1943, 0.0776 -1.1793 0.1929, 0.0834 -1.1793 0.1903, 0.0834 -1.1833 0.1903, 0.0853 -1.1793 0.1893, 0.0853 -1.1833 0.1893, 0.0858 -1.1793 0.1887, 0.0858 -1.1833 0.1887, 0.0862 -1.1793 0.188, 0.0862 -1.1833 0.188, 0.0864 -1.1793 0.1873, 0.0864 -1.1833 0.1873, 0.0865 -1.1793 0.1867, 0.0865 -1.1833 0.1867, 0.0864 -1.1793 0.1859, 0.0864 -1.1833 0.1859, 0.0861 -1.1793 0.1852, 0.0861 -1.1833 0.1852, 0.0857 -1.1793 0.1846, 0.0857 -1.1833 0.1846, 0.0852 -1.1793 0.1841, 0.0852 -1.1833 0.1841, 0.0848 -1.1793 0.1839, 0.0848 -1.1833 0.1839, 0.0836 -1.1793 0.1834, 0.0836 -1.1833 0.1834, 0.0812 -1.1793 0.1832, 0.0812 -1.1833 0.1832, 0.1142 -1.1833 0.2065, 0.119 -1.1833 0.2065, 0.1142 -1.1793 0.2065, 0.119 -1.1793 0.2065, 0.107 -1.1833 0.1865, 0.107 -1.1793 0.1865, 0.1066 -1.1793 0.1853, 0.1066 -1.1833 0.1853, 0.1064 -1.1793 0.1844, 0.1064 -1.1833 0.1844, 0.1063 -1.1833 0.1844, 0.1063 -1.1793 0.1844, 0.1057 -1.1833 0.1866, 0.1057 -1.1793 0.1866, 0.0988 -1.1833 0.2065, 0.1011 -1.1793 0.2, 0.0988 -1.1793 0.2065, 0.0936 -1.1833 0.2065, 0.0936 -1.1793 0.2065, 0.104 -1.1833 0.18, 0.1011 -1.1793 0.1876, 0.104 -1.1793 0.18, 0.102 -1.1793 0.1752, 0.102 -1.1833 0.1752, 0.1039 -1.1793 0.1797, 0.1011 -1.1793 0.1736, 0.1011 -1.1793 0.1736, 0.1002 -1.1833 0.1726, 0.1011 -1.1833 0.1736, 0.1002 -1.1793 0.1726, 0.0994 -1.1793 0.172, 0.0994 -1.1833 0.172, 0.0983 -1.1793 0.1716, 0.0983 -1.1833 0.1716, 0.0972 -1.1793 0.1715, 0.0972 -1.1833 0.1715, 0.0955 -1.1793 0.1717, 0.0955 -1.1833 0.1717, 0.0946 -1.1793 0.172, 0.0946 -1.1833 0.172, 0.0946 -1.1833 0.1679, 0.0946 -1.1793 0.1679, 0.0966 -1.1793 0.1676, 0.0966 -1.1833 0.1676, 0.0976 -1.1793 0.1675, 0.0976 -1.1833 0.1675, 0.0995 -1.1793 0.1677, 0.0995 -1.1833 0.1677, 0.1011 -1.1793 0.1683, 0.1013 -1.1833 0.1684, 0.1013 -1.1793 0.1684, 0.1029 -1.1793 0.1696, 0.1029 -1.1833 0.1696, 0.1032 -1.1793 0.1699, 0.1032 -1.1833 0.1699, 0.1049 -1.1793 0.1719, 0.1049 -1.1833 0.1719, 0.107 -1.1793 0.176, 0.107 -1.1833 0.176, 0.1085 -1.1793 0.1797, 0.144 -1.1833 0.1842, 0.144 -1.1833 0.18, 0.144 -1.1793 0.1842, 0.144 -1.1793 0.18, 0.1288 -1.1833 0.1842, 0.1358 -1.1793 0.1842, 0.1288 -1.1793 0.1842, 0.1288 -1.1833 0.1967, 0.1288 -1.1793 0.1967, 0.1421 -1.1833 0.1967, 0.1358 -1.1793 0.1967, 0.1421 -1.1793 0.1967, 0.1421 -1.1833 0.2009, 0.1421 -1.1793 0.2009, 0.1288 -1.1793 0.2009, 0.1288 -1.1833 0.2009, 0.1358 -1.1793 0.2009, 0.1288 -1.1793 0.2128, 0.1288 -1.1833 0.2128, 0.1288 -1.1793 0.2121, 0.1431 -1.1793 0.2128, 0.1431 -1.1833 0.2128, 0.1358 -1.1793 0.2128, 0.1431 -1.1833 0.2171, 0.1431 -1.1793 0.2171, 0.1241 -1.1793 0.2171, 0.1241 -1.1833 0.2171, 0.1358 -1.1793 0.2171, 0.1241 -1.1793 0.18, 0.1241 -1.1833 0.18, 0.1241 -1.1793 0.2121, 0.1358 -1.1793 0.18, 0.1741 -1.1833 0.1905, 0.1722 -1.1833 0.1881, 0.1756 -1.1833 0.1852, 0.1714 -1.1833 0.1874, 0.1716 -1.1833 0.1824, 0.1689 -1.1833 0.1858, 0.1674 -1.1833 0.1807, 0.1657 -1.1833 0.1847, 0.1612 -1.1833 0.18, 0.1612 -1.1833 0.1842, 0.151 -1.1833 0.18, 0.1558 -1.1833 0.1842, 0.151 -1.1833 0.2171, 0.1558 -1.1833 0.2128, 0.1616 -1.1833 0.2171, 0.1614 -1.1833 0.2128, 0.1678 -1.1833 0.2163, 0.166 -1.1833 0.2123, 0.1722 -1.1833 0.2146, 0.1692 -1.1833 0.2112, 0.1756 -1.1833 0.2122, 0.1721 -1.1833 0.2093, 0.1773 -1.1833 0.2105, 0.1733 -1.1833 0.2081, 0.1795 -1.1833 0.2071, 0.1747 -1.1833 0.2059, 0.1807 -1.1833 0.2034, 0.1757 -1.1833 0.2031, 0.1812 -1.1833 0.199, 0.1761 -1.1833 0.1989, 0.181 -1.1833 0.1963, 0.176 -1.1833 0.1968, 0.1801 -1.1833 0.192, 0.1754 -1.1833 0.1933, 0.1782 -1.1833 0.1882, 0.1612 -1.1793 0.18, 0.151 -1.1793 0.18, 0.1674 -1.1793 0.1807, 0.1716 -1.1793 0.1824, 0.1756 -1.1793 0.1852, 0.1782 -1.1793 0.1882, 0.1801 -1.1793 0.192, 0.181 -1.1793 0.1963, 0.1812 -1.1793 0.199, 0.1756 -1.1793 0.2122, 0.1757 -1.1793 0.2121, 0.1773 -1.1793 0.2105, 0.1795 -1.1793 0.2071, 0.1807 -1.1793 0.2034, 0.1722 -1.1793 0.2146, 0.1678 -1.1793 0.2163, 0.1616 -1.1793 0.2171, 0.151 -1.1793 0.2171, 0.151 -1.1793 0.2121, 0.1614 -1.1793 0.2128, 0.1558 -1.1793 0.2128, 0.1558 -1.1793 0.1842, 0.1612 -1.1793 0.1842, 0.1722 -1.1793 0.1881, 0.1714 -1.1793 0.1874, 0.1689 -1.1793 0.1858, 0.1657 -1.1793 0.1847, 0.1761 -1.1793 0.1989, 0.176 -1.1793 0.1968, 0.1754 -1.1793 0.1933, 0.1741 -1.1793 0.1905, 0.1721 -1.1793 0.2093, 0.1733 -1.1793 0.2081, 0.1747 -1.1793 0.2059, 0.1757 -1.1793 0.2031, 0.166 -1.1793 0.2123, 0.1692 -1.1793 0.2112
            ]
        }
        coordIndex [
            0,1,2,-1,3,4,5,-1,3,5,6,-1,6,5,7,-1,6,7,2,-1,2,7,8,-1,2,8,0,-1,9,1,10,-1,10,1,0,-1,10,11,9,-1,9,11,12,-1,13,14,15,-1,15,14,12,-1,15,12,16,-1,16,12,11,-1,13,17,14,-1,14,17,18,-1,17,19,18,-1,18,19,20,-1,18,20,21,-1,21,20,22,-1,21,22,23,-1,23,22,24,-1,23,24,25,-1,25,24,26,-1,25,26,27,-1,27,26,28,-1,27,28,29,-1,29,28,30,-1,29,30,31,-1,31,30,32,-1,31,32,33,-1,33,32,34,-1,33,34,35,-1,35,34,36,-1,35,36,37,-1,37,36,38,-1,37,38,39,-1,39,38,40,-1,39,40,41,-1,41,40,42,-1,41,42,43,-1,43,42,44,-1,43,44,45,-1,45,44,46,-1,45,46,47,-1,47,46,48,-1,47,48,49,-1,49,48,50,-1,49,50,51,-1,51,50,52,-1,51,52,53,-1,53,52,54,-1,53,54,55,-1,55,54,56,-1,55,56,57,-1,57,56,58,-1,57,58,59,-1,59,58,60,-1,59,60,61,-1,61,60,62,-1,61,62,63,-1,63,62,64,-1,63,64,65,-1,65,64,66,-1,65,66,67,-1,67,66,68,-1,67,68,69,-1,69,68,70,-1,69,70,71,-1,71,70,72,-1,71,72,73,-1,73,72,74,-1,73,74,75,-1,76,75,77,-1,77,75,74,-1,76,77,78,-1,76,78,79,-1,79,78,80,-1,79,80,81,-1,81,80,82,-1,81,82,83,-1,83,82,84,-1,83,84,85,-1,85,84,86,-1,85,86,87,-1,86,88,87,-1,87,88,89,-1,88,90,89,-1,89,90,91,-1,89,91,92,-1,92,91,93,-1,92,93,94,-1,94,93,95,-1,94,95,96,-1,96,95,97,-1,96,97,98,-1,98,97,99,-1,98,99,100,-1,100,99,101,-1,100,101,102,-1,103,104,105,-1,102,101,106,-1,102,106,107,-1,107,106,108,-1,107,108,105,-1,105,108,109,-1,105,109,103,-1,104,103,110,-1,104,110,111,-1,111,110,112,-1,111,112,113,-1,113,112,114,-1,113,114,115,-1,115,114,116,-1,115,116,117,-1,117,116,118,-1,117,118,119,-1,119,118,120,-1,119,120,121,-1,121,120,122,-1,121,122,123,-1,123,122,124,-1,123,124,125,-1,125,124,126,-1,125,126,127,-1,127,126,128,-1,127,128,129,-1,129,128,130,-1,129,130,131,-1,131,130,132,-1,131,132,133,-1,133,132,134,-1,133,134,135,-1,135,134,4,-1,135,4,3,-1,61,63,85,-1,85,63,83,-1,111,43,104,-1,104,43,45,-1,21,23,127,-1,127,23,25,-1,127,25,125,-1,125,25,27,-1,125,27,123,-1,123,27,29,-1,123,29,121,-1,121,29,31,-1,121,31,119,-1,119,31,33,-1,119,33,117,-1,117,33,35,-1,117,35,115,-1,115,35,37,-1,115,37,113,-1,113,37,39,-1,113,39,111,-1,111,39,41,-1,111,41,43,-1,14,3,12,-1,12,3,6,-1,12,6,9,-1,9,6,2,-1,9,2,1,-1,63,65,83,-1,83,65,67,-1,83,67,81,-1,81,67,69,-1,81,69,79,-1,79,69,71,-1,79,71,76,-1,76,71,73,-1,76,73,75,-1,127,129,21,-1,21,129,131,-1,21,131,18,-1,18,131,133,-1,18,133,14,-1,14,133,135,-1,14,135,3,-1,85,87,61,-1,61,87,89,-1,61,89,59,-1,59,89,92,-1,59,92,57,-1,57,92,94,-1,57,94,55,-1,55,94,96,-1,55,96,53,-1,53,96,98,-1,53,98,51,-1,51,98,100,-1,51,100,49,-1,49,100,102,-1,49,102,47,-1,47,102,107,-1,47,107,45,-1,45,107,105,-1,45,105,104,-1,136,137,138,-1,138,137,139,-1,140,136,141,-1,141,136,138,-1,140,141,142,-1,140,142,143,-1,143,142,144,-1,143,144,145,-1,146,145,147,-1,147,145,144,-1,148,146,149,-1,149,146,147,-1,148,149,150,-1,150,149,151,-1,150,151,152,-1,153,150,154,-1,154,150,152,-1,153,154,155,-1,155,154,156,-1,155,156,157,-1,158,159,160,-1,160,159,155,-1,160,155,157,-1,159,158,161,-1,162,163,161,-1,161,163,164,-1,161,164,159,-1,162,165,163,-1,163,165,166,-1,163,166,167,-1,167,166,168,-1,167,168,169,-1,169,168,170,-1,169,170,171,-1,171,170,172,-1,171,172,173,-1,173,172,174,-1,173,174,175,-1,176,175,177,-1,177,175,174,-1,176,177,178,-1,176,178,179,-1,179,178,180,-1,179,180,181,-1,181,180,182,-1,181,182,183,-1,183,182,184,-1,183,184,185,-1,184,186,185,-1,185,186,187,-1,185,187,188,-1,188,187,189,-1,188,189,190,-1,190,189,191,-1,190,191,192,-1,192,191,193,-1,192,193,194,-1,139,137,195,-1,195,137,194,-1,195,194,193,-1,143,145,194,-1,137,136,194,-1,194,136,140,-1,194,140,143,-1,150,153,148,-1,148,153,155,-1,148,155,146,-1,192,164,190,-1,190,164,163,-1,175,176,173,-1,173,176,179,-1,173,179,171,-1,171,179,181,-1,171,181,169,-1,169,181,183,-1,169,183,167,-1,167,183,185,-1,167,185,163,-1,163,185,188,-1,163,188,190,-1,145,146,194,-1,194,146,155,-1,194,155,192,-1,192,155,159,-1,192,159,164,-1,196,197,198,-1,198,197,199,-1,196,198,200,-1,200,198,201,-1,200,201,202,-1,203,200,204,-1,204,200,202,-1,203,204,205,-1,205,204,206,-1,205,206,207,-1,208,205,209,-1,209,205,207,-1,210,211,212,-1,212,211,208,-1,212,208,209,-1,213,214,215,-1,215,214,211,-1,215,211,210,-1,216,217,218,-1,218,217,214,-1,218,214,213,-1,219,217,220,-1,220,217,216,-1,221,222,223,-1,223,222,219,-1,223,219,220,-1,224,225,226,-1,226,225,222,-1,226,222,221,-1,225,224,197,-1,197,224,227,-1,197,227,199,-1,225,197,196,-1,196,200,225,-1,225,200,203,-1,225,203,222,-1,217,219,214,-1,214,219,222,-1,214,222,211,-1,211,222,203,-1,211,203,208,-1,208,203,205,-1,228,229,230,-1,230,229,231,-1,230,231,232,-1,232,231,233,-1,232,233,234,-1,234,233,235,-1,234,235,236,-1,236,235,237,-1,236,237,238,-1,238,237,239,-1,238,239,240,-1,240,239,241,-1,240,241,242,-1,242,241,243,-1,242,243,244,-1,244,243,245,-1,244,245,246,-1,246,245,247,-1,246,247,248,-1,248,247,249,-1,248,249,250,-1,250,249,251,-1,250,251,252,-1,252,251,253,-1,252,253,254,-1,254,253,255,-1,254,255,256,-1,256,255,257,-1,256,257,258,-1,258,257,259,-1,258,259,260,-1,260,259,261,-1,260,261,262,-1,262,261,228,-1,262,228,230,-1,236,238,263,-1,263,238,264,-1,236,263,265,-1,236,265,234,-1,234,265,266,-1,234,266,232,-1,232,266,267,-1,232,267,230,-1,230,267,268,-1,230,268,262,-1,262,268,269,-1,262,269,260,-1,260,269,270,-1,260,270,258,-1,258,270,271,-1,258,271,256,-1,272,248,273,-1,273,248,250,-1,273,250,274,-1,274,250,252,-1,274,252,275,-1,275,252,254,-1,275,254,276,-1,276,254,256,-1,276,256,271,-1,248,272,277,-1,248,277,246,-1,246,277,278,-1,246,278,244,-1,244,278,279,-1,244,279,242,-1,240,242,280,-1,280,242,279,-1,264,238,281,-1,281,238,240,-1,281,240,280,-1,243,241,282,-1,282,241,283,-1,241,239,283,-1,283,239,284,-1,239,237,284,-1,284,237,285,-1,229,286,287,-1,229,287,231,-1,231,287,288,-1,231,288,233,-1,233,288,289,-1,233,289,235,-1,235,289,285,-1,235,285,237,-1,257,290,291,-1,257,291,259,-1,259,291,292,-1,259,292,261,-1,261,292,293,-1,261,293,228,-1,228,293,286,-1,228,286,229,-1,249,294,295,-1,249,295,251,-1,251,295,296,-1,251,296,253,-1,253,296,297,-1,253,297,255,-1,255,297,290,-1,255,290,257,-1,243,282,298,-1,243,298,245,-1,245,298,299,-1,245,299,247,-1,247,299,294,-1,247,294,249,-1,
        ]
    }
}
Shape{
    appearance Appearance {
        material  Material 	{
            diffuseColor 0.25098039215686274 0.25098039215686274 0.25098039215686274
            specularColor 0.12549019607843137 0.12549019607843137 0.12549019607843137
            ambientIntensity 0.251
            transparency 0.0
            shininess 0.5
        }
    }
    geometry IndexedFaceSet {
        ccw TRUE
        solid FALSE
        coord DEF co Coordinate {
            point [
                0.1558 -1.1793 0.2128, 0.1558 -1.1793 0.1842, 0.1614 -1.1793 0.2128, 0.1612 -1.1793 0.1842, 0.1657 -1.1793 0.1847, 0.1689 -1.1793 0.1858, 0.1714 -1.1793 0.1874, 0.1722 -1.1793 0.1881, 0.1741 -1.1793 0.1905, 0.1754 -1.1793 0.1933, 0.176 -1.1793 0.1968, 0.1761 -1.1793 0.1989, 0.1757 -1.1793 0.2031, 0.1747 -1.1793 0.2059, 0.1733 -1.1793 0.2081, 0.1721 -1.1793 0.2093, 0.166 -1.1793 0.2123, 0.1692 -1.1793 0.2112
            ]
        }
        coordIndex [
            0,1,2,-1,2,1,3,-1,2,3,4,-1,4,5,2,-1,2,5,6,-1,2,6,7,-1,7,8,2,-1,2,8,9,-1,2,9,10,-1,10,11,2,-1,2,11,12,-1,2,12,13,-1,13,14,2,-1,2,14,15,-1,2,15,16,-1,16,15,17,-1,
        ]
    }
}
Shape{
    appearance Appearance {
        material  Material 	{
            diffuseColor 1.0 1.0 1.0
            specularColor 0.5019607843137255 0.5019607843137255 0.5019607843137255
            ambientIntensity 1.0
            transparency 0.0
            shininess 0.5
        }
    }
    geometry IndexedFaceSet {
        ccw TRUE
        solid FALSE
        coord DEF co Coordinate {
            point [
                0.1936 -1.1833 0.1943, 0.1921 -1.1833 0.1901, 0.206 -1.1833 0.1943, 0.2075 -1.1833 0.1901, 0.1991 -1.1833 0.2097, 0.1973 -1.1833 0.2171, 0.1832 -1.1833 0.18, 0.1885 -1.1833 0.18, 0.1995 -1.1833 0.2108, 0.1997 -1.1833 0.2123, 0.2025 -1.1833 0.2171, 0.1999 -1.1833 0.2123, 0.2002 -1.1833 0.2108, 0.2004 -1.1833 0.2097, 0.2166 -1.1833 0.18, 0.2113 -1.1833 0.18, 0.2166 -1.1793 0.18, 0.2044 -1.1793 0.2121, 0.2025 -1.1793 0.2171, 0.1973 -1.1793 0.2171, 0.1832 -1.1793 0.18, 0.1954 -1.1793 0.2121, 0.1885 -1.1793 0.18, 0.1921 -1.1793 0.1901, 0.2075 -1.1793 0.1901, 0.2113 -1.1793 0.18, 0.1936 -1.1793 0.1943, 0.206 -1.1793 0.1943, 0.2004 -1.1793 0.2097, 0.1999 -1.1793 0.2123, 0.2002 -1.1793 0.2108, 0.1997 -1.1793 0.2123, 0.1991 -1.1793 0.2097, 0.1995 -1.1793 0.2108
            ]
        }
        coordIndex [
            0,1,2,-1,2,1,3,-1,4,5,0,-1,0,5,6,-1,0,6,1,-1,1,6,7,-1,4,8,5,-1,5,8,9,-1,5,9,10,-1,10,9,11,-1,10,11,12,-1,12,13,10,-1,10,13,2,-1,10,2,14,-1,14,2,3,-1,14,3,15,-1,14,16,10,-1,10,16,17,-1,10,17,18,-1,5,10,19,-1,19,10,18,-1,20,6,21,-1,21,6,5,-1,21,5,19,-1,7,6,22,-1,22,6,20,-1,1,7,23,-1,23,7,22,-1,3,1,24,-1,24,1,23,-1,15,3,25,-1,25,3,24,-1,14,15,16,-1,16,15,25,-1,0,2,26,-1,26,2,27,-1,2,13,27,-1,27,13,28,-1,11,29,30,-1,11,30,12,-1,12,30,28,-1,12,28,13,-1,11,9,29,-1,29,9,31,-1,4,32,33,-1,4,33,8,-1,8,33,31,-1,8,31,9,-1,4,0,32,-1,32,0,26,-1,
        ]
    }
}
Shape{
    appearance Appearance {
        material  Material 	{
            diffuseColor 0.25098039215686274 0.25098039215686274 0.25098039215686274
            specularColor 0.12549019607843137 0.12549019607843137 0.12549019607843137
            ambientIntensity 0.251
            transparency 0.0
            shininess 0.5
        }
    }
    geometry IndexedFaceSet {
        ccw TRUE
        solid FALSE
        coord DEF co Coordinate {
            point [
                0.1999 -1.1793 0.2123, 0.1997 -1.1793 0.2123, 0.2002 -1.1793 0.2108, 0.1995 -1.1793 0.2108, 0.2004 -1.1793 0.2097, 0.1991 -1.1793 0.2097, 0.206 -1.1793 0.1943, 0.1936 -1.1793 0.1943
            ]
        }
        coordIndex [
            0,1,2,-1,2,1,3,-1,2,3,4,-1,4,3,5,-1,4,5,6,-1,6,5,7,-1,
        ]
    }
}
Shape{
    appearance Appearance {
        material  Material 	{
            diffuseColor 1.0 1.0 1.0
            specularColor 0.5019607843137255 0.5019607843137255 0.5019607843137255
            ambientIntensity 1.0
            transparency 0.0
            shininess 0.5
        }
    }
    geometry IndexedFaceSet {
        ccw TRUE
        solid FALSE
        coord DEF co Coordinate {
            point [
                -0.1493 -1.1833 0.2438, -0.1435 -1.1833 0.2469, -0.1448 -1.1833 0.2632, -0.0984 -1.1833 0.1737, -0.0953 -1.1833 0.1795, -0.0937 -1.1833 0.186, -0.1284 -1.1833 0.2639, -0.1202 -1.1833 0.2447, -0.1162 -1.1833 0.253, -0.13 -1.1833 0.1853, -0.1304 -1.1833 0.1878, -0.1447 -1.1833 0.198, -0.145 -1.1833 0.1804, -0.1483 -1.1833 0.1814, -0.1505 -1.1833 0.2016, -0.1344 -1.1833 0.2645, -0.0567 -1.1833 0.211, -0.0648 -1.1833 0.2249, -0.0936 -1.1833 0.1915, -0.1002 -1.1833 0.2065, -0.0936 -1.1833 0.1888, -0.1077 -1.1833 0.1655, -0.1024 -1.1833 0.1692, -0.1289 -1.1833 0.1831, -0.1384 -1.1833 0.1699, -0.1423 -1.1833 0.1747, -0.048 -1.1833 0.2371, -0.0459 -1.1833 0.2371, -0.0351 -1.1833 0.2513, -0.0408 -1.1833 0.2364, -0.0338 -1.1833 0.2509, -0.0362 -1.1833 0.2347, -0.0259 -1.1833 0.247, -0.0188 -1.1833 0.2409, -0.123 -1.1833 0.2702, -0.1102 -1.1833 0.2601, -0.1168 -1.1833 0.2755, -0.1032 -1.1833 0.2653, -0.1103 -1.1833 0.2795, -0.1369 -1.1833 0.2485, -0.1342 -1.1833 0.2487, -0.1314 -1.1833 0.2643, -0.1279 -1.1833 0.2479, -0.122 -1.1833 0.2457, -0.1118 -1.1833 0.1826, -0.1133 -1.1833 0.181, -0.1153 -1.1833 0.1795, -0.1135 -1.1833 0.1633, -0.1175 -1.1833 0.1786, -0.1199 -1.1833 0.1625, -0.1202 -1.1833 0.1783, -0.1209 -1.1833 0.1625, -0.1206 -1.1833 0.1783, -0.1271 -1.1833 0.1635, -0.123 -1.1833 0.1787, -0.1332 -1.1833 0.166, -0.1254 -1.1833 0.1797, -0.1274 -1.1833 0.1812, -0.1106 -1.1833 0.1922, -0.11 -1.1833 0.1898, -0.11 -1.1833 0.1874, -0.1106 -1.1833 0.1848, -0.0187 -1.1833 0.1917, -0.031 -1.1833 0.2022, -0.0259 -1.1833 0.1857, -0.0349 -1.1833 0.199, -0.0339 -1.1833 0.1817, -0.0395 -1.1833 0.1969, -0.0427 -1.1833 0.1799, -0.0443 -1.1833 0.1959, -0.0583 -1.1833 0.1799, -0.0561 -1.1833 0.1959, -0.0597 -1.1833 0.1801, -0.1303 -1.1833 0.1904, -0.1295 -1.1833 0.1929, -0.1418 -1.1833 0.2037, -0.1282 -1.1833 0.195, -0.1374 -1.1833 0.2087, -0.1271 -1.1833 0.1961, -0.1321 -1.1833 0.2124, -0.1251 -1.1833 0.1976, -0.1262 -1.1833 0.2147, -0.1228 -1.1833 0.1985, -0.1199 -1.1833 0.2154, -0.1202 -1.1833 0.1988, -0.1167 -1.1833 0.2153, -0.118 -1.1833 0.1986, -0.1104 -1.1833 0.2137, -0.1155 -1.1833 0.1977, -0.1048 -1.1833 0.2107, -0.1134 -1.1833 0.1963, -0.1117 -1.1833 0.1944, -0.0322 -1.1833 0.2318, -0.0292 -1.1833 0.2285, -0.0134 -1.1833 0.2334, -0.0267 -1.1833 0.2239, -0.0102 -1.1833 0.2254, -0.0254 -1.1833 0.2189, -0.009 -1.1833 0.2168, -0.0253 -1.1833 0.2165, -0.0102 -1.1833 0.2074, -0.0259 -1.1833 0.2114, -0.0135 -1.1833 0.199, -0.0278 -1.1833 0.2067, -0.0307 -1.1833 0.2025, -0.0493 -1.1833 0.2721, -0.0596 -1.1833 0.26, -0.0406 -1.1833 0.262, -0.0537 -1.1833 0.2529, -0.0496 -1.1833 0.2444, -0.1597 -1.1833 0.2287, -0.177 -1.1833 0.2243, -0.1605 -1.1833 0.2223, -0.1771 -1.1833 0.2218, -0.1602 -1.1833 0.2182, -0.1758 -1.1833 0.2114, -0.1583 -1.1833 0.2117, -0.1721 -1.1833 0.2016, -0.1552 -1.1833 0.2065, -0.166 -1.1833 0.193, -0.1578 -1.1833 0.186, -0.0982 -1.1833 0.2842, -0.0946 -1.1833 0.2687, -0.0851 -1.1833 0.2858, -0.0849 -1.1833 0.27, -0.0743 -1.1833 0.2847, -0.0759 -1.1833 0.2689, -0.061 -1.1833 0.28, -0.0677 -1.1833 0.2657, -0.0603 -1.1833 0.2606, -0.1546 -1.1833 0.2594, -0.163 -1.1833 0.2535, -0.1538 -1.1833 0.2398, -0.1647 -1.1833 0.2518, -0.1575 -1.1833 0.2346, -0.1711 -1.1833 0.2437, -0.1753 -1.1833 0.2342, -0.0575 -1.1833 0.1962, -0.0638 -1.1833 0.1826, -0.0632 -1.1833 0.182, -0.0567 -1.1833 0.196, -0.0615 -1.1833 0.1808, -0.0659 -1.1833 0.188, -0.0656 -1.1833 0.1861, -0.065 -1.1833 0.1843, -0.0598 -1.1833 0.1959, -0.0616 -1.1833 0.1952, -0.0658 -1.1833 0.1891, -0.0632 -1.1833 0.1941, -0.0643 -1.1833 0.1929, -0.0653 -1.1833 0.1911, -0.0577 -1.1833 0.1962, -0.0134 -1.1793 0.2334, -0.0102 -1.1793 0.2254, -0.009 -1.1793 0.2168, -0.017 -1.1793 0.2385, -0.0188 -1.1793 0.2409, -0.0259 -1.1793 0.247, -0.0338 -1.1793 0.2509, -0.0351 -1.1793 0.2513, -0.0406 -1.1793 0.262, -0.0493 -1.1793 0.2721, -0.0553 -1.1793 0.2762, -0.061 -1.1793 0.28, -0.0743 -1.1793 0.2847, -0.0851 -1.1793 0.2858, -0.1168 -1.1793 0.2755, -0.1157 -1.1793 0.2762, -0.1103 -1.1793 0.2795, -0.0982 -1.1793 0.2842, -0.123 -1.1793 0.2702, -0.1284 -1.1793 0.2639, -0.1314 -1.1793 0.2643, -0.1344 -1.1793 0.2645, -0.1448 -1.1793 0.2632, -0.1546 -1.1793 0.2594, -0.163 -1.1793 0.2535, -0.1647 -1.1793 0.2518, -0.1711 -1.1793 0.2437, -0.1734 -1.1793 0.2385, -0.1753 -1.1793 0.2342, -0.177 -1.1793 0.2243, -0.1771 -1.1793 0.2218, -0.1759 -1.1793 0.2121, -0.1758 -1.1793 0.2114, -0.1721 -1.1793 0.2016, -0.166 -1.1793 0.193, -0.1578 -1.1793 0.186, -0.1483 -1.1793 0.1814, -0.145 -1.1793 0.1804, -0.1446 -1.1793 0.1797, -0.1423 -1.1793 0.1747, -0.1384 -1.1793 0.1699, -0.1332 -1.1793 0.166, -0.1308 -1.1793 0.165, -0.1271 -1.1793 0.1635, -0.1209 -1.1793 0.1625, -0.1199 -1.1793 0.1625, -0.0936 -1.1793 0.1888, -0.1135 -1.1793 0.1633, -0.109 -1.1793 0.165, -0.1077 -1.1793 0.1655, -0.1024 -1.1793 0.1692, -0.0984 -1.1793 0.1737, -0.0953 -1.1793 0.1795, -0.0952 -1.1793 0.1797, -0.0937 -1.1793 0.186, -0.0936 -1.1793 0.1915, -0.0567 -1.1793 0.211, -0.0648 -1.1793 0.2249, -0.0573 -1.1793 0.2121, -0.0895 -1.1793 0.2121, -0.1002 -1.1793 0.2065, -0.1048 -1.1793 0.2107, -0.1074 -1.1793 0.2121, -0.1104 -1.1793 0.2137, -0.1167 -1.1793 0.2153, -0.1199 -1.1793 0.2154, -0.1262 -1.1793 0.2147, -0.1321 -1.1793 0.2124, -0.1326 -1.1793 0.2121, -0.1374 -1.1793 0.2087, -0.1418 -1.1793 0.2037, -0.1447 -1.1793 0.198, -0.1605 -1.1793 0.2223, -0.1505 -1.1793 0.2016, -0.1552 -1.1793 0.2065, -0.1583 -1.1793 0.2117, -0.1584 -1.1793 0.2121, -0.1602 -1.1793 0.2182, -0.1597 -1.1793 0.2287, -0.1575 -1.1793 0.2346, -0.1547 -1.1793 0.2385, -0.1538 -1.1793 0.2398, -0.1493 -1.1793 0.2438, -0.1435 -1.1793 0.2469, -0.1369 -1.1793 0.2485, -0.1342 -1.1793 0.2487, -0.1279 -1.1793 0.2479, -0.122 -1.1793 0.2457, -0.1202 -1.1793 0.2447, -0.1162 -1.1793 0.253, -0.1102 -1.1793 0.2601, -0.1032 -1.1793 0.2653, -0.0946 -1.1793 0.2687, -0.0849 -1.1793 0.27, -0.048 -1.1793 0.2371, -0.0483 -1.1793 0.2385, -0.0496 -1.1793 0.2444, -0.0537 -1.1793 0.2529, -0.0596 -1.1793 0.26, -0.0603 -1.1793 0.2606, -0.0677 -1.1793 0.2657, -0.0759 -1.1793 0.2689, -0.0459 -1.1793 0.2371, -0.0408 -1.1793 0.2364, -0.0362 -1.1793 0.2347, -0.0322 -1.1793 0.2318, -0.0292 -1.1793 0.2285, -0.0267 -1.1793 0.2239, -0.0254 -1.1793 0.2189, -0.0253 -1.1793 0.2165, -0.0259 -1.1793 0.2121, -0.0259 -1.1793 0.2114, -0.0278 -1.1793 0.2067, -0.0307 -1.1793 0.2025, -0.031 -1.1793 0.2022, -0.0349 -1.1793 0.199, -0.0395 -1.1793 0.1969, -0.0443 -1.1793 0.1959, -0.0561 -1.1793 0.1959, -0.0567 -1.1793 0.196, -0.0575 -1.1793 0.1962, -0.0577 -1.1793 0.1962, -0.0598 -1.1793 0.1959, -0.0616 -1.1793 0.1952, -0.0632 -1.1793 0.1941, -0.0643 -1.1793 0.1929, -0.0653 -1.1793 0.1911, -0.0658 -1.1793 0.1891, -0.0659 -1.1793 0.188, -0.0656 -1.1793 0.1861, -0.065 -1.1793 0.1843, -0.0638 -1.1793 0.1826, -0.0632 -1.1793 0.182, -0.0615 -1.1793 0.1808, -0.0597 -1.1793 0.1801, -0.0583 -1.1793 0.1799, -0.0427 -1.1793 0.1799, -0.0339 -1.1793 0.1817, -0.0259 -1.1793 0.1857, -0.0187 -1.1793 0.1917, -0.0135 -1.1793 0.199, -0.0102 -1.1793 0.2074, -0.0096 -1.1793 0.2121, -0.1202 -1.1793 0.1988, -0.118 -1.1793 0.1986, -0.1155 -1.1793 0.1977, -0.1134 -1.1793 0.1963, -0.1117 -1.1793 0.1944, -0.1106 -1.1793 0.1922, -0.11 -1.1793 0.1898, -0.11 -1.1793 0.1874, -0.1106 -1.1793 0.1848, -0.1118 -1.1793 0.1826, -0.1133 -1.1793 0.181, -0.1153 -1.1793 0.1795, -0.1175 -1.1793 0.1786, -0.1202 -1.1793 0.1783, -0.1206 -1.1793 0.1783, -0.123 -1.1793 0.1787, -0.1254 -1.1793 0.1797, -0.1274 -1.1793 0.1812, -0.1289 -1.1793 0.1831, -0.13 -1.1793 0.1853, -0.1304 -1.1793 0.1878, -0.1303 -1.1793 0.1904, -0.1295 -1.1793 0.1929, -0.1282 -1.1793 0.195, -0.1271 -1.1793 0.1961, -0.1251 -1.1793 0.1976, -0.1228 -1.1793 0.1985
            ]
        }
        coordIndex [
            0,1,2,-1,3,4,5,-1,6,7,8,-1,9,10,11,-1,12,11,13,-1,13,11,14,-1,2,1,15,-1,16,17,18,-1,18,17,19,-1,18,19,20,-1,20,19,21,-1,20,21,5,-1,5,21,22,-1,5,22,3,-1,23,9,24,-1,24,9,11,-1,24,11,25,-1,25,11,12,-1,26,27,28,-1,28,27,29,-1,28,29,30,-1,30,29,31,-1,30,31,32,-1,32,31,33,-1,6,8,34,-1,34,8,35,-1,34,35,36,-1,36,35,37,-1,36,37,38,-1,1,39,15,-1,15,39,40,-1,15,40,41,-1,41,40,42,-1,41,42,6,-1,6,42,43,-1,6,43,7,-1,44,45,21,-1,21,45,46,-1,21,46,47,-1,47,46,48,-1,47,48,49,-1,49,48,50,-1,49,50,51,-1,51,50,52,-1,51,52,53,-1,53,52,54,-1,53,54,55,-1,55,54,56,-1,55,56,24,-1,24,56,57,-1,24,57,23,-1,58,59,19,-1,19,59,60,-1,19,60,21,-1,21,60,61,-1,21,61,44,-1,62,63,64,-1,64,63,65,-1,64,65,66,-1,66,65,67,-1,66,67,68,-1,68,67,69,-1,68,69,70,-1,70,69,71,-1,70,71,72,-1,10,73,11,-1,11,73,74,-1,11,74,75,-1,75,74,76,-1,75,76,77,-1,77,76,78,-1,77,78,79,-1,79,78,80,-1,79,80,81,-1,81,80,82,-1,81,82,83,-1,83,82,84,-1,83,84,85,-1,85,84,86,-1,85,86,87,-1,87,86,88,-1,87,88,89,-1,89,88,90,-1,89,90,19,-1,19,90,91,-1,19,91,58,-1,31,92,33,-1,33,92,93,-1,33,93,94,-1,94,93,95,-1,94,95,96,-1,96,95,97,-1,96,97,98,-1,98,97,99,-1,98,99,100,-1,100,99,101,-1,100,101,102,-1,102,101,103,-1,102,103,62,-1,62,103,104,-1,62,104,63,-1,105,106,107,-1,107,106,108,-1,107,108,28,-1,28,108,109,-1,28,109,26,-1,110,111,112,-1,112,111,113,-1,112,113,114,-1,114,113,115,-1,114,115,116,-1,116,115,117,-1,116,117,118,-1,118,117,119,-1,118,119,14,-1,14,119,120,-1,14,120,13,-1,38,37,121,-1,121,37,122,-1,121,122,123,-1,123,122,124,-1,123,124,125,-1,125,124,126,-1,125,126,127,-1,127,126,128,-1,127,128,105,-1,105,128,129,-1,105,129,106,-1,2,130,0,-1,0,130,131,-1,0,131,132,-1,132,131,133,-1,132,133,134,-1,134,133,135,-1,134,135,110,-1,110,135,136,-1,110,136,111,-1,137,138,139,-1,71,140,72,-1,72,140,137,-1,72,137,141,-1,141,137,139,-1,142,143,137,-1,137,143,144,-1,137,144,138,-1,145,146,147,-1,146,148,147,-1,147,148,149,-1,147,149,150,-1,142,137,147,-1,147,137,151,-1,147,151,145,-1,152,96,153,-1,153,96,98,-1,153,98,154,-1,155,33,152,-1,152,33,94,-1,152,94,96,-1,155,156,33,-1,33,156,157,-1,33,157,32,-1,32,157,158,-1,32,158,30,-1,30,158,159,-1,30,159,28,-1,28,159,160,-1,28,160,107,-1,107,160,161,-1,107,161,105,-1,105,161,127,-1,127,161,162,-1,162,163,127,-1,127,163,164,-1,127,164,125,-1,125,164,165,-1,125,165,123,-1,166,36,167,-1,167,36,38,-1,167,38,168,-1,168,38,121,-1,168,121,169,-1,169,121,123,-1,169,123,165,-1,36,166,170,-1,36,170,34,-1,34,170,171,-1,34,171,6,-1,6,171,172,-1,6,172,41,-1,41,172,173,-1,41,173,15,-1,15,173,174,-1,15,174,2,-1,2,174,175,-1,2,175,130,-1,130,175,176,-1,130,176,131,-1,131,176,177,-1,131,177,133,-1,133,177,178,-1,179,136,178,-1,178,136,135,-1,178,135,133,-1,179,180,136,-1,136,180,181,-1,136,181,111,-1,111,181,182,-1,111,182,113,-1,182,183,113,-1,113,183,115,-1,183,184,115,-1,115,184,185,-1,115,185,117,-1,117,185,186,-1,117,186,119,-1,119,186,187,-1,119,187,120,-1,120,187,188,-1,120,188,13,-1,13,188,189,-1,13,189,12,-1,12,189,190,-1,12,190,25,-1,190,191,25,-1,25,191,192,-1,25,192,24,-1,24,192,193,-1,24,193,55,-1,55,193,194,-1,55,194,53,-1,194,195,53,-1,53,195,196,-1,53,196,51,-1,51,196,197,-1,51,197,49,-1,198,20,5,-1,49,197,199,-1,49,199,47,-1,47,199,200,-1,47,200,21,-1,200,201,21,-1,21,201,202,-1,21,202,22,-1,22,202,203,-1,22,203,3,-1,3,203,204,-1,3,204,4,-1,4,204,205,-1,4,205,5,-1,5,205,206,-1,5,206,198,-1,18,20,207,-1,207,20,198,-1,16,18,208,-1,208,18,207,-1,209,17,210,-1,210,17,16,-1,210,16,208,-1,17,209,19,-1,19,209,211,-1,19,211,212,-1,19,212,213,-1,19,213,89,-1,89,213,214,-1,89,214,87,-1,214,215,87,-1,87,215,216,-1,87,216,85,-1,85,216,217,-1,85,217,83,-1,83,217,218,-1,83,218,81,-1,81,218,219,-1,81,219,79,-1,79,219,220,-1,79,220,77,-1,220,221,77,-1,77,221,222,-1,77,222,75,-1,75,222,223,-1,75,223,11,-1,224,112,114,-1,11,223,225,-1,11,225,14,-1,14,225,226,-1,14,226,118,-1,118,226,227,-1,118,227,116,-1,116,227,228,-1,116,228,114,-1,114,228,229,-1,114,229,224,-1,112,224,230,-1,112,230,110,-1,110,230,231,-1,110,231,134,-1,134,231,232,-1,134,232,132,-1,232,233,132,-1,132,233,234,-1,132,234,0,-1,0,234,235,-1,0,235,1,-1,1,235,236,-1,1,236,39,-1,39,236,237,-1,39,237,40,-1,40,237,238,-1,40,238,42,-1,42,238,239,-1,42,239,43,-1,43,239,240,-1,43,240,7,-1,7,240,241,-1,7,241,8,-1,8,241,242,-1,8,242,35,-1,35,242,243,-1,35,243,37,-1,37,243,244,-1,37,244,122,-1,122,244,245,-1,122,245,124,-1,246,26,247,-1,247,26,109,-1,247,109,248,-1,248,109,108,-1,248,108,249,-1,249,108,106,-1,249,106,250,-1,250,106,129,-1,250,129,251,-1,251,129,128,-1,251,128,252,-1,252,128,126,-1,252,126,253,-1,253,126,124,-1,253,124,245,-1,27,26,254,-1,254,26,246,-1,27,254,255,-1,27,255,29,-1,29,255,256,-1,29,256,31,-1,31,256,257,-1,31,257,92,-1,92,257,258,-1,92,258,93,-1,93,258,259,-1,93,259,95,-1,95,259,260,-1,95,260,97,-1,97,260,261,-1,97,261,99,-1,261,262,99,-1,99,262,101,-1,262,263,101,-1,101,263,264,-1,101,264,103,-1,103,264,265,-1,103,265,104,-1,104,265,266,-1,104,266,63,-1,63,266,267,-1,63,267,65,-1,65,267,268,-1,65,268,67,-1,67,268,269,-1,67,269,69,-1,71,69,270,-1,270,69,269,-1,71,270,271,-1,71,271,140,-1,140,271,272,-1,140,272,137,-1,137,272,273,-1,137,273,151,-1,151,273,274,-1,151,274,145,-1,145,274,275,-1,145,275,146,-1,146,275,276,-1,146,276,148,-1,148,276,277,-1,148,277,149,-1,149,277,278,-1,149,278,150,-1,150,278,279,-1,150,279,147,-1,147,279,280,-1,147,280,142,-1,142,280,281,-1,142,281,143,-1,143,281,282,-1,143,282,144,-1,144,282,283,-1,144,283,138,-1,138,283,284,-1,138,284,139,-1,139,284,285,-1,139,285,141,-1,141,285,286,-1,141,286,72,-1,72,286,287,-1,72,287,70,-1,68,70,288,-1,288,70,287,-1,68,288,289,-1,68,289,66,-1,66,289,290,-1,66,290,64,-1,64,290,291,-1,64,291,62,-1,62,291,292,-1,62,292,102,-1,102,292,293,-1,102,293,100,-1,100,293,98,-1,98,293,294,-1,98,294,154,-1,84,295,296,-1,84,296,86,-1,86,296,297,-1,86,297,88,-1,88,297,298,-1,88,298,90,-1,90,298,299,-1,90,299,91,-1,91,299,300,-1,91,300,58,-1,58,300,301,-1,58,301,59,-1,59,301,302,-1,59,302,60,-1,60,302,303,-1,60,303,61,-1,61,303,304,-1,61,304,44,-1,44,304,305,-1,44,305,45,-1,45,305,306,-1,45,306,46,-1,46,306,307,-1,46,307,48,-1,48,307,308,-1,48,308,50,-1,50,308,309,-1,50,309,52,-1,52,309,310,-1,52,310,54,-1,54,310,311,-1,54,311,56,-1,56,311,312,-1,56,312,57,-1,57,312,313,-1,57,313,23,-1,23,313,314,-1,23,314,9,-1,9,314,315,-1,9,315,10,-1,10,315,316,-1,10,316,73,-1,73,316,317,-1,73,317,74,-1,74,317,318,-1,74,318,76,-1,76,318,319,-1,76,319,78,-1,78,319,320,-1,78,320,80,-1,80,320,321,-1,80,321,82,-1,82,321,295,-1,82,295,84,-1,
        ]
    }
}
Shape{
    appearance Appearance {
        material  Material 	{
            diffuseColor 0.25098039215686274 0.25098039215686274 0.25098039215686274
            specularColor 0.12549019607843137 0.12549019607843137 0.12549019607843137
            ambientIntensity 0.251
            transparency 0.0
            shininess 0.5
        }
    }
    geometry IndexedFaceSet {
        ccw TRUE
        solid FALSE
        coord DEF co Coordinate {
            point [
                -0.1206 -1.1793 0.1783, -0.1271 -1.1793 0.1961, -0.1282 -1.1793 0.195, -0.1175 -1.1793 0.1786, -0.1153 -1.1793 0.1795, -0.118 -1.1793 0.1986, -0.1202 -1.1793 0.1988, -0.1228 -1.1793 0.1985, -0.1251 -1.1793 0.1976, -0.13 -1.1793 0.1853, -0.1289 -1.1793 0.1831, -0.1274 -1.1793 0.1812, -0.1202 -1.1793 0.1783, -0.1295 -1.1793 0.1929, -0.1303 -1.1793 0.1904, -0.1304 -1.1793 0.1878, -0.1254 -1.1793 0.1797, -0.123 -1.1793 0.1787, -0.1133 -1.1793 0.181, -0.1118 -1.1793 0.1826, -0.1106 -1.1793 0.1848, -0.11 -1.1793 0.1874, -0.11 -1.1793 0.1898, -0.1106 -1.1793 0.1922, -0.1117 -1.1793 0.1944, -0.1134 -1.1793 0.1963, -0.1155 -1.1793 0.1977
            ]
        }
        coordIndex [
            0,1,2,-1,3,4,5,-1,6,7,0,-1,0,7,8,-1,0,8,1,-1,9,10,2,-1,2,10,11,-1,6,0,5,-1,5,0,12,-1,5,12,3,-1,13,14,2,-1,2,14,15,-1,2,15,9,-1,11,16,2,-1,2,16,17,-1,2,17,0,-1,4,18,5,-1,5,18,19,-1,5,19,20,-1,20,21,5,-1,5,21,22,-1,5,22,23,-1,23,24,5,-1,5,24,25,-1,5,25,26,-1,
        ]
    }
}