ISO-10303-21;
HEADER;
FILE_DESCRIPTION (( 'STEP AP214' ),
    '1' );
FILE_NAME ('DFN0603-2L-BI-1.STEP',
    '2026-01-27T10:51:19',
    ( 'User' ),
    ( 'China' ),
    'SwSTEP 2.0',
    'SolidWorks 2020',
    '' );
FILE_SCHEMA (( 'AUTOMOTIVE_DESIGN' ));
ENDSEC;

DATA;
#1 = ORIENTED_EDGE ( 'NONE', *, *, #6826, .F. ) ;
#2 = CARTESIAN_POINT ( 'NONE',  ( 0.1524531657733733114, -0.06233283800483681303, 0.2900000000000000355 ) ) ;
#3 = DIRECTION ( 'NONE',  ( -0.000000000000000000, 1.000000000000000000, -0.000000000000000000 ) ) ;
#4 = STYLED_ITEM ( 'NONE', ( #6388 ), #7477 ) ;
#5 = CARTESIAN_POINT ( 'NONE',  ( 0.2001815909466896082, -0.1198891859963017309, 0.2900000000000000355 ) ) ;
#6 = DIRECTION ( 'NONE',  ( 0.3493954794973161970, -0.9369753459439796872, -0.000000000000000000 ) ) ;
#7 = CARTESIAN_POINT ( 'NONE',  ( 0.1623230882616398252, -0.1057772968216992571, 0.2800000000000000266 ) ) ;
#8 = ORIENTED_EDGE ( 'NONE', *, *, #3952, .T. ) ;
#9 = CARTESIAN_POINT ( 'NONE',  ( 0.1668506527052079358, -0.1139084329651810362, 0.2800000000000000266 ) ) ;
#10 = ORIENTED_EDGE ( 'NONE', *, *, #8137, .T. ) ;
#11 = ADVANCED_FACE ( 'NONE', ( #5676 ), #6118, .F. ) ;
#12 = VECTOR ( 'NONE', #2186, 1000.000000000000000 ) ;
#13 = CARTESIAN_POINT ( 'NONE',  ( 0.1607439006635171530, -0.1000989414156316648, 0.2800000000000000266 ) ) ;
#14 = CARTESIAN_POINT ( 'NONE',  ( 0.2741682099058027067, -0.1109012565815743478, 0.2900000000000000355 ) ) ;
#15 = EDGE_CURVE ( 'NONE', #3994, #8021, #4151, .T. ) ;
#16 = ADVANCED_FACE ( 'NONE', ( #8567 ), #87, .T. ) ;
#17 = CARTESIAN_POINT ( 'NONE',  ( 0.1960992230067897246, -0.06401282481145953440, 0.2800000000000000266 ) ) ;
#18 = ORIENTED_EDGE ( 'NONE', *, *, #2569, .T. ) ;
#19 = CARTESIAN_POINT ( 'NONE',  ( -0.01189038130415705566, -0.04944536093643895486, 0.2800000000000000266 ) ) ;
#20 = CARTESIAN_POINT ( 'NONE',  ( 0.1330829178940801660, -0.1020645259792628268, 0.2800000000000000266 ) ) ;
#21 =( LENGTH_UNIT ( ) NAMED_UNIT ( * ) SI_UNIT ( .MILLI., .METRE. ) );
#22 = ORIENTED_EDGE ( 'NONE', *, *, #2845, .F. ) ;
#23 = CARTESIAN_POINT ( 'NONE',  ( 0.01497765432675353565, -0.04009995723881767948, 0.2800000000000000266 ) ) ;
#24 = VECTOR ( 'NONE', #4647, 1000.000000000000000 ) ;
#25 = ORIENTED_EDGE ( 'NONE', *, *, #2745, .T. ) ;
#26 = CARTESIAN_POINT ( 'NONE',  ( 0.007267698058694544404, -0.1120595550161326837, 0.2900000000000000355 ) ) ;
#27 = ORIENTED_EDGE ( 'NONE', *, *, #7386, .F. ) ;
#28 = CARTESIAN_POINT ( 'NONE',  ( 0.1369468875491562931, -0.1167140109320111835, 0.2800000000000000266 ) ) ;
#29 = ORIENTED_EDGE ( 'NONE', *, *, #733, .T. ) ;
#30 = ORIENTED_EDGE ( 'NONE', *, *, #1449, .F. ) ;
#31 = LINE ( 'NONE', #2643, #6751 ) ;
#32 = CARTESIAN_POINT ( 'NONE',  ( 0.2334369297817388555, -0.08702864406078171522, 0.2900000000000000355 ) ) ;
#33 = VERTEX_POINT ( 'NONE', #6535 ) ;
#34 = CARTESIAN_POINT ( 'NONE',  ( 0.1323017240291529673, -0.05169852151957896741, 0.2900000000000000355 ) ) ;
#35 = CARTESIAN_POINT ( 'NONE',  ( 0.1732178027019473654, -0.09641977030928650105, 0.2900000000000000355 ) ) ;
#36 = CARTESIAN_POINT ( 'NONE',  ( 0.1360564945417067628, -0.1102964613312435171, 0.2900000000000000355 ) ) ;
#37 = EDGE_CURVE ( 'NONE', #6255, #8669, #7683, .T. ) ;
#38 =( GEOMETRIC_REPRESENTATION_CONTEXT ( 3 ) GLOBAL_UNCERTAINTY_ASSIGNED_CONTEXT ( ( #5085 ) ) GLOBAL_UNIT_ASSIGNED_CONTEXT ( ( #5619, #4897, #1762 ) ) REPRESENTATION_CONTEXT ( 'NONE', 'WORKASPACE' ) );
#39 = DIRECTION ( 'NONE',  ( -0.000000000000000000, -0.000000000000000000, -1.000000000000000000 ) ) ;
#40 = ADVANCED_FACE ( 'NONE', ( #5134 ), #6265, .F. ) ;
#41 = CARTESIAN_POINT ( 'NONE',  ( 0.2330169330801391547, -0.05877126597503697092, 0.2900000000000000355 ) ) ;
#42 = ORIENTED_EDGE ( 'NONE', *, *, #1735, .T. ) ;
#43 = CARTESIAN_POINT ( 'NONE',  ( 0.2371833003602689671, -0.09080861437540363457, 0.2900000000000000355 ) ) ;
#44 = CARTESIAN_POINT ( 'NONE',  ( 0.1524531657733733114, -0.03568824725353069577, 0.2900000000000000355 ) ) ;
#45 = CARTESIAN_POINT ( 'NONE',  ( 0.03179938276514428230, -0.1127604674232806359, 0.2800000000000000266 ) ) ;
#46 = VECTOR ( 'NONE', #991, 1000.000000000000000 ) ;
#47 = CARTESIAN_POINT ( 'NONE',  ( 0.2114879021546854920, -0.06775919538998845248, 0.2800000000000000266 ) ) ;
#48 = FACE_OUTER_BOUND ( 'NONE', #7112, .T. ) ;
#49 = ORIENTED_EDGE ( 'NONE', *, *, #2466, .F. ) ;
#50 = DIRECTION ( 'NONE',  ( 0.9910683662997680221, 0.1333547648939054364, 0.000000000000000000 ) ) ;
#51 = VECTOR ( 'NONE', #1390, 1000.000000000000000 ) ;
#52 = EDGE_LOOP ( 'NONE', ( #4298, #5251, #3572, #2351 ) ) ;
#53 = DIRECTION ( 'NONE',  ( 0.000000000000000000, -0.000000000000000000, -1.000000000000000000 ) ) ;
#54 = CARTESIAN_POINT ( 'NONE',  ( -0.01632944716932911017, -0.1214049765386971541, 0.2800000000000000266 ) ) ;
#55 = LINE ( 'NONE', #4062, #2507 ) ;
#56 = CARTESIAN_POINT ( 'NONE',  ( 0.2651550806887820189, -0.08702864406078171522, 0.2900000000000000355 ) ) ;
#57 = ORIENTED_EDGE ( 'NONE', *, *, #5374, .T. ) ;
#58 = EDGE_CURVE ( 'NONE', #5554, #8731, #7259, .T. ) ;
#59 = CARTESIAN_POINT ( 'NONE',  ( 0.1619954908344053146, -0.1170836080294719028, 0.2900000000000000355 ) ) ;
#60 = CARTESIAN_POINT ( 'NONE',  ( 0.1446664269250605706, -0.03434425780827687902, 0.2900000000000000355 ) ) ;
#61 = AXIS2_PLACEMENT_3D ( 'NONE', #4767, #4851, #2696 ) ;
#62 = PLANE ( 'NONE',  #6604 ) ;
#63 = EDGE_CURVE ( 'NONE', #739, #7237, #1773, .T. ) ;
#64 = DIRECTION ( 'NONE',  ( -1.000000000000000000, 0.000000000000000000, 0.000000000000000000 ) ) ;
#65 = EDGE_LOOP ( 'NONE', ( #4292, #2953, #3077, #4250 ) ) ;
#66 = CARTESIAN_POINT ( 'NONE',  ( -0.01329218829384458053, -0.03519362052042989547, 0.2800000000000000266 ) ) ;
#67 = EDGE_CURVE ( 'NONE', #7274, #6226, #1726, .T. ) ;
#68 = ORIENTED_EDGE ( 'NONE', *, *, #1340, .F. ) ;
#69 = DIRECTION ( 'NONE',  ( -1.000000000000000000, 0.000000000000000000, 0.000000000000000000 ) ) ;
#70 = CARTESIAN_POINT ( 'NONE',  ( -0.01632944716932911017, -0.1031814321982591626, 0.2900000000000000355 ) ) ;
#71 = CARTESIAN_POINT ( 'NONE',  ( 0.07362005896467421762, -0.1094895725641572143, 0.2900000000000000355 ) ) ;
#72 = EDGE_LOOP ( 'NONE', ( #1258, #3061, #4150, #5610 ) ) ;
#73 = ORIENTED_EDGE ( 'NONE', *, *, #3251, .T. ) ;
#74 = CARTESIAN_POINT ( 'NONE',  ( -0.01632944716932911017, -0.1214049765386971541, 0.2900000000000000355 ) ) ;
#75 = DIRECTION ( 'NONE',  ( 0.000000000000000000, 0.000000000000000000, 1.000000000000000000 ) ) ;
#76 = VERTEX_POINT ( 'NONE', #4551 ) ;
#77 = ORIENTED_EDGE ( 'NONE', *, *, #7704, .F. ) ;
#78 = CARTESIAN_POINT ( 'NONE',  ( 0.1323017240291529673, -0.05169852151957896741, 0.2800000000000000266 ) ) ;
#79 = CARTESIAN_POINT ( 'NONE',  ( 0.1307897359032157703, -0.1136060353399044875, 0.2900000000000000355 ) ) ;
#80 = CARTESIAN_POINT ( 'NONE',  ( -0.3000000000000004330, -0.1500000000000001055, 0.2700000000000000178 ) ) ;
#81 = VECTOR ( 'NONE', #2201, 1000.000000000000000 ) ;
#82 = CARTESIAN_POINT ( 'NONE',  ( 0.01474402279924059631, -0.02608185169227541719, 0.2800000000000000266 ) ) ;
#83 = ORIENTED_EDGE ( 'NONE', *, *, #4359, .F. ) ;
#84 = CARTESIAN_POINT ( 'NONE',  ( 0.2332689311010539002, -0.09080861437540363457, 0.2800000000000000266 ) ) ;
#85 = LINE ( 'NONE', #5570, #2446 ) ;
#86 = CARTESIAN_POINT ( 'NONE',  ( 0.1278497589917931554, -0.04665856110015832031, 0.2800000000000000266 ) ) ;
#87 = B_SPLINE_SURFACE_WITH_KNOTS ( 'NONE', 3, 1, ( 
 ( #466, #6487 ),
 ( #1098, #7989 ),
 ( #5899, #5219 ),
 ( #3748, #3796 ) ),
 .UNSPECIFIED., .F., .F., .F.,
 ( 4, 4 ),
 ( 2, 2 ),
 ( 2.000000000000000000, 3.000000000000000000 ),
 ( 0.000000000000000000, 1.000000000000000000 ),
 .UNSPECIFIED. ) ;
#88 = DIRECTION ( 'NONE',  ( -0.000000000000000000, -1.000000000000000000, -0.000000000000000000 ) ) ;
#89 = ADVANCED_FACE ( 'NONE', ( #8521 ), #5252, .F. ) ;
#90 = EDGE_CURVE ( 'NONE', #8025, #1134, #7162, .T. ) ;
#91 = VECTOR ( 'NONE', #7778, 1000.000000000000000 ) ;
#92 = DIRECTION ( 'NONE',  ( -0.000000000000000000, -0.000000000000000000, 1.000000000000000000 ) ) ;
#93 = CARTESIAN_POINT ( 'NONE',  ( 0.1850701096220007946, -0.1140932315139114028, 0.2800000000000000266 ) ) ;
#94 = B_SPLINE_CURVE_WITH_KNOTS ( 'NONE', 3,
 ( #145, #7858, #7667, #1685 ),
 .UNSPECIFIED., .F., .F.,
 ( 4, 4 ),
 ( 22.00000000000000000, 23.00000000000000000 ),
 .UNSPECIFIED. ) ;
#95 = ORIENTED_EDGE ( 'NONE', *, *, #3203, .F. ) ;
#96 = ORIENTED_EDGE ( 'NONE', *, *, #4641, .T. ) ;
#97 = VERTEX_POINT ( 'NONE', #7211 ) ;
#98 = CARTESIAN_POINT ( 'NONE',  ( 0.000000000000000000, 0.000000000000000000, -0.02000000000000000042 ) ) ;
#99 = CARTESIAN_POINT ( 'NONE',  ( -0.007217679455346053680, -0.1071532305522809037, 0.2900000000000000355 ) ) ;
#100 = FACE_OUTER_BOUND ( 'NONE', #2338, .T. ) ;
#101 = AXIS2_PLACEMENT_3D ( 'NONE', #2420, #4580, #6472 ) ;
#102 = CARTESIAN_POINT ( 'NONE',  ( -0.01609581118558001123, -0.1354230642602951284, 0.2800000000000000266 ) ) ;
#103 = ORIENTED_EDGE ( 'NONE', *, *, #6590, .T. ) ;
#104 = EDGE_CURVE ( 'NONE', #2840, #7299, #6579, .T. ) ;
#105 = CARTESIAN_POINT ( 'NONE',  ( -0.01726398664786708489, -0.03799724229810669263, 0.2800000000000000266 ) ) ;
#106 = LINE ( 'NONE', #5588, #5472 ) ;
#107 = DIRECTION ( 'NONE',  ( 0.9369753459439797982, 0.3493954794973160860, -0.000000000000000000 ) ) ;
#108 = ORIENTED_EDGE ( 'NONE', *, *, #2347, .T. ) ;
#109 = VECTOR ( 'NONE', #5829, 1000.000000000000000 ) ;
#110 = LINE ( 'NONE', #1415, #477 ) ;
#111 = ORIENTED_EDGE ( 'NONE', *, *, #3234, .T. ) ;
#112 = CARTESIAN_POINT ( 'NONE',  ( -0.03525389054843123399, -0.1288812834545230990, 0.2900000000000000355 ) ) ;
#113 = ORIENTED_EDGE ( 'NONE', *, *, #1383, .T. ) ;
#114 = EDGE_CURVE ( 'NONE', #5945, #4341, #8655, .T. ) ;
#115 = CARTESIAN_POINT ( 'NONE',  ( -0.01632944271309376416, -0.06252891363595976248, 0.2800000000000000266 ) ) ;
#116 = ORIENTED_EDGE ( 'NONE', *, *, #5522, .F. ) ;
#117 = FACE_OUTER_BOUND ( 'NONE', #1782, .T. ) ;
#118 = LINE ( 'NONE', #7738, #2280 ) ;
#119 = ORIENTED_EDGE ( 'NONE', *, *, #8116, .F. ) ;
#120 = ORIENTED_EDGE ( 'NONE', *, *, #1673, .T. ) ;
#121 = CARTESIAN_POINT ( 'NONE',  ( 0.05095745321541134826, -0.1057514146500092150, 0.2900000000000000355 ) ) ;
#122 = CARTESIAN_POINT ( 'NONE',  ( 0.007267698058694544404, -0.1120595550161326837, 0.2800000000000000266 ) ) ;
#123 = EDGE_CURVE ( 'NONE', #7769, #5188, #7300, .T. ) ;
#124 = ORIENTED_EDGE ( 'NONE', *, *, #5846, .T. ) ;
#125 = ORIENTED_EDGE ( 'NONE', *, *, #8829, .F. ) ;
#126 = EDGE_CURVE ( 'NONE', #7324, #1849, #1189, .T. ) ;
#127 = EDGE_CURVE ( 'NONE', #4778, #5953, #2339, .T. ) ;
#128 = CARTESIAN_POINT ( 'NONE',  ( -0.01142310933676960773, -0.1031814321982591626, 0.2800000000000000266 ) ) ;
#129 = UNCERTAINTY_MEASURE_WITH_UNIT (LENGTH_MEASURE( 1.000000000000000082E-05 ), #8040, 'distance_accuracy_value', 'NONE');
#130 = SURFACE_STYLE_USAGE ( .BOTH. , #2826 ) ;
#131 = CARTESIAN_POINT ( 'NONE',  ( 0.04044387405550449455, -0.1057514146500092150, 0.2900000000000000355 ) ) ;
#132 = SURFACE_SIDE_STYLE ('',( #6243 ) ) ;
#133 = VECTOR ( 'NONE', #6374, 1000.000000000000000 ) ;
#134 = ORIENTED_EDGE ( 'NONE', *, *, #2682, .T. ) ;
#135 = CARTESIAN_POINT ( 'NONE',  ( 0.1268501668419325379, -0.1198891859963020501, 0.2900000000000000355 ) ) ;
#136 = CARTESIAN_POINT ( 'NONE',  ( 0.01474402279924059631, -0.02608185169227541719, 0.2900000000000000355 ) ) ;
#137 = DIRECTION ( 'NONE',  ( 0.000000000000000000, 0.000000000000000000, -1.000000000000000000 ) ) ;
#138 = B_SPLINE_CURVE_WITH_KNOTS ( 'NONE', 3,
 ( #2627, #614, #1368, #572 ),
 .UNSPECIFIED., .F., .F.,
 ( 4, 4 ),
 ( 4.000000000000000000, 5.000000000000000000 ),
 .UNSPECIFIED. ) ;
#139 = CARTESIAN_POINT ( 'NONE',  ( 0.1320665258761717920, -0.06382802626272884861, 0.2900000000000000355 ) ) ;
#140 = CARTESIAN_POINT ( 'NONE',  ( 0.2262297863816861154, -0.03909862047069004309, 0.2900000000000000355 ) ) ;
#141 = STYLED_ITEM ( 'NONE', ( #1200 ), #4084 ) ;
#142 = CARTESIAN_POINT ( 'NONE',  ( 0.1740661960392821950, -0.1306075018220133888, 0.2900000000000000355 ) ) ;
#143 = ORIENTED_EDGE ( 'NONE', *, *, #6562, .F. ) ;
#144 = VERTEX_POINT ( 'NONE', #7433 ) ;
#145 = CARTESIAN_POINT ( 'NONE',  ( 0.04768656726864863027, -0.06930434379407687806, 0.2900000000000000355 ) ) ;
#146 =( NAMED_UNIT ( * ) PLANE_ANGLE_UNIT ( ) SI_UNIT ( $, .RADIAN. ) );
#147 = CARTESIAN_POINT ( 'NONE',  ( 0.1411048548952625603, -0.1170668081614266998, 0.2900000000000000355 ) ) ;
#148 = LINE ( 'NONE', #2889, #8838 ) ;
#149 = PRESENTATION_LAYER_ASSIGNMENT (  '', '', ( #8779 ) ) ;
#150 = LINE ( 'NONE', #3565, #1593 ) ;
#151 = VERTEX_POINT ( 'NONE', #594 ) ;
#152 = CARTESIAN_POINT ( 'NONE',  ( -0.2699999999999999623, -0.07000000000000002054, -0.02000000000000000042 ) ) ;
#153 = CARTESIAN_POINT ( 'NONE',  ( 0.2775197835850254924, -0.1198891859963011758, 0.2900000000000000355 ) ) ;
#154 = CARTESIAN_POINT ( 'NONE',  ( 0.1357540969165407507, -0.04182019909729014356, 0.2900000000000000355 ) ) ;
#155 = VERTEX_POINT ( 'NONE', #6070 ) ;
#156 = MECHANICAL_DESIGN_GEOMETRIC_PRESENTATION_REPRESENTATION (  '', ( #3759 ), #2599 ) ;
#157 = EDGE_LOOP ( 'NONE', ( #5711, #3344, #1795, #2156 ) ) ;
#158 = EDGE_CURVE ( 'NONE', #4723, #5079, #1466, .T. ) ;
#159 = CARTESIAN_POINT ( 'NONE',  ( 0.1578879230924379873, -0.09774695988649467759, 0.2800000000000000266 ) ) ;
#160 = ADVANCED_FACE ( 'NONE', ( #3328 ), #4639, .F. ) ;
#161 = CARTESIAN_POINT ( 'NONE',  ( 0.2427524566238123682, -0.09389979009946414212, 0.2900000000000000355 ) ) ;
#162 = VERTEX_POINT ( 'NONE', #7556 ) ;
#163 = VECTOR ( 'NONE', #3368, 1000.000000000000000 ) ;
#164 = PLANE ( 'NONE',  #3115 ) ;
#165 = ORIENTED_EDGE ( 'NONE', *, *, #1285, .F. ) ;
#166 = CARTESIAN_POINT ( 'NONE',  ( 0.2728578201968649974, -0.1071884857391363910, 0.2900000000000000355 ) ) ;
#167 = ORIENTED_EDGE ( 'NONE', *, *, #7105, .F. ) ;
#168 = EDGE_LOOP ( 'NONE', ( #1124, #2217, #1287, #18, #5737, #7837, #2669, #1664 ) ) ;
#169 = B_SPLINE_SURFACE_WITH_KNOTS ( 'NONE', 3, 1, ( 
 ( #3213, #45 ),
 ( #4610, #6681 ),
 ( #5481, #6249 ),
 ( #2496, #8286 ) ),
 .UNSPECIFIED., .F., .F., .F.,
 ( 4, 4 ),
 ( 2, 2 ),
 ( 28.00000000000000000, 29.00000000000000000 ),
 ( 0.000000000000000000, 1.000000000000000000 ),
 .UNSPECIFIED. ) ;
#170 =( NAMED_UNIT ( * ) PLANE_ANGLE_UNIT ( ) SI_UNIT ( $, .RADIAN. ) );
#171 = DIRECTION ( 'NONE',  ( -1.000000000000000000, 0.000000000000000000, 0.000000000000000000 ) ) ;
#172 = VERTEX_POINT ( 'NONE', #2650 ) ;
#173 = ORIENTED_EDGE ( 'NONE', *, *, #187, .F. ) ;
#174 = CARTESIAN_POINT ( 'NONE',  ( 0.007267698058694544404, -0.1249094851004996232, 0.2800000000000000266 ) ) ;
#175 = CARTESIAN_POINT ( 'NONE',  ( 0.03904206706581658803, -0.1055177831226081220, 0.2900000000000000355 ) ) ;
#176 = EDGE_CURVE ( 'NONE', #7282, #6255, #2563, .T. ) ;
#177 = CARTESIAN_POINT ( 'NONE',  ( 0.1844569144376479453, -0.1159916166053566455, 0.2800000000000000266 ) ) ;
#178 = ADVANCED_FACE ( 'NONE', ( #4007 ), #4902, .F. ) ;
#179 = EDGE_CURVE ( 'NONE', #172, #5790, #5308, .T. ) ;
#180 = PRESENTATION_LAYER_ASSIGNMENT (  '', '', ( #3329 ) ) ;
#181 = CARTESIAN_POINT ( 'NONE',  ( 0.04768656726864863027, -0.06930434379407687806, 0.2900000000000000355 ) ) ;
#182 =( NAMED_UNIT ( * ) PLANE_ANGLE_UNIT ( ) SI_UNIT ( $, .RADIAN. ) );
#183 = ORIENTED_EDGE ( 'NONE', *, *, #8004, .T. ) ;
#184 = CARTESIAN_POINT ( 'NONE',  ( 0.2264145849304183278, -0.04019061189502871195, 0.2900000000000000355 ) ) ;
#185 = CARTESIAN_POINT ( 'NONE',  ( 0.2001815909466889420, -0.08702864406078214543, 0.2900000000000000355 ) ) ;
#186 = CARTESIAN_POINT ( 'NONE',  ( 0.03997661100058996775, -0.09243420814213006154, 0.2900000000000000355 ) ) ;
#187 = EDGE_CURVE ( 'NONE', #5124, #1828, #5390, .T. ) ;
#188 = CARTESIAN_POINT ( 'NONE',  ( -0.05207561007423749944, -0.08238789649337455168, 0.2900000000000000355 ) ) ;
#189 = DIRECTION ( 'NONE',  ( -3.680780442289293976E-14, 1.000000000000000000, 0.000000000000000000 ) ) ;
#190 = FILL_AREA_STYLE ('',( #4504 ) ) ;
#191 = EDGE_LOOP ( 'NONE', ( #5559, #443, #7705, #8846, #4950, #5919, #3543 ) ) ;
#192 = VERTEX_POINT ( 'NONE', #5473 ) ;
#193 = PLANE ( 'NONE',  #7838 ) ;
#194 = B_SPLINE_CURVE_WITH_KNOTS ( 'NONE', 3,
 ( #8503, #7643, #3541, #121 ),
 .UNSPECIFIED., .F., .F.,
 ( 4, 4 ),
 ( 24.00000000000000000, 25.00000000000000000 ),
 .UNSPECIFIED. ) ;
#195 = CARTESIAN_POINT ( 'NONE',  ( 0.1091767056373072614, -0.1198891859963020501, 0.2800000000000000266 ) ) ;
#196 = FACE_OUTER_BOUND ( 'NONE', #6995, .T. ) ;
#197 = CARTESIAN_POINT ( 'NONE',  ( 0.1354096996211482939, -0.09660456885801839422, 0.2900000000000000355 ) ) ;
#198 = SURFACE_SIDE_STYLE ('',( #3754 ) ) ;
#199 = VECTOR ( 'NONE', #7981, 1000.000000000000000 ) ;
#200 = DIRECTION ( 'NONE',  ( -0.000000000000000000, 1.000000000000000000, -0.000000000000000000 ) ) ;
#201 = CARTESIAN_POINT ( 'NONE',  ( 0.1590303141209138960, -0.03489865345446935968, 0.2900000000000000355 ) ) ;
#202 = DIRECTION ( 'NONE',  ( 1.979642650957451322E-14, -1.000000000000000000, -0.000000000000000000 ) ) ;
#203 = ORIENTED_EDGE ( 'NONE', *, *, #8300, .F. ) ;
#204 = VECTOR ( 'NONE', #7774, 1000.000000000000000 ) ;
#205 = ORIENTED_EDGE ( 'NONE', *, *, #104, .T. ) ;
#206 = CARTESIAN_POINT ( 'NONE',  ( -0.02357213147000173856, -0.04547356481053460575, 0.2800000000000000266 ) ) ;
#207 = CARTESIAN_POINT ( 'NONE',  ( -0.02544121488331205910, -0.1071532305522809037, 0.2800000000000000266 ) ) ;
#208 = EDGE_LOOP ( 'NONE', ( #3495, #5940, #7197, #8056 ) ) ;
#209 = CARTESIAN_POINT ( 'NONE',  ( 0.1668506527052079358, -0.1139084329651810362, 0.2800000000000000266 ) ) ;
#210 = ORIENTED_EDGE ( 'NONE', *, *, #2258, .F. ) ;
#211 = VECTOR ( 'NONE', #3912, 1000.000000000000000 ) ;
#212 = CARTESIAN_POINT ( 'NONE',  ( 0.1824241304017212573, -0.1198387863921627494, 0.2900000000000000355 ) ) ;
#213 = ADVANCED_FACE ( 'NONE', ( #2049 ), #2166, .T. ) ;
#214 = CARTESIAN_POINT ( 'NONE',  ( 0.1759561811965928979, -0.03867862376909076555, 0.2900000000000000355 ) ) ;
#215 = EDGE_CURVE ( 'NONE', #4021, #7373, #951, .T. ) ;
#216 = ORIENTED_EDGE ( 'NONE', *, *, #6606, .T. ) ;
#217 = ORIENTED_EDGE ( 'NONE', *, *, #6085, .F. ) ;
#218 = CARTESIAN_POINT ( 'NONE',  ( -0.3100000000000004419, 0.1599999999999998646, 0.2800000000000000266 ) ) ;
#219 = DIRECTION ( 'NONE',  ( -0.000000000000000000, -0.000000000000000000, -1.000000000000000000 ) ) ;
#220 = ORIENTED_EDGE ( 'NONE', *, *, #8805, .F. ) ;
#221 = ORIENTED_EDGE ( 'NONE', *, *, #8553, .F. ) ;
#222 = CARTESIAN_POINT ( 'NONE',  ( 0.1594923104926285751, -0.1023837234723617706, 0.2900000000000000355 ) ) ;
#223 = B_SPLINE_CURVE_WITH_KNOTS ( 'NONE', 3,
 ( #6948, #1413, #790, #154 ),
 .UNSPECIFIED., .F., .F.,
 ( 4, 4 ),
 ( 9.000000000000000000, 10.00000000000000000 ),
 .UNSPECIFIED. ) ;
#224 = CARTESIAN_POINT ( 'NONE',  ( 0.1307897359032157703, -0.1136060353399044875, 0.2800000000000000266 ) ) ;
#225 = LINE ( 'NONE', #7602, #2777 ) ;
#226 = CARTESIAN_POINT ( 'NONE',  ( 0.04768656726864863027, -0.06930434379407687806, 0.2800000000000000266 ) ) ;
#227 = VERTEX_POINT ( 'NONE', #6875 ) ;
#228 = EDGE_CURVE ( 'NONE', #1676, #4474, #7515, .T. ) ;
#229 = CARTESIAN_POINT ( 'NONE',  ( 0.1824241304017212573, -0.1198387863921627494, 0.2800000000000000266 ) ) ;
#230 = CARTESIAN_POINT ( 'NONE',  ( 0.05960195341824322396, -0.06930434379407687806, 0.2800000000000000266 ) ) ;
#231 = CARTESIAN_POINT ( 'NONE',  ( 0.1294289465899150782, -0.04240819447957409200, 0.2900000000000000355 ) ) ;
#233 = UNCERTAINTY_MEASURE_WITH_UNIT (LENGTH_MEASURE( 1.000000000000000082E-05 ), #2290, 'distance_accuracy_value', 'NONE');
#232 = DIRECTION ( 'NONE',  ( -0.000000000000000000, -0.000000000000000000, -1.000000000000000000 ) ) ;
#234 = EDGE_CURVE ( 'NONE', #5124, #4327, #1350, .T. ) ;
#235 = CARTESIAN_POINT ( 'NONE',  ( 0.2463560283237261617, -0.1031565174033763493, 0.2800000000000000266 ) ) ;
#236 = PRESENTATION_STYLE_ASSIGNMENT (( #1594 ) ) ;
#237 = EDGE_LOOP ( 'NONE', ( #1296, #7037, #8146, #6000 ) ) ;
#238 = ORIENTED_EDGE ( 'NONE', *, *, #5099, .F. ) ;
#239 = CARTESIAN_POINT ( 'NONE',  ( 0.2240626034015042456, -0.08702864406078171522, 0.2900000000000000355 ) ) ;
#240 = LINE ( 'NONE', #380, #7771 ) ;
#241 = CARTESIAN_POINT ( 'NONE',  ( 0.2728578201968649974, -0.1071884857391363910, 0.2800000000000000266 ) ) ;
#242 = EDGE_CURVE ( 'NONE', #2411, #7237, #6080, .T. ) ;
#243 = CARTESIAN_POINT ( 'NONE',  ( 0.1706138231517830839, -0.1106660584284810123, 0.2900000000000000355 ) ) ;
#244 = CARTESIAN_POINT ( 'NONE',  ( -0.02123578500177629100, -0.1214049765386971541, 0.2900000000000000355 ) ) ;
#245 = STYLED_ITEM ( 'NONE', ( #3698 ), #1367 ) ;
#246 = VECTOR ( 'NONE', #3842, 1000.000000000000000 ) ;
#247 = LINE ( 'NONE', #3803, #7429 ) ;
#248 = CARTESIAN_POINT ( 'NONE',  ( 0.1706138231517830839, -0.1106660584284810123, 0.2800000000000000266 ) ) ;
#249 = B_SPLINE_SURFACE_WITH_KNOTS ( 'NONE', 3, 1, ( 
 ( #6835, #8915 ),
 ( #2051, #719 ),
 ( #766, #3507 ),
 ( #6244, #82 ) ),
 .UNSPECIFIED., .F., .F., .F.,
 ( 4, 4 ),
 ( 2, 2 ),
 ( 1.000000000000000000, 2.000000000000000000 ),
 ( 0.000000000000000000, 1.000000000000000000 ),
 .UNSPECIFIED. ) ;
#250 = ORIENTED_EDGE ( 'NONE', *, *, #4943, .T. ) ;
#251 = COLOUR_RGB ( '',0.2980392156862745057, 0.2980392156862745057, 0.2980392156862745057 ) ;
#252 = EDGE_LOOP ( 'NONE', ( #5292, #8457, #5831, #7871 ) ) ;
#253 = DIRECTION ( 'NONE',  ( -0.000000000000000000, -0.000000000000000000, -1.000000000000000000 ) ) ;
#254 = LINE ( 'NONE', #1611, #896 ) ;
#255 = VERTEX_POINT ( 'NONE', #8911 ) ;
#256 = FACE_OUTER_BOUND ( 'NONE', #2774, .T. ) ;
#257 = ORIENTED_EDGE ( 'NONE', *, *, #4165, .T. ) ;
#258 = VECTOR ( 'NONE', #5075, 1000.000000000000000 ) ;
#259 = CARTESIAN_POINT ( 'NONE',  ( 0.05960195341824322396, -0.06930434379407687806, 0.2900000000000000355 ) ) ;
#260 = CARTESIAN_POINT ( 'NONE',  ( 0.2016011797981493991, -0.04176979949315111351, 0.2900000000000000355 ) ) ;
#261 = CARTESIAN_POINT ( 'NONE',  ( 0.1650866665583540227, -0.1110860551303052557, 0.2900000000000000355 ) ) ;
#262 = ORIENTED_EDGE ( 'NONE', *, *, #176, .F. ) ;
#263 = VERTEX_POINT ( 'NONE', #8787 ) ;
#264 = DIRECTION ( 'NONE',  ( 0.3416038306815641912, -0.9398440417769754474, 0.000000000000000000 ) ) ;
#265 = FACE_OUTER_BOUND ( 'NONE', #5512, .T. ) ;
#266 = ORIENTED_EDGE ( 'NONE', *, *, #2430, .F. ) ;
#267 = EDGE_CURVE ( 'NONE', #4927, #6226, #3286, .T. ) ;
#268 = ORIENTED_EDGE ( 'NONE', *, *, #4416, .T. ) ;
#269 = CARTESIAN_POINT ( 'NONE',  ( 0.08203092764010559701, -0.07327614214809927140, 0.2900000000000000355 ) ) ;
#270 = CARTESIAN_POINT ( 'NONE',  ( 0.000000000000000000, 0.000000000000000000, 0.000000000000000000 ) ) ;
#271 = ORIENTED_EDGE ( 'NONE', *, *, #7370, .T. ) ;
#272 = DIRECTION ( 'NONE',  ( -0.3416038306902130506, 0.9398440417738318509, 0.000000000000000000 ) ) ;
#273 = DIRECTION ( 'NONE',  ( 1.000000000000000000, 0.000000000000000000, 0.000000000000000000 ) ) ;
#274 = EDGE_CURVE ( 'NONE', #4080, #6919, #6183, .T. ) ;
#275 = ORIENTED_EDGE ( 'NONE', *, *, #3761, .F. ) ;
#276 = CARTESIAN_POINT ( 'NONE',  ( 0.2334369297817388555, -0.08702864406078171522, 0.2900000000000000355 ) ) ;
#277 = DIRECTION ( 'NONE',  ( -0.000000000000000000, -0.000000000000000000, -1.000000000000000000 ) ) ;
#278 = PLANE ( 'NONE',  #1179 ) ;
#279 = CARTESIAN_POINT ( 'NONE',  ( -0.01632944271309376416, -0.06252891363595976248, 0.2800000000000000266 ) ) ;
#280 = CARTESIAN_POINT ( 'NONE',  ( 0.1594923104926285751, -0.1023837234723617706, 0.2800000000000000266 ) ) ;
#281 = ORIENTED_EDGE ( 'NONE', *, *, #1983, .T. ) ;
#282 = ORIENTED_EDGE ( 'NONE', *, *, #7982, .F. ) ;
#283 = LINE ( 'NONE', #3607, #640 ) ;
#284 = CARTESIAN_POINT ( 'NONE',  ( 0.3099999999999995537, -0.1600000000000000866, 0.2800000000000000266 ) ) ;
#285 = CARTESIAN_POINT ( 'NONE',  ( 0.1307897359032157703, -0.1092212697749517236, 0.2800000000000000266 ) ) ;
#286 = CYLINDRICAL_SURFACE ( 'NONE', #5454, 0.01000000000000002623 ) ;
#287 = VECTOR ( 'NONE', #1331, 1000.000000000000000 ) ;
#288 = VECTOR ( 'NONE', #5527, 1000.000000000000114 ) ;
#289 = CARTESIAN_POINT ( 'NONE',  ( 0.1696982303422643890, -0.1096244666085043895, 0.2900000000000000355 ) ) ;
#290 = CARTESIAN_POINT ( 'NONE',  ( 0.2458604322159189670, -0.09137980988964243545, 0.2800000000000000266 ) ) ;
#291 = ADVANCED_FACE ( 'NONE', ( #3549 ), #7650, .F. ) ;
#292 = ORIENTED_EDGE ( 'NONE', *, *, #5522, .T. ) ;
#293 = EDGE_CURVE ( 'NONE', #2424, #606, #225, .T. ) ;
#294 =( GEOMETRIC_REPRESENTATION_CONTEXT ( 3 ) GLOBAL_UNCERTAINTY_ASSIGNED_CONTEXT ( ( #3547 ) ) GLOBAL_UNIT_ASSIGNED_CONTEXT ( ( #2390, #4464, #5813 ) ) REPRESENTATION_CONTEXT ( 'NONE', 'WORKASPACE' ) );
#295 = VECTOR ( 'NONE', #6293, 1000.000000000000000 ) ;
#296 = EDGE_CURVE ( 'NONE', #840, #2374, #2319, .T. ) ;
#297 = EDGE_LOOP ( 'NONE', ( #307, #1625, #3822, #7096 ) ) ;
#298 = DIRECTION ( 'NONE',  ( 1.000000000000000000, -0.000000000000000000, -0.000000000000000000 ) ) ;
#299 = CARTESIAN_POINT ( 'NONE',  ( 0.2080103294651166612, -0.06008165568419928521, 0.2900000000000000355 ) ) ;
#300 = ORIENTED_EDGE ( 'NONE', *, *, #8829, .T. ) ;
#301 = PLANE ( 'NONE',  #8024 ) ;
#302 = ORIENTED_EDGE ( 'NONE', *, *, #3027, .T. ) ;
#303 = CARTESIAN_POINT ( 'NONE',  ( 0.06777918165368944370, -0.07748157202952320188, 0.2800000000000000266 ) ) ;
#304 = STYLED_ITEM ( 'NONE', ( #2979 ), #4351 ) ;
#305 = CARTESIAN_POINT ( 'NONE',  ( 0.1571907285677419108, -0.1074908833641913253, 0.2800000000000000266 ) ) ;
#306 = CARTESIAN_POINT ( 'NONE',  ( 0.2016935790726276101, -0.06058565172625281908, 0.2900000000000000355 ) ) ;
#307 = ORIENTED_EDGE ( 'NONE', *, *, #8871, .T. ) ;
#308 = ORIENTED_EDGE ( 'NONE', *, *, #8527, .T. ) ;
#309 = SURFACE_STYLE_FILL_AREA ( #7010 ) ;
#310 = CARTESIAN_POINT ( 'NONE',  ( 0.08226455916761837850, -0.08729423878216989452, 0.2800000000000000266 ) ) ;
#311 = EDGE_LOOP ( 'NONE', ( #5526, #3540, #266, #7293 ) ) ;
#312 = ORIENTED_EDGE ( 'NONE', *, *, #4943, .F. ) ;
#313 = DIRECTION ( 'NONE',  ( -0.000000000000000000, -1.000000000000000000, -0.000000000000000000 ) ) ;
#314 = DIRECTION ( 'NONE',  ( 1.000000000000000000, 0.000000000000000000, -0.000000000000000000 ) ) ;
#315 = VERTEX_POINT ( 'NONE', #2189 ) ;
#316 = CARTESIAN_POINT ( 'NONE',  ( 0.1381060784456792923, -0.09588217453114028510, 0.2800000000000000266 ) ) ;
#317 = EDGE_LOOP ( 'NONE', ( #3014, #3675, #2226, #3137 ) ) ;
#318 = VECTOR ( 'NONE', #8097, 1000.000000000000000 ) ;
#319 = CARTESIAN_POINT ( 'NONE',  ( 0.1134186723237558120, -0.06401282481145953440, 0.2900000000000000355 ) ) ;
#320 = LINE ( 'NONE', #6344, #3309 ) ;
#321 = DIRECTION ( 'NONE',  ( -0.000000000000000000, -0.000000000000000000, 1.000000000000000000 ) ) ;
#322 = B_SPLINE_SURFACE_WITH_KNOTS ( 'NONE', 3, 1, ( 
 ( #1510, #5639 ),
 ( #4199, #7722 ),
 ( #2849, #3614 ),
 ( #5682, #4242 ) ),
 .UNSPECIFIED., .F., .F., .F.,
 ( 4, 4 ),
 ( 2, 2 ),
 ( 18.00000000000000000, 19.00000000000000000 ),
 ( 0.000000000000000000, 1.000000000000000000 ),
 .UNSPECIFIED. ) ;
#323 = EDGE_LOOP ( 'NONE', ( #3469, #7032, #7045, #1739 ) ) ;
#324 = VECTOR ( 'NONE', #4517, 1000.000000000000000 ) ;
#325 = LINE ( 'NONE', #2518, #7434 ) ;
#326 = DIRECTION ( 'NONE',  ( 1.000000000000000000, 0.000000000000000000, 0.000000000000000000 ) ) ;
#327 = EDGE_CURVE ( 'NONE', #2485, #6255, #2348, .T. ) ;
#328 = ORIENTED_EDGE ( 'NONE', *, *, #3760, .T. ) ;
#329 = ADVANCED_FACE ( 'NONE', ( #2781 ), #6049, .F. ) ;
#330 = CARTESIAN_POINT ( 'NONE',  ( 0.1699502283632908783, -0.1009221349507850168, 0.2900000000000000355 ) ) ;
#331 = LINE ( 'NONE', #5047, #6532 ) ;
#332 = CARTESIAN_POINT ( 'NONE',  ( 0.1564179346367265133, -0.1064660914122611129, 0.2900000000000000355 ) ) ;
#333 = CARTESIAN_POINT ( 'NONE',  ( -0.3100000000000004419, -0.1600000000000000866, 0.2700000000000000178 ) ) ;
#334 = CARTESIAN_POINT ( 'NONE',  ( 0.2508163932953340614, -0.1030389183270530862, 0.2800000000000000266 ) ) ;
#335 = SURFACE_STYLE_USAGE ( .BOTH. , #198 ) ;
#336 = B_SPLINE_CURVE_WITH_KNOTS ( 'NONE', 3,
 ( #987, #7923, #4438, #7183 ),
 .UNSPECIFIED., .F., .F.,
 ( 4, 4 ),
 ( 3.000000000000000000, 4.000000000000000000 ),
 .UNSPECIFIED. ) ;
#337 = CARTESIAN_POINT ( 'NONE',  ( 0.2047091553902559702, -0.03924981928332918479, 0.2900000000000000355 ) ) ;
#338 =( NAMED_UNIT ( * ) SI_UNIT ( $, .STERADIAN. ) SOLID_ANGLE_UNIT ( ) );
#339 = ORIENTED_EDGE ( 'NONE', *, *, #3920, .T. ) ;
#340 = VERTEX_POINT ( 'NONE', #6970 ) ;
#341 = LINE ( 'NONE', #8533, #5499 ) ;
#342 = CIRCLE ( 'NONE', #3205, 0.01000000000000002623 ) ;
#343 = CARTESIAN_POINT ( 'NONE',  ( 0.1475224044961397363, -0.03817462772726087916, 0.2900000000000000355 ) ) ;
#344 = EDGE_CURVE ( 'NONE', #2452, #6123, #7701, .T. ) ;
#345 = ORIENTED_EDGE ( 'NONE', *, *, #4903, .T. ) ;
#346 = DIRECTION ( 'NONE',  ( 0.8863488427958585714, 0.4630180653867000395, 0.000000000000000000 ) ) ;
#347 = ORIENTED_EDGE ( 'NONE', *, *, #7658, .T. ) ;
#348 = PRODUCT_DEFINITION ( 'δ֪', '', #8344, #6784 ) ;
#349 = CARTESIAN_POINT ( 'NONE',  ( 0.06777918165368944370, -0.08752787922204353921, 0.2900000000000000355 ) ) ;
#350 = CARTESIAN_POINT ( 'NONE',  ( 0.2264145849304183278, -0.04019061189502871195, 0.2800000000000000266 ) ) ;
#351 = ADVANCED_FACE ( 'NONE', ( #8277 ), #1434, .F. ) ;
#352 = MECHANICAL_DESIGN_GEOMETRIC_PRESENTATION_REPRESENTATION (  '', ( #4514 ), #6951 ) ;
#353 = DIRECTION ( 'NONE',  ( -0.9903286039881254998, -0.1387416884823395591, -0.000000000000000000 ) ) ;
#354 = VERTEX_POINT ( 'NONE', #4176 ) ;
#355 = VECTOR ( 'NONE', #2520, 1000.000000000000000 ) ;
#356 = VERTEX_POINT ( 'NONE', #7062 ) ;
#357 = EDGE_CURVE ( 'NONE', #5959, #5969, #6242, .T. ) ;
#358 = DIRECTION ( 'NONE',  ( 0.000000000000000000, -0.000000000000000000, -1.000000000000000000 ) ) ;
#359 = CARTESIAN_POINT ( 'NONE',  ( -0.002778604677701132248, -0.09149966420735766715, 0.2800000000000000266 ) ) ;
#360 = ORIENTED_EDGE ( 'NONE', *, *, #8379, .T. ) ;
#361 = VECTOR ( 'NONE', #5633, 1000.000000000000000 ) ;
#362 = VERTEX_POINT ( 'NONE', #8591 ) ;
#363 = LINE ( 'NONE', #1670, #4614 ) ;
#364 =( LENGTH_UNIT ( ) NAMED_UNIT ( * ) SI_UNIT ( .MILLI., .METRE. ) );
#365 = ORIENTED_EDGE ( 'NONE', *, *, #2732, .T. ) ;
#366 = DIRECTION ( 'NONE',  ( -0.000000000000000000, -0.000000000000000000, -1.000000000000000000 ) ) ;
#367 = DIRECTION ( 'NONE',  ( 1.000000000000000000, -0.000000000000000000, -0.000000000000000000 ) ) ;
#368 = SURFACE_STYLE_USAGE ( .BOTH. , #7703 ) ;
#369 = VERTEX_POINT ( 'NONE', #1533 ) ;
#370 = CARTESIAN_POINT ( 'NONE',  ( 0.1330829178940801660, -0.1020645259792628268, 0.2900000000000000355 ) ) ;
#371 = CARTESIAN_POINT ( 'NONE',  ( 0.1615922940008519271, -0.1204435816424944544, 0.2800000000000000266 ) ) ;
#372 = CARTESIAN_POINT ( 'NONE',  ( -0.1299999999999998934, 0.1199999999999999539, -0.02000000000000000042 ) ) ;
#373 = EDGE_LOOP ( 'NONE', ( #7074, #5502, #4576, #2853 ) ) ;
#374 = CARTESIAN_POINT ( 'NONE',  ( 0.2016011797981493991, -0.04176979949315111351, 0.2900000000000000355 ) ) ;
#375 = B_SPLINE_CURVE_WITH_KNOTS ( 'NONE', 3,
 ( #224, #8685, #3825, #7331 ),
 .UNSPECIFIED., .F., .F.,
 ( 4, 4 ),
 ( 8.000000000000000000, 9.000000000000000000 ),
 .UNSPECIFIED. ) ;
#376 =( NAMED_UNIT ( * ) PLANE_ANGLE_UNIT ( ) SI_UNIT ( $, .RADIAN. ) );
#377 = ORIENTED_EDGE ( 'NONE', *, *, #7576, .F. ) ;
#378 = DIRECTION ( 'NONE',  ( 1.000000000000000000, 0.000000000000000000, 0.000000000000000000 ) ) ;
#379 = SURFACE_STYLE_FILL_AREA ( #1748 ) ;
#380 = CARTESIAN_POINT ( 'NONE',  ( 0.1639862752001049750, -0.09922534827611621810, 0.2900000000000000355 ) ) ;
#381 = FACE_OUTER_BOUND ( 'NONE', #6846, .T. ) ;
#382 = CARTESIAN_POINT ( 'NONE',  ( 0.1552251440041115260, -0.1148156258407888458, 0.2900000000000000355 ) ) ;
#383 = EDGE_CURVE ( 'NONE', #6136, #7257, #4847, .T. ) ;
#384 = CARTESIAN_POINT ( 'NONE',  ( 0.2667426682209277367, -0.09353019300200210440, 0.2800000000000000266 ) ) ;
#385 = DIRECTION ( 'NONE',  ( -0.000000000000000000, -0.000000000000000000, -1.000000000000000000 ) ) ;
#386 = VERTEX_POINT ( 'NONE', #6923 ) ;
#387 = ORIENTED_EDGE ( 'NONE', *, *, #6276, .T. ) ;
#388 = CARTESIAN_POINT ( 'NONE',  ( 0.1447084265952874316, -0.03817462772726087916, 0.2800000000000000266 ) ) ;
#389 = VECTOR ( 'NONE', #4470, 1000.000000000000227 ) ;
#390 = EDGE_CURVE ( 'NONE', #7245, #3860, #4269, .T. ) ;
#391 = LINE ( 'NONE', #3076, #1315 ) ;
#392 = ORIENTED_EDGE ( 'NONE', *, *, #2652, .F. ) ;
#393 = CARTESIAN_POINT ( 'NONE',  ( 0.05913469036332886369, -0.05668804969334655108, 0.2900000000000000355 ) ) ;
#394 = ORIENTED_EDGE ( 'NONE', *, *, #274, .T. ) ;
#395 = CARTESIAN_POINT ( 'NONE',  ( 0.1922856529560753314, -0.03489865345446935968, 0.2800000000000000266 ) ) ;
#396 = LINE ( 'NONE', #4391, #6418 ) ;
#397 = PLANE ( 'NONE',  #3735 ) ;
#398 = VECTOR ( 'NONE', #88, 1000.000000000000000 ) ;
#399 = CARTESIAN_POINT ( 'NONE',  ( 0.1354096996211482939, -0.09660456885801839422, 0.2800000000000000266 ) ) ;
#400 = ORIENTED_EDGE ( 'NONE', *, *, #7370, .F. ) ;
#401 = CARTESIAN_POINT ( 'NONE',  ( 0.007267698058694544404, -0.1120595550161326837, 0.2900000000000000355 ) ) ;
#402 = CARTESIAN_POINT ( 'NONE',  ( 0.1701938264501833276, -0.1173524059184335028, 0.2900000000000000355 ) ) ;
#403 = ORIENTED_EDGE ( 'NONE', *, *, #7552, .F. ) ;
#404 = ORIENTED_EDGE ( 'NONE', *, *, #7696, .T. ) ;
#405 = VECTOR ( 'NONE', #7047, 1000.000000000000000 ) ;
#406 = DIRECTION ( 'NONE',  ( -0.000000000000000000, -0.000000000000000000, -1.000000000000000000 ) ) ;
#407 = CARTESIAN_POINT ( 'NONE',  ( 0.1767205751935840563, -0.1309434991833836048, 0.2800000000000000266 ) ) ;
#408 = EDGE_CURVE ( 'NONE', #2418, #8824, #5616, .T. ) ;
#409 = UNCERTAINTY_MEASURE_WITH_UNIT (LENGTH_MEASURE( 1.000000000000000082E-05 ), #7000, 'distance_accuracy_value', 'NONE');
#410 = EDGE_LOOP ( 'NONE', ( #1040, #4536, #2806, #400 ) ) ;
#411 = CARTESIAN_POINT ( 'NONE',  ( -0.01632944271309376416, -0.06252891363595976248, 0.2900000000000000355 ) ) ;
#412 = CARTESIAN_POINT ( 'NONE',  ( 0.1614830948584406733, -0.1095740670043671428, 0.2900000000000000355 ) ) ;
#413 = EDGE_CURVE ( 'NONE', #903, #1906, #7747, .T. ) ;
#414 = ADVANCED_FACE ( 'NONE', ( #6386 ), #2958, .F. ) ;
#415 = ORIENTED_EDGE ( 'NONE', *, *, #525, .T. ) ;
#416 = CARTESIAN_POINT ( 'NONE',  ( -0.01609580672934368684, -0.08846240978810843147, 0.2900000000000000355 ) ) ;
#417 = DIRECTION ( 'NONE',  ( 0.000000000000000000, 0.000000000000000000, 1.000000000000000000 ) ) ;
#418 = CARTESIAN_POINT ( 'NONE',  ( 0.2016011797981493991, -0.04176979949315111351, 0.2800000000000000266 ) ) ;
#419 = VERTEX_POINT ( 'NONE', #7927 ) ;
#420 = CARTESIAN_POINT ( 'NONE',  ( 0.1806181445846414824, -0.1241059528807933188, 0.2900000000000000355 ) ) ;
#421 = DIRECTION ( 'NONE',  ( 0.000000000000000000, 0.000000000000000000, -1.000000000000000000 ) ) ;
#422 = CARTESIAN_POINT ( 'NONE',  ( 0.1251701800354209360, -0.1050885022309151484, 0.2900000000000000355 ) ) ;
#423 = ORIENTED_EDGE ( 'NONE', *, *, #8106, .T. ) ;
#424 = FACE_OUTER_BOUND ( 'NONE', #658, .T. ) ;
#425 = FACE_OUTER_BOUND ( 'NONE', #8057, .T. ) ;
#426 = B_SPLINE_CURVE_WITH_KNOTS ( 'NONE', 3,
 ( #1363, #1981, #1407, #3341 ),
 .UNSPECIFIED., .F., .F.,
 ( 4, 4 ),
 ( 0.000000000000000000, 1.000000000000000000 ),
 .UNSPECIFIED. ) ;
#427 = PLANE ( 'NONE',  #2815 ) ;
#428 =( LENGTH_UNIT ( ) NAMED_UNIT ( * ) SI_UNIT ( .MILLI., .METRE. ) );
#429 = VERTEX_POINT ( 'NONE', #5286 ) ;
#430 = CARTESIAN_POINT ( 'NONE',  ( -0.1299999999999998934, 0.1199999999999999539, -0.02000000000000000042 ) ) ;
#431 = VECTOR ( 'NONE', #6312, 1000.000000000000000 ) ;
#432 = DIRECTION ( 'NONE',  ( 0.000000000000000000, -1.000000000000000000, 0.000000000000000000 ) ) ;
#433 = VERTEX_POINT ( 'NONE', #4571 ) ;
#434 = CARTESIAN_POINT ( 'NONE',  ( 0.1455316201304421853, -0.1162604144943193279, 0.2900000000000000355 ) ) ;
#435 = ORIENTED_EDGE ( 'NONE', *, *, #274, .F. ) ;
#436 = CARTESIAN_POINT ( 'NONE',  ( 0.1265057695466517695, -0.06401282481145953440, 0.2800000000000000266 ) ) ;
#437 = CARTESIAN_POINT ( 'NONE',  ( 0.2052047514982866250, -0.04692735898911807452, 0.2900000000000000355 ) ) ;
#438 = VECTOR ( 'NONE', #8366, 1000.000000000000000 ) ;
#439 = AXIS2_PLACEMENT_3D ( 'NONE', #7751, #8376, #1001 ) ;
#440 = EDGE_CURVE ( 'NONE', #2374, #1842, #3499, .T. ) ;
#441 = DIRECTION ( 'NONE',  ( 1.000000000000000000, 0.000000000000000000, 0.000000000000000000 ) ) ;
#442 = EDGE_CURVE ( 'NONE', #3827, #8339, #8885, .T. ) ;
#443 = ORIENTED_EDGE ( 'NONE', *, *, #1931, .F. ) ;
#444 = PLANE ( 'NONE',  #6025 ) ;
#445 = FILL_AREA_STYLE ('',( #3821 ) ) ;
#446 = ORIENTED_EDGE ( 'NONE', *, *, #4628, .F. ) ;
#447 = ORIENTED_EDGE ( 'NONE', *, *, #3590, .F. ) ;
#448 = VECTOR ( 'NONE', #3838, 1000.000000000000000 ) ;
#449 = CARTESIAN_POINT ( 'NONE',  ( 0.03483663718428076789, -0.1197695201967750728, 0.2900000000000000355 ) ) ;
#450 = CARTESIAN_POINT ( 'NONE',  ( 0.1767205751935840563, -0.1309434991833836048, 0.2900000000000000355 ) ) ;
#451 = DIRECTION ( 'NONE',  ( -0.000000000000000000, -0.000000000000000000, -1.000000000000000000 ) ) ;
#452 = B_SPLINE_CURVE_WITH_KNOTS ( 'NONE', 3,
 ( #8513, #2333, #2147, #4998 ),
 .UNSPECIFIED., .F., .F.,
 ( 4, 4 ),
 ( 2.000000000000000000, 3.000000000000000000 ),
 .UNSPECIFIED. ) ;
#453 = ORIENTED_EDGE ( 'NONE', *, *, #7880, .F. ) ;
#454 = VECTOR ( 'NONE', #6659, 1000.000000000000000 ) ;
#455 = CARTESIAN_POINT ( 'NONE',  ( 0.2330757326183007794, -0.1161428154177709671, 0.2800000000000000266 ) ) ;
#456 = LINE ( 'NONE', #6475, #5074 ) ;
#457 = EDGE_LOOP ( 'NONE', ( #5335, #5230, #4983, #5594, #6649, #3517, #7013, #1741, #2536, #8386, #7818, #564 ) ) ;
#458 = FACE_OUTER_BOUND ( 'NONE', #5026, .T. ) ;
#459 = DIRECTION ( 'NONE',  ( -0.000000000000000000, -0.000000000000000000, -1.000000000000000000 ) ) ;
#460 = EDGE_CURVE ( 'NONE', #3324, #7634, #1951, .T. ) ;
#461 = CARTESIAN_POINT ( 'NONE',  ( 0.2255913913952637684, -0.04140020239568983906, 0.2800000000000000266 ) ) ;
#462 = MECHANICAL_DESIGN_GEOMETRIC_PRESENTATION_REPRESENTATION (  '', ( #141 ), #5889 ) ;
#463 = EDGE_CURVE ( 'NONE', #1772, #3627, #6732, .T. ) ;
#464 = ADVANCED_FACE ( 'NONE', ( #3310 ), #2818, .T. ) ;
#465 = ORIENTED_EDGE ( 'NONE', *, *, #234, .F. ) ;
#466 = CARTESIAN_POINT ( 'NONE',  ( 0.1349645031174793730, -0.1132700379787587031, 0.2900000000000000355 ) ) ;
#467 = FACE_OUTER_BOUND ( 'NONE', #6966, .T. ) ;
#468 = CARTESIAN_POINT ( 'NONE',  ( 0.1382320774561359156, -0.1204435816424944544, 0.2900000000000000355 ) ) ;
#469 = VERTEX_POINT ( 'NONE', #8138 ) ;
#470 = EDGE_CURVE ( 'NONE', #4384, #8714, #3219, .T. ) ;
#471 = VECTOR ( 'NONE', #2893, 1000.000000000000000 ) ;
#472 = LINE ( 'NONE', #1858, #6233 ) ;
#473 = FILL_AREA_STYLE_COLOUR ( '', #1601 ) ;
#474 = LINE ( 'NONE', #4728, #815 ) ;
#475 =( NAMED_UNIT ( * ) PLANE_ANGLE_UNIT ( ) SI_UNIT ( $, .RADIAN. ) );
#476 = ORIENTED_EDGE ( 'NONE', *, *, #5535, .T. ) ;
#477 = VECTOR ( 'NONE', #64, 1000.000000000000000 ) ;
#478 = CARTESIAN_POINT ( 'NONE',  ( 0.1449436247481569739, -0.1138916330971362634, 0.2900000000000000355 ) ) ;
#479 = EDGE_LOOP ( 'NONE', ( #1894, #859, #8557, #3892 ) ) ;
#480 = CARTESIAN_POINT ( 'NONE',  ( 0.1699502283632908783, -0.1009221349507850168, 0.2800000000000000266 ) ) ;
#481 = ORIENTED_EDGE ( 'NONE', *, *, #8752, .T. ) ;
#482 = FACE_OUTER_BOUND ( 'NONE', #6598, .T. ) ;
#483 = CARTESIAN_POINT ( 'NONE',  ( 0.1410460553570996867, -0.03817462772726087916, 0.2900000000000000355 ) ) ;
#484 =( NAMED_UNIT ( * ) SI_UNIT ( $, .STERADIAN. ) SOLID_ANGLE_UNIT ( ) );
#485 = B_SPLINE_CURVE_WITH_KNOTS ( 'NONE', 3,
 ( #1769, #4503, #1852, #7208 ),
 .UNSPECIFIED., .F., .F.,
 ( 4, 4 ),
 ( 11.00000000000000000, 12.00000000000000000 ),
 .UNSPECIFIED. ) ;
#486 = CARTESIAN_POINT ( 'NONE',  ( 0.1552503438061812180, -0.1027533205698233643, 0.2900000000000000355 ) ) ;
#487 = VECTOR ( 'NONE', #3415, 1000.000000000000000 ) ;
#488 = ORIENTED_EDGE ( 'NONE', *, *, #5785, .F. ) ;
#489 = DIRECTION ( 'NONE',  ( -0.000000000000000000, -0.000000000000000000, -1.000000000000000000 ) ) ;
#490 = LINE ( 'NONE', #2325, #4217 ) ;
#491 = ORIENTED_EDGE ( 'NONE', *, *, #6112, .T. ) ;
#492 = ORIENTED_EDGE ( 'NONE', *, *, #90, .T. ) ;
#493 = CARTESIAN_POINT ( 'NONE',  ( 0.1922856529560753314, -0.03489865345446935968, 0.2900000000000000355 ) ) ;
#494 = EDGE_CURVE ( 'NONE', #8786, #4219, #8011, .T. ) ;
#495 = AXIS2_PLACEMENT_3D ( 'NONE', #1021, #5057, #4475 ) ;
#496 = EDGE_CURVE ( 'NONE', #8101, #5800, #5964, .T. ) ;
#497 = CARTESIAN_POINT ( 'NONE',  ( 0.1756873833075194014, -0.1309434991833836048, 0.2800000000000000266 ) ) ;
#498 = CARTESIAN_POINT ( 'NONE',  ( 0.2044235576332493753, -0.1050885022309148292, 0.2800000000000000266 ) ) ;
#499 = EDGE_LOOP ( 'NONE', ( #415, #5885, #7207, #1609 ) ) ;
#500 = VECTOR ( 'NONE', #6627, 1000.000000000000000 ) ;
#501 = LINE ( 'NONE', #8732, #8334 ) ;
#502 = CARTESIAN_POINT ( 'NONE',  ( 0.2044235576332493753, -0.1161428154177715083, 0.2900000000000000355 ) ) ;
#503 = CARTESIAN_POINT ( 'NONE',  ( -0.06679462802803980137, -0.08285517737312161901, 0.2900000000000000355 ) ) ;
#504 = VERTEX_POINT ( 'NONE', #6006 ) ;
#505 = CARTESIAN_POINT ( 'NONE',  ( -0.01609580672934368684, -0.08846240978810843147, 0.2800000000000000266 ) ) ;
#506 = LINE ( 'NONE', #372, #5459 ) ;
#507 = ADVANCED_FACE ( 'NONE', ( #3174 ), #2741, .F. ) ;
#508 = CARTESIAN_POINT ( 'NONE',  ( 0.2700000000000000733, 0.1199999999999999956, 0.000000000000000000 ) ) ;
#509 = CIRCLE ( 'NONE', #1230, 0.01000000000000002623 ) ;
#510 = ORIENTED_EDGE ( 'NONE', *, *, #2368, .T. ) ;
#511 = CARTESIAN_POINT ( 'NONE',  ( 0.2425592581412823745, -0.1183603980025401264, 0.2900000000000000355 ) ) ;
#512 = LINE ( 'NONE', #3878, #5398 ) ;
#513 = CARTESIAN_POINT ( 'NONE',  ( 0.1328057200710954788, -0.1185955961554105570, 0.2800000000000000266 ) ) ;
#514 = VERTEX_POINT ( 'NONE', #4532 ) ;
#515 = PLANE ( 'NONE',  #2934 ) ;
#516 = EDGE_CURVE ( 'NONE', #3964, #4857, #3944, .T. ) ;
#517 = FACE_BOUND ( 'NONE', #8453, .T. ) ;
#518 = FACE_OUTER_BOUND ( 'NONE', #5924, .T. ) ;
#519 = SURFACE_STYLE_USAGE ( .BOTH. , #7402 ) ;
#520 = EDGE_LOOP ( 'NONE', ( #638, #7673, #5015, #6308, #6459, #4429, #700 ) ) ;
#521 = B_SPLINE_CURVE_WITH_KNOTS ( 'NONE', 3,
 ( #5886, #8646, #7290, #3910 ),
 .UNSPECIFIED., .F., .F.,
 ( 4, 4 ),
 ( 2.000000000000000000, 3.000000000000000000 ),
 .UNSPECIFIED. ) ;
#522 = EDGE_CURVE ( 'NONE', #4973, #5018, #8811, .T. ) ;
#523 = CARTESIAN_POINT ( 'NONE',  ( 0.2822069467750303318, -0.1198891859963011758, 0.2900000000000000355 ) ) ;
#524 = EDGE_CURVE ( 'NONE', #7549, #5336, #3132, .T. ) ;
#525 = EDGE_CURVE ( 'NONE', #7422, #4099, #6405, .T. ) ;
#526 = DIRECTION ( 'NONE',  ( -0.000000000000000000, -0.000000000000000000, -1.000000000000000000 ) ) ;
#527 = ORIENTED_EDGE ( 'NONE', *, *, #3150, .T. ) ;
#528 = LINE ( 'NONE', #2103, #8296 ) ;
#529 = ORIENTED_EDGE ( 'NONE', *, *, #1416, .F. ) ;
#530 = CARTESIAN_POINT ( 'NONE',  ( 0.1710758195236094792, -0.1135052361316282732, 0.2900000000000000355 ) ) ;
#531 = CARTESIAN_POINT ( 'NONE',  ( 0.1782829629236622193, -0.1274155268896769999, 0.2900000000000000355 ) ) ;
#532 = B_SPLINE_SURFACE_WITH_KNOTS ( 'NONE', 3, 1, ( 
 ( #2991, #5063 ),
 ( #4569, #7135 ),
 ( #3171, #350 ),
 ( #7875, #7965 ) ),
 .UNSPECIFIED., .F., .F., .F.,
 ( 4, 4 ),
 ( 2, 2 ),
 ( 1.000000000000000000, 2.000000000000000000 ),
 ( 0.000000000000000000, 1.000000000000000000 ),
 .UNSPECIFIED. ) ;
#533 = CARTESIAN_POINT ( 'NONE',  ( 0.2458604322159189670, -0.1152860221465259183, 0.2900000000000000355 ) ) ;
#534 = CARTESIAN_POINT ( 'NONE',  ( 0.1381060784456792923, -0.09588217453114028510, 0.2800000000000000266 ) ) ;
#535 = ORIENTED_EDGE ( 'NONE', *, *, #4395, .F. ) ;
#536 = CARTESIAN_POINT ( 'NONE',  ( 0.03904206706581658803, -0.1055177831226081220, 0.2900000000000000355 ) ) ;
#537 = VERTEX_POINT ( 'NONE', #4661 ) ;
#538 = ORIENTED_EDGE ( 'NONE', *, *, #8909, .F. ) ;
#539 = CARTESIAN_POINT ( 'NONE',  ( 0.1524531657733733114, -0.06233283800483681303, 0.2800000000000000266 ) ) ;
#540 = AXIS2_PLACEMENT_3D ( 'NONE', #5193, #7091, #3669 ) ;
#541 =( LENGTH_UNIT ( ) NAMED_UNIT ( * ) SI_UNIT ( .MILLI., .METRE. ) );
#542 = CARTESIAN_POINT ( 'NONE',  ( 0.1261025727129859719, -0.08702864406078214543, 0.2900000000000000355 ) ) ;
#543 = EDGE_LOOP ( 'NONE', ( #1977, #6768, #3561, #1566 ) ) ;
#544 = DIRECTION ( 'NONE',  ( 1.000000000000000000, -0.000000000000000000, -0.000000000000000000 ) ) ;
#545 = CARTESIAN_POINT ( 'NONE',  ( 0.2425592581412823745, -0.08847343271453553259, 0.2900000000000000355 ) ) ;
#546 = EDGE_CURVE ( 'NONE', #2374, #3819, #1254, .T. ) ;
#547 = VECTOR ( 'NONE', #1444, 1000.000000000000000 ) ;
#548 = CARTESIAN_POINT ( 'NONE',  ( 0.1385764747514161843, -0.1059452955021602111, 0.2900000000000000355 ) ) ;
#549 = ORIENTED_EDGE ( 'NONE', *, *, #1982, .F. ) ;
#550 = B_SPLINE_CURVE_WITH_KNOTS ( 'NONE', 3,
 ( #4197, #5489, #6129, #8298 ),
 .UNSPECIFIED., .F., .F.,
 ( 4, 4 ),
 ( 1.000000000000000000, 2.000000000000000000 ),
 .UNSPECIFIED. ) ;
#551 = DIRECTION ( 'NONE',  ( -0.000000000000000000, -0.000000000000000000, -1.000000000000000000 ) ) ;
#552 = VECTOR ( 'NONE', #6820, 1000.000000000000227 ) ;
#553 = ORIENTED_EDGE ( 'NONE', *, *, #7389, .F. ) ;
#554 = CARTESIAN_POINT ( 'NONE',  ( 0.1325957217201829130, -0.03918261981114464637, 0.2800000000000000266 ) ) ;
#555 = ADVANCED_FACE ( 'NONE', ( #577 ), #6858, .F. ) ;
#556 = LINE ( 'NONE', #5475, #7086 ) ;
#557 = ADVANCED_FACE ( 'NONE', ( #5455 ), #2674, .F. ) ;
#558 = FACE_OUTER_BOUND ( 'NONE', #6601, .T. ) ;
#559 = ORIENTED_EDGE ( 'NONE', *, *, #4682, .F. ) ;
#560 = CARTESIAN_POINT ( 'NONE',  ( 0.2427524566238123682, -0.09389979009946414212, 0.2900000000000000355 ) ) ;
#561 = CARTESIAN_POINT ( 'NONE',  ( 0.1668506527052079358, -0.1130012400895725744, 0.2800000000000000266 ) ) ;
#562 = CARTESIAN_POINT ( 'NONE',  ( -0.05698195459103864990, -0.1083213971019836019, 0.2900000000000000355 ) ) ;
#563 = PLANE ( 'NONE',  #747 ) ;
#564 = ORIENTED_EDGE ( 'NONE', *, *, #5988, .F. ) ;
#565 = CARTESIAN_POINT ( 'NONE',  ( 0.1561323368796070088, -0.09900694999129369678, 0.2800000000000000266 ) ) ;
#566 = CARTESIAN_POINT ( 'NONE',  ( 0.05656470791146696320, -0.04967899692029988795, 0.2800000000000000266 ) ) ;
#567 = CARTESIAN_POINT ( 'NONE',  ( 0.03273392669980517561, -0.08005154556902538410, 0.2900000000000000355 ) ) ;
#568 = EDGE_CURVE ( 'NONE', #4440, #2369, #110, .T. ) ;
#569 = VERTEX_POINT ( 'NONE', #7457 ) ;
#570 = ORIENTED_EDGE ( 'NONE', *, *, #6672, .F. ) ;
#571 = ADVANCED_FACE ( 'NONE', ( #1292 ), #5498, .T. ) ;
#572 = CARTESIAN_POINT ( 'NONE',  ( 0.2096651164694471881, -0.05090892772051711784, 0.2800000000000000266 ) ) ;
#573 = DIRECTION ( 'NONE',  ( -0.3283461648125419186, 0.9445574604294304510, -0.000000000000000000 ) ) ;
#574 = CARTESIAN_POINT ( 'NONE',  ( -0.02894573681371225699, -0.04500629507137778040, 0.2900000000000000355 ) ) ;
#575 = EDGE_CURVE ( 'NONE', #5666, #3528, #4871, .T. ) ;
#576 = EDGE_CURVE ( 'NONE', #7808, #1676, #4203, .T. ) ;
#577 = FACE_OUTER_BOUND ( 'NONE', #3900, .T. ) ;
#578 = VECTOR ( 'NONE', #3098, 1000.000000000000000 ) ;
#579 = ORIENTED_EDGE ( 'NONE', *, *, #1245, .F. ) ;
#580 = ADVANCED_FACE ( 'NONE', ( #1332 ), #6815, .F. ) ;
#581 = ORIENTED_EDGE ( 'NONE', *, *, #1471, .F. ) ;
#582 = FACE_OUTER_BOUND ( 'NONE', #2831, .T. ) ;
#583 = VECTOR ( 'NONE', #3724, 1000.000000000000000 ) ;
#584 = CARTESIAN_POINT ( 'NONE',  ( 0.1684298403033300529, -0.1185787962873645907, 0.2800000000000000266 ) ) ;
#585 = CARTESIAN_POINT ( 'NONE',  ( 0.1392988690782943628, -0.1170668081614266998, 0.2800000000000000266 ) ) ;
#586 = ORIENTED_EDGE ( 'NONE', *, *, #8324, .T. ) ;
#587 = LINE ( 'NONE', #7509, #6895 ) ;
#588 = CARTESIAN_POINT ( 'NONE',  ( 0.1325957217201829130, -0.03918261981114464637, 0.2900000000000000355 ) ) ;
#589 = VECTOR ( 'NONE', #7707, 1000.000000000000000 ) ;
#590 = CARTESIAN_POINT ( 'NONE',  ( 0.07922730474836983672, -0.1034150637256598254, 0.2900000000000000355 ) ) ;
#591 = EDGE_LOOP ( 'NONE', ( #8575, #6622, #8676, #2884 ) ) ;
#592 = FACE_OUTER_BOUND ( 'NONE', #1345, .T. ) ;
#593 = LINE ( 'NONE', #3327, #2254 ) ;
#594 = CARTESIAN_POINT ( 'NONE',  ( 0.1632722808073605036, -0.05295851162460198103, 0.2800000000000000266 ) ) ;
#595 = B_SPLINE_CURVE_WITH_KNOTS ( 'NONE', 3,
 ( #2594, #6779, #2681, #5378 ),
 .UNSPECIFIED., .F., .F.,
 ( 4, 4 ),
 ( 1.000000000000000000, 2.000000000000000000 ),
 .UNSPECIFIED. ) ;
#596 = LINE ( 'NONE', #2782, #1346 ) ;
#597 = CARTESIAN_POINT ( 'NONE',  ( 0.1134186723237567834, -0.1161428154177720495, 0.2900000000000000355 ) ) ;
#598 = ORIENTED_EDGE ( 'NONE', *, *, #7843, .F. ) ;
#599 = CARTESIAN_POINT ( 'NONE',  ( 0.1472200068709754450, -0.06453362072155989504, 0.2900000000000000355 ) ) ;
#600 = COLOUR_RGB ( '',0.6666666666666666297, 0.6666666666666666297, 0.6666666666666666297 ) ;
#601 = CARTESIAN_POINT ( 'NONE',  ( 0.1632722808073605036, -0.06401282481145953440, 0.2800000000000000266 ) ) ;
#602 = DIRECTION ( 'NONE',  ( 0.000000000000000000, -0.000000000000000000, -1.000000000000000000 ) ) ;
#603 = EDGE_CURVE ( 'NONE', #8804, #1725, #6997, .T. ) ;
#604 = EDGE_CURVE ( 'NONE', #2898, #4101, #4247, .T. ) ;
#605 = CARTESIAN_POINT ( 'NONE',  ( 0.1496475878064338905, -0.1047861046058615186, 0.2900000000000000355 ) ) ;
#606 = VERTEX_POINT ( 'NONE', #2747 ) ;
#607 = DIRECTION ( 'NONE',  ( -0.000000000000000000, -0.000000000000000000, -1.000000000000000000 ) ) ;
#608 = CARTESIAN_POINT ( 'NONE',  ( 0.05913469036332886369, -0.05668804969334655108, 0.2900000000000000355 ) ) ;
#609 = LINE ( 'NONE', #6084, #5954 ) ;
#610 = ORIENTED_EDGE ( 'NONE', *, *, #1268, .F. ) ;
#611 = B_SPLINE_CURVE_WITH_KNOTS ( 'NONE', 3,
 ( #1010, #5678, #2296, #2436 ),
 .UNSPECIFIED., .F., .F.,
 ( 4, 4 ),
 ( 15.00000000000000000, 16.00000000000000000 ),
 .UNSPECIFIED. ) ;
#612 = ORIENTED_EDGE ( 'NONE', *, *, #3312, .F. ) ;
#613 = MECHANICAL_DESIGN_GEOMETRIC_PRESENTATION_REPRESENTATION (  '', ( #2749 ), #1621 ) ;
#614 = CARTESIAN_POINT ( 'NONE',  ( 0.2080103294651166612, -0.06008165568419928521, 0.2800000000000000266 ) ) ;
#615 = LINE ( 'NONE', #3305, #8372 ) ;
#616 = DIRECTION ( 'NONE',  ( -0.000000000000000000, -0.000000000000000000, -1.000000000000000000 ) ) ;
#617 = ORIENTED_EDGE ( 'NONE', *, *, #3413, .T. ) ;
#618 = DIRECTION ( 'NONE',  ( -1.000000000000000000, 0.000000000000000000, 0.000000000000000000 ) ) ;
#619 = EDGE_CURVE ( 'NONE', #6919, #1667, #3297, .T. ) ;
#620 = ORIENTED_EDGE ( 'NONE', *, *, #3694, .T. ) ;
#621 = EDGE_CURVE ( 'NONE', #5298, #8767, #8895, .T. ) ;
#622 = CARTESIAN_POINT ( 'NONE',  ( 0.1564179346367265133, -0.1064660914122611129, 0.2900000000000000355 ) ) ;
#623 = SURFACE_STYLE_USAGE ( .BOTH. , #4792 ) ;
#624 = FACE_OUTER_BOUND ( 'NONE', #6065, .T. ) ;
#625 = VERTEX_POINT ( 'NONE', #2020 ) ;
#626 = B_SPLINE_CURVE_WITH_KNOTS ( 'NONE', 3,
 ( #805, #6378, #8315, #5700 ),
 .UNSPECIFIED., .F., .F.,
 ( 4, 4 ),
 ( 2.000000000000000000, 3.000000000000000000 ),
 .UNSPECIFIED. ) ;
#627 = DIRECTION ( 'NONE',  ( -0.000000000000000000, -1.000000000000000000, -0.000000000000000000 ) ) ;
#628 = CARTESIAN_POINT ( 'NONE',  ( 0.1446664269250605706, -0.03434425780827687902, 0.2800000000000000266 ) ) ;
#629 = VERTEX_POINT ( 'NONE', #4144 ) ;
#630 = VECTOR ( 'NONE', #5467, 1000.000000000000000 ) ;
#631 = CARTESIAN_POINT ( 'NONE',  ( 0.2403500754905358860, -0.09183340632755784827, 0.2900000000000000355 ) ) ;
#632 = PLANE ( 'NONE',  #3602 ) ;
#633 = VECTOR ( 'NONE', #6468, 1000.000000000000000 ) ;
#634 = CARTESIAN_POINT ( 'NONE',  ( 0.1993583974115348545, -0.06287043378298291796, 0.2900000000000000355 ) ) ;
#635 = CARTESIAN_POINT ( 'NONE',  ( 0.06777918165368944370, -0.08752787922204353921, 0.2800000000000000266 ) ) ;
#636 = VECTOR ( 'NONE', #4803, 1000.000000000000000 ) ;
#637 = CARTESIAN_POINT ( 'NONE',  ( 0.1470016085861512722, -0.06831359103618106499, 0.2900000000000000355 ) ) ;
#638 = ORIENTED_EDGE ( 'NONE', *, *, #15, .T. ) ;
#639 = LINE ( 'NONE', #4683, #5092 ) ;
#640 = VECTOR ( 'NONE', #2931, 1000.000000000000000 ) ;
#641 = CARTESIAN_POINT ( 'NONE',  ( 0.2696910450665971348, -0.08702864406078171522, 0.2800000000000000266 ) ) ;
#642 = CARTESIAN_POINT ( 'NONE',  ( 0.1919244557926371442, -0.06401282481145943726, 0.2900000000000000355 ) ) ;
#643 = ORIENTED_EDGE ( 'NONE', *, *, #2848, .F. ) ;
#644 = CARTESIAN_POINT ( 'NONE',  ( 0.2285397682407089293, -0.03489865345446840905, 0.2900000000000000355 ) ) ;
#645 = FACE_OUTER_BOUND ( 'NONE', #5203, .T. ) ;
#646 = FACE_OUTER_BOUND ( 'NONE', #6291, .T. ) ;
#647 = FILL_AREA_STYLE_COLOUR ( '', #1223 ) ;
#648 = EDGE_CURVE ( 'NONE', #4179, #8841, #4774, .T. ) ;
#649 = DIRECTION ( 'NONE',  ( -0.000000000000000000, -0.000000000000000000, -1.000000000000000000 ) ) ;
#650 = VERTEX_POINT ( 'NONE', #8291 ) ;
#651 = CARTESIAN_POINT ( 'NONE',  ( 0.2463560283237261617, -0.1031565174033763493, 0.2900000000000000355 ) ) ;
#652 = CARTESIAN_POINT ( 'NONE',  ( 0.1764013777002614303, -0.1274155268896769999, 0.2800000000000000266 ) ) ;
#653 = CARTESIAN_POINT ( 'NONE',  ( 0.2425592581412823745, -0.1183603980025401264, 0.2900000000000000355 ) ) ;
#654 = CARTESIAN_POINT ( 'NONE',  ( 0.000000000000000000, 0.000000000000000000, 0.2900000000000000355 ) ) ;
#655 = EDGE_LOOP ( 'NONE', ( #1425, #7892, #5753, #7492 ) ) ;
#656 = EDGE_CURVE ( 'NONE', #1137, #939, #6889, .T. ) ;
#657 = CARTESIAN_POINT ( 'NONE',  ( 0.1251701800354209360, -0.1013253317843398338, 0.2900000000000000355 ) ) ;
#658 = EDGE_LOOP ( 'NONE', ( #6610, #983, #2839, #694 ) ) ;
#659 = FACE_OUTER_BOUND ( 'NONE', #7240, .T. ) ;
#660 = LINE ( 'NONE', #7006, #6134 ) ;
#661 = CARTESIAN_POINT ( 'NONE',  ( 0.1392988690782943628, -0.1170668081614266998, 0.2900000000000000355 ) ) ;
#662 = UNCERTAINTY_MEASURE_WITH_UNIT (LENGTH_MEASURE( 1.000000000000000082E-05 ), #3786, 'distance_accuracy_value', 'NONE');
#663 = ORIENTED_EDGE ( 'NONE', *, *, #7204, .T. ) ;
#664 = B_SPLINE_SURFACE_WITH_KNOTS ( 'NONE', 3, 1, ( 
 ( #6304, #831 ),
 ( #147, #5814 ),
 ( #8735, #3020 ),
 ( #5768, #4465 ) ),
 .UNSPECIFIED., .F., .F., .F.,
 ( 4, 4 ),
 ( 2, 2 ),
 ( 4.000000000000000000, 5.000000000000000000 ),
 ( 0.000000000000000000, 1.000000000000000000 ),
 .UNSPECIFIED. ) ;
#665 = DIRECTION ( 'NONE',  ( -0.000000000000000000, -0.000000000000000000, -1.000000000000000000 ) ) ;
#666 = DIRECTION ( 'NONE',  ( -0.000000000000000000, -0.000000000000000000, -1.000000000000000000 ) ) ;
#667 = ORIENTED_EDGE ( 'NONE', *, *, #7109, .F. ) ;
#668 = PLANE ( 'NONE',  #5189 ) ;
#669 = VECTOR ( 'NONE', #326, 1000.000000000000000 ) ;
#670 = VECTOR ( 'NONE', #5250, 1000.000000000000000 ) ;
#671 = CARTESIAN_POINT ( 'NONE',  ( 0.1552503438061803021, -0.1006701369298707849, 0.2800000000000000266 ) ) ;
#672 = CARTESIAN_POINT ( 'NONE',  ( 0.1323017240291529673, -0.04756575397554224649, 0.2800000000000000266 ) ) ;
#673 = ADVANCED_FACE ( 'NONE', ( #6039 ), #731, .F. ) ;
#674 = CARTESIAN_POINT ( 'NONE',  ( 0.1740661960392821950, -0.1306075018220133888, 0.2800000000000000266 ) ) ;
#675 = EDGE_CURVE ( 'NONE', #8329, #1526, #7486, .T. ) ;
#676 = VECTOR ( 'NONE', #4276, 1000.000000000000000 ) ;
#677 = EDGE_CURVE ( 'NONE', #1334, #7422, #5123, .T. ) ;
#678 = CARTESIAN_POINT ( 'NONE',  ( 0.1455316201304421853, -0.1049709031543675508, 0.2900000000000000355 ) ) ;
#679 = CARTESIAN_POINT ( 'NONE',  ( 0.1433560372160112284, -0.06831359103618106499, 0.2900000000000000355 ) ) ;
#680 = ORIENTED_EDGE ( 'NONE', *, *, #3768, .F. ) ;
#681 = CARTESIAN_POINT ( 'NONE',  ( 0.1439692324003642721, -0.06453362072155989504, 0.2800000000000000266 ) ) ;
#682 = DIRECTION ( 'NONE',  ( -1.000000000000000000, 0.000000000000000000, -0.000000000000000000 ) ) ;
#683 =( NAMED_UNIT ( * ) SI_UNIT ( $, .STERADIAN. ) SOLID_ANGLE_UNIT ( ) );
#684 = VECTOR ( 'NONE', #5195, 1000.000000000000000 ) ;
#685 = CARTESIAN_POINT ( 'NONE',  ( 0.1767037753254269705, -0.06775919538998845248, 0.2800000000000000266 ) ) ;
#686 = CARTESIAN_POINT ( 'NONE',  ( 0.2775197835850254924, -0.1198891859963011758, 0.2900000000000000355 ) ) ;
#687 = PLANE ( 'NONE',  #5694 ) ;
#688 = ORIENTED_EDGE ( 'NONE', *, *, #4604, .T. ) ;
#689 = CARTESIAN_POINT ( 'NONE',  ( 0.2001815909466896082, -0.1198891859963017309, 0.2800000000000000266 ) ) ;
#690 = VERTEX_POINT ( 'NONE', #1322 ) ;
#691 = CARTESIAN_POINT ( 'NONE',  ( 0.1687742375987226484, -0.1085828747885291823, 0.2900000000000000355 ) ) ;
#692 = SURFACE_STYLE_FILL_AREA ( #4196 ) ;
#693 = DIRECTION ( 'NONE',  ( -0.000000000000000000, -0.000000000000000000, -1.000000000000000000 ) ) ;
#694 = ORIENTED_EDGE ( 'NONE', *, *, #4105, .T. ) ;
#695 = CARTESIAN_POINT ( 'NONE',  ( 0.1652294654369697580, -0.1170836080294719028, 0.2900000000000000355 ) ) ;
#696 = DIRECTION ( 'NONE',  ( -0.000000000000000000, -0.000000000000000000, -1.000000000000000000 ) ) ;
#697 = CARTESIAN_POINT ( 'NONE',  ( 0.1357540969165407507, -0.04182019909729014356, 0.2900000000000000355 ) ) ;
#698 = ORIENTED_EDGE ( 'NONE', *, *, #4414, .F. ) ;
#699 = SURFACE_STYLE_USAGE ( .BOTH. , #7682 ) ;
#700 = ORIENTED_EDGE ( 'NONE', *, *, #7846, .T. ) ;
#701 = CARTESIAN_POINT ( 'NONE',  ( 0.1632722808073611975, -0.03867862376909076555, 0.2900000000000000355 ) ) ;
#702 = CARTESIAN_POINT ( 'NONE',  ( -0.01329218829384458053, -0.03519362052042989547, 0.2900000000000000355 ) ) ;
#703 = EDGE_CURVE ( 'NONE', #5129, #8814, #6802, .T. ) ;
#704 = CARTESIAN_POINT ( 'NONE',  ( 0.03507026871179511063, -0.1055177831226081220, 0.2800000000000000266 ) ) ;
#706 = EDGE_CURVE ( 'NONE', #8292, #4707, #5779, .T. ) ;
#705 = AXIS2_PLACEMENT_3D ( 'NONE', #2795, #3339, #7528 ) ;
#707 = VERTEX_POINT ( 'NONE', #644 ) ;
#708 = EDGE_LOOP ( 'NONE', ( #7056, #5303, #3001, #2239 ) ) ;
#709 = LINE ( 'NONE', #7550, #2135 ) ;
#710 = DIRECTION ( 'NONE',  ( -1.000000000000000000, -0.000000000000000000, -0.000000000000000000 ) ) ;
#711 = ORIENTED_EDGE ( 'NONE', *, *, #4959, .F. ) ;
#712 = VECTOR ( 'NONE', #1921, 1000.000000000000000 ) ;
#713 = CARTESIAN_POINT ( 'NONE',  ( 0.1091767056373067757, -0.03489865345446935968, 0.2900000000000000355 ) ) ;
#714 = DIRECTION ( 'NONE',  ( 0.000000000000000000, -1.000000000000000000, 0.000000000000000000 ) ) ;
#715 = CARTESIAN_POINT ( 'NONE',  ( 0.2016011797981493991, -0.04176979949315111351, 0.2800000000000000266 ) ) ;
#716 = COLOUR_RGB ( '',0.2980392156862745057, 0.2980392156862745057, 0.2980392156862745057 ) ;
#717 = COLOUR_RGB ( '',0.2980392156862745057, 0.2980392156862745057, 0.2980392156862745057 ) ;
#718 = CARTESIAN_POINT ( 'NONE',  ( 0.1844569144376479453, -0.1159916166053566455, 0.2900000000000000355 ) ) ;
#719 = CARTESIAN_POINT ( 'NONE',  ( 0.03764026007612852193, -0.03052091839290870315, 0.2800000000000000266 ) ) ;
#720 = ORIENTED_EDGE ( 'NONE', *, *, #2760, .T. ) ;
#721 = ADVANCED_FACE ( 'NONE', ( #2621 ), #3896, .F. ) ;
#722 = CARTESIAN_POINT ( 'NONE',  ( 0.2491616062907805185, -0.1122116462905111550, 0.2900000000000000355 ) ) ;
#723 = CARTESIAN_POINT ( 'NONE',  ( -0.06679462802803980137, -0.08285517737312161901, 0.2900000000000000355 ) ) ;
#724 = CARTESIAN_POINT ( 'NONE',  ( 0.2114879021546854920, -0.06775919538998845248, 0.2900000000000000355 ) ) ;
#725 = ADVANCED_FACE ( 'NONE', ( #6845 ), #8842, .T. ) ;
#726 = CARTESIAN_POINT ( 'NONE',  ( 0.2999999999999995448, -0.1500000000000001055, 0.2800000000000000266 ) ) ;
#727 = EDGE_CURVE ( 'NONE', #5675, #8890, #4018, .T. ) ;
#728 = CARTESIAN_POINT ( 'NONE',  ( 0.1325957217201829130, -0.03918261981114464637, 0.2800000000000000266 ) ) ;
#729 = CARTESIAN_POINT ( 'NONE',  ( 0.1750237885189137588, -0.04919534117802613210, 0.2900000000000000355 ) ) ;
#730 = ORIENTED_EDGE ( 'NONE', *, *, #8440, .T. ) ;
#731 = PLANE ( 'NONE',  #705 ) ;
#732 = ORIENTED_EDGE ( 'NONE', *, *, #621, .F. ) ;
#733 = EDGE_CURVE ( 'NONE', #4457, #2019, #6165, .T. ) ;
#734 = AXIS2_PLACEMENT_3D ( 'NONE', #6031, #8837, #602 ) ;
#735 = CARTESIAN_POINT ( 'NONE',  ( 0.1449436247481569739, -0.1138916330971362634, 0.2800000000000000266 ) ) ;
#736 = LINE ( 'NONE', #2066, #2056 ) ;
#737 = FACE_OUTER_BOUND ( 'NONE', #7998, .T. ) ;
#738 = CARTESIAN_POINT ( 'NONE',  ( 0.1348805037771368953, -0.06681840277828925145, 0.2800000000000000266 ) ) ;
#739 = VERTEX_POINT ( 'NONE', #8250 ) ;
#740 = CARTESIAN_POINT ( 'NONE',  ( 0.1413988525864039725, -0.1204435816424944544, 0.2900000000000000355 ) ) ;
#741 = CARTESIAN_POINT ( 'NONE',  ( 0.2255913913952637684, -0.04140020239568983906, 0.2800000000000000266 ) ) ;
#742 = B_SPLINE_SURFACE_WITH_KNOTS ( 'NONE', 3, 1, ( 
 ( #4986, #5067 ),
 ( #2416, #359 ),
 ( #3045, #3725 ),
 ( #5745, #7835 ) ),
 .UNSPECIFIED., .F., .F., .F.,
 ( 4, 4 ),
 ( 2, 2 ),
 ( 15.00000000000000000, 16.00000000000000000 ),
 ( 0.000000000000000000, 1.000000000000000000 ),
 .UNSPECIFIED. ) ;
#743 = CARTESIAN_POINT ( 'NONE',  ( 0.2999999999999995448, 0.1599999999999998646, 0.2800000000000000266 ) ) ;
#744 = DIRECTION ( 'NONE',  ( 0.000000000000000000, 1.000000000000000000, -0.000000000000000000 ) ) ;
#745 = EDGE_LOOP ( 'NONE', ( #488, #8654, #4017, #620 ) ) ;
#746 = CARTESIAN_POINT ( 'NONE',  ( 0.1850701096220007946, -0.1140932315139114028, 0.2900000000000000355 ) ) ;
#747 = AXIS2_PLACEMENT_3D ( 'NONE', #7443, #1150, #1820 ) ;
#748 = VERTEX_POINT ( 'NONE', #5403 ) ;
#749 = CARTESIAN_POINT ( 'NONE',  ( 0.1657922610170732558, -0.1116740505125900229, 0.2800000000000000266 ) ) ;
#750 = CARTESIAN_POINT ( 'NONE',  ( -0.05184198300307180096, -0.1139286428856785688, 0.2900000000000000355 ) ) ;
#751 = CARTESIAN_POINT ( 'NONE',  ( 0.2331009324205941535, -0.1198891859963011758, 0.2900000000000000355 ) ) ;
#752 = B_SPLINE_CURVE_WITH_KNOTS ( 'NONE', 3,
 ( #4491, #5875, #1797, #4535 ),
 .UNSPECIFIED., .F., .F.,
 ( 4, 4 ),
 ( 1.000000000000000000, 2.000000000000000000 ),
 .UNSPECIFIED. ) ;
#753 = ORIENTED_EDGE ( 'NONE', *, *, #3919, .F. ) ;
#754 = ORIENTED_EDGE ( 'NONE', *, *, #2199, .T. ) ;
#755 = DIRECTION ( 'NONE',  ( 0.000000000000000000, 1.000000000000000000, -0.000000000000000000 ) ) ;
#756 = LINE ( 'NONE', #2228, #1494 ) ;
#757 = EDGE_CURVE ( 'NONE', #2635, #2220, #2063, .T. ) ;
#758 = VERTEX_POINT ( 'NONE', #1330 ) ;
#759 = ADVANCED_FACE ( 'NONE', ( #5452 ), #2628, .F. ) ;
#760 = VERTEX_POINT ( 'NONE', #4780 ) ;
#761 = CARTESIAN_POINT ( 'NONE',  ( 0.1334525149915415376, -0.04427297983492815836, 0.2900000000000000355 ) ) ;
#762 = CARTESIAN_POINT ( 'NONE',  ( 0.03997661100058996081, -0.09243420814213007541, 0.2800000000000000266 ) ) ;
#763 = DIRECTION ( 'NONE',  ( 0.000000000000000000, -0.000000000000000000, -1.000000000000000000 ) ) ;
#764 = AXIS2_PLACEMENT_3D ( 'NONE', #502, #6612, #5976 ) ;
#765 = LINE ( 'NONE', #4361, #8534 ) ;
#766 = CARTESIAN_POINT ( 'NONE',  ( 0.02642577742132165911, -0.02608185169227541719, 0.2900000000000000355 ) ) ;
#767 = EDGE_CURVE ( 'NONE', #7832, #6164, #3631, .T. ) ;
#768 = ORIENTED_EDGE ( 'NONE', *, *, #357, .F. ) ;
#769 = DIRECTION ( 'NONE',  ( -0.000000000000000000, 1.000000000000000000, -0.000000000000000000 ) ) ;
#770 = LINE ( 'NONE', #2699, #5752 ) ;
#771 = CARTESIAN_POINT ( 'NONE',  ( 0.2044235576332510129, -0.09080861437540363457, 0.2900000000000000355 ) ) ;
#772 = CARTESIAN_POINT ( 'NONE',  ( -0.3100000000000004419, 0.1499999999999998557, 0.000000000000000000 ) ) ;
#773 = VECTOR ( 'NONE', #4354, 1000.000000000000000 ) ;
#774 = CARTESIAN_POINT ( 'NONE',  ( 0.1407772574680280497, -0.09922534827611621810, 0.2800000000000000266 ) ) ;
#775 = CARTESIAN_POINT ( 'NONE',  ( 0.06777918165368944370, -0.08752787922204353921, 0.2800000000000000266 ) ) ;
#776 = VERTEX_POINT ( 'NONE', #2713 ) ;
#777 = ORIENTED_EDGE ( 'NONE', *, *, #8708, .T. ) ;
#778 = ORIENTED_EDGE ( 'NONE', *, *, #1208, .T. ) ;
#779 = B_SPLINE_CURVE_WITH_KNOTS ( 'NONE', 3,
 ( #5551, #2126, #4879, #2990 ),
 .UNSPECIFIED., .F., .F.,
 ( 4, 4 ),
 ( 28.00000000000000000, 29.00000000000000000 ),
 .UNSPECIFIED. ) ;
#780 = B_SPLINE_CURVE_WITH_KNOTS ( 'NONE', 3,
 ( #8562, #1048, #1767, #3193 ),
 .UNSPECIFIED., .F., .F.,
 ( 4, 4 ),
 ( 18.00000000000000000, 19.00000000000000000 ),
 .UNSPECIFIED. ) ;
#781 = ADVANCED_FACE ( 'NONE', ( #3216 ), #7563, .F. ) ;
#782 = CARTESIAN_POINT ( 'NONE',  ( 0.1615754941326929539, -0.09951094603334799393, 0.2900000000000000355 ) ) ;
#783 = CARTESIAN_POINT ( 'NONE',  ( -0.002778604677701132248, -0.09149966420735766715, 0.2900000000000000355 ) ) ;
#784 = AXIS2_PLACEMENT_3D ( 'NONE', #7717, #7861, #2935 ) ;
#785 = LINE ( 'NONE', #3476, #6228 ) ;
#786 = DIRECTION ( 'NONE',  ( 0.3315284183504370041, 0.9434452330824814048, -0.000000000000000000 ) ) ;
#787 = VERTEX_POINT ( 'NONE', #7537 ) ;
#788 = CARTESIAN_POINT ( 'NONE',  ( 0.1652294654369697580, -0.1170836080294719028, 0.2800000000000000266 ) ) ;
#789 = CARTESIAN_POINT ( 'NONE',  ( 0.1699502283632908783, -0.1009221349507850168, 0.2900000000000000355 ) ) ;
#791 = ADVANCED_FACE ( 'NONE', ( #8049 ), #5963, .F. ) ;
#790 = CARTESIAN_POINT ( 'NONE',  ( 0.1334525149915415376, -0.04427297983492815836, 0.2900000000000000355 ) ) ;
#792 = VERTEX_POINT ( 'NONE', #4067 ) ;
#793 =( NAMED_UNIT ( * ) SI_UNIT ( $, .STERADIAN. ) SOLID_ANGLE_UNIT ( ) );
#794 = EDGE_CURVE ( 'NONE', #5554, #6408, #7366, .T. ) ;
#795 = ADVANCED_FACE ( 'NONE', ( #3390 ), #6773, .F. ) ;
#796 = ORIENTED_EDGE ( 'NONE', *, *, #1449, .T. ) ;
#797 = FACE_OUTER_BOUND ( 'NONE', #8064, .T. ) ;
#798 = ORIENTED_EDGE ( 'NONE', *, *, #4193, .T. ) ;
#799 = CARTESIAN_POINT ( 'NONE',  ( -0.02871210083007477709, -0.05902438724921166974, 0.2800000000000000266 ) ) ;
#800 = ORIENTED_EDGE ( 'NONE', *, *, #843, .T. ) ;
#801 = DIRECTION ( 'NONE',  ( -1.000000000000000000, 0.000000000000000000, 0.000000000000000000 ) ) ;
#802 = CARTESIAN_POINT ( 'NONE',  ( 0.2283045700878408857, -0.09080861437540363457, 0.2800000000000000266 ) ) ;
#803 = ORIENTED_EDGE ( 'NONE', *, *, #2344, .F. ) ;
#804 = ORIENTED_EDGE ( 'NONE', *, *, #8771, .F. ) ;
#805 = CARTESIAN_POINT ( 'NONE',  ( 0.1349645031174793730, -0.1132700379787587031, 0.2900000000000000355 ) ) ;
#806 = LINE ( 'NONE', #2820, #7680 ) ;
#807 = ORIENTED_EDGE ( 'NONE', *, *, #1105, .F. ) ;
#808 = ORIENTED_EDGE ( 'NONE', *, *, #1789, .T. ) ;
#809 = CARTESIAN_POINT ( 'NONE',  ( 0.1650866665583540227, -0.1110860551303052557, 0.2900000000000000355 ) ) ;
#810 = LINE ( 'NONE', #5751, #5550 ) ;
#811 = ADVANCED_FACE ( 'NONE', ( #8218 ), #5397, .F. ) ;
#812 = CARTESIAN_POINT ( 'NONE',  ( 0.1134186723237558120, -0.06401282481145953440, 0.2900000000000000355 ) ) ;
#813 = CARTESIAN_POINT ( 'NONE',  ( 0.01497765432675353565, -0.04009995723881767948, 0.2900000000000000355 ) ) ;
#814 = PRESENTATION_LAYER_ASSIGNMENT (  '', '', ( #5983 ) ) ;
#815 = VECTOR ( 'NONE', #4016, 1000.000000000000000 ) ;
#816 = CARTESIAN_POINT ( 'NONE',  ( 0.1360564945417067628, -0.1102964613312435171, 0.2900000000000000355 ) ) ;
#817 = EDGE_LOOP ( 'NONE', ( #1082, #2725, #5450, #2249 ) ) ;
#818 = LINE ( 'NONE', #2475, #2462 ) ;
#819 = CARTESIAN_POINT ( 'NONE',  ( 0.2080103294651166612, -0.06008165568419928521, 0.2900000000000000355 ) ) ;
#820 = PLANE ( 'NONE',  #5182 ) ;
#821 = CARTESIAN_POINT ( 'NONE',  ( 0.1386436742237125430, -0.06831359103618106499, 0.2900000000000000355 ) ) ;
#822 = PRESENTATION_LAYER_ASSIGNMENT (  '', '', ( #1391 ) ) ;
#823 = CARTESIAN_POINT ( 'NONE',  ( -0.06679462802803980137, -0.08285517737312161901, 0.2900000000000000355 ) ) ;
#824 = DIRECTION ( 'NONE',  ( -0.000000000000000000, -0.000000000000000000, 1.000000000000000000 ) ) ;
#825 = EDGE_CURVE ( 'NONE', #992, #5836, #1252, .T. ) ;
#826 = VERTEX_POINT ( 'NONE', #8177 ) ;
#827 = EDGE_CURVE ( 'NONE', #2414, #2318, #615, .T. ) ;
#828 = VERTEX_POINT ( 'NONE', #1871 ) ;
#829 = CARTESIAN_POINT ( 'NONE',  ( 0.1829113265756171502, -0.06775919538998845248, 0.2900000000000000355 ) ) ;
#830 = CARTESIAN_POINT ( 'NONE',  ( -0.01329218829384458053, -0.03519362052042989547, 0.2900000000000000355 ) ) ;
#831 = CARTESIAN_POINT ( 'NONE',  ( 0.1392988690782943628, -0.1170668081614266998, 0.2800000000000000266 ) ) ;
#832 = CARTESIAN_POINT ( 'NONE',  ( 0.1307897359032157703, -0.1092212697749517236, 0.2900000000000000355 ) ) ;
#833 =( GEOMETRIC_REPRESENTATION_CONTEXT ( 3 ) GLOBAL_UNCERTAINTY_ASSIGNED_CONTEXT ( ( #4268 ) ) GLOBAL_UNIT_ASSIGNED_CONTEXT ( ( #364, #8555, #1712 ) ) REPRESENTATION_CONTEXT ( 'NONE', 'WORKASPACE' ) );
#834 = CARTESIAN_POINT ( 'NONE',  ( 0.2671206652524126257, -0.09221980329306520008, 0.2900000000000000355 ) ) ;
#835 = ORIENTED_EDGE ( 'NONE', *, *, #6562, .T. ) ;
#836 = CARTESIAN_POINT ( 'NONE',  ( -0.02357213147000173856, -0.04547356481053460575, 0.2900000000000000355 ) ) ;
#837 = CARTESIAN_POINT ( 'NONE',  ( 0.2262297863816861154, -0.03909862047069004309, 0.2800000000000000266 ) ) ;
#838 = B_SPLINE_CURVE_WITH_KNOTS ( 'NONE', 3,
 ( #679, #637, #3461, #7606 ),
 .UNSPECIFIED., .F., .F.,
 ( 4, 4 ),
 ( 0.000000000000000000, 1.000000000000000000 ),
 .UNSPECIFIED. ) ;
#839 = FACE_OUTER_BOUND ( 'NONE', #1744, .T. ) ;
#840 = VERTEX_POINT ( 'NONE', #4743 ) ;
#841 = CARTESIAN_POINT ( 'NONE',  ( 0.1632722808073605036, -0.05295851162460198103, 0.2900000000000000355 ) ) ;
#842 = EDGE_LOOP ( 'NONE', ( #8658, #4364, #5528, #4030 ) ) ;
#843 = EDGE_CURVE ( 'NONE', #6321, #1649, #4613, .T. ) ;
#844 = CARTESIAN_POINT ( 'NONE',  ( -0.03478661412469594844, -0.09500419059388154341, 0.2800000000000000266 ) ) ;
#845 = EDGE_CURVE ( 'NONE', #3303, #4936, #7495, .T. ) ;
#846 = ORIENTED_EDGE ( 'NONE', *, *, #2059, .T. ) ;
#847 = CARTESIAN_POINT ( 'NONE',  ( 0.1668506527052079358, -0.1130012400895725744, 0.2800000000000000266 ) ) ;
#848 = EDGE_LOOP ( 'NONE', ( #3138, #2052, #25, #492, #4542, #103, #7913, #6319, #1236, #6380, #2064, #2203 ) ) ;
#849 = EDGE_CURVE ( 'NONE', #8101, #2069, #8438, .T. ) ;
#850 = CARTESIAN_POINT ( 'NONE',  ( 0.007267698058694544404, -0.1097232040915597229, 0.2900000000000000355 ) ) ;
#851 = EDGE_CURVE ( 'NONE', #7642, #3827, #2874, .T. ) ;
#852 = LINE ( 'NONE', #2859, #1991 ) ;
#853 = VERTEX_POINT ( 'NONE', #7723 ) ;
#854 = ORIENTED_EDGE ( 'NONE', *, *, #4008, .F. ) ;
#855 = EDGE_CURVE ( 'NONE', #5146, #5585, #2116, .T. ) ;
#856 = CARTESIAN_POINT ( 'NONE',  ( 0.1750237885189137588, -0.04919534117802613210, 0.2800000000000000266 ) ) ;
#857 = DIRECTION ( 'NONE',  ( 0.000000000000000000, -0.000000000000000000, 1.000000000000000000 ) ) ;
#858 = ORIENTED_EDGE ( 'NONE', *, *, #67, .F. ) ;
#859 = ORIENTED_EDGE ( 'NONE', *, *, #4500, .F. ) ;
#860 = DIRECTION ( 'NONE',  ( -0.000000000000000000, -1.000000000000000000, -0.000000000000000000 ) ) ;
#861 = UNCERTAINTY_MEASURE_WITH_UNIT (LENGTH_MEASURE( 1.000000000000000082E-05 ), #3370, 'distance_accuracy_value', 'NONE');
#862 = CARTESIAN_POINT ( 'NONE',  ( 0.1750237885189137588, -0.05295851162460198103, 0.2800000000000000266 ) ) ;
#863 = CARTESIAN_POINT ( 'NONE',  ( -0.02357213147000173856, -0.04547356481053460575, 0.2800000000000000266 ) ) ;
#864 = DIRECTION ( 'NONE',  ( 1.000000000000000000, 0.000000000000000000, 0.000000000000000000 ) ) ;
#865 = AXIS2_PLACEMENT_3D ( 'NONE', #6143, #2081, #5420 ) ;
#866 = CARTESIAN_POINT ( 'NONE',  ( 0.1919496555947069472, -0.06775919538998845248, 0.2900000000000000355 ) ) ;
#867 = VERTEX_POINT ( 'NONE', #2257 ) ;
#868 = CARTESIAN_POINT ( 'NONE',  ( 0.2262297863816861154, -0.03909862047069004309, 0.2900000000000000355 ) ) ;
#869 = CARTESIAN_POINT ( 'NONE',  ( 0.06777918165368944370, -0.08752787922204353921, 0.2900000000000000355 ) ) ;
#870 = PLANE ( 'NONE',  #2305 ) ;
#871 = CARTESIAN_POINT ( 'NONE',  ( -0.05184198300307180096, -0.1139286428856785688, 0.2800000000000000266 ) ) ;
#872 = STYLED_ITEM ( 'NONE', ( #7164 ), #8642 ) ;
#873 = CARTESIAN_POINT ( 'NONE',  ( 0.1501011842442364908, -0.03881302271368369805, 0.2900000000000000355 ) ) ;
#874 = CIRCLE ( 'NONE', #1164, 0.01000000000000002623 ) ;
#875 = CARTESIAN_POINT ( 'NONE',  ( -0.05184198300307180096, -0.1139286428856785688, 0.2900000000000000355 ) ) ;
#876 = VERTEX_POINT ( 'NONE', #4289 ) ;
#877 = ORIENTED_EDGE ( 'NONE', *, *, #4669, .T. ) ;
#878 = DIRECTION ( 'NONE',  ( 0.3385350342956551795, 0.9409537876827105407, 0.000000000000000000 ) ) ;
#879 = CARTESIAN_POINT ( 'NONE',  ( 0.1437676339835886052, -0.1151516232019337699, 0.2800000000000000266 ) ) ;
#880 = DIRECTION ( 'NONE',  ( -0.000000000000000000, -1.000000000000000000, -0.000000000000000000 ) ) ;
#881 = PLANE ( 'NONE',  #3502 ) ;
#882 = AXIS2_PLACEMENT_3D ( 'NONE', #6713, #1819, #3159 ) ;
#883 = EDGE_CURVE ( 'NONE', #7299, #4219, #6311, .T. ) ;
#884 = CARTESIAN_POINT ( 'NONE',  ( -0.3000000000000004330, 0.1499999999999998557, 0.2800000000000000266 ) ) ;
#885 = EDGE_LOOP ( 'NONE', ( #3128, #978, #5642, #96 ) ) ;
#886 = ADVANCED_FACE ( 'NONE', ( #4243 ), #4040, .T. ) ;
#887 = LINE ( 'NONE', #4821, #5116 ) ;
#888 = CARTESIAN_POINT ( 'NONE',  ( 0.1354012996871259700, -0.1001829407558624679, 0.2800000000000000266 ) ) ;
#889 = CARTESIAN_POINT ( 'NONE',  ( 0.1871532932621781109, -0.06401282481145953440, 0.2900000000000000355 ) ) ;
#890 = ORIENTED_EDGE ( 'NONE', *, *, #7150, .F. ) ;
#891 = STYLED_ITEM ( 'NONE', ( #5936 ), #4965 ) ;
#892 = EDGE_LOOP ( 'NONE', ( #2459, #8085, #8, #6389 ) ) ;
#893 = CARTESIAN_POINT ( 'NONE',  ( 0.000000000000000000, 0.000000000000000000, 0.2899999999999999245 ) ) ;
#894 = CARTESIAN_POINT ( 'NONE',  ( 0.1307897359032157703, -0.1136060353399044875, 0.2900000000000000355 ) ) ;
#895 = ORIENTED_EDGE ( 'NONE', *, *, #4032, .F. ) ;
#896 = VECTOR ( 'NONE', #3667, 1000.000000000000000 ) ;
#897 = CARTESIAN_POINT ( 'NONE',  ( -0.01983396909961752941, -0.06042619869502297708, 0.2900000000000000355 ) ) ;
#898 = ORIENTED_EDGE ( 'NONE', *, *, #2587, .T. ) ;
#899 = CARTESIAN_POINT ( 'NONE',  ( 0.1278497589917931554, -0.04665856110015832031, 0.2900000000000000355 ) ) ;
#900 = LINE ( 'NONE', #7007, #5436 ) ;
#901 = VERTEX_POINT ( 'NONE', #837 ) ;
#902 = EDGE_CURVE ( 'NONE', #4837, #690, #8581, .T. ) ;
#903 = VERTEX_POINT ( 'NONE', #4969 ) ;
#904 = B_SPLINE_SURFACE_WITH_KNOTS ( 'NONE', 3, 1, ( 
 ( #5115, #7887 ),
 ( #4445, #3780 ),
 ( #6563, #6519 ),
 ( #5837, #1129 ) ),
 .UNSPECIFIED., .F., .F., .F.,
 ( 4, 4 ),
 ( 2, 2 ),
 ( 11.00000000000000000, 12.00000000000000000 ),
 ( 0.000000000000000000, 1.000000000000000000 ),
 .UNSPECIFIED. ) ;
#905 = CARTESIAN_POINT ( 'NONE',  ( -0.05698195459103864990, -0.1083213971019836019, 0.2800000000000000266 ) ) ;
#906 = LINE ( 'NONE', #2996, #2501 ) ;
#907 = EDGE_CURVE ( 'NONE', #5097, #263, #1603, .T. ) ;
#908 = ORIENTED_EDGE ( 'NONE', *, *, #6990, .F. ) ;
#909 = ORIENTED_EDGE ( 'NONE', *, *, #1734, .T. ) ;
#910 = CARTESIAN_POINT ( 'NONE',  ( -0.01632944716932911017, -0.1214049765386971541, 0.2800000000000000266 ) ) ;
#911 = DIRECTION ( 'NONE',  ( -0.000000000000000000, -0.000000000000000000, -1.000000000000000000 ) ) ;
#912 = APPLICATION_CONTEXT ( 'automotive_design' ) ;
#913 = ADVANCED_FACE ( 'NONE', ( #5494 ), #2072, .F. ) ;
#914 = CARTESIAN_POINT ( 'NONE',  ( 0.1615922940008519271, -0.1204435816424944544, 0.2900000000000000355 ) ) ;
#915 = FILL_AREA_STYLE_COLOUR ( '', #8112 ) ;
#916 = ORIENTED_EDGE ( 'NONE', *, *, #293, .T. ) ;
#917 = CARTESIAN_POINT ( 'NONE',  ( 0.2317065433709780131, -0.05505849513260052674, 0.2900000000000000355 ) ) ;
#918 = PLANE ( 'NONE',  #5603 ) ;
#919 = FACE_OUTER_BOUND ( 'NONE', #8612, .T. ) ;
#920 = PLANE ( 'NONE',  #1117 ) ;
#921 = CARTESIAN_POINT ( 'NONE',  ( 0.2363685067591379529, -0.06775919538998964597, 0.2800000000000000266 ) ) ;
#922 = VERTEX_POINT ( 'NONE', #4153 ) ;
#923 = ORIENTED_EDGE ( 'NONE', *, *, #6996, .F. ) ;
#924 = CARTESIAN_POINT ( 'NONE',  ( 0.1632722808073605036, -0.06401282481145953440, 0.2900000000000000355 ) ) ;
#925 = LINE ( 'NONE', #3702, #5032 ) ;
#926 = FILL_AREA_STYLE_COLOUR ( '', #3658 ) ;
#927 = CARTESIAN_POINT ( 'NONE',  ( 0.1307897359032157703, -0.1136060353399044875, 0.2900000000000000355 ) ) ;
#928 = FACE_OUTER_BOUND ( 'NONE', #2421, .T. ) ;
#929 = VECTOR ( 'NONE', #6196, 1000.000000000000227 ) ;
#930 = FACE_OUTER_BOUND ( 'NONE', #237, .T. ) ;
#931 = ORIENTED_EDGE ( 'NONE', *, *, #2759, .F. ) ;
#932 = VECTOR ( 'NONE', #1324, 1000.000000000000000 ) ;
#933 = EDGE_CURVE ( 'NONE', #6507, #8079, #6900, .T. ) ;
#934 = ORIENTED_EDGE ( 'NONE', *, *, #7936, .T. ) ;
#935 = CARTESIAN_POINT ( 'NONE',  ( 0.1410460553570996867, -0.03817462772726087916, 0.2800000000000000266 ) ) ;
#936 = CARTESIAN_POINT ( 'NONE',  ( 0.1385764747514161843, -0.1059452955021602111, 0.2900000000000000355 ) ) ;
#937 = ORIENTED_EDGE ( 'NONE', *, *, #1187, .T. ) ;
#938 = CARTESIAN_POINT ( 'NONE',  ( 0.06777918165368944370, -0.09710691890352517175, 0.2800000000000000266 ) ) ;
#939 = VERTEX_POINT ( 'NONE', #3482 ) ;
#940 = VECTOR ( 'NONE', #4104, 1000.000000000000000 ) ;
#941 = DIRECTION ( 'NONE',  ( -0.000000000000000000, -0.000000000000000000, -1.000000000000000000 ) ) ;
#942 = CARTESIAN_POINT ( 'NONE',  ( 0.1850953094240708197, -0.1234339581580547324, 0.2800000000000000266 ) ) ;
#944 = EDGE_CURVE ( 'NONE', #1539, #33, #4496, .T. ) ;
#943 = ORIENTED_EDGE ( 'NONE', *, *, #3899, .F. ) ;
#945 = VERTEX_POINT ( 'NONE', #60 ) ;
#946 = CARTESIAN_POINT ( 'NONE',  ( 0.1564179346367265133, -0.1064660914122611129, 0.2800000000000000266 ) ) ;
#947 = FACE_OUTER_BOUND ( 'NONE', #745, .T. ) ;
#948 = VERTEX_POINT ( 'NONE', #3526 ) ;
#949 = ORIENTED_EDGE ( 'NONE', *, *, #6777, .F. ) ;
#950 = DIRECTION ( 'NONE',  ( -0.000000000000000000, -0.000000000000000000, -1.000000000000000000 ) ) ;
#951 = B_SPLINE_CURVE_WITH_KNOTS ( 'NONE', 3,
 ( #8744, #4131, #1895, #3965 ),
 .UNSPECIFIED., .F., .F.,
 ( 4, 4 ),
 ( 13.00000000000000000, 14.00000000000000000 ),
 .UNSPECIFIED. ) ;
#952 = ORIENTED_EDGE ( 'NONE', *, *, #6721, .F. ) ;
#953 = DIRECTION ( 'NONE',  ( 1.000000000000000000, -0.000000000000000000, -0.000000000000000000 ) ) ;
#954 = ORIENTED_EDGE ( 'NONE', *, *, #2794, .F. ) ;
#955 = CARTESIAN_POINT ( 'NONE',  ( 0.2265825836111018399, -0.04094660595799808761, 0.2900000000000000355 ) ) ;
#956 = DIRECTION ( 'NONE',  ( 0.000000000000000000, -0.000000000000000000, -1.000000000000000000 ) ) ;
#957 = CARTESIAN_POINT ( 'NONE',  ( 0.1524531657733733114, -0.03568824725353069577, 0.2900000000000000355 ) ) ;
#958 = EDGE_CURVE ( 'NONE', #7361, #3041, #6264, .T. ) ;
#959 = DIRECTION ( 'NONE',  ( -0.000000000000000000, -0.000000000000000000, -1.000000000000000000 ) ) ;
#960 = EDGE_CURVE ( 'NONE', #760, #4101, #106, .T. ) ;
#961 = CARTESIAN_POINT ( 'NONE',  ( 0.2044235576332493753, -0.1050885022309148292, 0.2900000000000000355 ) ) ;
#962 = CARTESIAN_POINT ( 'NONE',  ( 0.001426825203834690501, -0.09640600203991619987, 0.2900000000000000355 ) ) ;
#963 = EDGE_CURVE ( 'NONE', #5735, #8890, #8395, .T. ) ;
#964 = ORIENTED_EDGE ( 'NONE', *, *, #5474, .T. ) ;
#965 = CARTESIAN_POINT ( 'NONE',  ( 0.1681946421504601219, -0.09979654379035479694, 0.2800000000000000266 ) ) ;
#966 = FACE_OUTER_BOUND ( 'NONE', #1198, .T. ) ;
#967 = CARTESIAN_POINT ( 'NONE',  ( 0.004464079623082571786, -0.02608185169227617700, 0.2900000000000000355 ) ) ;
#968 = PLANE ( 'NONE',  #4519 ) ;
#969 = CARTESIAN_POINT ( 'NONE',  ( 0.2618287068120758732, -0.1071884857391363910, 0.2900000000000000355 ) ) ;
#970 = CARTESIAN_POINT ( 'NONE',  ( 0.03904206706581658803, -0.1055177831226081220, 0.2800000000000000266 ) ) ;
#971 = COLOUR_RGB ( '',0.6666666666666666297, 0.6666666666666666297, 0.6666666666666666297 ) ;
#972 = AXIS2_PLACEMENT_3D ( 'NONE', #2442, #1690, #3662 ) ;
#973 = CARTESIAN_POINT ( 'NONE',  ( 0.1764013777002614303, -0.1274155268896769999, 0.2900000000000000355 ) ) ;
#974 = LINE ( 'NONE', #6451, #7803 ) ;
#975 = B_SPLINE_SURFACE_WITH_KNOTS ( 'NONE', 3, 1, ( 
 ( #1033, #3222 ),
 ( #3775, #7238 ),
 ( #8677, #6803 ),
 ( #3044, #5966 ) ),
 .UNSPECIFIED., .F., .F., .F.,
 ( 4, 4 ),
 ( 2, 2 ),
 ( 0.000000000000000000, 1.000000000000000000 ),
 ( 0.000000000000000000, 1.000000000000000000 ),
 .UNSPECIFIED. ) ;
#976 = ORIENTED_EDGE ( 'NONE', *, *, #6429, .T. ) ;
#977 = VECTOR ( 'NONE', #1868, 1000.000000000000000 ) ;
#978 = ORIENTED_EDGE ( 'NONE', *, *, #3727, .F. ) ;
#979 = CARTESIAN_POINT ( 'NONE',  ( 0.1300000000000000044, -0.1199999999999999956, 0.000000000000000000 ) ) ;
#980 = DIRECTION ( 'NONE',  ( -0.000000000000000000, -0.000000000000000000, -1.000000000000000000 ) ) ;
#981 = ORIENTED_EDGE ( 'NONE', *, *, #3366, .F. ) ;
#982 = DIRECTION ( 'NONE',  ( -0.000000000000000000, -0.000000000000000000, -1.000000000000000000 ) ) ;
#983 = ORIENTED_EDGE ( 'NONE', *, *, #6252, .F. ) ;
#984 = STYLED_ITEM ( 'NONE', ( #3997 ), #6395 ) ;
#985 = CARTESIAN_POINT ( 'NONE',  ( 0.06777918165368944370, -0.07748157202952320188, 0.2900000000000000355 ) ) ;
#986 = CARTESIAN_POINT ( 'NONE',  ( 0.2206774299861893052, -0.05505849513260052674, 0.2800000000000000266 ) ) ;
#987 = CARTESIAN_POINT ( 'NONE',  ( 0.2016935790726276101, -0.06058565172625281908, 0.2800000000000000266 ) ) ;
#988 = ORIENTED_EDGE ( 'NONE', *, *, #3477, .F. ) ;
#989 = ORIENTED_EDGE ( 'NONE', *, *, #1512, .F. ) ;
#990 = LINE ( 'NONE', #2910, #5446 ) ;
#991 = DIRECTION ( 'NONE',  ( -1.000000000000000000, -0.000000000000000000, -0.000000000000000000 ) ) ;
#992 = VERTEX_POINT ( 'NONE', #201 ) ;
#993 = ORIENTED_EDGE ( 'NONE', *, *, #7586, .F. ) ;
#994 = FACE_OUTER_BOUND ( 'NONE', #6653, .T. ) ;
#995 = EDGE_CURVE ( 'NONE', #760, #2276, #2937, .T. ) ;
#996 = ADVANCED_FACE ( 'NONE', ( #8530 ), #7267, .F. ) ;
#997 = PLANE ( 'NONE',  #101 ) ;
#998 = ORIENTED_EDGE ( 'NONE', *, *, #6947, .T. ) ;
#999 = DIRECTION ( 'NONE',  ( 1.000000000000000000, -0.000000000000000000, -0.000000000000000000 ) ) ;
#1000 = ORIENTED_EDGE ( 'NONE', *, *, #2313, .T. ) ;
#1001 = DIRECTION ( 'NONE',  ( 1.000000000000000000, 0.000000000000000000, -0.000000000000000000 ) ) ;
#1002 = DIRECTION ( 'NONE',  ( -0.000000000000000000, -0.000000000000000000, -1.000000000000000000 ) ) ;
#1003 =( NAMED_UNIT ( * ) PLANE_ANGLE_UNIT ( ) SI_UNIT ( $, .RADIAN. ) );
#1004 = CARTESIAN_POINT ( 'NONE',  ( 0.1552503438061812180, -0.1027533205698233643, 0.2900000000000000355 ) ) ;
#1005 = ORIENTED_EDGE ( 'NONE', *, *, #4163, .T. ) ;
#1006 = CARTESIAN_POINT ( 'NONE',  ( 0.2383004915866764051, -0.1198891859963011758, 0.2800000000000000266 ) ) ;
#1007 = VECTOR ( 'NONE', #2510, 1000.000000000000000 ) ;
#1008 = EDGE_CURVE ( 'NONE', #5800, #5518, #5187, .T. ) ;
#1009 = LINE ( 'NONE', #924, #7688 ) ;
#1010 = CARTESIAN_POINT ( 'NONE',  ( 0.001426825203834690501, -0.09640600203991619987, 0.2800000000000000266 ) ) ;
#1011 = DIRECTION ( 'NONE',  ( -1.979642650957444695E-14, 1.000000000000000000, 0.000000000000000000 ) ) ;
#1012 = EDGE_CURVE ( 'NONE', #2793, #3625, #3515, .T. ) ;
#1013 = EDGE_CURVE ( 'NONE', #5953, #255, #2350, .T. ) ;
#1014 = FACE_OUTER_BOUND ( 'NONE', #7983, .T. ) ;
#1015 = VECTOR ( 'NONE', #4060, 1000.000000000000000 ) ;
#1016 = CARTESIAN_POINT ( 'NONE',  ( -0.03899204623435034017, -0.04500629507137778040, 0.2900000000000000355 ) ) ;
#1017 = ADVANCED_FACE ( 'NONE', ( #7171 ), #3756, .T. ) ;
#1018 = VERTEX_POINT ( 'NONE', #7817 ) ;
#1019 = STYLED_ITEM ( 'NONE', ( #2182 ), #8317 ) ;
#1020 = EDGE_LOOP ( 'NONE', ( #7569, #8216, #2579, #7363, #339, #1917, #5408, #7761, #2497, #4691, #1867, #2173, #5631, #1631 ) ) ;
#1021 = CARTESIAN_POINT ( 'NONE',  ( 0.2999999999999995448, 0.1499999999999998834, 0.000000000000000000 ) ) ;
#1022 = CARTESIAN_POINT ( 'NONE',  ( -0.02123578500177629100, -0.1214049765386971541, 0.2900000000000000355 ) ) ;
#1023 = EDGE_LOOP ( 'NONE', ( #4731, #7627, #3886, #4145 ) ) ;
#1024 = PLANE ( 'NONE',  #5993 ) ;
#1025 = VERTEX_POINT ( 'NONE', #1738 ) ;
#1026 = VECTOR ( 'NONE', #8789, 1000.000000000000000 ) ;
#1027 = DIRECTION ( 'NONE',  ( -0.000000000000000000, -0.000000000000000000, -1.000000000000000000 ) ) ;
#1028 = STYLED_ITEM ( 'NONE', ( #1975 ), #4793 ) ;
#1029 = CARTESIAN_POINT ( 'NONE',  ( 0.1588875152422987158, -0.1085324751843905339, 0.2800000000000000266 ) ) ;
#1030 = CARTESIAN_POINT ( 'NONE',  ( 0.1552251440041115260, -0.1190659924611474074, 0.2900000000000000355 ) ) ;
#1031 = ORIENTED_EDGE ( 'NONE', *, *, #8659, .F. ) ;
#1032 = ORIENTED_EDGE ( 'NONE', *, *, #1282, .T. ) ;
#1033 = CARTESIAN_POINT ( 'NONE',  ( 0.1433560372160112284, -0.06831359103618106499, 0.2900000000000000355 ) ) ;
#1034 =( NAMED_UNIT ( * ) SI_UNIT ( $, .STERADIAN. ) SOLID_ANGLE_UNIT ( ) );
#1035 = PRESENTATION_LAYER_ASSIGNMENT (  '', '', ( #891 ) ) ;
#1036 = ORIENTED_EDGE ( 'NONE', *, *, #2437, .T. ) ;
#1037 = VERTEX_POINT ( 'NONE', #5053 ) ;
#1038 = CARTESIAN_POINT ( 'NONE',  ( 0.2700000000000000733, -0.1199999999999999956, -0.02000000000000000042 ) ) ;
#1039 = CARTESIAN_POINT ( 'NONE',  ( 0.1839529183955946334, -0.1140596317778193591, 0.2900000000000000355 ) ) ;
#1040 = ORIENTED_EDGE ( 'NONE', *, *, #2569, .F. ) ;
#1041 = LINE ( 'NONE', #2422, #3877 ) ;
#1042 = LINE ( 'NONE', #5932, #4505 ) ;
#1043 = EDGE_CURVE ( 'NONE', #2397, #162, #7768, .T. ) ;
#1044 = ORIENTED_EDGE ( 'NONE', *, *, #104, .F. ) ;
#1045 = DIRECTION ( 'NONE',  ( -0.3658589216693788893, 0.9306703226357436742, 0.000000000000000000 ) ) ;
#1046 = B_SPLINE_CURVE_WITH_KNOTS ( 'NONE', 3,
 ( #7478, #6974, #4722, #1312 ),
 .UNSPECIFIED., .F., .F.,
 ( 4, 4 ),
 ( 3.000000000000000000, 4.000000000000000000 ),
 .UNSPECIFIED. ) ;
#1047 = CARTESIAN_POINT ( 'NONE',  ( 0.01497765432675353565, -0.04009995723881767948, 0.2900000000000000355 ) ) ;
#1048 = CARTESIAN_POINT ( 'NONE',  ( 0.1643894720336576964, -0.1204435816424944544, 0.2900000000000000355 ) ) ;
#1049 = B_SPLINE_SURFACE_WITH_KNOTS ( 'NONE', 3, 1, ( 
 ( #5852, #7346 ),
 ( #8610, #8073 ),
 ( #7253, #6660 ),
 ( #4636, #1051 ) ),
 .UNSPECIFIED., .F., .F., .F.,
 ( 4, 4 ),
 ( 2, 2 ),
 ( 2.000000000000000000, 3.000000000000000000 ),
 ( 0.000000000000000000, 1.000000000000000000 ),
 .UNSPECIFIED. ) ;
#1050 = ORIENTED_EDGE ( 'NONE', *, *, #5022, .T. ) ;
#1051 = CARTESIAN_POINT ( 'NONE',  ( 0.1767205751935840563, -0.1309434991833836048, 0.2800000000000000266 ) ) ;
#1052 = CARTESIAN_POINT ( 'NONE',  ( 0.1455316201304421853, -0.1103636608034279099, 0.2800000000000000266 ) ) ;
#1053 = PRESENTATION_LAYER_ASSIGNMENT (  '', '', ( #4920 ) ) ;
#1054 = ORIENTED_EDGE ( 'NONE', *, *, #8662, .T. ) ;
#1055 = CARTESIAN_POINT ( 'NONE',  ( 0.2508163932953340614, -0.1030389183270530862, 0.2900000000000000355 ) ) ;
#1056 = ADVANCED_FACE ( 'NONE', ( #3025 ), #8007, .F. ) ;
#1057 = DIRECTION ( 'NONE',  ( 0.000000000000000000, -1.000000000000000000, -0.000000000000000000 ) ) ;
#1058 = CARTESIAN_POINT ( 'NONE',  ( 0.2044235576332493753, -0.1050885022309148292, 0.2800000000000000266 ) ) ;
#1059 = CARTESIAN_POINT ( 'NONE',  ( 0.1699502283632908783, -0.09692376635134111740, 0.2900000000000000355 ) ) ;
#1060 = CARTESIAN_POINT ( 'NONE',  ( 0.1845661135799477881, -0.1159916166053566455, 0.2900000000000000355 ) ) ;
#1061 = B_SPLINE_CURVE_WITH_KNOTS ( 'NONE', 3,
 ( #5916, #8497, #5240, #3815 ),
 .UNSPECIFIED., .F., .F.,
 ( 4, 4 ),
 ( 4.000000000000000000, 5.000000000000000000 ),
 .UNSPECIFIED. ) ;
#1062 = CARTESIAN_POINT ( 'NONE',  ( 0.2080103294651170776, -0.04215619645865911064, 0.2900000000000000355 ) ) ;
#1063 = DIRECTION ( 'NONE',  ( 0.000000000000000000, 0.000000000000000000, -1.000000000000000000 ) ) ;
#1064 = ORIENTED_EDGE ( 'NONE', *, *, #7033, .T. ) ;
#1065 = B_SPLINE_CURVE_WITH_KNOTS ( 'NONE', 3,
 ( #6303, #8212, #3427, #3474, #8388, #3384 ),
 .UNSPECIFIED., .F., .F.,
 ( 4, 2, 4 ),
 ( 2.000000000000000000, 3.000000000000000000, 4.000000000000000000 ),
 .UNSPECIFIED. ) ;
#1066 = B_SPLINE_CURVE_WITH_KNOTS ( 'NONE', 3,
 ( #8213, #4562, #5956, #8754 ),
 .UNSPECIFIED., .F., .F.,
 ( 4, 4 ),
 ( 33.00000000000000000, 34.00000000000000000 ),
 .UNSPECIFIED. ) ;
#1067 = EDGE_LOOP ( 'NONE', ( #5965, #1682, #1514, #4342, #8161, #3857 ) ) ;
#1068 = DIRECTION ( 'NONE',  ( -1.000000000000000000, 0.000000000000000000, -0.000000000000000000 ) ) ;
#1069 = VECTOR ( 'NONE', #5855, 1000.000000000000000 ) ;
#1070 = CARTESIAN_POINT ( 'NONE',  ( 0.1570395297551042402, -0.1199731853367552170, 0.2900000000000000355 ) ) ;
#1071 = VERTEX_POINT ( 'NONE', #290 ) ;
#1072 = DIRECTION ( 'NONE',  ( -0.000000000000000000, -0.000000000000000000, -1.000000000000000000 ) ) ;
#1073 = ORIENTED_EDGE ( 'NONE', *, *, #8009, .F. ) ;
#1074 = EDGE_CURVE ( 'NONE', #2863, #5876, #7222, .T. ) ;
#1075 = PLANE ( 'NONE',  #1275 ) ;
#1076 = CARTESIAN_POINT ( 'NONE',  ( 0.1960320235343817608, -0.03867862376909076555, 0.2900000000000000355 ) ) ;
#1077 = VECTOR ( 'NONE', #7915, 1000.000000000000227 ) ;
#1078 = CARTESIAN_POINT ( 'NONE',  ( 0.2052047514982870691, -0.05512569460500838653, 0.2800000000000000266 ) ) ;
#1079 = EDGE_CURVE ( 'NONE', #945, #2411, #974, .T. ) ;
#1080 = EDGE_CURVE ( 'NONE', #7452, #1478, #5772, .T. ) ;
#1081 = DIRECTION ( 'NONE',  ( -0.000000000000000000, -0.000000000000000000, -1.000000000000000000 ) ) ;
#1082 = ORIENTED_EDGE ( 'NONE', *, *, #604, .F. ) ;
#1083 = FACE_OUTER_BOUND ( 'NONE', #7719, .T. ) ;
#1084 = DIRECTION ( 'NONE',  ( -1.000000000000000000, 0.000000000000000000, -0.000000000000000000 ) ) ;
#1085 = VERTEX_POINT ( 'NONE', #8168 ) ;
#1086 = VECTOR ( 'NONE', #6766, 1000.000000000000000 ) ;
#1087 = ORIENTED_EDGE ( 'NONE', *, *, #1763, .T. ) ;
#1088 = CARTESIAN_POINT ( 'NONE',  ( 0.1740661960392821950, -0.1306075018220133888, 0.2900000000000000355 ) ) ;
#1089 = FACE_OUTER_BOUND ( 'NONE', #1942, .T. ) ;
#1090 = ORIENTED_EDGE ( 'NONE', *, *, #3093, .F. ) ;
#1091 = DIRECTION ( 'NONE',  ( 0.000000000000000000, 1.000000000000000000, 0.000000000000000000 ) ) ;
#1092 = LINE ( 'NONE', #4499, #8392 ) ;
#1093 = ORIENTED_EDGE ( 'NONE', *, *, #8106, .F. ) ;
#1094 = CARTESIAN_POINT ( 'NONE',  ( 0.1759561811965928979, -0.03489865345446935968, 0.2900000000000000355 ) ) ;
#1095 = CARTESIAN_POINT ( 'NONE',  ( 0.1300000000000000044, 0.1199999999999999956, -0.02000000000000000042 ) ) ;
#1096 = CARTESIAN_POINT ( 'NONE',  ( 0.2332689311010539002, -0.09080861437540363457, 0.2900000000000000355 ) ) ;
#1097 = VERTEX_POINT ( 'NONE', #3207 ) ;
#1098 = CARTESIAN_POINT ( 'NONE',  ( 0.1349645031174793730, -0.1143956291389652546, 0.2900000000000000355 ) ) ;
#1099 = CARTESIAN_POINT ( 'NONE',  ( 0.2255913913952637684, -0.04140020239568983906, 0.2800000000000000266 ) ) ;
#1100 = PLANE ( 'NONE',  #2151 ) ;
#1101 = ORIENTED_EDGE ( 'NONE', *, *, #6167, .T. ) ;
#1102 = DIRECTION ( 'NONE',  ( -1.000000000000000000, 0.000000000000000000, 0.000000000000000000 ) ) ;
#1103 =( LENGTH_UNIT ( ) NAMED_UNIT ( * ) SI_UNIT ( .MILLI., .METRE. ) );
#1104 = EDGE_CURVE ( 'NONE', #255, #2548, #8751, .T. ) ;
#1105 = EDGE_CURVE ( 'NONE', #7299, #2365, #6094, .T. ) ;
#1106 = CARTESIAN_POINT ( 'NONE',  ( -0.05581377244451030811, -0.05622077995419129393, 0.2900000000000000355 ) ) ;
#1107 = ORIENTED_EDGE ( 'NONE', *, *, #568, .F. ) ;
#1108 = CARTESIAN_POINT ( 'NONE',  ( 0.1756873833075194014, -0.1309434991833836048, 0.2900000000000000355 ) ) ;
#1109 = VECTOR ( 'NONE', #4771, 1000.000000000000000 ) ;
#1110 = FILL_AREA_STYLE_COLOUR ( '', #2014 ) ;
#1111 = ORIENTED_EDGE ( 'NONE', *, *, #5650, .F. ) ;
#1112 = CARTESIAN_POINT ( 'NONE',  ( 0.1323017240291529673, -0.05169852151957896741, 0.2900000000000000355 ) ) ;
#1113 = EDGE_LOOP ( 'NONE', ( #2694, #1090, #5685, #328 ) ) ;
#1114 = FACE_OUTER_BOUND ( 'NONE', #6245, .T. ) ;
#1115 = CARTESIAN_POINT ( 'NONE',  ( 0.1921176542751672489, -0.03867862376909076555, 0.2900000000000000355 ) ) ;
#1116 = CARTESIAN_POINT ( 'NONE',  ( 0.1265057695466517695, -0.06775919538998910474, 0.2900000000000000355 ) ) ;
#1117 = AXIS2_PLACEMENT_3D ( 'NONE', #2152, #4954, #4415 ) ;
#1118 = DIRECTION ( 'NONE',  ( -0.000000000000000000, -0.000000000000000000, -1.000000000000000000 ) ) ;
#1119 = ORIENTED_EDGE ( 'NONE', *, *, #5441, .T. ) ;
#1120 = B_SPLINE_SURFACE_WITH_KNOTS ( 'NONE', 3, 1, ( 
 ( #7536, #3215 ),
 ( #8808, #6639 ),
 ( #695, #788 ),
 ( #59, #2802 ) ),
 .UNSPECIFIED., .F., .F., .F.,
 ( 4, 4 ),
 ( 2, 2 ),
 ( 1.000000000000000000, 2.000000000000000000 ),
 ( 0.000000000000000000, 1.000000000000000000 ),
 .UNSPECIFIED. ) ;
#1121 = CARTESIAN_POINT ( 'NONE',  ( 0.1360564945417067628, -0.1102964613312435171, 0.2900000000000000355 ) ) ;
#1122 =( NAMED_UNIT ( * ) PLANE_ANGLE_UNIT ( ) SI_UNIT ( $, .RADIAN. ) );
#1123 = EDGE_CURVE ( 'NONE', #1526, #5578, #8705, .T. ) ;
#1124 = ORIENTED_EDGE ( 'NONE', *, *, #2808, .F. ) ;
#1125 = VERTEX_POINT ( 'NONE', #1196 ) ;
#1126 = ADVANCED_FACE ( 'NONE', ( #3381, #3885 ), #563, .T. ) ;
#1127 = PRESENTATION_LAYER_ASSIGNMENT (  '', '', ( #6277 ) ) ;
#1128 = EDGE_CURVE ( 'NONE', #2548, #5133, #5318, .T. ) ;
#1129 = CARTESIAN_POINT ( 'NONE',  ( 0.1355272986975834537, -0.06107284790003714159, 0.2800000000000000266 ) ) ;
#1130 = CARTESIAN_POINT ( 'NONE',  ( 0.1850953094240708197, -0.1234339581580547324, 0.2800000000000000266 ) ) ;
#1131 = FACE_OUTER_BOUND ( 'NONE', #1694, .T. ) ;
#1132 = EDGE_CURVE ( 'NONE', #826, #6694, #1479, .T. ) ;
#1133 = UNCERTAINTY_MEASURE_WITH_UNIT (LENGTH_MEASURE( 1.000000000000000082E-05 ), #8069, 'distance_accuracy_value', 'NONE');
#1134 = VERTEX_POINT ( 'NONE', #1976 ) ;
#1135 = CARTESIAN_POINT ( 'NONE',  ( 0.1524531657733733114, -0.03568824725353069577, 0.2800000000000000266 ) ) ;
#1136 = CARTESIAN_POINT ( 'NONE',  ( 0.04955564622572284500, -0.06930434379407687806, 0.2900000000000000355 ) ) ;
#1137 = VERTEX_POINT ( 'NONE', #5361 ) ;
#1138 = DIRECTION ( 'NONE',  ( -0.000000000000000000, 1.000000000000000000, -0.000000000000000000 ) ) ;
#1139 = DIRECTION ( 'NONE',  ( -0.000000000000000000, -0.000000000000000000, -1.000000000000000000 ) ) ;
#1140 = CARTESIAN_POINT ( 'NONE',  ( 0.007267698058694544404, -0.1120595550161326837, 0.2800000000000000266 ) ) ;
#1141 = VERTEX_POINT ( 'NONE', #642 ) ;
#1142 = CARTESIAN_POINT ( 'NONE',  ( 0.1643894720336576964, -0.1065836904888065317, 0.2900000000000000355 ) ) ;
#1143 = B_SPLINE_CURVE_WITH_KNOTS ( 'NONE', 3,
 ( #1614, #1699, #1787, #3717 ),
 .UNSPECIFIED., .F., .F.,
 ( 4, 4 ),
 ( 3.000000000000000000, 4.000000000000000000 ),
 .UNSPECIFIED. ) ;
#1144 = FACE_OUTER_BOUND ( 'NONE', #52, .T. ) ;
#1145 = DIRECTION ( 'NONE',  ( -1.000000000000000000, -0.000000000000000000, -0.000000000000000000 ) ) ;
#1146 = ORIENTED_EDGE ( 'NONE', *, *, #6606, .F. ) ;
#1147 = CARTESIAN_POINT ( 'NONE',  ( 0.04955564622572284500, -0.06930434379407687806, 0.2800000000000000266 ) ) ;
#1148 = FACE_OUTER_BOUND ( 'NONE', #1166, .T. ) ;
#1149 = PRESENTATION_STYLE_ASSIGNMENT (( #3249 ) ) ;
#1150 = DIRECTION ( 'NONE',  ( 0.000000000000000000, 0.000000000000000000, 1.000000000000000000 ) ) ;
#1151 = ORIENTED_EDGE ( 'NONE', *, *, #7696, .F. ) ;
#1152 = EDGE_CURVE ( 'NONE', #840, #8490, #3932, .T. ) ;
#1153 = LINE ( 'NONE', #1246, #932 ) ;
#1154 = ADVANCED_FACE ( 'NONE', ( #8084 ), #1861, .T. ) ;
#1155 = VECTOR ( 'NONE', #4824, 1000.000000000000000 ) ;
#1156 = CARTESIAN_POINT ( 'NONE',  ( -0.05207561007423749944, -0.06953796640900684889, 0.2900000000000000355 ) ) ;
#1157 = ORIENTED_EDGE ( 'NONE', *, *, #6559, .F. ) ;
#1158 = DIRECTION ( 'NONE',  ( -1.000000000000000000, 0.000000000000000000, 0.000000000000000000 ) ) ;
#1159 = ORIENTED_EDGE ( 'NONE', *, *, #3396, .F. ) ;
#1160 = CARTESIAN_POINT ( 'NONE',  ( 0.2458604322159189670, -0.1152860221465259183, 0.2800000000000000266 ) ) ;
#1161 = LINE ( 'NONE', #2362, #2960 ) ;
#1162 = LINE ( 'NONE', #3855, #1727 ) ;
#1163 = VECTOR ( 'NONE', #8523, 1000.000000000000000 ) ;
#1164 = AXIS2_PLACEMENT_3D ( 'NONE', #8607, #1185, #5213 ) ;
#1165 = DIRECTION ( 'NONE',  ( 1.000000000000000000, 0.000000000000000000, 0.000000000000000000 ) ) ;
#1166 = EDGE_LOOP ( 'NONE', ( #108, #2918, #1470, #6179, #808, #2204 ) ) ;
#1167 = LINE ( 'NONE', #2415, #1015 ) ;
#1168 = CARTESIAN_POINT ( 'NONE',  ( 0.1710758195236094792, -0.1135052361316282732, 0.2900000000000000355 ) ) ;
#1169 = ORIENTED_EDGE ( 'NONE', *, *, #123, .T. ) ;
#1170 = ORIENTED_EDGE ( 'NONE', *, *, #4008, .T. ) ;
#1171 = AXIS2_PLACEMENT_3D ( 'NONE', #4366, #5804, #956 ) ;
#1172 = CARTESIAN_POINT ( 'NONE',  ( 0.1411636544335355403, -0.09588217453114028510, 0.2800000000000000266 ) ) ;
#1173 = CARTESIAN_POINT ( 'NONE',  ( 0.1831129249923945657, -0.1284403188416071984, 0.2900000000000000355 ) ) ;
#1174 = ADVANCED_FACE ( 'NONE', ( #4601, #7357 ), #4057, .F. ) ;
#1175 = CARTESIAN_POINT ( 'NONE',  ( 0.1091767056373072614, -0.1198891859963020501, 0.2900000000000000355 ) ) ;
#1176 = EDGE_CURVE ( 'NONE', #3523, #356, #3294, .T. ) ;
#1177 = ORIENTED_EDGE ( 'NONE', *, *, #4578, .F. ) ;
#1178 = B_SPLINE_CURVE_WITH_KNOTS ( 'NONE', 3,
 ( #6892, #8293, #4961, #5487 ),
 .UNSPECIFIED., .F., .F.,
 ( 4, 4 ),
 ( 2.000000000000000000, 3.000000000000000000 ),
 .UNSPECIFIED. ) ;
#1179 = AXIS2_PLACEMENT_3D ( 'NONE', #5758, #2149, #137 ) ;
#1180 = PLANE ( 'NONE',  #7330 ) ;
#1181 = LINE ( 'NONE', #5210, #3930 ) ;
#1182 = B_SPLINE_CURVE_WITH_KNOTS ( 'NONE', 3,
 ( #1506, #1688, #197, #3021 ),
 .UNSPECIFIED., .F., .F.,
 ( 4, 4 ),
 ( 0.000000000000000000, 1.000000000000000000 ),
 .UNSPECIFIED. ) ;
#1183 = CARTESIAN_POINT ( 'NONE',  ( 0.2508163932953340614, -0.1081292783508364663, 0.2800000000000000266 ) ) ;
#1184 = EDGE_LOOP ( 'NONE', ( #4198, #7535, #5691, #6267 ) ) ;
#1185 = DIRECTION ( 'NONE',  ( -1.000000000000000000, 0.000000000000000000, 0.000000000000000000 ) ) ;
#1186 = PLANE ( 'NONE',  #3545 ) ;
#1187 = EDGE_CURVE ( 'NONE', #429, #8364, #2744, .T. ) ;
#1188 = ORIENTED_EDGE ( 'NONE', *, *, #1914, .F. ) ;
#1189 = LINE ( 'NONE', #3922, #4221 ) ;
#1190 = ADVANCED_FACE ( 'NONE', ( #6251 ), #6630, .F. ) ;
#1191 = CARTESIAN_POINT ( 'NONE',  ( 0.1382320774561359156, -0.1204435816424944544, 0.2800000000000000266 ) ) ;
#1192 = ORIENTED_EDGE ( 'NONE', *, *, #6055, .T. ) ;
#1193 = AXIS2_PLACEMENT_3D ( 'NONE', #7126, #2395, #1063 ) ;
#1194 = CARTESIAN_POINT ( 'NONE',  ( 0.2001815909466889420, -0.08702864406078214543, 0.2900000000000000355 ) ) ;
#1195 = FACE_BOUND ( 'NONE', #6727, .T. ) ;
#1196 = CARTESIAN_POINT ( 'NONE',  ( 0.2508163932953340614, -0.1030389183270530862, 0.2800000000000000266 ) ) ;
#1197 = B_SPLINE_CURVE_WITH_KNOTS ( 'NONE', 3,
 ( #4713, #6743, #8822, #3364 ),
 .UNSPECIFIED., .F., .F.,
 ( 4, 4 ),
 ( 3.000000000000000000, 4.000000000000000000 ),
 .UNSPECIFIED. ) ;
#1198 = EDGE_LOOP ( 'NONE', ( #7653, #8758, #4715, #4167 ) ) ;
#1199 = DIRECTION ( 'NONE',  ( 0.000000000000000000, 0.000000000000000000, 1.000000000000000000 ) ) ;
#1200 = PRESENTATION_STYLE_ASSIGNMENT (( #7360 ) ) ;
#1201 = B_SPLINE_CURVE_WITH_KNOTS ( 'NONE', 3,
 ( #7001, #2646, #5469, #4044 ),
 .UNSPECIFIED., .F., .F.,
 ( 4, 4 ),
 ( 7.000000000000000000, 8.000000000000000000 ),
 .UNSPECIFIED. ) ;
#1202 = ORIENTED_EDGE ( 'NONE', *, *, #5014, .T. ) ;
#1203 = FACE_OUTER_BOUND ( 'NONE', #7012, .T. ) ;
#1204 = ORIENTED_EDGE ( 'NONE', *, *, #1626, .F. ) ;
#1205 = CARTESIAN_POINT ( 'NONE',  ( 0.2463560283237261617, -0.1072556852113210057, 0.2900000000000000355 ) ) ;
#1206 = CARTESIAN_POINT ( 'NONE',  ( 0.2700000000000000733, -0.1199999999999999956, -0.02000000000000000042 ) ) ;
#1207 = FACE_OUTER_BOUND ( 'NONE', #4206, .T. ) ;
#1208 = EDGE_CURVE ( 'NONE', #948, #7453, #6205, .T. ) ;
#1209 = CARTESIAN_POINT ( 'NONE',  ( 0.1330829178940801660, -0.09806615737959341328, 0.2800000000000000266 ) ) ;
#1210 = VECTOR ( 'NONE', #2423, 1000.000000000000000 ) ;
#1211 = ORIENTED_EDGE ( 'NONE', *, *, #7389, .T. ) ;
#1212 = CARTESIAN_POINT ( 'NONE',  ( 0.1871532932621781109, -0.03867862376909076555, 0.2900000000000000355 ) ) ;
#1213 = EDGE_LOOP ( 'NONE', ( #2075, #4202, #3492, #5402 ) ) ;
#1214 = ORIENTED_EDGE ( 'NONE', *, *, #7218, .T. ) ;
#1215 = CARTESIAN_POINT ( 'NONE',  ( 0.2047091553902559702, -0.03924981928332918479, 0.2800000000000000266 ) ) ;
#1216 = VECTOR ( 'NONE', #6379, 1000.000000000000000 ) ;
#1217 = CARTESIAN_POINT ( 'NONE',  ( 0.2178550521513145100, -0.1161428154177715083, 0.2900000000000000355 ) ) ;
#1218 = EDGE_CURVE ( 'NONE', #5990, #840, #3559, .T. ) ;
#1219 = LINE ( 'NONE', #1845, #7139 ) ;
#1220 = EDGE_CURVE ( 'NONE', #4484, #8624, #8206, .T. ) ;
#1221 = AXIS2_PLACEMENT_3D ( 'NONE', #2827, #6195, #2234 ) ;
#1222 = VERTEX_POINT ( 'NONE', #2838 ) ;
#1223 = COLOUR_RGB ( '',1.000000000000000000, 1.000000000000000000, 1.000000000000000000 ) ;
#1224 = DIRECTION ( 'NONE',  ( -0.000000000000000000, 1.000000000000000000, -0.000000000000000000 ) ) ;
#1225 = CARTESIAN_POINT ( 'NONE',  ( 0.2044235576332493753, -0.1050885022309148292, 0.2900000000000000355 ) ) ;
#1226 = ORIENTED_EDGE ( 'NONE', *, *, #8166, .F. ) ;
#1227 = CARTESIAN_POINT ( 'NONE',  ( 0.1307897359032157703, -0.1136060353399044875, 0.2800000000000000266 ) ) ;
#1228 = CARTESIAN_POINT ( 'NONE',  ( 0.1455316201304421853, -0.1162604144943193279, 0.2900000000000000355 ) ) ;
#1229 = DIRECTION ( 'NONE',  ( -0.000000000000000000, -0.000000000000000000, -1.000000000000000000 ) ) ;
#1230 = AXIS2_PLACEMENT_3D ( 'NONE', #7519, #1439, #8201 ) ;
#1231 = VERTEX_POINT ( 'NONE', #142 ) ;
#1232 = CARTESIAN_POINT ( 'NONE',  ( 0.1960992230067897246, -0.06401282481145953440, 0.2800000000000000266 ) ) ;
#1233 = EDGE_CURVE ( 'NONE', #8364, #7873, #2448, .T. ) ;
#1234 = CARTESIAN_POINT ( 'NONE',  ( -0.01609581118558001123, -0.1354230642602951284, 0.2900000000000000355 ) ) ;
#1235 = DIRECTION ( 'NONE',  ( -0.000000000000000000, -0.000000000000000000, -1.000000000000000000 ) ) ;
#1236 = ORIENTED_EDGE ( 'NONE', *, *, #5043, .T. ) ;
#1237 = ADVANCED_FACE ( 'NONE', ( #48 ), #8795, .F. ) ;
#1238 = DIRECTION ( 'NONE',  ( 0.000000000000000000, -1.000000000000000000, 0.000000000000000000 ) ) ;
#1239 = CYLINDRICAL_SURFACE ( 'NONE', #7055, 0.01000000000000002623 ) ;
#1240 = EDGE_CURVE ( 'NONE', #3209, #3577, #2018, .T. ) ;
#1241 = EDGE_CURVE ( 'NONE', #5853, #6178, #6349, .T. ) ;
#1242 = SURFACE_STYLE_FILL_AREA ( #8167 ) ;
#1243 = ORIENTED_EDGE ( 'NONE', *, *, #1339, .F. ) ;
#1244 = DIRECTION ( 'NONE',  ( -0.000000000000000000, -0.000000000000000000, -1.000000000000000000 ) ) ;
#1245 = EDGE_CURVE ( 'NONE', #8079, #867, #3423, .T. ) ;
#1246 = CARTESIAN_POINT ( 'NONE',  ( 0.2161750653446923021, -0.1013253317843389734, 0.2800000000000000266 ) ) ;
#1247 = LINE ( 'NONE', #8803, #5447 ) ;
#1248 = ORIENTED_EDGE ( 'NONE', *, *, #8693, .F. ) ;
#1249 = CARTESIAN_POINT ( 'NONE',  ( 0.2463560283237261617, -0.1072556852113210057, 0.2900000000000000355 ) ) ;
#1250 = ORIENTED_EDGE ( 'NONE', *, *, #6810, .F. ) ;
#1251 = CARTESIAN_POINT ( 'NONE',  ( -0.3000000000000004330, 0.000000000000000000, 0.2800000000000000266 ) ) ;
#1252 = LINE ( 'NONE', #3989, #7460 ) ;
#1253 =( NAMED_UNIT ( * ) PLANE_ANGLE_UNIT ( ) SI_UNIT ( $, .RADIAN. ) );
#1254 = LINE ( 'NONE', #7279, #2610 ) ;
#1255 = VECTOR ( 'NONE', #7410, 1000.000000000000114 ) ;
#1256 = ORIENTED_EDGE ( 'NONE', *, *, #5986, .F. ) ;
#1257 = VERTEX_POINT ( 'NONE', #7711 ) ;
#1258 = ORIENTED_EDGE ( 'NONE', *, *, #675, .T. ) ;
#1259 = LINE ( 'NONE', #5337, #5543 ) ;
#1260 = VECTOR ( 'NONE', #232, 1000.000000000000000 ) ;
#1261 = CARTESIAN_POINT ( 'NONE',  ( 0.2016011797981493991, -0.04176979949315111351, 0.2900000000000000355 ) ) ;
#1262 = CARTESIAN_POINT ( 'NONE',  ( 0.1361572937500942215, -0.1160084164734043327, 0.2800000000000000266 ) ) ;
#1263 = VERTEX_POINT ( 'NONE', #3604 ) ;
#1264 = CARTESIAN_POINT ( 'NONE',  ( -0.06282283134516256085, -0.06322983049934419175, 0.2800000000000000266 ) ) ;
#1265 = CARTESIAN_POINT ( 'NONE',  ( 0.2332689311010539002, -0.09080861437540363457, 0.2800000000000000266 ) ) ;
#1266 = COLOUR_RGB ( '',0.2980392156862745057, 0.2980392156862745057, 0.2980392156862745057 ) ;
#1267 = CARTESIAN_POINT ( 'NONE',  ( 0.1524531657733733114, -0.03568824725353069577, 0.2900000000000000355 ) ) ;
#1268 = EDGE_CURVE ( 'NONE', #8876, #4021, #2002, .T. ) ;
#1269 = EDGE_LOOP ( 'NONE', ( #2450, #3726, #7083, #4356 ) ) ;
#1270 = DIRECTION ( 'NONE',  ( 0.000000000000000000, -1.000000000000000000, 0.000000000000000000 ) ) ;
#1271 = ADVANCED_FACE ( 'NONE', ( #4098 ), #687, .F. ) ;
#1272 = VECTOR ( 'NONE', #3350, 1000.000000000000000 ) ;
#1273 = CARTESIAN_POINT ( 'NONE',  ( 0.2178550521513145100, -0.1161428154177715083, 0.2800000000000000266 ) ) ;
#1274 = LINE ( 'NONE', #4089, #4558 ) ;
#1275 = AXIS2_PLACEMENT_3D ( 'NONE', #7828, #4436, #4568 ) ;
#1276 = CARTESIAN_POINT ( 'NONE',  ( -0.1299999999999998934, 0.1199999999999999539, 0.000000000000000000 ) ) ;
#1277 = CARTESIAN_POINT ( 'NONE',  ( 0.007267698058694544404, -0.1097232040915597090, 0.2800000000000000266 ) ) ;
#1278 = DIRECTION ( 'NONE',  ( -0.000000000000000000, -0.000000000000000000, -1.000000000000000000 ) ) ;
#1279 = VERTEX_POINT ( 'NONE', #7568 ) ;
#1280 = DIRECTION ( 'NONE',  ( 1.000000000000000000, 0.000000000000000000, -0.000000000000000000 ) ) ;
#1281 = SURFACE_STYLE_FILL_AREA ( #8165 ) ;
#1282 = EDGE_CURVE ( 'NONE', #3361, #5675, #6887, .T. ) ;
#1283 = ORIENTED_EDGE ( 'NONE', *, *, #7846, .F. ) ;
#1284 = DIRECTION ( 'NONE',  ( 0.1333547648939054364, -0.9910683662997680221, 0.000000000000000000 ) ) ;
#1285 = EDGE_CURVE ( 'NONE', #8890, #650, #7614, .T. ) ;
#1286 = CARTESIAN_POINT ( 'NONE',  ( 0.04651839180647415056, -0.03823087716779645373, 0.2900000000000000355 ) ) ;
#1287 = ORIENTED_EDGE ( 'NONE', *, *, #522, .F. ) ;
#1288 = ORIENTED_EDGE ( 'NONE', *, *, #1220, .T. ) ;
#1289 = CARTESIAN_POINT ( 'NONE',  ( 0.1957464257773747218, -0.09641977030928607084, 0.2900000000000000355 ) ) ;
#1290 = CARTESIAN_POINT ( 'NONE',  ( 0.2240038038631187167, -0.03489865345446840905, 0.2900000000000000355 ) ) ;
#1291 = CARTESIAN_POINT ( 'NONE',  ( 0.1091767056373067757, -0.03489865345446935968, 0.2900000000000000355 ) ) ;
#1292 = FACE_OUTER_BOUND ( 'NONE', #1798, .T. ) ;
#1293 =( GEOMETRIC_REPRESENTATION_CONTEXT ( 3 ) GLOBAL_UNCERTAINTY_ASSIGNED_CONTEXT ( ( #2187 ) ) GLOBAL_UNIT_ASSIGNED_CONTEXT ( ( #7321, #7876, #484 ) ) REPRESENTATION_CONTEXT ( 'NONE', 'WORKASPACE' ) );
#1294 = ORIENTED_EDGE ( 'NONE', *, *, #6278, .T. ) ;
#1295 = CARTESIAN_POINT ( 'NONE',  ( 0.1400380632731053898, -0.1088516726774915455, 0.2900000000000000355 ) ) ;
#1296 = ORIENTED_EDGE ( 'NONE', *, *, #7658, .F. ) ;
#1297 = DIRECTION ( 'NONE',  ( -0.000000000000000000, 1.000000000000000000, -0.000000000000000000 ) ) ;
#1298 = AXIS2_PLACEMENT_3D ( 'NONE', #98, #2707, #6937 ) ;
#1299 = DIRECTION ( 'NONE',  ( 0.000000000000000000, -0.000000000000000000, -1.000000000000000000 ) ) ;
#1300 = CARTESIAN_POINT ( 'NONE',  ( 0.1831129249923945657, -0.1284403188416071984, 0.2900000000000000355 ) ) ;
#1301 = UNCERTAINTY_MEASURE_WITH_UNIT (LENGTH_MEASURE( 1.000000000000000082E-05 ), #1538, 'distance_accuracy_value', 'NONE');
#1302 = VERTEX_POINT ( 'NONE', #1547 ) ;
#1303 = PLANE ( 'NONE',  #2287 ) ;
#1304 = CARTESIAN_POINT ( 'NONE',  ( 0.03857480401090222083, -0.1200031517241759577, 0.2800000000000000266 ) ) ;
#1305 = VECTOR ( 'NONE', #1365, 1000.000000000000000 ) ;
#1306 = ORIENTED_EDGE ( 'NONE', *, *, #5259, .T. ) ;
#1307 = CARTESIAN_POINT ( 'NONE',  ( 0.2728578201968649974, -0.1071884857391363910, 0.2900000000000000355 ) ) ;
#1308 =( NAMED_UNIT ( * ) SI_UNIT ( $, .STERADIAN. ) SOLID_ANGLE_UNIT ( ) );
#1309 = EDGE_CURVE ( 'NONE', #7361, #7928, #6485, .T. ) ;
#1310 = CARTESIAN_POINT ( 'NONE',  ( 0.1960320235343817608, -0.03867862376909076555, 0.2800000000000000266 ) ) ;
#1311 = DIRECTION ( 'NONE',  ( -0.000000000000000000, -0.000000000000000000, -1.000000000000000000 ) ) ;
#1312 = CARTESIAN_POINT ( 'NONE',  ( 0.2458604322159189670, -0.09137980988964243545, 0.2900000000000000355 ) ) ;
#1313 = ORIENTED_EDGE ( 'NONE', *, *, #3529, .F. ) ;
#1314 = CARTESIAN_POINT ( 'NONE',  ( 0.2775197835850254924, -0.1198891859963011758, 0.2800000000000000266 ) ) ;
#1315 = VECTOR ( 'NONE', #4294, 1000.000000000000000 ) ;
#1316 = FACE_BOUND ( 'NONE', #5478, .T. ) ;
#1317 = B_SPLINE_SURFACE_WITH_KNOTS ( 'NONE', 3, 1, ( 
 ( #6984, #3562 ),
 ( #2206, #7714 ),
 ( #3720, #2753 ),
 ( #4736, #8295 ) ),
 .UNSPECIFIED., .F., .F., .F.,
 ( 4, 4 ),
 ( 2, 2 ),
 ( 3.000000000000000000, 4.000000000000000000 ),
 ( 0.000000000000000000, 1.000000000000000000 ),
 .UNSPECIFIED. ) ;
#1318 = CARTESIAN_POINT ( 'NONE',  ( 0.1268501668419325379, -0.1161428154177720495, 0.2900000000000000355 ) ) ;
#1319 = CARTESIAN_POINT ( 'NONE',  ( 0.1764013777002614303, -0.1274155268896769999, 0.2900000000000000355 ) ) ;
#1320 = EDGE_CURVE ( 'NONE', #2276, #504, #5719, .T. ) ;
#1321 = ORIENTED_EDGE ( 'NONE', *, *, #1383, .F. ) ;
#1322 = CARTESIAN_POINT ( 'NONE',  ( 0.1407772574680280497, -0.09922534827611621810, 0.2800000000000000266 ) ) ;
#1323 = DIRECTION ( 'NONE',  ( -0.000000000000000000, 0.000000000000000000, 1.000000000000000000 ) ) ;
#1324 = DIRECTION ( 'NONE',  ( -0.000000000000000000, 1.000000000000000000, -0.000000000000000000 ) ) ;
#1325 = CARTESIAN_POINT ( 'NONE',  ( 0.1595763098329710528, -0.1170836080294722359, 0.2900000000000000355 ) ) ;
#1326 = CARTESIAN_POINT ( 'NONE',  ( -0.03525389054843123399, -0.1288812834545230990, 0.2900000000000000355 ) ) ;
#1327 = VERTEX_POINT ( 'NONE', #2385 ) ;
#1328 = ORIENTED_EDGE ( 'NONE', *, *, #3927, .F. ) ;
#1329 = FACE_OUTER_BOUND ( 'NONE', #7127, .T. ) ;
#1330 = CARTESIAN_POINT ( 'NONE',  ( 0.2261289871734096790, -0.03909862047069004309, 0.2800000000000000266 ) ) ;
#1331 = DIRECTION ( 'NONE',  ( -1.000000000000000000, -0.000000000000000000, -0.000000000000000000 ) ) ;
#1332 = FACE_OUTER_BOUND ( 'NONE', #5439, .T. ) ;
#1333 = VECTOR ( 'NONE', #6289, 1000.000000000000000 ) ;
#1334 = VERTEX_POINT ( 'NONE', #8519 ) ;
#1335 = DIRECTION ( 'NONE',  ( -0.9345104387417442204, -0.3559357243698822448, 0.000000000000000000 ) ) ;
#1336 = EDGE_CURVE ( 'NONE', #5281, #606, #3652, .T. ) ;
#1337 = ORIENTED_EDGE ( 'NONE', *, *, #3366, .T. ) ;
#1338 = CARTESIAN_POINT ( 'NONE',  ( -0.01329218829384458053, -0.03519362052042989547, 0.2800000000000000266 ) ) ;
#1339 = EDGE_CURVE ( 'NONE', #8841, #162, #3059, .T. ) ;
#1340 = EDGE_CURVE ( 'NONE', #3586, #7257, #7160, .T. ) ;
#1341 = CARTESIAN_POINT ( 'NONE',  ( 0.1850701096220007946, -0.1140932315139114028, 0.2800000000000000266 ) ) ;
#1342 = VERTEX_POINT ( 'NONE', #8565 ) ;
#1343 = CARTESIAN_POINT ( 'NONE',  ( -0.06679462802803980137, -0.08285517737312161901, 0.2800000000000000266 ) ) ;
#1344 = CARTESIAN_POINT ( 'NONE',  ( 0.1496475878064338905, -0.1047861046058615186, 0.2900000000000000355 ) ) ;
#1345 = EDGE_LOOP ( 'NONE', ( #7867, #8905, #6682, #3050, #8483, #2118, #6382, #8179 ) ) ;
#1346 = VECTOR ( 'NONE', #5429, 1000.000000000000000 ) ;
#1347 = LINE ( 'NONE', #3411, #1608 ) ;
#1348 = CARTESIAN_POINT ( 'NONE',  ( 0.1447084265952874316, -0.03817462772726087916, 0.2900000000000000355 ) ) ;
#1349 = VECTOR ( 'NONE', #5794, 1000.000000000000114 ) ;
#1350 = LINE ( 'NONE', #6707, #6665 ) ;
#1351 = PLANE ( 'NONE',  #2045 ) ;
#1352 = EDGE_LOOP ( 'NONE', ( #4622, #7958, #3790, #1214 ) ) ;
#1353 = CARTESIAN_POINT ( 'NONE',  ( 0.1500507846399855016, -0.06379442652663670776, 0.2800000000000000266 ) ) ;
#1354 = CARTESIAN_POINT ( 'NONE',  ( 0.02642577742132165911, -0.02608185169227541719, 0.2900000000000000355 ) ) ;
#1355 = VECTOR ( 'NONE', #4960, 1000.000000000000114 ) ;
#1356 = CARTESIAN_POINT ( 'NONE',  ( 0.1732178027019473654, -0.09641977030928650105, 0.2900000000000000355 ) ) ;
#1357 = CARTESIAN_POINT ( 'NONE',  ( 0.05095745321541134826, -0.1057514146500092150, 0.2900000000000000355 ) ) ;
#1358 = ORIENTED_EDGE ( 'NONE', *, *, #2087, .F. ) ;
#1359 = CARTESIAN_POINT ( 'NONE',  ( 0.1619954908344053146, -0.1170836080294719028, 0.2800000000000000266 ) ) ;
#1360 = VERTEX_POINT ( 'NONE', #1052 ) ;
#1361 = CARTESIAN_POINT ( 'NONE',  ( 0.1382320774561359156, -0.1204435816424944544, 0.2900000000000000355 ) ) ;
#1362 = LINE ( 'NONE', #3520, #7400 ) ;
#1363 = CARTESIAN_POINT ( 'NONE',  ( 0.05913469036332886369, -0.05668804969334655108, 0.2900000000000000355 ) ) ;
#1364 = EDGE_CURVE ( 'NONE', #6775, #537, #5132, .T. ) ;
#1365 = DIRECTION ( 'NONE',  ( 1.000000000000000000, 2.377029481426463715E-14, -0.000000000000000000 ) ) ;
#1366 = ORIENTED_EDGE ( 'NONE', *, *, #6909, .F. ) ;
#1367 = ADVANCED_FACE ( 'NONE', ( #2927 ), #8611, .T. ) ;
#1368 = CARTESIAN_POINT ( 'NONE',  ( 0.2096651164694471881, -0.05599928774430016493, 0.2800000000000000266 ) ) ;
#1369 = DIRECTION ( 'NONE',  ( 0.3559357243698822448, 0.9345104387417441094, 0.000000000000000000 ) ) ;
#1370 = FACE_OUTER_BOUND ( 'NONE', #3536, .T. ) ;
#1371 = SURFACE_SIDE_STYLE ('',( #6135 ) ) ;
#1372 = VERTEX_POINT ( 'NONE', #1681 ) ;
#1373 = PLANE ( 'NONE',  #6523 ) ;
#1374 = EDGE_LOOP ( 'NONE', ( #7787, #1885, #5061, #6648 ) ) ;
#1375 = CARTESIAN_POINT ( 'NONE',  ( -0.01632944271309376416, -0.06252891363595976248, 0.2900000000000000355 ) ) ;
#1376 = CARTESIAN_POINT ( 'NONE',  ( 0.1381144783797017828, -0.1091204705666753982, 0.2800000000000000266 ) ) ;
#1377 = ORIENTED_EDGE ( 'NONE', *, *, #7726, .F. ) ;
#1378 = ADVANCED_FACE ( 'NONE', ( #7757 ), #5175, .F. ) ;
#1379 = ORIENTED_EDGE ( 'NONE', *, *, #8484, .F. ) ;
#1380 = LINE ( 'NONE', #6867, #8778 ) ;
#1381 = DIRECTION ( 'NONE',  ( -1.000000000000000000, 0.000000000000000000, 0.000000000000000000 ) ) ;
#1382 =( GEOMETRIC_REPRESENTATION_CONTEXT ( 3 ) GLOBAL_UNCERTAINTY_ASSIGNED_CONTEXT ( ( #7072 ) ) GLOBAL_UNIT_ASSIGNED_CONTEXT ( ( #2805, #8260, #1990 ) ) REPRESENTATION_CONTEXT ( 'NONE', 'WORKASPACE' ) );
#1383 = EDGE_CURVE ( 'NONE', #8025, #7884, #2478, .T. ) ;
#1384 = ORIENTED_EDGE ( 'NONE', *, *, #1507, .T. ) ;
#1385 =( GEOMETRIC_REPRESENTATION_CONTEXT ( 3 ) GLOBAL_UNCERTAINTY_ASSIGNED_CONTEXT ( ( #233 ) ) GLOBAL_UNIT_ASSIGNED_CONTEXT ( ( #2290, #7807, #4418 ) ) REPRESENTATION_CONTEXT ( 'NONE', 'WORKASPACE' ) );
#1386 = B_SPLINE_CURVE_WITH_KNOTS ( 'NONE', 3,
 ( #6503, #7227, #1108, #2492 ),
 .UNSPECIFIED., .F., .F.,
 ( 4, 4 ),
 ( 2.000000000000000000, 3.000000000000000000 ),
 .UNSPECIFIED. ) ;
#1387 = LINE ( 'NONE', #5386, #2880 ) ;
#1388 = PLANE ( 'NONE',  #6128 ) ;
#1389 = EDGE_CURVE ( 'NONE', #340, #5333, #8673, .T. ) ;
#1390 = DIRECTION ( 'NONE',  ( 1.000000000000000000, -0.000000000000000000, -0.000000000000000000 ) ) ;
#1391 = STYLED_ITEM ( 'NONE', ( #2648 ), #6142 ) ;
#1392 = CARTESIAN_POINT ( 'NONE',  ( 0.1447084265952874316, -0.03817462772726087916, 0.2800000000000000266 ) ) ;
#1393 = DIRECTION ( 'NONE',  ( 0.000000000000000000, 0.000000000000000000, -1.000000000000000000 ) ) ;
#1394 = VERTEX_POINT ( 'NONE', #1702 ) ;
#1395 = CARTESIAN_POINT ( 'NONE',  ( 0.1325957217201829130, -0.03918261981114464637, 0.2900000000000000355 ) ) ;
#1396 = DIRECTION ( 'NONE',  ( -1.000000000000000000, 0.000000000000000000, 0.000000000000000000 ) ) ;
#1397 = FACE_OUTER_BOUND ( 'NONE', #1830, .T. ) ;
#1398 = PRESENTATION_LAYER_ASSIGNMENT (  '', '', ( #984 ) ) ;
#1399 = CARTESIAN_POINT ( 'NONE',  ( 0.2673810632075740434, -0.09122861107722690654, 0.2900000000000000355 ) ) ;
#1400 = DIRECTION ( 'NONE',  ( -1.000000000000000000, -3.680780442289293976E-14, 0.000000000000000000 ) ) ;
#1401 = CARTESIAN_POINT ( 'NONE',  ( -0.05184198300307180096, -0.1139286428856785688, 0.2800000000000000266 ) ) ;
#1402 = ORIENTED_EDGE ( 'NONE', *, *, #6306, .T. ) ;
#1403 = CARTESIAN_POINT ( 'NONE',  ( 0.1349645031174793730, -0.1132700379787587031, 0.2900000000000000355 ) ) ;
#1404 = ORIENTED_EDGE ( 'NONE', *, *, #4226, .T. ) ;
#1405 = CARTESIAN_POINT ( 'NONE',  ( 0.2428448558982898298, -0.1127156423325654383, 0.2800000000000000266 ) ) ;
#1406 = FACE_OUTER_BOUND ( 'NONE', #6225, .T. ) ;
#1407 = CARTESIAN_POINT ( 'NONE',  ( 0.05212563759005825470, -0.04337084986982177315, 0.2900000000000000355 ) ) ;
#1408 = FACE_OUTER_BOUND ( 'NONE', #311, .T. ) ;
#1409 = VERTEX_POINT ( 'NONE', #5868 ) ;
#1410 = B_SPLINE_CURVE_WITH_KNOTS ( 'NONE', 3,
 ( #6960, #2270, #1524, #4935 ),
 .UNSPECIFIED., .F., .F.,
 ( 4, 4 ),
 ( 3.000000000000000000, 4.000000000000000000 ),
 .UNSPECIFIED. ) ;
#1411 = CARTESIAN_POINT ( 'NONE',  ( 0.1607439006635171530, -0.1000989414156316648, 0.2900000000000000355 ) ) ;
#1412 = DIRECTION ( 'NONE',  ( 0.9345104387417442204, -0.3559357243698823003, 0.000000000000000000 ) ) ;
#1413 = CARTESIAN_POINT ( 'NONE',  ( 0.1323017240291529673, -0.04756575397554224649, 0.2900000000000000355 ) ) ;
#1414 = EDGE_CURVE ( 'NONE', #504, #97, #7833, .T. ) ;
#1415 = CARTESIAN_POINT ( 'NONE',  ( 0.1921176542751672489, -0.03867862376909076555, 0.2900000000000000355 ) ) ;
#1416 = EDGE_CURVE ( 'NONE', #6505, #4440, #3741, .T. ) ;
#1417 = VERTEX_POINT ( 'NONE', #6552 ) ;
#1418 = CARTESIAN_POINT ( 'NONE',  ( 0.1699502283632908783, -0.1009221349507850168, 0.2800000000000000266 ) ) ;
#1419 = ORIENTED_EDGE ( 'NONE', *, *, #4215, .T. ) ;
#1420 = DIRECTION ( 'NONE',  ( -1.000000000000000000, 0.000000000000000000, 0.000000000000000000 ) ) ;
#1421 = ORIENTED_EDGE ( 'NONE', *, *, #179, .T. ) ;
#1422 = CARTESIAN_POINT ( 'NONE',  ( 0.1325957217201829130, -0.03918261981114464637, 0.2900000000000000355 ) ) ;
#1423 = CARTESIAN_POINT ( 'NONE',  ( 0.1300000000000000044, -0.1199999999999999956, -0.02000000000000000042 ) ) ;
#1425 = ORIENTED_EDGE ( 'NONE', *, *, #4870, .T. ) ;
#1424 = EDGE_CURVE ( 'NONE', #2365, #7808, #1061, .T. ) ;
#1426 = ORIENTED_EDGE ( 'NONE', *, *, #2373, .T. ) ;
#1427 = CARTESIAN_POINT ( 'NONE',  ( -0.06679462802803980137, -0.07280887018082561613, 0.2800000000000000266 ) ) ;
#1428 = LINE ( 'NONE', #2865, #1216 ) ;
#1429 = ORIENTED_EDGE ( 'NONE', *, *, #7586, .T. ) ;
#1430 = VECTOR ( 'NONE', #6060, 1000.000000000000000 ) ;
#1431 = CARTESIAN_POINT ( 'NONE',  ( 0.1357540969165407507, -0.04182019909729014356, 0.2800000000000000266 ) ) ;
#1432 = FACE_OUTER_BOUND ( 'NONE', #297, .T. ) ;
#1433 = ADVANCED_FACE ( 'NONE', ( #5196 ), #532, .T. ) ;
#1434 = PLANE ( 'NONE',  #8544 ) ;
#1435 = VECTOR ( 'NONE', #2113, 1000.000000000000000 ) ;
#1436 = FILL_AREA_STYLE_COLOUR ( '', #6076 ) ;
#1437 = DIRECTION ( 'NONE',  ( 1.000000000000000000, 0.000000000000000000, 0.000000000000000000 ) ) ;
#1438 = ORIENTED_EDGE ( 'NONE', *, *, #1309, .T. ) ;
#1439 = DIRECTION ( 'NONE',  ( -0.000000000000000000, -1.000000000000000000, 2.710505431213754380E-15 ) ) ;
#1440 = DIRECTION ( 'NONE',  ( -0.000000000000000000, -0.000000000000000000, -1.000000000000000000 ) ) ;
#1441 = EDGE_CURVE ( 'NONE', #8624, #7226, #396, .T. ) ;
#1442 = AXIS2_PLACEMENT_3D ( 'NONE', #7111, #1584, #273 ) ;
#1443 = MECHANICAL_DESIGN_GEOMETRIC_PRESENTATION_REPRESENTATION (  '', ( #1028 ), #4888 ) ;
#1444 = DIRECTION ( 'NONE',  ( 1.979642650957451322E-14, -1.000000000000000000, -0.000000000000000000 ) ) ;
#1445 = B_SPLINE_CURVE_WITH_KNOTS ( 'NONE', 3,
 ( #5690, #3576, #8448, #2267 ),
 .UNSPECIFIED., .F., .F.,
 ( 4, 4 ),
 ( 11.00000000000000000, 12.00000000000000000 ),
 .UNSPECIFIED. ) ;
#1446 = EDGE_CURVE ( 'NONE', #1394, #5194, #3037, .T. ) ;
#1447 = CARTESIAN_POINT ( 'NONE',  ( 0.1524531657733733114, -0.04012341242262128932, 0.2800000000000000266 ) ) ;
#1448 = CARTESIAN_POINT ( 'NONE',  ( 0.2178550521513145100, -0.1198891859963017309, 0.2800000000000000266 ) ) ;
#1449 = EDGE_CURVE ( 'NONE', #5114, #625, #7922, .T. ) ;
#1450 = VERTEX_POINT ( 'NONE', #5830 ) ;
#1451 = VERTEX_POINT ( 'NONE', #7182 ) ;
#1452 = ORIENTED_EDGE ( 'NONE', *, *, #5492, .T. ) ;
#1453 = VECTOR ( 'NONE', #7329, 1000.000000000000000 ) ;
#1454 = PLANE ( 'NONE',  #7254 ) ;
#1455 = LINE ( 'NONE', #8343, #1086 ) ;
#1456 = LINE ( 'NONE', #8889, #3022 ) ;
#1457 = ORIENTED_EDGE ( 'NONE', *, *, #3981, .F. ) ;
#1458 = CARTESIAN_POINT ( 'NONE',  ( 0.1599123071943401864, -0.1006701369298707849, 0.2900000000000000355 ) ) ;
#1459 = CARTESIAN_POINT ( 'NONE',  ( 0.1639862752001049750, -0.09922534827611621810, 0.2900000000000000355 ) ) ;
#1460 = B_SPLINE_SURFACE_WITH_KNOTS ( 'NONE', 3, 1, ( 
 ( #4928, #2854 ),
 ( #3621, #6367 ),
 ( #2076, #6905 ),
 ( #5687, #7632 ) ),
 .UNSPECIFIED., .F., .F., .F.,
 ( 4, 4 ),
 ( 2, 2 ),
 ( 13.00000000000000000, 14.00000000000000000 ),
 ( 0.000000000000000000, 1.000000000000000000 ),
 .UNSPECIFIED. ) ;
#1461 = CARTESIAN_POINT ( 'NONE',  ( 0.3099999999999995537, 0.1499999999999998557, 0.000000000000000000 ) ) ;
#1462 = ORIENTED_EDGE ( 'NONE', *, *, #4447, .F. ) ;
#1463 = ORIENTED_EDGE ( 'NONE', *, *, #2794, .T. ) ;
#1464 = VECTOR ( 'NONE', #5373, 1000.000000000000000 ) ;
#1465 = CARTESIAN_POINT ( 'NONE',  ( 0.1603911034341025665, -0.1045677063208142465, 0.2900000000000000355 ) ) ;
#1466 = B_SPLINE_CURVE_WITH_KNOTS ( 'NONE', 3,
 ( #715, #2737, #1310, #6833 ),
 .UNSPECIFIED., .F., .F.,
 ( 4, 4 ),
 ( 5.000000000000000000, 6.000000000000000000 ),
 .UNSPECIFIED. ) ;
#1467 = VECTOR ( 'NONE', #1941, 1000.000000000000000 ) ;
#1468 = ORIENTED_EDGE ( 'NONE', *, *, #463, .T. ) ;
#1469 = CARTESIAN_POINT ( 'NONE',  ( 0.1552251440041115260, -0.1190659924611474074, 0.2800000000000000266 ) ) ;
#1470 = ORIENTED_EDGE ( 'NONE', *, *, #2291, .T. ) ;
#1471 = EDGE_CURVE ( 'NONE', #3270, #5969, #1161, .T. ) ;
#1472 = CARTESIAN_POINT ( 'NONE',  ( 0.1524531657733733114, -0.03568824725353069577, 0.2900000000000000355 ) ) ;
#1473 = CARTESIAN_POINT ( 'NONE',  ( 0.2047091553902559702, -0.06315603154021404153, 0.2800000000000000266 ) ) ;
#1474 = ORIENTED_EDGE ( 'NONE', *, *, #126, .F. ) ;
#1475 = EDGE_LOOP ( 'NONE', ( #3091, #5375, #807, #8781 ) ) ;
#1476 = CARTESIAN_POINT ( 'NONE',  ( -0.003245881101323331609, -0.1354230642602951284, 0.2800000000000000266 ) ) ;
#1477 = ORIENTED_EDGE ( 'NONE', *, *, #1240, .T. ) ;
#1478 = VERTEX_POINT ( 'NONE', #8540 ) ;
#1479 = B_SPLINE_CURVE_WITH_KNOTS ( 'NONE', 3,
 ( #8883, #6037, #3337, #2572 ),
 .UNSPECIFIED., .F., .F.,
 ( 4, 4 ),
 ( 5.000000000000000000, 6.000000000000000000 ),
 .UNSPECIFIED. ) ;
#1480 = CARTESIAN_POINT ( 'NONE',  ( 0.2259693884267490183, -0.04008981268652817009, 0.2800000000000000266 ) ) ;
#1481 = ADVANCED_FACE ( 'NONE', ( #3854 ), #2527, .T. ) ;
#1482 = UNCERTAINTY_MEASURE_WITH_UNIT (LENGTH_MEASURE( 1.000000000000000082E-05 ), #2571, 'distance_accuracy_value', 'NONE');
#1483 = EDGE_CURVE ( 'NONE', #5746, #6329, #1661, .T. ) ;
#1484 = CARTESIAN_POINT ( 'NONE',  ( 0.1328057200710954788, -0.1185955961554105570, 0.2900000000000000355 ) ) ;
#1485 = DIRECTION ( 'NONE',  ( 0.000000000000000000, 0.000000000000000000, -1.000000000000000000 ) ) ;
#1486 = AXIS2_PLACEMENT_3D ( 'NONE', #6064, #1381, #3957 ) ;
#1487 = CARTESIAN_POINT ( 'NONE',  ( 0.2728578201968649974, -0.1071884857391363910, 0.2800000000000000266 ) ) ;
#1488 = CARTESIAN_POINT ( 'NONE',  ( 0.1353341002148295835, -0.1110020557898508953, 0.2800000000000000266 ) ) ;
#1489 = ORIENTED_EDGE ( 'NONE', *, *, #7654, .F. ) ;
#1490 = LINE ( 'NONE', #229, #1659 ) ;
#1491 = SURFACE_STYLE_USAGE ( .BOTH. , #2148 ) ;
#1492 = CARTESIAN_POINT ( 'NONE',  ( 0.2677338604369894903, -0.09307659656431047090, 0.2900000000000000355 ) ) ;
#1493 = CARTESIAN_POINT ( 'NONE',  ( 0.2161750653446923021, -0.1013253317843389734, 0.2900000000000000355 ) ) ;
#1494 = VECTOR ( 'NONE', #8411, 1000.000000000000000 ) ;
#1495 = CARTESIAN_POINT ( 'NONE',  ( -0.3100000000000004419, -0.1500000000000001055, 0.000000000000000000 ) ) ;
#1496 = CARTESIAN_POINT ( 'NONE',  ( 0.1919496555947069472, -0.06775919538998845248, 0.2800000000000000266 ) ) ;
#1497 = EDGE_CURVE ( 'NONE', #2320, #5260, #7942, .T. ) ;
#1498 = ORIENTED_EDGE ( 'NONE', *, *, #2649, .T. ) ;
#1499 = ORIENTED_EDGE ( 'NONE', *, *, #4462, .T. ) ;
#1500 = VECTOR ( 'NONE', #7349, 1000.000000000000000 ) ;
#1501 = ADVANCED_FACE ( 'NONE', ( #6510 ), #2522, .F. ) ;
#1502 = CARTESIAN_POINT ( 'NONE',  ( 0.1407772574680280497, -0.09922534827611621810, 0.2900000000000000355 ) ) ;
#1503 = SURFACE_STYLE_FILL_AREA ( #2207 ) ;
#1504 = FACE_OUTER_BOUND ( 'NONE', #1578, .T. ) ;
#1505 = VECTOR ( 'NONE', #8340, 1000.000000000000000 ) ;
#1506 = CARTESIAN_POINT ( 'NONE',  ( 0.1411636544335355403, -0.09588217453114028510, 0.2900000000000000355 ) ) ;
#1507 = EDGE_CURVE ( 'NONE', #1714, #2424, #3063, .T. ) ;
#1508 = CARTESIAN_POINT ( 'NONE',  ( 0.1320665258761717920, -0.06382802626272884861, 0.2800000000000000266 ) ) ;
#1509 = VERTEX_POINT ( 'NONE', #7301 ) ;
#1510 = CARTESIAN_POINT ( 'NONE',  ( 0.1615922940008519271, -0.1204435816424944544, 0.2900000000000000355 ) ) ;
#1511 = CARTESIAN_POINT ( 'NONE',  ( 0.2257929898120416279, -0.04086260661754313045, 0.2900000000000000355 ) ) ;
#1512 = EDGE_CURVE ( 'NONE', #4707, #2320, #5883, .T. ) ;
#1513 = DIRECTION ( 'NONE',  ( -2.272406704998994185E-14, 1.000000000000000000, 0.000000000000000000 ) ) ;
#1514 = ORIENTED_EDGE ( 'NONE', *, *, #1536, .T. ) ;
#1515 = DIRECTION ( 'NONE',  ( 0.000000000000000000, 0.000000000000000000, -1.000000000000000000 ) ) ;
#1516 = EDGE_LOOP ( 'NONE', ( #8047, #1857, #5168, #4352 ) ) ;
#1517 = PRESENTATION_STYLE_ASSIGNMENT (( #699 ) ) ;
#1518 = B_SPLINE_CURVE_WITH_KNOTS ( 'NONE', 3,
 ( #7113, #955, #184, #868 ),
 .UNSPECIFIED., .F., .F.,
 ( 4, 4 ),
 ( 1.000000000000000000, 2.000000000000000000 ),
 .UNSPECIFIED. ) ;
#1519 = DIRECTION ( 'NONE',  ( 0.000000000000000000, 0.000000000000000000, 1.000000000000000000 ) ) ;
#1520 = ORIENTED_EDGE ( 'NONE', *, *, #8297, .T. ) ;
#1521 = CARTESIAN_POINT ( 'NONE',  ( 0.1367872888024941613, -0.1095908668724138724, 0.2900000000000000355 ) ) ;
#1522 = VERTEX_POINT ( 'NONE', #8568 ) ;
#1523 = DIRECTION ( 'NONE',  ( 0.8840949502478755440, 0.4673073067545666093, 0.000000000000000000 ) ) ;
#1524 = CARTESIAN_POINT ( 'NONE',  ( 0.1379968793031556007, -0.1170668081614266998, 0.2800000000000000266 ) ) ;
#1525 = ORIENTED_EDGE ( 'NONE', *, *, #849, .F. ) ;
#1526 = VERTEX_POINT ( 'NONE', #8745 ) ;
#1527 = DIRECTION ( 'NONE',  ( 0.000000000000000000, -1.000000000000000000, 0.000000000000000000 ) ) ;
#1528 = LINE ( 'NONE', #4263, #6381 ) ;
#1529 = ORIENTED_EDGE ( 'NONE', *, *, #5229, .T. ) ;
#1530 = VERTEX_POINT ( 'NONE', #8656 ) ;
#1531 = CARTESIAN_POINT ( 'NONE',  ( 0.1323017240291529673, -0.04756575397554224649, 0.2800000000000000266 ) ) ;
#1532 = CARTESIAN_POINT ( 'NONE',  ( 0.1413988525864039725, -0.1204435816424944544, 0.2800000000000000266 ) ) ;
#1533 = CARTESIAN_POINT ( 'NONE',  ( 0.1871532932621781109, -0.06401282481145953440, 0.2800000000000000266 ) ) ;
#1534 = EDGE_CURVE ( 'NONE', #3324, #8385, #512, .T. ) ;
#1536 = EDGE_CURVE ( 'NONE', #6045, #5746, #8033, .T. ) ;
#1535 =( GEOMETRIC_REPRESENTATION_CONTEXT ( 3 ) GLOBAL_UNCERTAINTY_ASSIGNED_CONTEXT ( ( #8517 ) ) GLOBAL_UNIT_ASSIGNED_CONTEXT ( ( #3966, #7350, #5900 ) ) REPRESENTATION_CONTEXT ( 'NONE', 'WORKASPACE' ) );
#1537 = VECTOR ( 'NONE', #5451, 1000.000000000000000 ) ;
#1538 =( LENGTH_UNIT ( ) NAMED_UNIT ( * ) SI_UNIT ( .MILLI., .METRE. ) );
#1539 = VERTEX_POINT ( 'NONE', #5135 ) ;
#1540 = CARTESIAN_POINT ( 'NONE',  ( 0.1455316201304421853, -0.1049709031543675786, 0.2800000000000000266 ) ) ;
#1541 = LINE ( 'NONE', #4274, #8639 ) ;
#1542 = CARTESIAN_POINT ( 'NONE',  ( 0.1134186723237558120, -0.06401282481145953440, 0.2900000000000000355 ) ) ;
#1543 = B_SPLINE_SURFACE_WITH_KNOTS ( 'NONE', 3, 1, ( 
 ( #8414, #6383 ),
 ( #5563, #6238 ),
 ( #809, #4220 ),
 ( #8459, #5513 ) ),
 .UNSPECIFIED., .F., .F., .F.,
 ( 4, 4 ),
 ( 2, 2 ),
 ( 3.000000000000000000, 4.000000000000000000 ),
 ( 0.000000000000000000, 1.000000000000000000 ),
 .UNSPECIFIED. ) ;
#1544 = CARTESIAN_POINT ( 'NONE',  ( -0.1299999999999998934, 0.1199999999999999539, 0.000000000000000000 ) ) ;
#1545 = VECTOR ( 'NONE', #3421, 1000.000000000000000 ) ;
#1546 = LINE ( 'NONE', #2153, #3397 ) ;
#1547 = CARTESIAN_POINT ( 'NONE',  ( 0.1091767056373067757, -0.03489865345446935968, 0.2800000000000000266 ) ) ;
#1548 = ORIENTED_EDGE ( 'NONE', *, *, #7339, .T. ) ;
#1549 = VERTEX_POINT ( 'NONE', #7904 ) ;
#1550 = CARTESIAN_POINT ( 'NONE',  ( 0.1268501668419325379, -0.1161428154177720495, 0.2900000000000000355 ) ) ;
#1551 = PLANE ( 'NONE',  #2869 ) ;
#1552 = CARTESIAN_POINT ( 'NONE',  ( 0.1670102514518697345, -0.1075580828365994002, 0.2900000000000000355 ) ) ;
#1553 = CARTESIAN_POINT ( 'NONE',  ( 0.2458604322159189670, -0.09137980988964243545, 0.2900000000000000355 ) ) ;
#1554 = VECTOR ( 'NONE', #1523, 1000.000000000000000 ) ;
#1555 = CARTESIAN_POINT ( 'NONE',  ( 0.1607439006635171530, -0.1000989414156316648, 0.2900000000000000355 ) ) ;
#1556 = ORIENTED_EDGE ( 'NONE', *, *, #3027, .F. ) ;
#1557 = EDGE_CURVE ( 'NONE', #2485, #8669, #342, .T. ) ;
#1558 = CARTESIAN_POINT ( 'NONE',  ( 0.1382320774561359156, -0.1204435816424944544, 0.2900000000000000355 ) ) ;
#1559 = CARTESIAN_POINT ( 'NONE',  ( 0.2259693884267490183, -0.04008981268652817009, 0.2900000000000000355 ) ) ;
#1560 = CARTESIAN_POINT ( 'NONE',  ( 0.1524531657733733114, -0.03568824725353069577, 0.2800000000000000266 ) ) ;
#1561 = ORIENTED_EDGE ( 'NONE', *, *, #3530, .T. ) ;
#1562 = EDGE_CURVE ( 'NONE', #1222, #5605, #6298, .T. ) ;
#1563 = EDGE_LOOP ( 'NONE', ( #268, #5415, #4454, #7504 ) ) ;
#1564 = DIRECTION ( 'NONE',  ( 0.3559357243698821893, -0.9345104387417441094, 0.000000000000000000 ) ) ;
#1565 = FILL_AREA_STYLE_COLOUR ( '', #717 ) ;
#1566 = ORIENTED_EDGE ( 'NONE', *, *, #8207, .T. ) ;
#1567 = DIRECTION ( 'NONE',  ( -0.000000000000000000, -0.000000000000000000, -1.000000000000000000 ) ) ;
#1568 = EDGE_LOOP ( 'NONE', ( #2490, #8249, #5553, #1972 ) ) ;
#1569 = ADVANCED_FACE ( 'NONE', ( #467 ), #2564, .F. ) ;
#1570 = CARTESIAN_POINT ( 'NONE',  ( 0.2240038038631187167, -0.03489865345446840905, 0.2900000000000000355 ) ) ;
#1571 = DIRECTION ( 'NONE',  ( -0.000000000000000000, -0.000000000000000000, -1.000000000000000000 ) ) ;
#1572 = B_SPLINE_CURVE_WITH_KNOTS ( 'NONE', 3,
 ( #6059, #6691, #3273, #1172 ),
 .UNSPECIFIED., .F., .F.,
 ( 4, 4 ),
 ( 1.000000000000000000, 2.000000000000000000 ),
 .UNSPECIFIED. ) ;
#1573 = ORIENTED_EDGE ( 'NONE', *, *, #2651, .F. ) ;
#1574 = ORIENTED_EDGE ( 'NONE', *, *, #7136, .T. ) ;
#1575 = CARTESIAN_POINT ( 'NONE',  ( 0.1564179346367265133, -0.1064660914122611129, 0.2900000000000000355 ) ) ;
#1576 = CARTESIAN_POINT ( 'NONE',  ( 0.007267698058694544404, -0.1249094851004996232, 0.2800000000000000266 ) ) ;
#1577 = ORIENTED_EDGE ( 'NONE', *, *, #4248, .F. ) ;
#1578 = EDGE_LOOP ( 'NONE', ( #7187, #2025, #4265, #4272 ) ) ;
#1579 = CARTESIAN_POINT ( 'NONE',  ( 0.1330829178940801660, -0.09806615737959341328, 0.2900000000000000355 ) ) ;
#1580 = CARTESIAN_POINT ( 'NONE',  ( 0.03179938276514428230, -0.1127604674232806359, 0.2800000000000000266 ) ) ;
#1581 = CARTESIAN_POINT ( 'NONE',  ( 0.03997660208811786020, -0.1057514146500092150, 0.2900000000000000355 ) ) ;
#1582 = LINE ( 'NONE', #3643, #4210 ) ;
#1583 = VECTOR ( 'NONE', #451, 1000.000000000000000 ) ;
#1584 = DIRECTION ( 'NONE',  ( 0.000000000000000000, 0.000000000000000000, 1.000000000000000000 ) ) ;
#1585 = ORIENTED_EDGE ( 'NONE', *, *, #4667, .T. ) ;
#1586 = CARTESIAN_POINT ( 'NONE',  ( 0.2999999999999995448, -0.1600000000000000866, 0.000000000000000000 ) ) ;
#1587 = DIRECTION ( 'NONE',  ( -0.000000000000000000, -0.000000000000000000, -1.000000000000000000 ) ) ;
#1588 = FACE_OUTER_BOUND ( 'NONE', #6690, .T. ) ;
#1589 = LINE ( 'NONE', #8333, #4266 ) ;
#1590 = ADVANCED_FACE ( 'NONE', ( #1144 ), #4463, .F. ) ;
#1591 =( GEOMETRIC_REPRESENTATION_CONTEXT ( 3 ) GLOBAL_UNCERTAINTY_ASSIGNED_CONTEXT ( ( #7699 ) ) GLOBAL_UNIT_ASSIGNED_CONTEXT ( ( #7098, #170, #2950 ) ) REPRESENTATION_CONTEXT ( 'NONE', 'WORKASPACE' ) );
#1592 = CARTESIAN_POINT ( 'NONE',  ( 0.1251701800354209360, -0.1013253317843398338, 0.2900000000000000355 ) ) ;
#1593 = VECTOR ( 'NONE', #2890, 1000.000000000000000 ) ;
#1594 = SURFACE_STYLE_USAGE ( .BOTH. , #8426 ) ;
#1595 = ORIENTED_EDGE ( 'NONE', *, *, #4903, .F. ) ;
#1596 = VERTEX_POINT ( 'NONE', #1896 ) ;
#1597 = CARTESIAN_POINT ( 'NONE',  ( 0.1455316201304421853, -0.1011405332356090370, 0.2900000000000000355 ) ) ;
#1598 = CARTESIAN_POINT ( 'NONE',  ( 0.1278497589917931554, -0.05687288088381659695, 0.2800000000000000266 ) ) ;
#1599 = CARTESIAN_POINT ( 'NONE',  ( 0.1307897359032157703, -0.1136060353399044875, 0.2800000000000000266 ) ) ;
#1600 = VECTOR ( 'NONE', #3156, 1000.000000000000000 ) ;
#1601 = COLOUR_RGB ( '',0.2980392156862745057, 0.2980392156862745057, 0.2980392156862745057 ) ;
#1602 = CARTESIAN_POINT ( 'NONE',  ( 0.1850701096220007946, -0.1140932315139114028, 0.2900000000000000355 ) ) ;
#1603 = B_SPLINE_CURVE_WITH_KNOTS ( 'NONE', 3,
 ( #3615, #5012, #7625, #2757 ),
 .UNSPECIFIED., .F., .F.,
 ( 4, 4 ),
 ( 8.000000000000000000, 9.000000000000000000 ),
 .UNSPECIFIED. ) ;
#1604 = EDGE_CURVE ( 'NONE', #2364, #7645, #5943, .T. ) ;
#1605 = LINE ( 'NONE', #2349, #8580 ) ;
#1606 = CARTESIAN_POINT ( 'NONE',  ( -0.1299999999999998934, -0.1200000000000000233, 0.000000000000000000 ) ) ;
#1607 = EDGE_LOOP ( 'NONE', ( #4387, #6414, #8680, #3382 ) ) ;
#1608 = VECTOR ( 'NONE', #2954, 1000.000000000000000 ) ;
#1609 = ORIENTED_EDGE ( 'NONE', *, *, #2652, .T. ) ;
#1610 = FILL_AREA_STYLE ('',( #3485 ) ) ;
#1611 = CARTESIAN_POINT ( 'NONE',  ( 0.1455316201304421853, -0.1198891859963017309, 0.2900000000000000355 ) ) ;
#1612 = ORIENTED_EDGE ( 'NONE', *, *, #2112, .T. ) ;
#1613 = VECTOR ( 'NONE', #8906, 1000.000000000000114 ) ;
#1614 = CARTESIAN_POINT ( 'NONE',  ( 0.2016935790726276101, -0.06058565172625281908, 0.2900000000000000355 ) ) ;
#1615 = EDGE_LOOP ( 'NONE', ( #6592, #1031, #4766, #7479 ) ) ;
#1616 = CARTESIAN_POINT ( 'NONE',  ( -0.05698195459103864990, -0.1083213971019836019, 0.2900000000000000355 ) ) ;
#1617 = CARTESIAN_POINT ( 'NONE',  ( 0.1439692324003642721, -0.06453362072155989504, 0.2900000000000000355 ) ) ;
#1618 = EDGE_LOOP ( 'NONE', ( #1000, #6888, #6545, #1612 ) ) ;
#1619 = VERTEX_POINT ( 'NONE', #8614 ) ;
#1620 = B_SPLINE_SURFACE_WITH_KNOTS ( 'NONE', 3, 1, ( 
 ( #411, #1886 ),
 ( #3277, #5165 ),
 ( #6015, #6611 ),
 ( #8689, #6524 ) ),
 .UNSPECIFIED., .F., .F., .F.,
 ( 4, 4 ),
 ( 2, 2 ),
 ( 20.00000000000000000, 21.00000000000000000 ),
 ( 0.000000000000000000, 1.000000000000000000 ),
 .UNSPECIFIED. ) ;
#1621 =( GEOMETRIC_REPRESENTATION_CONTEXT ( 3 ) GLOBAL_UNCERTAINTY_ASSIGNED_CONTEXT ( ( #2286 ) ) GLOBAL_UNIT_ASSIGNED_CONTEXT ( ( #428, #3161, #338 ) ) REPRESENTATION_CONTEXT ( 'NONE', 'WORKASPACE' ) );
#1622 = DIRECTION ( 'NONE',  ( -0.000000000000000000, -0.000000000000000000, -1.000000000000000000 ) ) ;
#1623 = EDGE_CURVE ( 'NONE', #2281, #760, #2435, .T. ) ;
#1624 = ORIENTED_EDGE ( 'NONE', *, *, #2179, .F. ) ;
#1625 = ORIENTED_EDGE ( 'NONE', *, *, #3084, .F. ) ;
#1626 = EDGE_CURVE ( 'NONE', #992, #4754, #8159, .T. ) ;
#1627 = EDGE_CURVE ( 'NONE', #5747, #6740, #556, .T. ) ;
#1628 = FACE_OUTER_BOUND ( 'NONE', #8707, .T. ) ;
#1629 = FACE_BOUND ( 'NONE', #5847, .T. ) ;
#1630 = B_SPLINE_CURVE_WITH_KNOTS ( 'NONE', 3,
 ( #8864, #4083, #2687, #8187 ),
 .UNSPECIFIED., .F., .F.,
 ( 4, 4 ),
 ( 11.00000000000000000, 12.00000000000000000 ),
 .UNSPECIFIED. ) ;
#1631 = ORIENTED_EDGE ( 'NONE', *, *, #5426, .T. ) ;
#1632 = CARTESIAN_POINT ( 'NONE',  ( 0.2463560283237261617, -0.1031565174033763493, 0.2800000000000000266 ) ) ;
#1633 = ORIENTED_EDGE ( 'NONE', *, *, #8118, .F. ) ;
#1634 = LINE ( 'NONE', #6436, #1874 ) ;
#1635 = B_SPLINE_CURVE_WITH_KNOTS ( 'NONE', 3,
 ( #5385, #2046, #7428, #3574 ),
 .UNSPECIFIED., .F., .F.,
 ( 4, 4 ),
 ( 1.000000000000000000, 2.000000000000000000 ),
 .UNSPECIFIED. ) ;
#1636 = CARTESIAN_POINT ( 'NONE',  ( 0.06777918165368944370, -0.07748157202952320188, 0.2900000000000000355 ) ) ;
#1637 = LINE ( 'NONE', #3511, #8211 ) ;
#1638 = CARTESIAN_POINT ( 'NONE',  ( 0.1433560372160112284, -0.06831359103618106499, 0.2900000000000000355 ) ) ;
#1639 = PLANE ( 'NONE',  #4552 ) ;
#1640 = VECTOR ( 'NONE', #999, 1000.000000000000000 ) ;
#1641 = ORIENTED_EDGE ( 'NONE', *, *, #8796, .T. ) ;
#1642 = ORIENTED_EDGE ( 'NONE', *, *, #6160, .T. ) ;
#1643 = LINE ( 'NONE', #5632, #1355 ) ;
#1644 = SURFACE_STYLE_USAGE ( .BOTH. , #2297 ) ;
#1645 = CARTESIAN_POINT ( 'NONE',  ( 0.2508163932953340614, -0.1030389183270530862, 0.2900000000000000355 ) ) ;
#1646 = CARTESIAN_POINT ( 'NONE',  ( 0.03997660208811786020, -0.1057514146500092150, 0.2900000000000000355 ) ) ;
#1647 = PRESENTATION_LAYER_ASSIGNMENT (  '', '', ( #4514 ) ) ;
#1648 = DIRECTION ( 'NONE',  ( -0.000000000000000000, -0.000000000000000000, -1.000000000000000000 ) ) ;
#1649 = VERTEX_POINT ( 'NONE', #6153 ) ;
#1650 = CIRCLE ( 'NONE', #4223, 0.01000000000000002623 ) ;
#1651 = ORIENTED_EDGE ( 'NONE', *, *, #4281, .F. ) ;
#1652 = EDGE_CURVE ( 'NONE', #7978, #3664, #7605, .T. ) ;
#1653 = CARTESIAN_POINT ( 'NONE',  ( 0.1839529183955946334, -0.1140596317778193591, 0.2800000000000000266 ) ) ;
#1654 = EDGE_CURVE ( 'NONE', #1876, #7180, #1806, .T. ) ;
#1655 = LINE ( 'NONE', #5191, #3178 ) ;
#1656 = VERTEX_POINT ( 'NONE', #3460 ) ;
#1657 = FACE_OUTER_BOUND ( 'NONE', #8312, .T. ) ;
#1658 = VERTEX_POINT ( 'NONE', #5516 ) ;
#1659 = VECTOR ( 'NONE', #4951, 1000.000000000000114 ) ;
#1660 = CARTESIAN_POINT ( 'NONE',  ( 0.1134186723237558120, -0.09080861437540482806, 0.2900000000000000355 ) ) ;
#1661 = LINE ( 'NONE', #986, #4112 ) ;
#1662 = CARTESIAN_POINT ( 'NONE',  ( 0.2014079813153961396, -0.06623040739600459526, 0.2800000000000000266 ) ) ;
#1663 = ORIENTED_EDGE ( 'NONE', *, *, #6541, .F. ) ;
#1664 = ORIENTED_EDGE ( 'NONE', *, *, #5448, .T. ) ;
#1665 = DIRECTION ( 'NONE',  ( 0.000000000000000000, -0.000000000000000000, -1.000000000000000000 ) ) ;
#1666 = LINE ( 'NONE', #4442, #46 ) ;
#1667 = VERTEX_POINT ( 'NONE', #1970 ) ;
#1668 = B_SPLINE_CURVE_WITH_KNOTS ( 'NONE', 3,
 ( #7700, #1532, #7015, #3592 ),
 .UNSPECIFIED., .F., .F.,
 ( 4, 4 ),
 ( 6.000000000000000000, 7.000000000000000000 ),
 .UNSPECIFIED. ) ;
#1669 = EDGE_LOOP ( 'NONE', ( #1468, #4537, #4633, #7641 ) ) ;
#1670 = CARTESIAN_POINT ( 'NONE',  ( 0.2193334405409359256, -0.05877126597503729011, 0.2900000000000000355 ) ) ;
#1671 = DIRECTION ( 'NONE',  ( -0.000000000000000000, -0.000000000000000000, -1.000000000000000000 ) ) ;
#1672 = EDGE_CURVE ( 'NONE', #6329, #1994, #8788, .T. ) ;
#1673 = EDGE_CURVE ( 'NONE', #4440, #5079, #5353, .T. ) ;
#1674 = ORIENTED_EDGE ( 'NONE', *, *, #8690, .F. ) ;
#1675 = APPLICATION_PROTOCOL_DEFINITION ( 'draft international standard', 'automotive_design', 1998, #8147 ) ;
#1676 = VERTEX_POINT ( 'NONE', #4721 ) ;
#1677 = LINE ( 'NONE', #7066, #3589 ) ;
#1678 = LINE ( 'NONE', #8561, #7347 ) ;
#1679 = EDGE_CURVE ( 'NONE', #7437, #7468, #6071, .T. ) ;
#1680 = CARTESIAN_POINT ( 'NONE',  ( -0.02871210083007477709, -0.05902438724921166974, 0.2900000000000000355 ) ) ;
#1681 = CARTESIAN_POINT ( 'NONE',  ( 0.1829113265756171502, -0.06775919538998845248, 0.2900000000000000355 ) ) ;
#1682 = ORIENTED_EDGE ( 'NONE', *, *, #5232, .T. ) ;
#1683 = DIRECTION ( 'NONE',  ( -0.000000000000000000, -0.000000000000000000, 1.000000000000000000 ) ) ;
#1684 = AXIS2_PLACEMENT_3D ( 'NONE', #2790, #7710, #3513 ) ;
#1685 = CARTESIAN_POINT ( 'NONE',  ( 0.04955564622572284500, -0.06930434379407687806, 0.2900000000000000355 ) ) ;
#1686 = CARTESIAN_POINT ( 'NONE',  ( 0.1323017240291529673, -0.05169852151957896741, 0.2800000000000000266 ) ) ;
#1687 = CARTESIAN_POINT ( 'NONE',  ( 0.2458604322159189670, -0.1152860221465259183, 0.2800000000000000266 ) ) ;
#1688 = CARTESIAN_POINT ( 'NONE',  ( 0.1381060784456792923, -0.09588217453114028510, 0.2900000000000000355 ) ) ;
#1689 = CIRCLE ( 'NONE', #1957, 0.01000000000000002623 ) ;
#1690 = DIRECTION ( 'NONE',  ( 1.000000000000000000, 0.000000000000000000, -0.000000000000000000 ) ) ;
#1691 = SURFACE_SIDE_STYLE ('',( #4471 ) ) ;
#1692 = B_SPLINE_SURFACE_WITH_KNOTS ( 'NONE', 3, 1, ( 
 ( #5879, #6428 ),
 ( #269, #7148 ),
 ( #2999, #7840 ),
 ( #5160, #2371 ) ),
 .UNSPECIFIED., .F., .F., .F.,
 ( 4, 4 ),
 ( 2, 2 ),
 ( 35.00000000000000000, 36.00000000000000000 ),
 ( 0.000000000000000000, 1.000000000000000000 ),
 .UNSPECIFIED. ) ;
#1693 = EDGE_LOOP ( 'NONE', ( #2506, #4972, #7461, #5156 ) ) ;
#1694 = EDGE_LOOP ( 'NONE', ( #510, #6369, #6023, #1700 ) ) ;
#1695 = CARTESIAN_POINT ( 'NONE',  ( -0.04623473276314061381, -0.1001441644103016476, 0.2900000000000000355 ) ) ;
#1696 = AXIS2_PLACEMENT_3D ( 'NONE', #6093, #8852, #6903 ) ;
#1697 = CARTESIAN_POINT ( 'NONE',  ( -0.02123578500177629100, -0.1031814321982591626, 0.2800000000000000266 ) ) ;
#1698 = EDGE_LOOP ( 'NONE', ( #3585, #6377, #1044, #4259 ) ) ;
#1699 = CARTESIAN_POINT ( 'NONE',  ( 0.2040371606677416072, -0.05831766953734543457, 0.2900000000000000355 ) ) ;
#1700 = ORIENTED_EDGE ( 'NONE', *, *, #4002, .T. ) ;
#1701 = CARTESIAN_POINT ( 'NONE',  ( 0.1845661135799477881, -0.1159916166053566455, 0.2800000000000000266 ) ) ;
#1702 = CARTESIAN_POINT ( 'NONE',  ( 0.2741682099058027067, -0.1109012565815743478, 0.2900000000000000355 ) ) ;
#1703 = EDGE_CURVE ( 'NONE', #3758, #1263, #3302, .T. ) ;
#1704 = SURFACE_STYLE_FILL_AREA ( #8008 ) ;
#1705 = EDGE_CURVE ( 'NONE', #6755, #3235, #4177, .T. ) ;
#1706 = ORIENTED_EDGE ( 'NONE', *, *, #4693, .T. ) ;
#1707 = ORIENTED_EDGE ( 'NONE', *, *, #4882, .T. ) ;
#1708 = CARTESIAN_POINT ( 'NONE',  ( 0.2999999999999995448, -0.1500000000000001055, 0.2700000000000000178 ) ) ;
#1709 = VERTEX_POINT ( 'NONE', #635 ) ;
#1710 = ORIENTED_EDGE ( 'NONE', *, *, #1536, .F. ) ;
#1711 = CARTESIAN_POINT ( 'NONE',  ( 0.03179938276514428230, -0.1164986253374285241, 0.2900000000000000355 ) ) ;
#1712 =( NAMED_UNIT ( * ) SI_UNIT ( $, .STERADIAN. ) SOLID_ANGLE_UNIT ( ) );
#1713 = EDGE_CURVE ( 'NONE', #6123, #7274, #4912, .T. ) ;
#1714 = VERTEX_POINT ( 'NONE', #8874 ) ;
#1715 = CARTESIAN_POINT ( 'NONE',  ( 0.2508163932953340614, -0.1030389183270530862, 0.2900000000000000355 ) ) ;
#1716 = CARTESIAN_POINT ( 'NONE',  ( 0.2451548377570882398, -0.09596617387159464552, 0.2900000000000000355 ) ) ;
#1717 = ORIENTED_EDGE ( 'NONE', *, *, #5322, .T. ) ;
#1718 = LINE ( 'NONE', #1094, #4755 ) ;
#1719 = LINE ( 'NONE', #185, #589 ) ;
#1720 = FILL_AREA_STYLE_COLOUR ( '', #7635 ) ;
#1721 = ORIENTED_EDGE ( 'NONE', *, *, #5238, .T. ) ;
#1722 = FACE_OUTER_BOUND ( 'NONE', #6426, .T. ) ;
#1723 = EDGE_CURVE ( 'NONE', #2169, #8824, #6876, .T. ) ;
#1724 = SURFACE_STYLE_USAGE ( .BOTH. , #8471 ) ;
#1725 = VERTEX_POINT ( 'NONE', #1933 ) ;
#1726 = LINE ( 'NONE', #8698, #355 ) ;
#1727 = VECTOR ( 'NONE', #353, 1000.000000000000114 ) ;
#1728 = CARTESIAN_POINT ( 'NONE',  ( 0.2700000000000000733, 0.1199999999999999956, -0.02000000000000000042 ) ) ;
#1729 = CARTESIAN_POINT ( 'NONE',  ( 0.1355272986975834537, -0.06107284790003714159, 0.2800000000000000266 ) ) ;
#1730 = DIRECTION ( 'NONE',  ( 1.000000000000000000, -0.000000000000000000, -0.000000000000000000 ) ) ;
#1731 = EDGE_CURVE ( 'NONE', #6425, #707, #6753, .T. ) ;
#1732 = CARTESIAN_POINT ( 'NONE',  ( 0.2427524566238123682, -0.09389979009946414212, 0.2800000000000000266 ) ) ;
#1733 = CARTESIAN_POINT ( 'NONE',  ( 0.2047091553902559702, -0.06315603154021404153, 0.2900000000000000355 ) ) ;
#1734 = EDGE_CURVE ( 'NONE', #8865, #1360, #596, .T. ) ;
#1735 = EDGE_CURVE ( 'NONE', #3632, #3618, #3330, .T. ) ;
#1736 = VECTOR ( 'NONE', #3383, 1000.000000000000000 ) ;
#1737 = CARTESIAN_POINT ( 'NONE',  ( 0.2669442666379279738, -0.09299259722408043105, 0.2900000000000000355 ) ) ;
#1738 = CARTESIAN_POINT ( 'NONE',  ( 0.1657922610170732558, -0.1116740505125900229, 0.2900000000000000355 ) ) ;
#1739 = ORIENTED_EDGE ( 'NONE', *, *, #5650, .T. ) ;
#1740 = PRESENTATION_LAYER_ASSIGNMENT (  '', '', ( #304 ) ) ;
#1741 = ORIENTED_EDGE ( 'NONE', *, *, #1123, .F. ) ;
#1742 = CARTESIAN_POINT ( 'NONE',  ( 0.1357540969165407507, -0.04182019909729014356, 0.2900000000000000355 ) ) ;
#1743 = FACE_OUTER_BOUND ( 'NONE', #65, .T. ) ;
#1744 = EDGE_LOOP ( 'NONE', ( #3850, #4741, #1556, #7879 ) ) ;
#1745 = CARTESIAN_POINT ( 'NONE',  ( 0.03273392669980517561, -0.08005154556902538410, 0.2900000000000000355 ) ) ;
#1746 = ORIENTED_EDGE ( 'NONE', *, *, #8324, .F. ) ;
#1747 = LINE ( 'NONE', #6509, #3995 ) ;
#1748 = FILL_AREA_STYLE ('',( #5150 ) ) ;
#1749 = PLANE ( 'NONE',  #5741 ) ;
#1750 = EDGE_LOOP ( 'NONE', ( #8132, #7119, #890, #8413 ) ) ;
#1751 = CARTESIAN_POINT ( 'NONE',  ( 0.03950933012073095524, -0.1055177831226081220, 0.2900000000000000355 ) ) ;
#1752 = ORIENTED_EDGE ( 'NONE', *, *, #4786, .F. ) ;
#1753 = CARTESIAN_POINT ( 'NONE',  ( 0.1381144783797017828, -0.1091204705666753982, 0.2900000000000000355 ) ) ;
#1754 = MECHANICAL_DESIGN_GEOMETRIC_PRESENTATION_REPRESENTATION (  '', ( #891 ), #6048 ) ;
#1755 = ORIENTED_EDGE ( 'NONE', *, *, #4163, .F. ) ;
#1756 = ORIENTED_EDGE ( 'NONE', *, *, #6857, .T. ) ;
#1757 = FACE_OUTER_BOUND ( 'NONE', #1618, .T. ) ;
#1758 = DIRECTION ( 'NONE',  ( -0.9676172723861932168, -0.2524218971878306461, 0.000000000000000000 ) ) ;
#1759 = UNCERTAINTY_MEASURE_WITH_UNIT (LENGTH_MEASURE( 1.000000000000000082E-05 ), #8694, 'distance_accuracy_value', 'NONE');
#1760 = ORIENTED_EDGE ( 'NONE', *, *, #3795, .F. ) ;
#1761 = DIRECTION ( 'NONE',  ( -0.000000000000000000, 1.000000000000000000, -0.000000000000000000 ) ) ;
#1762 =( NAMED_UNIT ( * ) SI_UNIT ( $, .STERADIAN. ) SOLID_ANGLE_UNIT ( ) );
#1763 = EDGE_CURVE ( 'NONE', #5836, #8559, #4804, .T. ) ;
#1764 = VERTEX_POINT ( 'NONE', #4091 ) ;
#1765 = FACE_OUTER_BOUND ( 'NONE', #3097, .T. ) ;
#1766 = EDGE_CURVE ( 'NONE', #6878, #6602, #7516, .T. ) ;
#1767 = CARTESIAN_POINT ( 'NONE',  ( 0.1666742540904995185, -0.1198219865241172133, 0.2900000000000000355 ) ) ;
#1768 = B_SPLINE_SURFACE_WITH_KNOTS ( 'NONE', 3, 1, ( 
 ( #816, #6795 ),
 ( #8328, #1488 ),
 ( #6877, #5477 ),
 ( #5517, #3375 ) ),
 .UNSPECIFIED., .F., .F., .F.,
 ( 4, 4 ),
 ( 2, 2 ),
 ( 1.000000000000000000, 2.000000000000000000 ),
 ( 0.000000000000000000, 1.000000000000000000 ),
 .UNSPECIFIED. ) ;
#1769 = CARTESIAN_POINT ( 'NONE',  ( 0.1439692324003642721, -0.06453362072155989504, 0.2800000000000000266 ) ) ;
#1770 = DIRECTION ( 'NONE',  ( 0.000000000000000000, 0.000000000000000000, 1.000000000000000000 ) ) ;
#1771 = AXIS2_PLACEMENT_3D ( 'NONE', #5707, #2412, #5154 ) ;
#1772 = VERTEX_POINT ( 'NONE', #4848 ) ;
#1773 = LINE ( 'NONE', #6623, #6954 ) ;
#1774 = LINE ( 'NONE', #7213, #4737 ) ;
#1775 = ORIENTED_EDGE ( 'NONE', *, *, #1604, .T. ) ;
#1776 = CARTESIAN_POINT ( 'NONE',  ( 0.2427524566238123682, -0.09389979009946414212, 0.2900000000000000355 ) ) ;
#1777 = CARTESIAN_POINT ( 'NONE',  ( -0.05207561007423749944, -0.08238789649337455168, 0.2900000000000000355 ) ) ;
#1778 = B_SPLINE_CURVE_WITH_KNOTS ( 'NONE', 3,
 ( #1810, #5938, #6531, #8564 ),
 .UNSPECIFIED., .F., .F.,
 ( 4, 4 ),
 ( 1.000000000000000000, 2.000000000000000000 ),
 .UNSPECIFIED. ) ;
#1779 = DIRECTION ( 'NONE',  ( 0.000000000000000000, 1.000000000000000000, 0.000000000000000000 ) ) ;
#1780 = CARTESIAN_POINT ( 'NONE',  ( 0.07922730474836983672, -0.1034150637256598254, 0.2900000000000000355 ) ) ;
#1781 = ADVANCED_FACE ( 'NONE', ( #4764 ), #1351, .F. ) ;
#1782 = EDGE_LOOP ( 'NONE', ( #5702, #6725, #3471, #8264 ) ) ;
#1783 = EDGE_CURVE ( 'NONE', #8559, #4357, #765, .T. ) ;
#1784 = EDGE_CURVE ( 'NONE', #5133, #4778, #1582, .T. ) ;
#1785 = CARTESIAN_POINT ( 'NONE',  ( 0.1265057695466517695, -0.06401282481145953440, 0.2900000000000000355 ) ) ;
#1786 = ORIENTED_EDGE ( 'NONE', *, *, #6699, .T. ) ;
#1787 = CARTESIAN_POINT ( 'NONE',  ( 0.2052047514982870691, -0.05512569460500838653, 0.2900000000000000355 ) ) ;
#1788 = VERTEX_POINT ( 'NONE', #7796 ) ;
#1789 = EDGE_CURVE ( 'NONE', #2984, #7065, #2331, .T. ) ;
#1790 = LINE ( 'NONE', #5738, #3555 ) ;
#1791 = CARTESIAN_POINT ( 'NONE',  ( 0.2040035609314250209, -0.04383618326505789309, 0.2800000000000000266 ) ) ;
#1792 = VECTOR ( 'NONE', #253, 1000.000000000000000 ) ;
#1793 = SURFACE_SIDE_STYLE ('',( #7966 ) ) ;
#1794 = CARTESIAN_POINT ( 'NONE',  ( 0.2330757326183007794, -0.1161428154177709671, 0.2800000000000000266 ) ) ;
#1795 = ORIENTED_EDGE ( 'NONE', *, *, #5296, .F. ) ;
#1796 = LINE ( 'NONE', #8721, #7038 ) ;
#1797 = CARTESIAN_POINT ( 'NONE',  ( 0.1386436742237125430, -0.06831359103618106499, 0.2900000000000000355 ) ) ;
#1798 = EDGE_LOOP ( 'NONE', ( #360, #476, #7316 ) ) ;
#1799 = VECTOR ( 'NONE', #6082, 1000.000000000000114 ) ;
#1800 = ORIENTED_EDGE ( 'NONE', *, *, #5419, .F. ) ;
#1801 = DIRECTION ( 'NONE',  ( 0.000000000000000000, 0.000000000000000000, -1.000000000000000000 ) ) ;
#1802 = DIRECTION ( 'NONE',  ( -0.000000000000000000, 1.000000000000000000, -0.000000000000000000 ) ) ;
#1803 = ORIENTED_EDGE ( 'NONE', *, *, #7588, .T. ) ;
#1804 = DIRECTION ( 'NONE',  ( -1.000000000000000000, -0.000000000000000000, -0.000000000000000000 ) ) ;
#1805 = DIRECTION ( 'NONE',  ( -1.000000000000000000, -0.000000000000000000, -0.000000000000000000 ) ) ;
#1806 = B_SPLINE_CURVE_WITH_KNOTS ( 'NONE', 3,
 ( #2611, #6026, #8914, #6113 ),
 .UNSPECIFIED., .F., .F.,
 ( 4, 4 ),
 ( 3.000000000000000000, 4.000000000000000000 ),
 .UNSPECIFIED. ) ;
#1807 = ORIENTED_EDGE ( 'NONE', *, *, #3672, .F. ) ;
#1808 = CARTESIAN_POINT ( 'NONE',  ( 0.03904206706581658803, -0.1055177831226081220, 0.2800000000000000266 ) ) ;
#1809 = DIRECTION ( 'NONE',  ( 0.000000000000000000, 1.000000000000000000, 0.000000000000000000 ) ) ;
#1810 = CARTESIAN_POINT ( 'NONE',  ( 0.1767205751935840563, -0.1309434991833836048, 0.2800000000000000266 ) ) ;
#1811 = ADVANCED_FACE ( 'NONE', ( #3684 ), #4823, .F. ) ;
#1812 = VERTEX_POINT ( 'NONE', #1632 ) ;
#1813 = EDGE_CURVE ( 'NONE', #8111, #3034, #2829, .T. ) ;
#1814 = CARTESIAN_POINT ( 'NONE',  ( 0.2458604322159189670, -0.1152860221465259183, 0.2900000000000000355 ) ) ;
#1815 = CARTESIAN_POINT ( 'NONE',  ( 0.1134186723237558120, -0.09080861437540482806, 0.2900000000000000355 ) ) ;
#1816 = LINE ( 'NONE', #8700, #2445 ) ;
#1817 = ORIENTED_EDGE ( 'NONE', *, *, #7305, .F. ) ;
#1818 = CARTESIAN_POINT ( 'NONE',  ( 0.2451548377570882398, -0.09596617387159464552, 0.2800000000000000266 ) ) ;
#1819 = DIRECTION ( 'NONE',  ( 0.9345104387438671889, -0.3559357243643084812, 0.000000000000000000 ) ) ;
#1820 = DIRECTION ( 'NONE',  ( 1.000000000000000000, 0.000000000000000000, -0.000000000000000000 ) ) ;
#1821 = ORIENTED_EDGE ( 'NONE', *, *, #8752, .F. ) ;
#1822 = AXIS2_PLACEMENT_3D ( 'NONE', #7411, #6684, #7455 ) ;
#1823 = DIRECTION ( 'NONE',  ( 0.000000000000000000, 0.000000000000000000, -1.000000000000000000 ) ) ;
#1824 = VECTOR ( 'NONE', #4528, 1000.000000000000000 ) ;
#1825 = AXIS2_PLACEMENT_3D ( 'NONE', #5437, #7024, #8205 ) ;
#1826 = CARTESIAN_POINT ( 'NONE',  ( 0.1696982303422643890, -0.1096244666085043895, 0.2800000000000000266 ) ) ;
#1827 = ADVANCED_FACE ( 'NONE', ( #5077 ), #5565, .F. ) ;
#1828 = VERTEX_POINT ( 'NONE', #6972 ) ;
#1829 = CARTESIAN_POINT ( 'NONE',  ( 0.1657922610170732558, -0.1116740505125900229, 0.2900000000000000355 ) ) ;
#1830 = EDGE_LOOP ( 'NONE', ( #8012, #6173, #3949, #800, #6657, #7427, #205, #6518, #3722, #8636, #898, #5655, #4304, #5643, #6154 ) ) ;
#1831 = DIRECTION ( 'NONE',  ( -0.000000000000000000, -0.000000000000000000, -1.000000000000000000 ) ) ;
#1832 = CARTESIAN_POINT ( 'NONE',  ( 0.2040035609314250209, -0.04383618326505789309, 0.2900000000000000355 ) ) ;
#1833 = ADVANCED_FACE ( 'NONE', ( #8511 ), #8419, .F. ) ;
#1834 = DIRECTION ( 'NONE',  ( -0.9445574604294304510, -0.3283461648125419741, 0.000000000000000000 ) ) ;
#1835 = VECTOR ( 'NONE', #5258, 1000.000000000000000 ) ;
#1836 = CARTESIAN_POINT ( 'NONE',  ( 0.03179938276514428230, -0.1127604674232806359, 0.2900000000000000355 ) ) ;
#1837 = ORIENTED_EDGE ( 'NONE', *, *, #1218, .T. ) ;
#1838 = CARTESIAN_POINT ( 'NONE',  ( -0.02871210083007477709, -0.05902438724921166974, 0.2900000000000000355 ) ) ;
#1839 = SURFACE_STYLE_USAGE ( .BOTH. , #3177 ) ;
#1840 = ORIENTED_EDGE ( 'NONE', *, *, #3899, .T. ) ;
#1841 = ADVANCED_FACE ( 'NONE', ( #8066 ), #4452, .F. ) ;
#1842 = VERTEX_POINT ( 'NONE', #5801 ) ;
#1843 = LINE ( 'NONE', #4579, #1453 ) ;
#1844 = PLANE ( 'NONE',  #4126 ) ;
#1845 = CARTESIAN_POINT ( 'NONE',  ( 0.1134186723237567834, -0.1050885022309151484, 0.2800000000000000266 ) ) ;
#1846 = ORIENTED_EDGE ( 'NONE', *, *, #958, .F. ) ;
#1847 = CARTESIAN_POINT ( 'NONE',  ( 0.2330757326183007794, -0.1161428154177709671, 0.2900000000000000355 ) ) ;
#1848 = DIRECTION ( 'NONE',  ( 0.3493954794691080945, -0.9369753459544984953, -0.000000000000000000 ) ) ;
#1849 = VERTEX_POINT ( 'NONE', #4585 ) ;
#1850 = LINE ( 'NONE', #1891, #6896 ) ;
#1851 = CARTESIAN_POINT ( 'NONE',  ( 0.1091767056373072614, -0.08702864406078214543, 0.2900000000000000355 ) ) ;
#1852 = CARTESIAN_POINT ( 'NONE',  ( 0.1376776818099439137, -0.06337442982503699307, 0.2800000000000000266 ) ) ;
#1853 = ORIENTED_EDGE ( 'NONE', *, *, #5788, .T. ) ;
#1854 = CARTESIAN_POINT ( 'NONE',  ( 0.2206774299861893052, -0.05505849513260052674, 0.2900000000000000355 ) ) ;
#1855 = CARTESIAN_POINT ( 'NONE',  ( 0.1699502283632908783, -0.09692376635134111740, 0.2900000000000000355 ) ) ;
#1856 = CARTESIAN_POINT ( 'NONE',  ( 0.1359556953333183049, -0.1204435816424944544, 0.2900000000000000355 ) ) ;
#1857 = ORIENTED_EDGE ( 'NONE', *, *, #576, .F. ) ;
#1858 = CARTESIAN_POINT ( 'NONE',  ( -0.1299999999999998934, -0.1200000000000000233, -0.02000000000000000042 ) ) ;
#1859 =( NAMED_UNIT ( * ) SI_UNIT ( $, .STERADIAN. ) SOLID_ANGLE_UNIT ( ) );
#1860 = EDGE_CURVE ( 'NONE', #1897, #3845, #1092, .T. ) ;
#1861 = CYLINDRICAL_SURFACE ( 'NONE', #2614, 0.01000000000000002623 ) ;
#1862 = EDGE_LOOP ( 'NONE', ( #3194, #2761, #7798, #5069 ) ) ;
#1863 = CARTESIAN_POINT ( 'NONE',  ( 0.2999999999999995448, 0.1499999999999998834, 0.2700000000000000178 ) ) ;
#1864 = VECTOR ( 'NONE', #616, 1000.000000000000000 ) ;
#1865 = EDGE_CURVE ( 'NONE', #5876, #2635, #8558, .T. ) ;
#1866 = CARTESIAN_POINT ( 'NONE',  ( 0.1134186723237558120, -0.03489865345446935968, 0.2800000000000000266 ) ) ;
#1867 = ORIENTED_EDGE ( 'NONE', *, *, #8433, .T. ) ;
#1868 = DIRECTION ( 'NONE',  ( -0.000000000000000000, -0.000000000000000000, -1.000000000000000000 ) ) ;
#1869 = ORIENTED_EDGE ( 'NONE', *, *, #2972, .F. ) ;
#1870 = LINE ( 'NONE', #5283, #6284 ) ;
#1871 = CARTESIAN_POINT ( 'NONE',  ( 0.1750237885189137588, -0.05295851162460198103, 0.2800000000000000266 ) ) ;
#1872 = PRESENTATION_STYLE_ASSIGNMENT (( #4529 ) ) ;
#1873 = VECTOR ( 'NONE', #4534, 1000.000000000000000 ) ;
#1874 = VECTOR ( 'NONE', #2963, 1000.000000000000000 ) ;
#1875 = DIRECTION ( 'NONE',  ( 1.000000000000000000, 0.000000000000000000, 0.000000000000000000 ) ) ;
#1876 = VERTEX_POINT ( 'NONE', #7199 ) ;
#1877 = CARTESIAN_POINT ( 'NONE',  ( 0.1437676339835886052, -0.1151516232019337699, 0.2800000000000000266 ) ) ;
#1878 = CARTESIAN_POINT ( 'NONE',  ( 0.03273392669980517561, -0.08005154556902538410, 0.2800000000000000266 ) ) ;
#1879 = EDGE_LOOP ( 'NONE', ( #7146, #4595, #804, #2997 ) ) ;
#1880 = ORIENTED_EDGE ( 'NONE', *, *, #1123, .T. ) ;
#1881 = VECTOR ( 'NONE', #786, 1000.000000000000114 ) ;
#1882 = CARTESIAN_POINT ( 'NONE',  ( 0.1354012996871259700, -0.1001829407558624679, 0.2900000000000000355 ) ) ;
#1883 = CARTESIAN_POINT ( 'NONE',  ( 0.1710758195236094792, -0.1135052361316282732, 0.2800000000000000266 ) ) ;
#1884 = EDGE_CURVE ( 'NONE', #8626, #7468, #7248, .T. ) ;
#1885 = ORIENTED_EDGE ( 'NONE', *, *, #7666, .F. ) ;
#1886 = CARTESIAN_POINT ( 'NONE',  ( -0.01632944271309376416, -0.06252891363595976248, 0.2800000000000000266 ) ) ;
#1887 = LINE ( 'NONE', #1344, #5651 ) ;
#1888 = EDGE_CURVE ( 'NONE', #8714, #5585, #3911, .T. ) ;
#1889 = EDGE_CURVE ( 'NONE', #76, #4360, #1181, .T. ) ;
#1890 = VERTEX_POINT ( 'NONE', #1136 ) ;
#1891 = CARTESIAN_POINT ( 'NONE',  ( 0.2044235576332510129, -0.1013253317843389734, 0.2900000000000000355 ) ) ;
#1892 = CARTESIAN_POINT ( 'NONE',  ( 0.1552503438061812180, -0.1027533205698233643, 0.2800000000000000266 ) ) ;
#1893 = FACE_OUTER_BOUND ( 'NONE', #5864, .T. ) ;
#1894 = ORIENTED_EDGE ( 'NONE', *, *, #2058, .T. ) ;
#1895 = CARTESIAN_POINT ( 'NONE',  ( 0.1594923104926285751, -0.1033245160840624843, 0.2800000000000000266 ) ) ;
#1896 = CARTESIAN_POINT ( 'NONE',  ( 0.2330757326183007794, -0.1161428154177709671, 0.2800000000000000266 ) ) ;
#1897 = VERTEX_POINT ( 'NONE', #5300 ) ;
#1898 = MECHANICAL_DESIGN_GEOMETRIC_PRESENTATION_REPRESENTATION (  '', ( #3333 ), #5340 ) ;
#1899 = CARTESIAN_POINT ( 'NONE',  ( 0.03950933012073095524, -0.1055177831226081220, 0.2800000000000000266 ) ) ;
#1900 = CARTESIAN_POINT ( 'NONE',  ( -0.04623473276314061381, -0.1001441644103016476, 0.2900000000000000355 ) ) ;
#1901 = CARTESIAN_POINT ( 'NONE',  ( 0.2047091553902559702, -0.03924981928332918479, 0.2900000000000000355 ) ) ;
#1902 =( LENGTH_UNIT ( ) NAMED_UNIT ( * ) SI_UNIT ( .MILLI., .METRE. ) );
#1903 = EDGE_LOOP ( 'NONE', ( #4282, #7090, #8271, #2040 ) ) ;
#1904 = DIRECTION ( 'NONE',  ( -0.3559357243698821893, -0.9345104387417441094, -0.000000000000000000 ) ) ;
#1905 = DIRECTION ( 'NONE',  ( 1.979642650957444695E-14, -1.000000000000000000, -0.000000000000000000 ) ) ;
#1906 = VERTEX_POINT ( 'NONE', #6655 ) ;
#1907 = CARTESIAN_POINT ( 'NONE',  ( 0.1764013777002614303, -0.1274155268896769999, 0.2800000000000000266 ) ) ;
#1908 = ORIENTED_EDGE ( 'NONE', *, *, #5547, .F. ) ;
#1909 = CARTESIAN_POINT ( 'NONE',  ( 0.1922856529560753314, -0.03489865345446935968, 0.2900000000000000355 ) ) ;
#1910 = CARTESIAN_POINT ( 'NONE',  ( 0.1796857519070766962, -0.1263235354653386988, 0.2900000000000000355 ) ) ;
#1911 = EDGE_CURVE ( 'NONE', #939, #2019, #456, .T. ) ;
#1912 = DIRECTION ( 'NONE',  ( -0.000000000000000000, -0.000000000000000000, -1.000000000000000000 ) ) ;
#1913 = VECTOR ( 'NONE', #1311, 1000.000000000000000 ) ;
#1914 = EDGE_CURVE ( 'NONE', #8814, #1450, #6635, .T. ) ;
#1915 = ORIENTED_EDGE ( 'NONE', *, *, #440, .T. ) ;
#1916 = DIRECTION ( 'NONE',  ( 0.000000000000000000, 0.000000000000000000, -1.000000000000000000 ) ) ;
#1917 = ORIENTED_EDGE ( 'NONE', *, *, #6936, .T. ) ;
#1918 = EDGE_LOOP ( 'NONE', ( #6572, #2949 ) ) ;
#1919 = DIRECTION ( 'NONE',  ( -0.3283461648125419186, 0.9445574604294304510, -0.000000000000000000 ) ) ;
#1920 = AXIS2_PLACEMENT_3D ( 'NONE', #5289, #618, #2033 ) ;
#1921 = DIRECTION ( 'NONE',  ( -0.000000000000000000, -0.000000000000000000, -1.000000000000000000 ) ) ;
#1922 = ORIENTED_EDGE ( 'NONE', *, *, #1176, .F. ) ;
#1923 = DIRECTION ( 'NONE',  ( -0.000000000000000000, -0.000000000000000000, -1.000000000000000000 ) ) ;
#1924 = CARTESIAN_POINT ( 'NONE',  ( 0.2161750653446923021, -0.1050885022309148292, 0.2800000000000000266 ) ) ;
#1925 = CARTESIAN_POINT ( 'NONE',  ( 0.1504035818694011428, -0.03479785424596924803, 0.2900000000000000355 ) ) ;
#1926 = VERTEX_POINT ( 'NONE', #7891 ) ;
#1927 = B_SPLINE_CURVE_WITH_KNOTS ( 'NONE', 3,
 ( #5016, #112, #7731, #4828 ),
 .UNSPECIFIED., .F., .F.,
 ( 4, 4 ),
 ( 9.000000000000000000, 10.00000000000000000 ),
 .UNSPECIFIED. ) ;
#1928 = DIRECTION ( 'NONE',  ( -0.000000000000000000, 1.000000000000000000, -0.000000000000000000 ) ) ;
#1929 = EDGE_CURVE ( 'NONE', #2369, #2943, #2473, .T. ) ;
#1930 = CARTESIAN_POINT ( 'NONE',  ( 0.1323017240291529673, -0.05169852151957896741, 0.2800000000000000266 ) ) ;
#1931 = EDGE_CURVE ( 'NONE', #4389, #922, #4049, .T. ) ;
#1932 = CARTESIAN_POINT ( 'NONE',  ( 0.1397860652521885072, -0.03434425780827687902, 0.2800000000000000266 ) ) ;
#1933 = CARTESIAN_POINT ( 'NONE',  ( 0.1632722808073605036, -0.05295851162460198103, 0.2900000000000000355 ) ) ;
#1934 = CARTESIAN_POINT ( 'NONE',  ( -0.02357213147000173856, -0.04547356481053460575, 0.2900000000000000355 ) ) ;
#1935 = VERTEX_POINT ( 'NONE', #412 ) ;
#1936 = EDGE_CURVE ( 'NONE', #1018, #8876, #4404, .T. ) ;
#1937 = DIRECTION ( 'NONE',  ( -0.000000000000000000, 0.000000000000000000, -1.000000000000000000 ) ) ;
#1938 = SURFACE_STYLE_USAGE ( .BOTH. , #4513 ) ;
#1939 = FILL_AREA_STYLE_COLOUR ( '', #4034 ) ;
#1940 = DIRECTION ( 'NONE',  ( 0.000000000000000000, 0.000000000000000000, 1.000000000000000000 ) ) ;
#1941 = DIRECTION ( 'NONE',  ( -1.000000000000000000, -1.505836350674311495E-16, 0.000000000000000000 ) ) ;
#1942 = EDGE_LOOP ( 'NONE', ( #7631, #8856, #4433, #8634 ) ) ;
#1943 = CARTESIAN_POINT ( 'NONE',  ( 0.2332689311010539002, -0.09080861437540363457, 0.2800000000000000266 ) ) ;
#1944 = CARTESIAN_POINT ( 'NONE',  ( 0.2047091553902559702, -0.03924981928332918479, 0.2800000000000000266 ) ) ;
#1945 = LINE ( 'NONE', #5958, #2441 ) ;
#1946 = ORIENTED_EDGE ( 'NONE', *, *, #3622, .F. ) ;
#1947 = ORIENTED_EDGE ( 'NONE', *, *, #7604, .F. ) ;
#1948 = FACE_OUTER_BOUND ( 'NONE', #3560, .T. ) ;
#1949 = CARTESIAN_POINT ( 'NONE',  ( 0.1314617306258421547, -0.1173692057867031374, 0.2800000000000000266 ) ) ;
#1950 = CARTESIAN_POINT ( 'NONE',  ( 0.1740661960392821950, -0.1269451305837139832, 0.2900000000000000355 ) ) ;
#1951 = LINE ( 'NONE', #7322, #2905 ) ;
#1952 =( GEOMETRIC_REPRESENTATION_CONTEXT ( 3 ) GLOBAL_UNCERTAINTY_ASSIGNED_CONTEXT ( ( #1482 ) ) GLOBAL_UNIT_ASSIGNED_CONTEXT ( ( #2571, #7996, #5400 ) ) REPRESENTATION_CONTEXT ( 'NONE', 'WORKASPACE' ) );
#1953 = ORIENTED_EDGE ( 'NONE', *, *, #6940, .F. ) ;
#1954 = ORIENTED_EDGE ( 'NONE', *, *, #1865, .F. ) ;
#1955 = CARTESIAN_POINT ( 'NONE',  ( 0.1407772574680280497, -0.09922534827611621810, 0.2900000000000000355 ) ) ;
#1956 = EDGE_CURVE ( 'NONE', #5153, #7373, #1042, .T. ) ;
#1957 = AXIS2_PLACEMENT_3D ( 'NONE', #2036, #2551, #5293 ) ;
#1958 = DIRECTION ( 'NONE',  ( 1.000000000000000000, 0.000000000000000000, 0.000000000000000000 ) ) ;
#1959 = PLANE ( 'NONE',  #5025 ) ;
#1960 = VERTEX_POINT ( 'NONE', #5254 ) ;
#1961 = LINE ( 'NONE', #4757, #8912 ) ;
#1962 = CARTESIAN_POINT ( 'NONE',  ( 0.1360564945417067628, -0.1102964613312435171, 0.2800000000000000266 ) ) ;
#1963 = VECTOR ( 'NONE', #911, 1000.000000000000000 ) ;
#1964 = ORIENTED_EDGE ( 'NONE', *, *, #5894, .T. ) ;
#1965 = SURFACE_STYLE_FILL_AREA ( #6701 ) ;
#1966 =( LENGTH_UNIT ( ) NAMED_UNIT ( * ) SI_UNIT ( .MILLI., .METRE. ) );
#1967 = EDGE_CURVE ( 'NONE', #7373, #1478, #8891, .T. ) ;
#1968 = CARTESIAN_POINT ( 'NONE',  ( 0.1552251440041115260, -0.1190659924611474074, 0.2900000000000000355 ) ) ;
#1969 = CARTESIAN_POINT ( 'NONE',  ( 0.1960992230067897246, -0.06401282481145953440, 0.2900000000000000355 ) ) ;
#1970 = CARTESIAN_POINT ( 'NONE',  ( 0.1349645031174793730, -0.1132700379787587031, 0.2800000000000000266 ) ) ;
#1971 = CARTESIAN_POINT ( 'NONE',  ( 0.1844569144376479453, -0.1159916166053566455, 0.2800000000000000266 ) ) ;
#1972 = ORIENTED_EDGE ( 'NONE', *, *, #3262, .T. ) ;
#1973 = CARTESIAN_POINT ( 'NONE',  ( 0.007267698058694544404, -0.1106577480263321311, 0.2900000000000000355 ) ) ;
#1974 = CARTESIAN_POINT ( 'NONE',  ( 0.1871532932621781109, -0.03867862376909076555, 0.2900000000000000355 ) ) ;
#1975 = PRESENTATION_STYLE_ASSIGNMENT (( #4769 ) ) ;
#1976 = CARTESIAN_POINT ( 'NONE',  ( 0.1251701800354209360, -0.1013253317843398338, 0.2900000000000000355 ) ) ;
#1977 = ORIENTED_EDGE ( 'NONE', *, *, #902, .T. ) ;
#1978 = CARTESIAN_POINT ( 'NONE',  ( 0.03273392669980517561, -0.08005154556902538410, 0.2900000000000000355 ) ) ;
#1979 = EDGE_CURVE ( 'NONE', #3813, #7324, #5166, .T. ) ;
#1980 = DIRECTION ( 'NONE',  ( -0.000000000000000000, -0.000000000000000000, -1.000000000000000000 ) ) ;
#1981 = CARTESIAN_POINT ( 'NONE',  ( 0.05656470791146696320, -0.04967899692029988795, 0.2900000000000000355 ) ) ;
#1982 = EDGE_CURVE ( 'NONE', #8442, #853, #7467, .T. ) ;
#1983 = EDGE_CURVE ( 'NONE', #6281, #8603, #2727, .T. ) ;
#1984 = CARTESIAN_POINT ( 'NONE',  ( -0.02637575881808560188, -0.1354230642602951284, 0.2900000000000000355 ) ) ;
#1985 = ORIENTED_EDGE ( 'NONE', *, *, #1860, .F. ) ;
#1986 = ORIENTED_EDGE ( 'NONE', *, *, #1784, .F. ) ;
#1987 = CARTESIAN_POINT ( 'NONE',  ( 0.2651550806887820189, -0.08702864406078171522, 0.2800000000000000266 ) ) ;
#1988 = DIRECTION ( 'NONE',  ( 0.3315284183504370041, 0.9434452330824814048, -0.000000000000000000 ) ) ;
#1989 = PLANE ( 'NONE',  #8192 ) ;
#1990 =( NAMED_UNIT ( * ) SI_UNIT ( $, .STERADIAN. ) SOLID_ANGLE_UNIT ( ) );
#1991 = VECTOR ( 'NONE', #3579, 1000.000000000000000 ) ;
#1992 = ORIENTED_EDGE ( 'NONE', *, *, #4416, .F. ) ;
#1993 = CARTESIAN_POINT ( 'NONE',  ( 0.1446664269250605706, -0.03434425780827687902, 0.2800000000000000266 ) ) ;
#1994 = VERTEX_POINT ( 'NONE', #5383 ) ;
#1995 = CARTESIAN_POINT ( 'NONE',  ( 0.1632722808073605036, -0.05295851162460198103, 0.2900000000000000355 ) ) ;
#1996 = VECTOR ( 'NONE', #7313, 1000.000000000000000 ) ;
#1997 = CARTESIAN_POINT ( 'NONE',  ( 0.1361572937500942215, -0.1160084164734043327, 0.2900000000000000355 ) ) ;
#1998 = VERTEX_POINT ( 'NONE', #5511 ) ;
#1999 = DIRECTION ( 'NONE',  ( -0.000000000000000000, -0.000000000000000000, -1.000000000000000000 ) ) ;
#2000 = LINE ( 'NONE', #2773, #6520 ) ;
#2001 = VERTEX_POINT ( 'NONE', #1962 ) ;
#2002 = B_SPLINE_CURVE_WITH_KNOTS ( 'NONE', 3,
 ( #3468, #7, #2703, #7526 ),
 .UNSPECIFIED., .F., .F.,
 ( 4, 4 ),
 ( 14.00000000000000000, 15.00000000000000000 ),
 .UNSPECIFIED. ) ;
#2003 = PRESENTATION_STYLE_ASSIGNMENT (( #5425 ) ) ;
#2004 = DIRECTION ( 'NONE',  ( -1.000000000000000000, 0.000000000000000000, -0.000000000000000000 ) ) ;
#2005 = VECTOR ( 'NONE', #5805, 1000.000000000000000 ) ;
#2006 = CARTESIAN_POINT ( 'NONE',  ( 0.1845661135799477881, -0.1159916166053566455, 0.2900000000000000355 ) ) ;
#2007 = B_SPLINE_CURVE_WITH_KNOTS ( 'NONE', 3,
 ( #6446, #7764, #8390, #7812 ),
 .UNSPECIFIED., .F., .F.,
 ( 4, 4 ),
 ( 11.00000000000000000, 12.00000000000000000 ),
 .UNSPECIFIED. ) ;
#2008 = ADVANCED_FACE ( 'NONE', ( #4631 ), #8149, .F. ) ;
#2009 = DIRECTION ( 'NONE',  ( -0.3559357243698822448, 0.9345104387417441094, -0.000000000000000000 ) ) ;
#2010 = EDGE_CURVE ( 'NONE', #8896, #4978, #4486, .T. ) ;
#2011 = PLANE ( 'NONE',  #2873 ) ;
#2012 = ORIENTED_EDGE ( 'NONE', *, *, #5729, .T. ) ;
#2013 = DIRECTION ( 'NONE',  ( 0.3493954794973161970, -0.9369753459439796872, -0.000000000000000000 ) ) ;
#2014 = COLOUR_RGB ( '',0.2980392156862745057, 0.2980392156862745057, 0.2980392156862745057 ) ;
#2015 =( NAMED_UNIT ( * ) PLANE_ANGLE_UNIT ( ) SI_UNIT ( $, .RADIAN. ) );
#2016 = B_SPLINE_SURFACE_WITH_KNOTS ( 'NONE', 3, 1, ( 
 ( #3840, #8616 ),
 ( #4644, #4555 ),
 ( #5857, #3928 ),
 ( #7397, #5223 ) ),
 .UNSPECIFIED., .F., .F., .F.,
 ( 4, 4 ),
 ( 2, 2 ),
 ( 6.000000000000000000, 7.000000000000000000 ),
 ( 0.000000000000000000, 1.000000000000000000 ),
 .UNSPECIFIED. ) ;
#2017 = FACE_OUTER_BOUND ( 'NONE', #655, .T. ) ;
#2018 = LINE ( 'NONE', #729, #1109 ) ;
#2019 = VERTEX_POINT ( 'NONE', #7510 ) ;
#2020 = CARTESIAN_POINT ( 'NONE',  ( 0.2044235576332493753, -0.1161428154177715083, 0.2800000000000000266 ) ) ;
#2021 = VECTOR ( 'NONE', #385, 1000.000000000000000 ) ;
#2022 = CARTESIAN_POINT ( 'NONE',  ( 0.2161750653446923021, -0.1050885022309148292, 0.2900000000000000355 ) ) ;
#2023 = PRESENTATION_STYLE_ASSIGNMENT (( #8214 ) ) ;
#2024 = LINE ( 'NONE', #4777, #7048 ) ;
#2025 = ORIENTED_EDGE ( 'NONE', *, *, #8741, .F. ) ;
#2026 = EDGE_CURVE ( 'NONE', #8603, #2271, #8777, .T. ) ;
#2027 = CARTESIAN_POINT ( 'NONE',  ( 0.2451884374934041599, -0.1104476601436588240, 0.2800000000000000266 ) ) ;
#2028 = CARTESIAN_POINT ( 'NONE',  ( 0.05235926911757135538, -0.1200031517241759577, 0.2900000000000000355 ) ) ;
#2029 = DIRECTION ( 'NONE',  ( 0.000000000000000000, 1.000000000000000000, 0.000000000000000000 ) ) ;
#2030 = EDGE_CURVE ( 'NONE', #2558, #8240, #3623, .T. ) ;
#2031 = SURFACE_STYLE_USAGE ( .BOTH. , #1371 ) ;
#2032 = ORIENTED_EDGE ( 'NONE', *, *, #5214, .F. ) ;
#2033 = DIRECTION ( 'NONE',  ( 0.000000000000000000, 0.000000000000000000, 1.000000000000000000 ) ) ;
#2034 = EDGE_CURVE ( 'NONE', #748, #2898, #3192, .T. ) ;
#2035 = ORIENTED_EDGE ( 'NONE', *, *, #2377, .F. ) ;
#2036 = CARTESIAN_POINT ( 'NONE',  ( 0.2999999999999995448, 0.1499999999999998834, 0.2700000000000000178 ) ) ;
#2037 = SURFACE_STYLE_FILL_AREA ( #4120 ) ;
#2038 = PRESENTATION_LAYER_ASSIGNMENT (  '', '', ( #6373 ) ) ;
#2039 = CARTESIAN_POINT ( 'NONE',  ( 0.1268501668419325379, -0.1198891859963020501, 0.2800000000000000266 ) ) ;
#2040 = ORIENTED_EDGE ( 'NONE', *, *, #6718, .T. ) ;
#2041 = ORIENTED_EDGE ( 'NONE', *, *, #7307, .T. ) ;
#2042 = CARTESIAN_POINT ( 'NONE',  ( 0.2171074580223687489, -0.09080861437540363457, 0.2900000000000000355 ) ) ;
#2043 = CARTESIAN_POINT ( 'NONE',  ( 0.2427524566238123682, -0.09389979009946414212, 0.2800000000000000266 ) ) ;
#2044 = ORIENTED_EDGE ( 'NONE', *, *, #1512, .T. ) ;
#2045 = AXIS2_PLACEMENT_3D ( 'NONE', #5709, #864, #7748 ) ;
#2046 = CARTESIAN_POINT ( 'NONE',  ( 0.1668506527052079358, -0.1160252163414495497, 0.2900000000000000355 ) ) ;
#2047 = CARTESIAN_POINT ( 'NONE',  ( 0.1699502283632908783, -0.09692376635134111740, 0.2800000000000000266 ) ) ;
#2048 = CARTESIAN_POINT ( 'NONE',  ( 0.1261025727129859719, -0.09080861437540482806, 0.2900000000000000355 ) ) ;
#2049 = FACE_OUTER_BOUND ( 'NONE', #3699, .T. ) ;
#2050 = CARTESIAN_POINT ( 'NONE',  ( 0.2240626034015042456, -0.08702864406078171522, 0.2900000000000000355 ) ) ;
#2051 = CARTESIAN_POINT ( 'NONE',  ( 0.03764026007612852193, -0.03052091839290870315, 0.2900000000000000355 ) ) ;
#2052 = ORIENTED_EDGE ( 'NONE', *, *, #3478, .T. ) ;
#2053 = DIRECTION ( 'NONE',  ( -0.000000000000000000, -0.000000000000000000, -1.000000000000000000 ) ) ;
#2054 = CARTESIAN_POINT ( 'NONE',  ( -0.03525389054843123399, -0.1288812834545230990, 0.2800000000000000266 ) ) ;
#2055 = DIRECTION ( 'NONE',  ( -0.000000000000000000, -0.000000000000000000, -1.000000000000000000 ) ) ;
#2056 = VECTOR ( 'NONE', #5530, 1000.000000000000000 ) ;
#2057 = CARTESIAN_POINT ( 'NONE',  ( 0.2206774299861893052, -0.05505849513260052674, 0.2800000000000000266 ) ) ;
#2058 = EDGE_CURVE ( 'NONE', #8854, #4117, #2000, .T. ) ;
#2059 = EDGE_CURVE ( 'NONE', #7237, #8368, #1197, .T. ) ;
#2060 = CARTESIAN_POINT ( 'NONE',  ( 0.1455316201304421853, -0.1049709031543675786, 0.2800000000000000266 ) ) ;
#2061 = DIRECTION ( 'NONE',  ( -1.000000000000000000, 0.000000000000000000, 0.000000000000000000 ) ) ;
#2062 = VERTEX_POINT ( 'NONE', #4125 ) ;
#2063 = LINE ( 'NONE', #4812, #8285 ) ;
#2064 = ORIENTED_EDGE ( 'NONE', *, *, #3622, .T. ) ;
#2065 = CARTESIAN_POINT ( 'NONE',  ( 0.1639862752001049750, -0.09922534827611621810, 0.2900000000000000355 ) ) ;
#2066 = CARTESIAN_POINT ( 'NONE',  ( 0.1134186723237558120, -0.03489865345446935968, 0.2900000000000000355 ) ) ;
#2067 = PLANE ( 'NONE',  #4797 ) ;
#2068 = CARTESIAN_POINT ( 'NONE',  ( 0.1433560372160112284, -0.06831359103618106499, 0.2800000000000000266 ) ) ;
#2069 = VERTEX_POINT ( 'NONE', #1304 ) ;
#2070 = ADVANCED_FACE ( 'NONE', ( #2644 ), #6839, .F. ) ;
#2071 = LINE ( 'NONE', #6360, #6565 ) ;
#2072 = PLANE ( 'NONE',  #6061 ) ;
#2073 = LINE ( 'NONE', #8441, #431 ) ;
#2074 = DIRECTION ( 'NONE',  ( 0.000000000000000000, 0.000000000000000000, -1.000000000000000000 ) ) ;
#2075 = ORIENTED_EDGE ( 'NONE', *, *, #8602, .T. ) ;
#2076 = CARTESIAN_POINT ( 'NONE',  ( 0.1594923104926285751, -0.1033245160840624843, 0.2900000000000000355 ) ) ;
#2077 = ORIENTED_EDGE ( 'NONE', *, *, #6590, .F. ) ;
#2078 = EDGE_CURVE ( 'NONE', #356, #537, #1887, .T. ) ;
#2079 = LINE ( 'NONE', #4830, #6998 ) ;
#2080 = SPHERICAL_SURFACE ( 'NONE', #2399, 0.01000000000000000021 ) ;
#2081 = DIRECTION ( 'NONE',  ( 0.9369753459544984953, 0.3493954794691081500, -0.000000000000000000 ) ) ;
#2082 = ORIENTED_EDGE ( 'NONE', *, *, #228, .T. ) ;
#2083 = ORIENTED_EDGE ( 'NONE', *, *, #6723, .F. ) ;
#2084 = B_SPLINE_SURFACE_WITH_KNOTS ( 'NONE', 3, 1, ( 
 ( #3960, #8026 ),
 ( #4502, #8560 ),
 ( #4546, #3191 ),
 ( #7250, #5125 ) ),
 .UNSPECIFIED., .F., .F., .F.,
 ( 4, 4 ),
 ( 2, 2 ),
 ( 10.00000000000000000, 11.00000000000000000 ),
 ( 0.000000000000000000, 1.000000000000000000 ),
 .UNSPECIFIED. ) ;
#2085 = DIRECTION ( 'NONE',  ( 0.000000000000000000, 0.000000000000000000, -1.000000000000000000 ) ) ;
#2086 = LINE ( 'NONE', #5701, #773 ) ;
#2087 = EDGE_CURVE ( 'NONE', #1478, #5005, #1630, .T. ) ;
#2088 = ORIENTED_EDGE ( 'NONE', *, *, #5476, .T. ) ;
#2089 = EDGE_CURVE ( 'NONE', #2994, #8820, #6868, .T. ) ;
#2090 = VECTOR ( 'NONE', #3141, 1000.000000000000000 ) ;
#2091 = EDGE_CURVE ( 'NONE', #3860, #5721, #4758, .T. ) ;
#2092 = LINE ( 'NONE', #8321, #6628 ) ;
#2093 = SURFACE_STYLE_FILL_AREA ( #8115 ) ;
#2094 = DIRECTION ( 'NONE',  ( -0.000000000000000000, -0.000000000000000000, -1.000000000000000000 ) ) ;
#2095 = AXIS2_PLACEMENT_3D ( 'NONE', #1995, #6099, #4624 ) ;
#2096 = DIRECTION ( 'NONE',  ( 0.000000000000000000, 1.000000000000000000, 0.000000000000000000 ) ) ;
#2097 = CARTESIAN_POINT ( 'NONE',  ( 0.1265057695466517695, -0.06401282481145953440, 0.2800000000000000266 ) ) ;
#2098 = EDGE_LOOP ( 'NONE', ( #2952, #7963, #1946, #877 ) ) ;
#2099 = LINE ( 'NONE', #1314, #7842 ) ;
#2100 = B_SPLINE_CURVE_WITH_KNOTS ( 'NONE', 3,
 ( #8821, #8148, #8903, #4041 ),
 .UNSPECIFIED., .F., .F.,
 ( 4, 4 ),
 ( 10.00000000000000000, 11.00000000000000000 ),
 .UNSPECIFIED. ) ;
#2101 = DIRECTION ( 'NONE',  ( 0.000000000000000000, -1.000000000000000000, 0.000000000000000000 ) ) ;
#2102 = LINE ( 'NONE', #6714, #6041 ) ;
#2103 = CARTESIAN_POINT ( 'NONE',  ( 0.1829113265756171502, -0.03489865345446935968, 0.2900000000000000355 ) ) ;
#2104 = CARTESIAN_POINT ( 'NONE',  ( -0.05698195459103864990, -0.1083213971019836019, 0.2800000000000000266 ) ) ;
#2105 = CARTESIAN_POINT ( 'NONE',  ( -0.05698195459103864990, -0.1083213971019836019, 0.2900000000000000355 ) ) ;
#2106 = ORIENTED_EDGE ( 'NONE', *, *, #3709, .F. ) ;
#2107 = ORIENTED_EDGE ( 'NONE', *, *, #6667, .T. ) ;
#2108 = ORIENTED_EDGE ( 'NONE', *, *, #5441, .F. ) ;
#2109 = CARTESIAN_POINT ( 'NONE',  ( 0.1607439006635171530, -0.1000989414156316648, 0.2900000000000000355 ) ) ;
#2110 = CARTESIAN_POINT ( 'NONE',  ( 0.2999999999999995448, -0.1600000000000000866, 0.2700000000000000178 ) ) ;
#2111 = CARTESIAN_POINT ( 'NONE',  ( 0.1552251440041115260, -0.1148156258407888458, 0.2900000000000000355 ) ) ;
#2112 = EDGE_CURVE ( 'NONE', #3625, #8592, #3407, .T. ) ;
#2113 = DIRECTION ( 'NONE',  ( -0.000000000000000000, -1.000000000000000000, -0.000000000000000000 ) ) ;
#2114 = ORIENTED_EDGE ( 'NONE', *, *, #6609, .F. ) ;
#2115 = CARTESIAN_POINT ( 'NONE',  ( 0.2822069467750303318, -0.1198891859963011897, 0.2800000000000000266 ) ) ;
#2116 = LINE ( 'NONE', #7035, #8093 ) ;
#2117 = DIRECTION ( 'NONE',  ( 0.000000000000000000, 0.000000000000000000, -1.000000000000000000 ) ) ;
#2118 = ORIENTED_EDGE ( 'NONE', *, *, #7503, .T. ) ;
#2119 = DIRECTION ( 'NONE',  ( 0.000000000000000000, 0.000000000000000000, 1.000000000000000000 ) ) ;
#2120 = ORIENTED_EDGE ( 'NONE', *, *, #1240, .F. ) ;
#2121 = ADVANCED_FACE ( 'NONE', ( #7597 ), #5029, .T. ) ;
#2122 = CARTESIAN_POINT ( 'NONE',  ( -0.03829114719579833348, -0.1195358797566788422, 0.2900000000000000355 ) ) ;
#2123 = EDGE_CURVE ( 'NONE', #8314, #4655, #806, .T. ) ;
#2124 = ORIENTED_EDGE ( 'NONE', *, *, #4841, .T. ) ;
#2125 = CARTESIAN_POINT ( 'NONE',  ( 0.1668506527052079358, -0.1130012400895725744, 0.2900000000000000355 ) ) ;
#2126 = CARTESIAN_POINT ( 'NONE',  ( 0.03179938276514428230, -0.1164986253374285241, 0.2800000000000000266 ) ) ;
#2127 = CARTESIAN_POINT ( 'NONE',  ( 0.1320665258761717920, -0.06382802626272884861, 0.2900000000000000355 ) ) ;
#2128 = AXIS2_PLACEMENT_3D ( 'NONE', #3082, #8674, #5789 ) ;
#2129 = ORIENTED_EDGE ( 'NONE', *, *, #3004, .F. ) ;
#2130 = ORIENTED_EDGE ( 'NONE', *, *, #6699, .F. ) ;
#2131 = CARTESIAN_POINT ( 'NONE',  ( 0.1588875152422987158, -0.1085324751843905339, 0.2800000000000000266 ) ) ;
#2132 = FACE_OUTER_BOUND ( 'NONE', #3867, .T. ) ;
#2133 = ORIENTED_EDGE ( 'NONE', *, *, #516, .T. ) ;
#2134 = ORIENTED_EDGE ( 'NONE', *, *, #1652, .F. ) ;
#2135 = VECTOR ( 'NONE', #665, 1000.000000000000000 ) ;
#2136 = CARTESIAN_POINT ( 'NONE',  ( 0.2741682099058027067, -0.1109012565815743478, 0.2800000000000000266 ) ) ;
#2137 = CARTESIAN_POINT ( 'NONE',  ( 0.1307897359032157703, -0.1157060188481268126, 0.2900000000000000355 ) ) ;
#2138 = EDGE_CURVE ( 'NONE', #5188, #6329, #1428, .T. ) ;
#2139 = DIRECTION ( 'NONE',  ( -0.000000000000000000, -0.000000000000000000, -1.000000000000000000 ) ) ;
#2140 = EDGE_CURVE ( 'NONE', #7928, #6913, #2086, .T. ) ;
#2141 = COLOUR_RGB ( '',1.000000000000000000, 1.000000000000000000, 1.000000000000000000 ) ;
#2142 = VECTOR ( 'NONE', #6247, 1000.000000000000000 ) ;
#2143 = ADVANCED_FACE ( 'NONE', ( #3542 ), #7355, .T. ) ;
#2144 = FILL_AREA_STYLE ('',( #915 ) ) ;
#2145 = CARTESIAN_POINT ( 'NONE',  ( 0.1632722808073605036, -0.06401282481145953440, 0.2900000000000000355 ) ) ;
#2146 = ORIENTED_EDGE ( 'NONE', *, *, #7277, .T. ) ;
#2147 = CARTESIAN_POINT ( 'NONE',  ( 0.1993583974115348545, -0.06287043378298291796, 0.2900000000000000355 ) ) ;
#2148 = SURFACE_SIDE_STYLE ('',( #7656 ) ) ;
#2149 = DIRECTION ( 'NONE',  ( 1.000000000000000000, 0.000000000000000000, 0.000000000000000000 ) ) ;
#2150 = ADVANCED_FACE ( 'NONE', ( #7742 ), #7423, .F. ) ;
#2151 = AXIS2_PLACEMENT_3D ( 'NONE', #422, #6072, #8034 ) ;
#2152 = CARTESIAN_POINT ( 'NONE',  ( 0.1524531657733733114, -0.06233283800483681303, 0.2900000000000000355 ) ) ;
#2153 = CARTESIAN_POINT ( 'NONE',  ( -0.2199999999999999178, -0.1200000000000000372, -0.02000000000000000042 ) ) ;
#2154 = DIRECTION ( 'NONE',  ( -0.3409177962187339705, -0.9400931103999016214, -0.000000000000000000 ) ) ;
#2155 = ORIENTED_EDGE ( 'NONE', *, *, #4306, .F. ) ;
#2156 = ORIENTED_EDGE ( 'NONE', *, *, #2377, .T. ) ;
#2157 = ORIENTED_EDGE ( 'NONE', *, *, #7822, .F. ) ;
#2158 = CARTESIAN_POINT ( 'NONE',  ( 0.1455316201304421853, -0.1049709031543675508, 0.2800000000000000266 ) ) ;
#2159 = AXIS2_PLACEMENT_3D ( 'NONE', #7157, #7206, #7946 ) ;
#2160 = CARTESIAN_POINT ( 'NONE',  ( -0.01142310933676960773, -0.1031814321982591626, 0.2800000000000000266 ) ) ;
#2161 = SURFACE_SIDE_STYLE ('',( #692 ) ) ;
#2162 = LINE ( 'NONE', #4149, #6177 ) ;
#2163 = ORIENTED_EDGE ( 'NONE', *, *, #4530, .F. ) ;
#2164 = CARTESIAN_POINT ( 'NONE',  ( 0.1578879230924379873, -0.09774695988649467759, 0.2900000000000000355 ) ) ;
#2165 = DIRECTION ( 'NONE',  ( -0.000000000000000000, -0.000000000000000000, -1.000000000000000000 ) ) ;
#2166 = B_SPLINE_SURFACE_WITH_KNOTS ( 'NONE', 3, 1, ( 
 ( #6793, #7391 ),
 ( #1969, #1232 ),
 ( #634, #8195 ),
 ( #4763, #8076 ) ),
 .UNSPECIFIED., .F., .F., .F.,
 ( 4, 4 ),
 ( 2, 2 ),
 ( 2.000000000000000000, 3.000000000000000000 ),
 ( 0.000000000000000000, 1.000000000000000000 ),
 .UNSPECIFIED. ) ;
#2167 = CARTESIAN_POINT ( 'NONE',  ( 0.1750237885189137588, -0.04919534117802613210, 0.2900000000000000355 ) ) ;
#2168 = ORIENTED_EDGE ( 'NONE', *, *, #2624, .T. ) ;
#2169 = VERTEX_POINT ( 'NONE', #5608 ) ;
#2170 = COLOUR_RGB ( '',0.2980392156862745057, 0.2980392156862745057, 0.2980392156862745057 ) ;
#2171 = FACE_OUTER_BOUND ( 'NONE', #373, .T. ) ;
#2172 = VECTOR ( 'NONE', #3118, 1000.000000000000000 ) ;
#2173 = ORIENTED_EDGE ( 'NONE', *, *, #3285, .T. ) ;
#2174 = CARTESIAN_POINT ( 'NONE',  ( 0.1381144783797017828, -0.1091204705666753982, 0.2900000000000000355 ) ) ;
#2175 = ORIENTED_EDGE ( 'NONE', *, *, #7105, .T. ) ;
#2176 = DIRECTION ( 'NONE',  ( 0.000000000000000000, 1.000000000000000000, 0.000000000000000000 ) ) ;
#2177 = ADVANCED_FACE ( 'NONE', ( #2132 ), #4886, .F. ) ;
#2178 = DIRECTION ( 'NONE',  ( 0.000000000000000000, -1.000000000000000000, 0.000000000000000000 ) ) ;
#2179 = EDGE_CURVE ( 'NONE', #8731, #2645, #906, .T. ) ;
#2180 = ORIENTED_EDGE ( 'NONE', *, *, #4334, .F. ) ;
#2181 = ORIENTED_EDGE ( 'NONE', *, *, #1929, .F. ) ;
#2182 = PRESENTATION_STYLE_ASSIGNMENT (( #2227 ) ) ;
#2183 = CARTESIAN_POINT ( 'NONE',  ( -0.01609581118558001123, -0.1354230642602951284, 0.2800000000000000266 ) ) ;
#2184 = VERTEX_POINT ( 'NONE', #4307 ) ;
#2185 = ORIENTED_EDGE ( 'NONE', *, *, #7418, .F. ) ;
#2186 = DIRECTION ( 'NONE',  ( -0.000000000000000000, -0.000000000000000000, -1.000000000000000000 ) ) ;
#2187 = UNCERTAINTY_MEASURE_WITH_UNIT (LENGTH_MEASURE( 1.000000000000000082E-05 ), #7321, 'distance_accuracy_value', 'NONE');
#2188 = CARTESIAN_POINT ( 'NONE',  ( 0.2044235576332493753, -0.1050885022309148292, 0.2900000000000000355 ) ) ;
#2189 = CARTESIAN_POINT ( 'NONE',  ( 0.2178550521513145100, -0.1198891859963017309, 0.2900000000000000355 ) ) ;
#2190 = STYLED_ITEM ( 'NONE', ( #4995 ), #1833 ) ;
#2191 = SURFACE_STYLE_USAGE ( .BOTH. , #8374 ) ;
#2192 = CARTESIAN_POINT ( 'NONE',  ( 0.2458604322159189670, -0.09137980988964243545, 0.2900000000000000355 ) ) ;
#2193 = ORIENTED_EDGE ( 'NONE', *, *, #3200, .F. ) ;
#2194 = EDGE_CURVE ( 'NONE', #1619, #7352, #2274, .T. ) ;
#2195 = CARTESIAN_POINT ( 'NONE',  ( 0.1091767056373067757, -0.03489865345446935968, 0.2900000000000000355 ) ) ;
#2196 = PLANE ( 'NONE',  #1171 ) ;
#2197 = DIRECTION ( 'NONE',  ( 0.000000000000000000, -1.000000000000000000, 0.000000000000000000 ) ) ;
#2198 = DIRECTION ( 'NONE',  ( -0.000000000000000000, 1.000000000000000000, -0.000000000000000000 ) ) ;
#2199 = EDGE_CURVE ( 'NONE', #4913, #5243, #1528, .T. ) ;
#2200 = AXIS2_PLACEMENT_3D ( 'NONE', #4938, #7694, #75 ) ;
#2201 = DIRECTION ( 'NONE',  ( -0.000000000000000000, 1.000000000000000000, -0.000000000000000000 ) ) ;
#2202 = CARTESIAN_POINT ( 'NONE',  ( 0.06777918165368944370, -0.08752787922204353921, 0.2900000000000000355 ) ) ;
#2203 = ORIENTED_EDGE ( 'NONE', *, *, #3088, .T. ) ;
#2204 = ORIENTED_EDGE ( 'NONE', *, *, #2811, .T. ) ;
#2205 = B_SPLINE_CURVE_WITH_KNOTS ( 'NONE', 3,
 ( #7262, #6710, #8122, #1934 ),
 .UNSPECIFIED., .F., .F.,
 ( 4, 4 ),
 ( 3.000000000000000000, 4.000000000000000000 ),
 .UNSPECIFIED. ) ;
#2206 = CARTESIAN_POINT ( 'NONE',  ( 0.2096651164694471881, -0.04603696598178081550, 0.2900000000000000355 ) ) ;
#2207 = FILL_AREA_STYLE ('',( #4284 ) ) ;
#2208 = CARTESIAN_POINT ( 'NONE',  ( 0.1696982303422643890, -0.1096244666085043895, 0.2800000000000000266 ) ) ;
#2209 = AXIS2_PLACEMENT_3D ( 'NONE', #4512, #1238, #8080 ) ;
#2210 = CARTESIAN_POINT ( 'NONE',  ( 0.1385764747514161843, -0.1059452955021602111, 0.2800000000000000266 ) ) ;
#2211 = CARTESIAN_POINT ( 'NONE',  ( 0.1919496555947069472, -0.06775919538998845248, 0.2900000000000000355 ) ) ;
#2212 = ORIENTED_EDGE ( 'NONE', *, *, #6777, .T. ) ;
#2213 = CARTESIAN_POINT ( 'NONE',  ( 0.03997661100058996775, -0.09243420814213006154, 0.2900000000000000355 ) ) ;
#2214 = CARTESIAN_POINT ( 'NONE',  ( 0.2001815909466896082, -0.1198891859963017309, 0.2900000000000000355 ) ) ;
#2215 = DIRECTION ( 'NONE',  ( 0.000000000000000000, 0.000000000000000000, -1.000000000000000000 ) ) ;
#2216 = EDGE_LOOP ( 'NONE', ( #491, #6836, #1151, #1840 ) ) ;
#2217 = ORIENTED_EDGE ( 'NONE', *, *, #7880, .T. ) ;
#2218 = PLANE ( 'NONE',  #3650 ) ;
#2219 = DIRECTION ( 'NONE',  ( -0.000000000000000000, -0.000000000000000000, -1.000000000000000000 ) ) ;
#2220 = VERTEX_POINT ( 'NONE', #7099 ) ;
#2221 = DIRECTION ( 'NONE',  ( -5.154660576713458189E-14, 1.000000000000000000, -0.000000000000000000 ) ) ;
#2222 = ORIENTED_EDGE ( 'NONE', *, *, #1783, .T. ) ;
#2223 = CARTESIAN_POINT ( 'NONE',  ( -0.04553383372458860712, -0.1176668007996044124, 0.2900000000000000355 ) ) ;
#2224 = FACE_OUTER_BOUND ( 'NONE', #6560, .T. ) ;
#2225 = ORIENTED_EDGE ( 'NONE', *, *, #4687, .F. ) ;
#2226 = ORIENTED_EDGE ( 'NONE', *, *, #7058, .F. ) ;
#2227 = SURFACE_STYLE_USAGE ( .BOTH. , #5744 ) ;
#2228 = CARTESIAN_POINT ( 'NONE',  ( 0.1091767056373067757, -0.03489865345446935968, 0.2800000000000000266 ) ) ;
#2229 = ORIENTED_EDGE ( 'NONE', *, *, #2593, .T. ) ;
#2230 = ADVANCED_FACE ( 'NONE', ( #265 ), #2911, .T. ) ;
#2231 = ORIENTED_EDGE ( 'NONE', *, *, #8119, .T. ) ;
#2232 = CARTESIAN_POINT ( 'NONE',  ( 0.1590303141209138960, -0.06775919538998910474, 0.2800000000000000266 ) ) ;
#2233 = CARTESIAN_POINT ( 'NONE',  ( 0.03179938276514428230, -0.1087886779817301280, 0.2800000000000000266 ) ) ;
#2234 = DIRECTION ( 'NONE',  ( 0.000000000000000000, 0.000000000000000000, 1.000000000000000000 ) ) ;
#2235 = VECTOR ( 'NONE', #5629, 1000.000000000000000 ) ;
#2236 = VECTOR ( 'NONE', #2837, 1000.000000000000000 ) ;
#2237 = B_SPLINE_CURVE_WITH_KNOTS ( 'NONE', 3,
 ( #3269, #6008, #4785, #1993 ),
 .UNSPECIFIED., .F., .F.,
 ( 4, 4 ),
 ( 5.000000000000000000, 6.000000000000000000 ),
 .UNSPECIFIED. ) ;
#2238 = ADVANCED_FACE ( 'NONE', ( #947 ), #8273, .T. ) ;
#2239 = ORIENTED_EDGE ( 'NONE', *, *, #2845, .T. ) ;
#2240 = CARTESIAN_POINT ( 'NONE',  ( 0.1632722808073611975, -0.03867862376909076555, 0.2900000000000000355 ) ) ;
#2241 = DIRECTION ( 'NONE',  ( -0.000000000000000000, -0.000000000000000000, -1.000000000000000000 ) ) ;
#2242 = DIRECTION ( 'NONE',  ( -1.000000000000000000, 0.000000000000000000, -0.000000000000000000 ) ) ;
#2243 = B_SPLINE_SURFACE_WITH_KNOTS ( 'NONE', 3, 1, ( 
 ( #2580, #8848 ),
 ( #4699, #2027 ),
 ( #1205, #5328 ),
 ( #651, #3389 ) ),
 .UNSPECIFIED., .F., .F., .F.,
 ( 4, 4 ),
 ( 2, 2 ),
 ( 3.000000000000000000, 4.000000000000000000 ),
 ( 0.000000000000000000, 1.000000000000000000 ),
 .UNSPECIFIED. ) ;
#2244 = DIRECTION ( 'NONE',  ( 1.000000000000000000, -0.000000000000000000, -0.000000000000000000 ) ) ;
#2245 = VECTOR ( 'NONE', #4589, 1000.000000000000000 ) ;
#2246 = CARTESIAN_POINT ( 'NONE',  ( 0.1844569144376479453, -0.1159916166053566455, 0.2900000000000000355 ) ) ;
#2247 = FILL_AREA_STYLE_COLOUR ( '', #4981 ) ;
#2248 = ORIENTED_EDGE ( 'NONE', *, *, #7166, .T. ) ;
#2249 = ORIENTED_EDGE ( 'NONE', *, *, #960, .T. ) ;
#2250 = CARTESIAN_POINT ( 'NONE',  ( 0.1330829178940801660, -0.1020645259792628268, 0.2800000000000000266 ) ) ;
#2251 = CARTESIAN_POINT ( 'NONE',  ( 0.2240038038631187167, -0.03489865345446840905, 0.2800000000000000266 ) ) ;
#2252 = LINE ( 'NONE', #3279, #5808 ) ;
#2253 = CARTESIAN_POINT ( 'NONE',  ( 0.05913469036332886369, -0.05668804969334655108, 0.2900000000000000355 ) ) ;
#2254 = VECTOR ( 'NONE', #7470, 1000.000000000000000 ) ;
#2255 = CARTESIAN_POINT ( 'NONE',  ( 0.2014079813153961396, -0.06623040739600459526, 0.2800000000000000266 ) ) ;
#2256 = LINE ( 'NONE', #2892, #3109 ) ;
#2257 = CARTESIAN_POINT ( 'NONE',  ( 0.2700000000000000733, 0.1199999999999999956, 0.000000000000000000 ) ) ;
#2258 = EDGE_CURVE ( 'NONE', #4172, #1302, #756, .T. ) ;
#2259 = ORIENTED_EDGE ( 'NONE', *, *, #855, .F. ) ;
#2260 = ADVANCED_FACE ( 'NONE', ( #3494 ), #742, .F. ) ;
#2261 = EDGE_CURVE ( 'NONE', #6253, #5902, #1666, .T. ) ;
#2262 = ORIENTED_EDGE ( 'NONE', *, *, #4395, .T. ) ;
#2263 = CARTESIAN_POINT ( 'NONE',  ( 0.007267698058694544404, -0.1120595550161326837, 0.2900000000000000355 ) ) ;
#2264 = CARTESIAN_POINT ( 'NONE',  ( 0.2047091553902559702, -0.06315603154021404153, 0.2900000000000000355 ) ) ;
#2265 = B_SPLINE_CURVE_WITH_KNOTS ( 'NONE', 3,
 ( #5040, #2921, #3554, #5000 ),
 .UNSPECIFIED., .F., .F.,
 ( 4, 4 ),
 ( 7.000000000000000000, 8.000000000000000000 ),
 .UNSPECIFIED. ) ;
#2266 = ORIENTED_EDGE ( 'NONE', *, *, #3848, .T. ) ;
#2267 = CARTESIAN_POINT ( 'NONE',  ( 0.1639862752001049750, -0.09922534827611621810, 0.2900000000000000355 ) ) ;
#2268 = EDGE_LOOP ( 'NONE', ( #7002, #3945, #6334, #5937 ) ) ;
#2269 = CARTESIAN_POINT ( 'NONE',  ( 0.1134186723237558120, -0.09080861437540482806, 0.2900000000000000355 ) ) ;
#2270 = CARTESIAN_POINT ( 'NONE',  ( 0.1369468875491562931, -0.1167140109320111835, 0.2800000000000000266 ) ) ;
#2271 = VERTEX_POINT ( 'NONE', #7326 ) ;
#2272 = ORIENTED_EDGE ( 'NONE', *, *, #7258, .F. ) ;
#2273 = CARTESIAN_POINT ( 'NONE',  ( 0.2283045700878408857, -0.1161428154177709671, 0.2800000000000000266 ) ) ;
#2274 = LINE ( 'NONE', #8316, #7094 ) ;
#2275 = ORIENTED_EDGE ( 'NONE', *, *, #8010, .F. ) ;
#2276 = VERTEX_POINT ( 'NONE', #5834 ) ;
#2277 = LINE ( 'NONE', #7794, #6764 ) ;
#2278 =( LENGTH_UNIT ( ) NAMED_UNIT ( * ) SI_UNIT ( .MILLI., .METRE. ) );
#2279 = SURFACE_STYLE_USAGE ( .BOTH. , #132 ) ;
#2280 = VECTOR ( 'NONE', #1571, 1000.000000000000000 ) ;
#2281 = VERTEX_POINT ( 'NONE', #3135 ) ;
#2282 = CARTESIAN_POINT ( 'NONE',  ( 0.2508163932953340614, -0.1081292783508364663, 0.2800000000000000266 ) ) ;
#2283 = CARTESIAN_POINT ( 'NONE',  ( 0.2096651164694471881, -0.05599928774430016493, 0.2900000000000000355 ) ) ;
#2284 = CARTESIAN_POINT ( 'NONE',  ( 0.1657922610170732558, -0.1116740505125900229, 0.2800000000000000266 ) ) ;
#2286 = UNCERTAINTY_MEASURE_WITH_UNIT (LENGTH_MEASURE( 1.000000000000000082E-05 ), #428, 'distance_accuracy_value', 'NONE');
#2285 = FACE_OUTER_BOUND ( 'NONE', #3947, .T. ) ;
#2287 = AXIS2_PLACEMENT_3D ( 'NONE', #2042, #755, #6146 ) ;
#2288 = CARTESIAN_POINT ( 'NONE',  ( 0.1349645031174793730, -0.1132700379787587031, 0.2800000000000000266 ) ) ;
#2289 = AXIS2_PLACEMENT_3D ( 'NONE', #6019, #8401, #1519 ) ;
#2290 =( LENGTH_UNIT ( ) NAMED_UNIT ( * ) SI_UNIT ( .MILLI., .METRE. ) );
#2291 = EDGE_CURVE ( 'NONE', #7180, #8385, #6600, .T. ) ;
#2292 = ORIENTED_EDGE ( 'NONE', *, *, #3504, .F. ) ;
#2293 = EDGE_CURVE ( 'NONE', #4212, #3618, #5202, .T. ) ;
#2294 = CARTESIAN_POINT ( 'NONE',  ( 0.1639862752001049750, -0.09922534827611621810, 0.2800000000000000266 ) ) ;
#2295 = CARTESIAN_POINT ( 'NONE',  ( 0.1407772574680280497, -0.09922534827611621810, 0.2900000000000000355 ) ) ;
#2296 = CARTESIAN_POINT ( 'NONE',  ( -0.009086753956073410909, -0.08846240978810843147, 0.2800000000000000266 ) ) ;
#2297 = SURFACE_SIDE_STYLE ('',( #8476 ) ) ;
#2298 = CARTESIAN_POINT ( 'NONE',  ( 0.1379968793031556007, -0.1170668081614266998, 0.2900000000000000355 ) ) ;
#2299 = AXIS2_PLACEMENT_3D ( 'NONE', #4182, #2658, #682 ) ;
#2300 = CARTESIAN_POINT ( 'NONE',  ( 0.2573263421703542164, -0.1198891859963011758, 0.2900000000000000355 ) ) ;
#2301 = B_SPLINE_CURVE_WITH_KNOTS ( 'NONE', 3,
 ( #7734, #6862, #6180, #8265 ),
 .UNSPECIFIED., .F., .F.,
 ( 4, 4 ),
 ( 21.00000000000000000, 22.00000000000000000 ),
 .UNSPECIFIED. ) ;
#2302 = CARTESIAN_POINT ( 'NONE',  ( 0.2161750653446900261, -0.06775919538998845248, 0.2900000000000000355 ) ) ;
#2303 = CARTESIAN_POINT ( 'NONE',  ( 0.05235926911757135538, -0.1200031517241759577, 0.2900000000000000355 ) ) ;
#2304 = ORIENTED_EDGE ( 'NONE', *, *, #3642, .F. ) ;
#2305 = AXIS2_PLACEMENT_3D ( 'NONE', #957, #7068, #3647 ) ;
#2306 = ORIENTED_EDGE ( 'NONE', *, *, #4028, .F. ) ;
#2307 = LINE ( 'NONE', #3123, #5365 ) ;
#2308 = CARTESIAN_POINT ( 'NONE',  ( 0.1615922940008519271, -0.1204435816424944544, 0.2800000000000000266 ) ) ;
#2309 = EDGE_CURVE ( 'NONE', #8256, #8531, #752, .T. ) ;
#2310 = ORIENTED_EDGE ( 'NONE', *, *, #8099, .T. ) ;
#2311 = CARTESIAN_POINT ( 'NONE',  ( 0.1687742375987226484, -0.1085828747885291823, 0.2900000000000000355 ) ) ;
#2312 = ORIENTED_EDGE ( 'NONE', *, *, #5927, .T. ) ;
#2313 = EDGE_CURVE ( 'NONE', #8592, #4936, #2354, .T. ) ;
#2314 = CARTESIAN_POINT ( 'NONE',  ( 0.1134186723237567834, -0.1161428154177720495, 0.2900000000000000355 ) ) ;
#2315 = CARTESIAN_POINT ( 'NONE',  ( 0.2428448558982898298, -0.1127156423325654383, 0.2900000000000000355 ) ) ;
#2316 = ADVANCED_FACE ( 'NONE', ( #8678 ), #7144, .F. ) ;
#2317 = CARTESIAN_POINT ( 'NONE',  ( 0.1292525479752074657, -0.06083764974716877189, 0.2900000000000000355 ) ) ;
#2318 = VERTEX_POINT ( 'NONE', #8547 ) ;
#2319 = B_SPLINE_CURVE_WITH_KNOTS ( 'NONE', 3,
 ( #131, #1581, #1751, #4485 ),
 .UNSPECIFIED., .F., .F.,
 ( 4, 4 ),
 ( 26.00000000000000000, 27.00000000000000000 ),
 .UNSPECIFIED. ) ;
#2320 = VERTEX_POINT ( 'NONE', #3777 ) ;
#2321 = B_SPLINE_SURFACE_WITH_KNOTS ( 'NONE', 3, 1, ( 
 ( #4922, #3431 ),
 ( #4968, #105 ),
 ( #6174, #2936 ),
 ( #836, #5011 ) ),
 .UNSPECIFIED., .F., .F., .F.,
 ( 4, 4 ),
 ( 2, 2 ),
 ( 3.000000000000000000, 4.000000000000000000 ),
 ( 0.000000000000000000, 1.000000000000000000 ),
 .UNSPECIFIED. ) ;
#2322 = EDGE_CURVE ( 'NONE', #5159, #6861, #3976, .T. ) ;
#2323 = PLANE ( 'NONE',  #3588 ) ;
#2324 = VECTOR ( 'NONE', #696, 1000.000000000000000 ) ;
#2325 = CARTESIAN_POINT ( 'NONE',  ( 0.2673810632075740434, -0.09122861107722690654, 0.2800000000000000266 ) ) ;
#2326 = ORIENTED_EDGE ( 'NONE', *, *, #6034, .F. ) ;
#2327 = ORIENTED_EDGE ( 'NONE', *, *, #8434, .F. ) ;
#2328 = CARTESIAN_POINT ( 'NONE',  ( 0.03857480401090222083, -0.1200031517241759577, 0.2900000000000000355 ) ) ;
#2329 = LINE ( 'NONE', #3000, #258 ) ;
#2330 = VERTEX_POINT ( 'NONE', #8504 ) ;
#2331 = LINE ( 'NONE', #1487, #4645 ) ;
#2332 = ORIENTED_EDGE ( 'NONE', *, *, #6973, .F. ) ;
#2333 = CARTESIAN_POINT ( 'NONE',  ( 0.1960992230067897246, -0.06401282481145953440, 0.2900000000000000355 ) ) ;
#2334 = FACE_OUTER_BOUND ( 'NONE', #7730, .T. ) ;
#2335 = FACE_OUTER_BOUND ( 'NONE', #1698, .T. ) ;
#2336 = CARTESIAN_POINT ( 'NONE',  ( -0.01983396909961752941, -0.06042619869502297708, 0.2800000000000000266 ) ) ;
#2337 = VECTOR ( 'NONE', #666, 1000.000000000000000 ) ;
#2338 = EDGE_LOOP ( 'NONE', ( #7585, #3773, #6453, #3644 ) ) ;
#2339 = LINE ( 'NONE', #1276, #8121 ) ;
#2340 = DIRECTION ( 'NONE',  ( 0.9409537876827105407, -0.3385350342956551795, 0.000000000000000000 ) ) ;
#2341 = CARTESIAN_POINT ( 'NONE',  ( -0.3000000000000004330, -0.1600000000000000866, 0.2700000000000000178 ) ) ;
#2342 = CARTESIAN_POINT ( 'NONE',  ( 0.1278497589917931554, -0.05195051954071848443, 0.2900000000000000355 ) ) ;
#2343 = CARTESIAN_POINT ( 'NONE',  ( 0.2001815909466896082, -0.1198891859963017309, 0.2900000000000000355 ) ) ;
#2344 = EDGE_CURVE ( 'NONE', #6499, #4384, #8699, .T. ) ;
#2345 = CARTESIAN_POINT ( 'NONE',  ( 0.1971492147607893097, -0.06775919538998845248, 0.2900000000000000355 ) ) ;
#2346 = VECTOR ( 'NONE', #6097, 1000.000000000000000 ) ;
#2347 = EDGE_CURVE ( 'NONE', #514, #1876, #490, .T. ) ;
#2348 = CIRCLE ( 'NONE', #7393, 0.01000000000000002623 ) ;
#2349 = CARTESIAN_POINT ( 'NONE',  ( 0.1091767056373071088, -0.06775919538998910474, 0.2900000000000000355 ) ) ;
#2350 = LINE ( 'NONE', #1606, #2172 ) ;
#2351 = ORIENTED_EDGE ( 'NONE', *, *, #5294, .T. ) ;
#2352 = ORIENTED_EDGE ( 'NONE', *, *, #1562, .T. ) ;
#2353 = CARTESIAN_POINT ( 'NONE',  ( 0.1359556953333183049, -0.1204435816424944544, 0.2800000000000000266 ) ) ;
#2354 = B_SPLINE_CURVE_WITH_KNOTS ( 'NONE', 3,
 ( #310, #7970, #5245, #8595 ),
 .UNSPECIFIED., .F., .F.,
 ( 4, 4 ),
 ( 35.00000000000000000, 36.00000000000000000 ),
 .UNSPECIFIED. ) ;
#2355 = EDGE_CURVE ( 'NONE', #787, #2411, #2237, .T. ) ;
#2356 = CARTESIAN_POINT ( 'NONE',  ( 0.2728578201968649974, -0.1071884857391363910, 0.2900000000000000355 ) ) ;
#2357 = ORIENTED_EDGE ( 'NONE', *, *, #4660, .F. ) ;
#2358 = DIRECTION ( 'NONE',  ( 0.9409537876760605268, -0.3385350343141391716, 0.000000000000000000 ) ) ;
#2359 = EDGE_LOOP ( 'NONE', ( #7178, #3779, #6018, #6952 ) ) ;
#2360 = VECTOR ( 'NONE', #2053, 1000.000000000000000 ) ;
#2361 = CARTESIAN_POINT ( 'NONE',  ( -0.01632944716932911017, -0.1214049765386971541, 0.2800000000000000266 ) ) ;
#2362 = CARTESIAN_POINT ( 'NONE',  ( 0.2171074580223687489, -0.08702864406078214543, 0.2900000000000000355 ) ) ;
#2363 = CARTESIAN_POINT ( 'NONE',  ( 0.2052047514982870691, -0.05512569460500838653, 0.2900000000000000355 ) ) ;
#2364 = VERTEX_POINT ( 'NONE', #8222 ) ;
#2365 = VERTEX_POINT ( 'NONE', #4748 ) ;
#2366 = CARTESIAN_POINT ( 'NONE',  ( 0.2604847173665983950, -0.1109012565815743478, 0.2900000000000000355 ) ) ;
#2367 = SURFACE_STYLE_FILL_AREA ( #445 ) ;
#2368 = EDGE_CURVE ( 'NONE', #3668, #8626, #2547, .T. ) ;
#2369 = VERTEX_POINT ( 'NONE', #1212 ) ;
#2370 = ORIENTED_EDGE ( 'NONE', *, *, #2928, .T. ) ;
#2371 = CARTESIAN_POINT ( 'NONE',  ( 0.05913469036332886369, -0.05668804969334655108, 0.2800000000000000266 ) ) ;
#2372 = DIRECTION ( 'NONE',  ( -0.000000000000000000, -0.000000000000000000, -1.000000000000000000 ) ) ;
#2373 = EDGE_CURVE ( 'NONE', #4936, #8820, #5566, .T. ) ;
#2374 = VERTEX_POINT ( 'NONE', #536 ) ;
#2375 = DIRECTION ( 'NONE',  ( -0.000000000000000000, -0.000000000000000000, -1.000000000000000000 ) ) ;
#2376 = ADVANCED_FACE ( 'NONE', ( #5457 ), #2586, .F. ) ;
#2377 = EDGE_CURVE ( 'NONE', #1134, #2875, #8054, .T. ) ;
#2378 = CARTESIAN_POINT ( 'NONE',  ( 0.2001815909466896082, -0.1198891859963017309, 0.2800000000000000266 ) ) ;
#2379 = ORIENTED_EDGE ( 'NONE', *, *, #1233, .F. ) ;
#2380 = CARTESIAN_POINT ( 'NONE',  ( 0.007267698058694544404, -0.1097232040915597229, 0.2900000000000000355 ) ) ;
#2381 = LINE ( 'NONE', #5757, #3453 ) ;
#2382 = PLANE ( 'NONE',  #6333 ) ;
#2383 = ORIENTED_EDGE ( 'NONE', *, *, #8116, .T. ) ;
#2384 = CARTESIAN_POINT ( 'NONE',  ( 0.1524531657733733114, -0.06233283800483681303, 0.2800000000000000266 ) ) ;
#2385 = CARTESIAN_POINT ( 'NONE',  ( 0.1382320774561359156, -0.1204435816424944544, 0.2800000000000000266 ) ) ;
#2386 = ORIENTED_EDGE ( 'NONE', *, *, #2813, .T. ) ;
#2387 = CARTESIAN_POINT ( 'NONE',  ( 0.1603911034341025665, -0.1045677063208142465, 0.2800000000000000266 ) ) ;
#2388 = AXIS2_PLACEMENT_3D ( 'NONE', #4779, #3304, #6683 ) ;
#2389 = DIRECTION ( 'NONE',  ( -0.3385350343141391161, -0.9409537876760604158, 0.000000000000000000 ) ) ;
#2390 =( LENGTH_UNIT ( ) NAMED_UNIT ( * ) SI_UNIT ( .MILLI., .METRE. ) );
#2391 = CARTESIAN_POINT ( 'NONE',  ( 0.1596519092392909844, -0.09650376964951762337, 0.2800000000000000266 ) ) ;
#2392 = CARTESIAN_POINT ( 'NONE',  ( -0.02544121488331205910, -0.1174331781846746497, 0.2900000000000000355 ) ) ;
#2393 = VECTOR ( 'NONE', #982, 1000.000000000000000 ) ;
#2394 = CARTESIAN_POINT ( 'NONE',  ( 0.1740661960392821950, -0.1269451305837139832, 0.2800000000000000266 ) ) ;
#2395 = DIRECTION ( 'NONE',  ( -1.000000000000000000, -0.000000000000000000, 0.000000000000000000 ) ) ;
#2396 = B_SPLINE_SURFACE_WITH_KNOTS ( 'NONE', 3, 1, ( 
 ( #8044, #6086 ),
 ( #4608, #6679 ),
 ( #5407, #4521 ),
 ( #3258, #7578 ) ),
 .UNSPECIFIED., .F., .F., .F.,
 ( 4, 4 ),
 ( 2, 2 ),
 ( 6.000000000000000000, 7.000000000000000000 ),
 ( 0.000000000000000000, 1.000000000000000000 ),
 .UNSPECIFIED. ) ;
#2397 = VERTEX_POINT ( 'NONE', #1878 ) ;
#2398 = ADVANCED_FACE ( 'NONE', ( #4621 ), #1373, .F. ) ;
#2399 = AXIS2_PLACEMENT_3D ( 'NONE', #5023, #2176, #6323 ) ;
#2400 = ORIENTED_EDGE ( 'NONE', *, *, #703, .T. ) ;
#2401 = CARTESIAN_POINT ( 'NONE',  ( 0.1382320774561359156, -0.1204435816424944544, 0.2800000000000000266 ) ) ;
#2402 = CARTESIAN_POINT ( 'NONE',  ( 0.2458604322159189670, -0.1152860221465259183, 0.2900000000000000355 ) ) ;
#2403 = EDGE_LOOP ( 'NONE', ( #4234, #1159, #6371, #1064 ) ) ;
#2404 = FACE_OUTER_BOUND ( 'NONE', #5424, .T. ) ;
#2405 = ORIENTED_EDGE ( 'NONE', *, *, #5824, .T. ) ;
#2406 = AXIS2_PLACEMENT_3D ( 'NONE', #8176, #3988, #8892 ) ;
#2407 = CARTESIAN_POINT ( 'NONE',  ( 0.1850701096220007946, -0.1140932315139114028, 0.2800000000000000266 ) ) ;
#2408 = DIRECTION ( 'NONE',  ( 1.000000000000000000, 0.000000000000000000, 0.000000000000000000 ) ) ;
#2409 = DIRECTION ( 'NONE',  ( 1.000000000000000000, 0.000000000000000000, 0.000000000000000000 ) ) ;
#2411 = VERTEX_POINT ( 'NONE', #2679 ) ;
#2410 = EDGE_CURVE ( 'NONE', #3289, #1676, #6326, .T. ) ;
#2412 = DIRECTION ( 'NONE',  ( 0.000000000000000000, 1.000000000000000000, -0.000000000000000000 ) ) ;
#2413 = ADVANCED_FACE ( 'NONE', ( #7372 ), #3946, .F. ) ;
#2414 = VERTEX_POINT ( 'NONE', #4706 ) ;
#2415 = CARTESIAN_POINT ( 'NONE',  ( 0.2741682099058027067, -0.1109012565815743478, 0.2900000000000000355 ) ) ;
#2416 = CARTESIAN_POINT ( 'NONE',  ( -0.002778604677701132248, -0.09149966420735766715, 0.2900000000000000355 ) ) ;
#2417 = EDGE_LOOP ( 'NONE', ( #5601, #5021, #4957 ) ) ;
#2418 = VERTEX_POINT ( 'NONE', #5416 ) ;
#2419 = DIRECTION ( 'NONE',  ( 0.000000000000000000, 0.000000000000000000, 1.000000000000000000 ) ) ;
#2420 = CARTESIAN_POINT ( 'NONE',  ( -0.2199999999999999178, -0.1200000000000000372, -0.02000000000000000042 ) ) ;
#2421 = EDGE_LOOP ( 'NONE', ( #6457, #8596, #5544, #6561 ) ) ;
#2422 = CARTESIAN_POINT ( 'NONE',  ( 0.2161750653446900261, -0.06775919538998845248, 0.2800000000000000266 ) ) ;
#2423 = DIRECTION ( 'NONE',  ( -0.000000000000000000, -0.000000000000000000, -1.000000000000000000 ) ) ;
#2424 = VERTEX_POINT ( 'NONE', #1295 ) ;
#2425 = DIRECTION ( 'NONE',  ( -0.4673073067545666093, 0.8840949502478755440, 0.000000000000000000 ) ) ;
#2426 = CARTESIAN_POINT ( 'NONE',  ( 0.1570395297551042402, -0.1199731853367552170, 0.2800000000000000266 ) ) ;
#2427 = SURFACE_STYLE_USAGE ( .BOTH. , #4412 ) ;
#2428 = ADVANCED_FACE ( 'NONE', ( #4031 ), #6776, .F. ) ;
#2429 = LINE ( 'NONE', #508, #2245 ) ;
#2430 = EDGE_CURVE ( 'NONE', #3445, #2364, #1927, .T. ) ;
#2431 = DIRECTION ( 'NONE',  ( 0.000000000000000000, 1.000000000000000000, 0.000000000000000000 ) ) ;
#2432 = EDGE_CURVE ( 'NONE', #3665, #2558, #2677, .T. ) ;
#2433 = ORIENTED_EDGE ( 'NONE', *, *, #4717, .F. ) ;
#2434 = CARTESIAN_POINT ( 'NONE',  ( 0.1643894720336576964, -0.1065836904888065317, 0.2800000000000000266 ) ) ;
#2435 = LINE ( 'NONE', #5178, #7672 ) ;
#2436 = CARTESIAN_POINT ( 'NONE',  ( -0.01609580672934368684, -0.08846240978810843147, 0.2800000000000000266 ) ) ;
#2437 = EDGE_CURVE ( 'NONE', #263, #8292, #7959, .T. ) ;
#2438 = CARTESIAN_POINT ( 'NONE',  ( 0.04838747076343663522, -0.06930434379407687806, 0.2800000000000000266 ) ) ;
#2439 = CARTESIAN_POINT ( 'NONE',  ( -0.05207561007423749944, -0.09196693617485586503, 0.2900000000000000355 ) ) ;
#2440 = AXIS2_PLACEMENT_3D ( 'NONE', #6557, #8635, #5288 ) ;
#2441 = VECTOR ( 'NONE', #526, 1000.000000000000000 ) ;
#2442 = CARTESIAN_POINT ( 'NONE',  ( 0.2283045700878408857, -0.09080861437540363457, 0.2900000000000000355 ) ) ;
#2443 = DIRECTION ( 'NONE',  ( -0.000000000000000000, -0.000000000000000000, -1.000000000000000000 ) ) ;
#2444 = VERTEX_POINT ( 'NONE', #23 ) ;
#2445 = VECTOR ( 'NONE', #1278, 1000.000000000000000 ) ;
#2446 = VECTOR ( 'NONE', #4411, 1000.000000000000000 ) ;
#2447 = CARTESIAN_POINT ( 'NONE',  ( -0.05207561007423749944, -0.09196693617485586503, 0.2900000000000000355 ) ) ;
#2448 = B_SPLINE_CURVE_WITH_KNOTS ( 'NONE', 3,
 ( #5438, #8289, #7662, #2882 ),
 .UNSPECIFIED., .F., .F.,
 ( 4, 4 ),
 ( 16.00000000000000000, 17.00000000000000000 ),
 .UNSPECIFIED. ) ;
#2449 = CARTESIAN_POINT ( 'NONE',  ( 0.1091767056373072614, -0.08702864406078214543, 0.2900000000000000355 ) ) ;
#2450 = ORIENTED_EDGE ( 'NONE', *, *, #8499, .F. ) ;
#2451 = FACE_OUTER_BOUND ( 'NONE', #2098, .T. ) ;
#2452 = VERTEX_POINT ( 'NONE', #2263 ) ;
#2453 = DIRECTION ( 'NONE',  ( -0.000000000000000000, -0.000000000000000000, -1.000000000000000000 ) ) ;
#2454 = DIRECTION ( 'NONE',  ( -0.000000000000000000, -0.000000000000000000, -1.000000000000000000 ) ) ;
#2455 = VECTOR ( 'NONE', #3961, 1000.000000000000000 ) ;
#2456 = FILL_AREA_STYLE_COLOUR ( '', #6463 ) ;
#2457 = B_SPLINE_CURVE_WITH_KNOTS ( 'NONE', 3,
 ( #8843, #5364, #8131, #1944 ),
 .UNSPECIFIED., .F., .F.,
 ( 4, 4 ),
 ( 3.000000000000000000, 4.000000000000000000 ),
 .UNSPECIFIED. ) ;
#2458 = CARTESIAN_POINT ( 'NONE',  ( 0.1710758195236094792, -0.1119596482695970341, 0.2800000000000000266 ) ) ;
#2459 = ORIENTED_EDGE ( 'NONE', *, *, #1789, .F. ) ;
#2460 = LINE ( 'NONE', #2366, #4453 ) ;
#2461 = CARTESIAN_POINT ( 'NONE',  ( 0.000000000000000000, 0.000000000000000000, 0.2800000000000000266 ) ) ;
#2462 = VECTOR ( 'NONE', #5980, 1000.000000000000000 ) ;
#2463 = VERTEX_POINT ( 'NONE', #6317 ) ;
#2464 = ORIENTED_EDGE ( 'NONE', *, *, #2194, .F. ) ;
#2465 = DIRECTION ( 'NONE',  ( 0.000000000000000000, 1.000000000000000000, -0.000000000000000000 ) ) ;
#2466 = EDGE_CURVE ( 'NONE', #5367, #6908, #7587, .T. ) ;
#2467 = ADVANCED_FACE ( 'NONE', ( #3436, #4974 ), #2807, .F. ) ;
#2468 = FILL_AREA_STYLE_COLOUR ( '', #6856 ) ;
#2469 = PLANE ( 'NONE',  #6841 ) ;
#2470 = UNCERTAINTY_MEASURE_WITH_UNIT (LENGTH_MEASURE( 1.000000000000000082E-05 ), #5967, 'distance_accuracy_value', 'NONE');
#2471 = EDGE_LOOP ( 'NONE', ( #8507, #3977, #949, #6366 ) ) ;
#2472 = FACE_OUTER_BOUND ( 'NONE', #6933, .T. ) ;
#2473 = LINE ( 'NONE', #2556, #5359 ) ;
#2474 = ORIENTED_EDGE ( 'NONE', *, *, #2759, .T. ) ;
#2475 = CARTESIAN_POINT ( 'NONE',  ( 0.1778209665518348526, -0.09641977030928650105, 0.2900000000000000355 ) ) ;
#2476 = PRODUCT ( 'DFN0603-2L-BI-1', 'DFN0603-2L-BI-1', '', ( #4317 ) ) ;
#2477 = LINE ( 'NONE', #5216, #4695 ) ;
#2478 = LINE ( 'NONE', #4482, #1824 ) ;
#2479 = EDGE_LOOP ( 'NONE', ( #3074, #2035, #7527, #113 ) ) ;
#2480 = CARTESIAN_POINT ( 'NONE',  ( 0.2508163932953340614, -0.1081292783508364663, 0.2900000000000000355 ) ) ;
#2481 = EDGE_CURVE ( 'NONE', #5005, #5810, #3864, .T. ) ;
#2482 = DIRECTION ( 'NONE',  ( 0.000000000000000000, 0.000000000000000000, 1.000000000000000000 ) ) ;
#2483 = B_SPLINE_CURVE_WITH_KNOTS ( 'NONE', 3,
 ( #161, #631, #8826, #4005 ),
 .UNSPECIFIED., .F., .F.,
 ( 4, 4 ),
 ( 5.000000000000000000, 6.000000000000000000 ),
 .UNSPECIFIED. ) ;
#2484 = FILL_AREA_STYLE ('',( #8078 ) ) ;
#2485 = VERTEX_POINT ( 'NONE', #4875 ) ;
#2486 = DIRECTION ( 'NONE',  ( 1.000000000000000000, 0.000000000000000000, 0.000000000000000000 ) ) ;
#2487 = EDGE_CURVE ( 'NONE', #3445, #2817, #4157, .T. ) ;
#2488 = LINE ( 'NONE', #3291, #8204 ) ;
#2489 = DIRECTION ( 'NONE',  ( 0.000000000000000000, -0.000000000000000000, 1.000000000000000000 ) ) ;
#2490 = ORIENTED_EDGE ( 'NONE', *, *, #706, .T. ) ;
#2491 = ADVANCED_FACE ( 'NONE', ( #797 ), #1460, .F. ) ;
#2492 = CARTESIAN_POINT ( 'NONE',  ( 0.1767205751935840563, -0.1309434991833836048, 0.2900000000000000355 ) ) ;
#2493 = VECTOR ( 'NONE', #8733, 1000.000000000000000 ) ;
#2494 = CARTESIAN_POINT ( 'NONE',  ( 0.2001815909466896082, -0.1198891859963017309, 0.2900000000000000355 ) ) ;
#2495 = ORIENTED_EDGE ( 'NONE', *, *, #8761, .T. ) ;
#2496 = CARTESIAN_POINT ( 'NONE',  ( 0.03857480401090222083, -0.1200031517241759577, 0.2900000000000000355 ) ) ;
#2497 = ORIENTED_EDGE ( 'NONE', *, *, #7150, .T. ) ;
#2498 = B_SPLINE_CURVE_WITH_KNOTS ( 'NONE', 3,
 ( #1616, #750, #2223, #7093 ),
 .UNSPECIFIED., .F., .F.,
 ( 4, 4 ),
 ( 8.000000000000000000, 9.000000000000000000 ),
 .UNSPECIFIED. ) ;
#2499 = CARTESIAN_POINT ( 'NONE',  ( 0.1848181116010862435, -0.1149164250490650740, 0.2800000000000000266 ) ) ;
#2500 = CARTESIAN_POINT ( 'NONE',  ( 0.2052047514982866250, -0.05102652679706329991, 0.2900000000000000355 ) ) ;
#2501 = VECTOR ( 'NONE', #171, 1000.000000000000000 ) ;
#2502 = CARTESIAN_POINT ( 'NONE',  ( 0.2206774299861893052, -0.05505849513260052674, 0.2900000000000000355 ) ) ;
#2503 = CARTESIAN_POINT ( 'NONE',  ( 0.1564179346367265133, -0.1064660914122611129, 0.2900000000000000355 ) ) ;
#2504 = ORIENTED_EDGE ( 'NONE', *, *, #4500, .T. ) ;
#2505 = DIRECTION ( 'NONE',  ( 0.000000000000000000, 1.000000000000000000, -0.000000000000000000 ) ) ;
#2506 = ORIENTED_EDGE ( 'NONE', *, *, #7503, .F. ) ;
#2507 = VECTOR ( 'NONE', #3386, 1000.000000000000000 ) ;
#2508 = VERTEX_POINT ( 'NONE', #1465 ) ;
#2509 = LINE ( 'NONE', #3729, #3028 ) ;
#2510 = DIRECTION ( 'NONE',  ( -0.000000000000000000, -0.000000000000000000, -1.000000000000000000 ) ) ;
#2511 = ORIENTED_EDGE ( 'NONE', *, *, #8143, .F. ) ;
#2512 = CARTESIAN_POINT ( 'NONE',  ( 0.2651550806887820189, -0.08702864406078171522, 0.2900000000000000355 ) ) ;
#2513 = DIRECTION ( 'NONE',  ( 0.000000000000000000, -0.000000000000000000, 1.000000000000000000 ) ) ;
#2514 = EDGE_CURVE ( 'NONE', #7665, #5533, #8445, .T. ) ;
#2515 = ORIENTED_EDGE ( 'NONE', *, *, #4660, .T. ) ;
#2516 = DIRECTION ( 'NONE',  ( -1.000000000000000000, 0.000000000000000000, 0.000000000000000000 ) ) ;
#2517 = DIRECTION ( 'NONE',  ( 0.000000000000000000, 1.000000000000000000, -0.000000000000000000 ) ) ;
#2518 = CARTESIAN_POINT ( 'NONE',  ( -0.03805750452769433856, -0.1038823267804621364, 0.2900000000000000355 ) ) ;
#2519 = ORIENTED_EDGE ( 'NONE', *, *, #7936, .F. ) ;
#2520 = DIRECTION ( 'NONE',  ( 0.8840949502478755440, 0.4673073067545666093, 0.000000000000000000 ) ) ;
#2521 = ADVANCED_FACE ( 'NONE', ( #2171 ), #2218, .F. ) ;
#2522 = PLANE ( 'NONE',  #3107 ) ;
#2523 = CARTESIAN_POINT ( 'NONE',  ( 0.1619954908344053146, -0.1170836080294719028, 0.2800000000000000266 ) ) ;
#2524 = ORIENTED_EDGE ( 'NONE', *, *, #4560, .T. ) ;
#2525 = CARTESIAN_POINT ( 'NONE',  ( 0.2451548377570882398, -0.09596617387159464552, 0.2900000000000000355 ) ) ;
#2526 = CARTESIAN_POINT ( 'NONE',  ( 0.1657922610170732558, -0.1116740505125900229, 0.2800000000000000266 ) ) ;
#2527 = B_SPLINE_SURFACE_WITH_KNOTS ( 'NONE', 3, 1, ( 
 ( #2500, #6596 ),
 ( #437, #8006 ),
 ( #1832, #1791 ),
 ( #7320, #6416 ) ),
 .UNSPECIFIED., .F., .F., .F.,
 ( 4, 4 ),
 ( 2, 2 ),
 ( 4.000000000000000000, 5.000000000000000000 ),
 ( 0.000000000000000000, 1.000000000000000000 ),
 .UNSPECIFIED. ) ;
#2528 =( NAMED_UNIT ( * ) SI_UNIT ( $, .STERADIAN. ) SOLID_ANGLE_UNIT ( ) );
#2529 = ORIENTED_EDGE ( 'NONE', *, *, #1282, .F. ) ;
#2530 = DIRECTION ( 'NONE',  ( 1.000000000000000000, -0.000000000000000000, -0.000000000000000000 ) ) ;
#2531 = VECTOR ( 'NONE', #6533, 1000.000000000000227 ) ;
#2532 = STYLED_ITEM ( 'NONE', ( #1149 ), #7138 ) ;
#2533 = DIRECTION ( 'NONE',  ( -0.000000000000000000, -0.000000000000000000, -1.000000000000000000 ) ) ;
#2534 = ORIENTED_EDGE ( 'NONE', *, *, #4531, .T. ) ;
#2535 = DIRECTION ( 'NONE',  ( 0.000000000000000000, 1.000000000000000000, 0.000000000000000000 ) ) ;
#2536 = ORIENTED_EDGE ( 'NONE', *, *, #675, .F. ) ;
#2537 = ADVANCED_FACE ( 'NONE', ( #4431 ), #5974, .F. ) ;
#2538 = LINE ( 'NONE', #1251, #6262 ) ;
#2539 = CARTESIAN_POINT ( 'NONE',  ( 0.05235926911757135538, -0.1200031517241759577, 0.2800000000000000266 ) ) ;
#2540 = FACE_OUTER_BOUND ( 'NONE', #5775, .T. ) ;
#2541 = EDGE_CURVE ( 'NONE', #6501, #8543, #7269, .T. ) ;
#2542 = VECTOR ( 'NONE', #2244, 1000.000000000000000 ) ;
#2543 = EDGE_CURVE ( 'NONE', #1018, #2508, #3110, .T. ) ;
#2544 = CARTESIAN_POINT ( 'NONE',  ( 0.03857480401090222083, -0.1200031517241759577, 0.2900000000000000355 ) ) ;
#2545 = EDGE_LOOP ( 'NONE', ( #2771, #581, #667, #4254 ) ) ;
#2546 = CARTESIAN_POINT ( 'NONE',  ( 0.1411636544335355403, -0.09588217453114028510, 0.2900000000000000355 ) ) ;
#2547 = LINE ( 'NONE', #4072, #5225 ) ;
#2548 = VERTEX_POINT ( 'NONE', #3808 ) ;
#2549 = ORIENTED_EDGE ( 'NONE', *, *, #5942, .T. ) ;
#2550 = VECTOR ( 'NONE', #8323, 1000.000000000000000 ) ;
#2551 = DIRECTION ( 'NONE',  ( 0.000000000000000000, 0.000000000000000000, 1.000000000000000000 ) ) ;
#2552 = FACE_OUTER_BOUND ( 'NONE', #1903, .T. ) ;
#2553 = CARTESIAN_POINT ( 'NONE',  ( -0.05207561007423749944, -0.08238789649337455168, 0.2800000000000000266 ) ) ;
#2554 = ORIENTED_EDGE ( 'NONE', *, *, #5152, .F. ) ;
#2555 = CARTESIAN_POINT ( 'NONE',  ( -0.05581377244451030811, -0.05622077995419129393, 0.2900000000000000355 ) ) ;
#2556 = CARTESIAN_POINT ( 'NONE',  ( 0.1871532932621781109, -0.03867862376909076555, 0.2900000000000000355 ) ) ;
#2557 = CARTESIAN_POINT ( 'NONE',  ( 0.04651839180647415056, -0.03823087716779645373, 0.2900000000000000355 ) ) ;
#2558 = VERTEX_POINT ( 'NONE', #7999 ) ;
#2559 = PLANE ( 'NONE',  #8913 ) ;
#2560 = CARTESIAN_POINT ( 'NONE',  ( 0.1643894720336576964, -0.09588217453114028510, 0.2800000000000000266 ) ) ;
#2561 = CARTESIAN_POINT ( 'NONE',  ( 0.1991987986646498732, -0.03970341572102098482, 0.2800000000000000266 ) ) ;
#2562 = ORIENTED_EDGE ( 'NONE', *, *, #6508, .F. ) ;
#2563 = LINE ( 'NONE', #6110, #3359 ) ;
#2564 = PLANE ( 'NONE',  #3351 ) ;
#2565 = LINE ( 'NONE', #8746, #5453 ) ;
#2566 = ORIENTED_EDGE ( 'NONE', *, *, #8297, .F. ) ;
#2567 = LINE ( 'NONE', #3158, #500 ) ;
#2568 = FACE_BOUND ( 'NONE', #5696, .T. ) ;
#2569 = EDGE_CURVE ( 'NONE', #4973, #7896, #2924, .T. ) ;
#2570 = EDGE_CURVE ( 'NONE', #8543, #4655, #2307, .T. ) ;
#2571 =( LENGTH_UNIT ( ) NAMED_UNIT ( * ) SI_UNIT ( .MILLI., .METRE. ) );
#2572 = CARTESIAN_POINT ( 'NONE',  ( 0.2458604322159189670, -0.1152860221465259183, 0.2800000000000000266 ) ) ;
#2573 = ORIENTED_EDGE ( 'NONE', *, *, #6651, .T. ) ;
#2574 = DIRECTION ( 'NONE',  ( 1.000000000000000000, -0.000000000000000000, -0.000000000000000000 ) ) ;
#2575 = VECTOR ( 'NONE', #2724, 1000.000000000000000 ) ;
#2576 =( NAMED_UNIT ( * ) SI_UNIT ( $, .STERADIAN. ) SOLID_ANGLE_UNIT ( ) );
#2577 = VERTEX_POINT ( 'NONE', #430 ) ;
#2578 = DIRECTION ( 'NONE',  ( 0.3493954794691080945, -0.9369753459544984953, -0.000000000000000000 ) ) ;
#2579 = ORIENTED_EDGE ( 'NONE', *, *, #4032, .T. ) ;
#2580 = CARTESIAN_POINT ( 'NONE',  ( 0.2428448558982898298, -0.1127156423325654383, 0.2900000000000000355 ) ) ;
#2581 = CARTESIAN_POINT ( 'NONE',  ( 0.06801282209367465192, -0.1155640814026559077, 0.2900000000000000355 ) ) ;
#2582 = COLOUR_RGB ( '',0.2980392156862745057, 0.2980392156862745057, 0.2980392156862745057 ) ;
#2583 = MECHANICAL_DESIGN_GEOMETRIC_PRESENTATION_REPRESENTATION (  '', ( #5320 ), #3887 ) ;
#2584 = CARTESIAN_POINT ( 'NONE',  ( 0.2044235576332510129, -0.09080861437540363457, 0.2900000000000000355 ) ) ;
#2585 = ORIENTED_EDGE ( 'NONE', *, *, #4526, .F. ) ;
#2586 = PLANE ( 'NONE',  #1920 ) ;
#2587 = EDGE_CURVE ( 'NONE', #1231, #629, #1386, .T. ) ;
#2588 = B_SPLINE_CURVE_WITH_KNOTS ( 'NONE', 3,
 ( #8817, #1376, #4668, #2639 ),
 .UNSPECIFIED., .F., .F.,
 ( 4, 4 ),
 ( 0.000000000000000000, 1.000000000000000000 ),
 .UNSPECIFIED. ) ;
#2589 = B_SPLINE_CURVE_WITH_KNOTS ( 'NONE', 3,
 ( #7765, #4469, #7216, #1555 ),
 .UNSPECIFIED., .F., .F.,
 ( 4, 4 ),
 ( 12.00000000000000000, 13.00000000000000000 ),
 .UNSPECIFIED. ) ;
#2590 = ORIENTED_EDGE ( 'NONE', *, *, #8415, .T. ) ;
#2591 = ORIENTED_EDGE ( 'NONE', *, *, #470, .T. ) ;
#2592 = EDGE_CURVE ( 'NONE', #6454, #1327, #4718, .T. ) ;
#2593 = EDGE_CURVE ( 'NONE', #8824, #2766, #7820, .T. ) ;
#2594 = CARTESIAN_POINT ( 'NONE',  ( 0.1360564945417067628, -0.1102964613312435171, 0.2800000000000000266 ) ) ;
#2595 = FILL_AREA_STYLE_COLOUR ( '', #1266 ) ;
#2596 = CARTESIAN_POINT ( 'NONE',  ( -0.02614211837810039366, -0.08846240978810843147, 0.2900000000000000355 ) ) ;
#2597 = EDGE_CURVE ( 'NONE', #2863, #8669, #341, .T. ) ;
#2598 = ORIENTED_EDGE ( 'NONE', *, *, #2701, .F. ) ;
#2599 =( GEOMETRIC_REPRESENTATION_CONTEXT ( 3 ) GLOBAL_UNCERTAINTY_ASSIGNED_CONTEXT ( ( #8687 ) ) GLOBAL_UNIT_ASSIGNED_CONTEXT ( ( #5435, #7521, #683 ) ) REPRESENTATION_CONTEXT ( 'NONE', 'WORKASPACE' ) );
#2600 = CARTESIAN_POINT ( 'NONE',  ( 0.1455316201304421853, -0.1049709031543675508, 0.2900000000000000355 ) ) ;
#2601 = CARTESIAN_POINT ( 'NONE',  ( -0.02357213147000173856, -0.04547356481053460575, 0.2800000000000000266 ) ) ;
#2602 = CARTESIAN_POINT ( 'NONE',  ( 0.1278497589917931554, -0.05195051954071848443, 0.2900000000000000355 ) ) ;
#2603 = ORIENTED_EDGE ( 'NONE', *, *, #4295, .T. ) ;
#2604 = CARTESIAN_POINT ( 'NONE',  ( 0.007267698058694544404, -0.1097232040915597229, 0.2900000000000000355 ) ) ;
#2605 = SURFACE_SIDE_STYLE ('',( #4006 ) ) ;
#2606 = CARTESIAN_POINT ( 'NONE',  ( 0.1357540969165407507, -0.04182019909729014356, 0.2800000000000000266 ) ) ;
#2607 = B_SPLINE_CURVE_WITH_KNOTS ( 'NONE', 3,
 ( #1558, #740, #3568, #6310 ),
 .UNSPECIFIED., .F., .F.,
 ( 4, 4 ),
 ( 6.000000000000000000, 7.000000000000000000 ),
 .UNSPECIFIED. ) ;
#2608 = ORIENTED_EDGE ( 'NONE', *, *, #3285, .F. ) ;
#2609 = CARTESIAN_POINT ( 'NONE',  ( 0.1446664269250605706, -0.03434425780827687902, 0.2800000000000000266 ) ) ;
#2610 = VECTOR ( 'NONE', #1118, 1000.000000000000000 ) ;
#2611 = CARTESIAN_POINT ( 'NONE',  ( 0.2672802639990731199, -0.09122861107722690654, 0.2800000000000000266 ) ) ;
#2612 = CARTESIAN_POINT ( 'NONE',  ( 0.1251701800354209360, -0.1013253317843398338, 0.2800000000000000266 ) ) ;
#2613 = ORIENTED_EDGE ( 'NONE', *, *, #933, .T. ) ;
#2614 = AXIS2_PLACEMENT_3D ( 'NONE', #6760, #8840, #2662 ) ;
#2615 = DIRECTION ( 'NONE',  ( -0.000000000000000000, -1.000000000000000000, -0.000000000000000000 ) ) ;
#2616 = FILL_AREA_STYLE ('',( #473 ) ) ;
#2617 = CARTESIAN_POINT ( 'NONE',  ( 0.1632722808073617526, -0.04919534117802613210, 0.2900000000000000355 ) ) ;
#2618 = CARTESIAN_POINT ( 'NONE',  ( 0.2171074580223687489, -0.08702864406078214543, 0.2900000000000000355 ) ) ;
#2619 = CARTESIAN_POINT ( 'NONE',  ( -0.1299999999999998934, -0.1200000000000000233, 0.000000000000000000 ) ) ;
#2620 = ORIENTED_EDGE ( 'NONE', *, *, #8063, .F. ) ;
#2621 = FACE_OUTER_BOUND ( 'NONE', #5235, .T. ) ;
#2622 = EDGE_CURVE ( 'NONE', #7245, #8854, #6455, .T. ) ;
#2623 = FACE_OUTER_BOUND ( 'NONE', #4811, .T. ) ;
#2624 = EDGE_CURVE ( 'NONE', #1509, #1530, #6546, .T. ) ;
#2625 = ORIENTED_EDGE ( 'NONE', *, *, #3306, .F. ) ;
#2626 = ORIENTED_EDGE ( 'NONE', *, *, #3529, .T. ) ;
#2627 = CARTESIAN_POINT ( 'NONE',  ( 0.2047091553902559702, -0.06315603154021404153, 0.2800000000000000266 ) ) ;
#2628 = PLANE ( 'NONE',  #5540 ) ;
#2629 = CARTESIAN_POINT ( 'NONE',  ( 0.1590303141209138960, -0.06775919538998910474, 0.2800000000000000266 ) ) ;
#2630 = CARTESIAN_POINT ( 'NONE',  ( -0.3100000000000004419, -0.1600000000000000866, 0.000000000000000000 ) ) ;
#2631 = VECTOR ( 'NONE', #2738, 1000.000000000000000 ) ;
#2632 = EDGE_LOOP ( 'NONE', ( #5458, #2259, #7819, #2591 ) ) ;
#2633 = EDGE_CURVE ( 'NONE', #2485, #5876, #4385, .T. ) ;
#2634 = CARTESIAN_POINT ( 'NONE',  ( 0.1740661960392821950, -0.1269451305837139832, 0.2800000000000000266 ) ) ;
#2635 = VERTEX_POINT ( 'NONE', #5100 ) ;
#2636 = CARTESIAN_POINT ( 'NONE',  ( 0.004464079623082571786, -0.02608185169227617700, 0.2800000000000000266 ) ) ;
#2637 =( GEOMETRIC_REPRESENTATION_CONTEXT ( 3 ) GLOBAL_UNCERTAINTY_ASSIGNED_CONTEXT ( ( #5949 ) ) GLOBAL_UNIT_ASSIGNED_CONTEXT ( ( #7930, #1122, #1034 ) ) REPRESENTATION_CONTEXT ( 'NONE', 'WORKASPACE' ) );
#2638 = CARTESIAN_POINT ( 'NONE',  ( 0.2651550806887820744, -0.08702864406078171522, 0.2800000000000000266 ) ) ;
#2639 = CARTESIAN_POINT ( 'NONE',  ( 0.1360564945417067628, -0.1102964613312435171, 0.2800000000000000266 ) ) ;
#2640 = CLOSED_SHELL ( 'NONE', ( #4468, #6223, #8642, #8317, #1781, #1833, #3002, #1501, #2413, #7784, #8548, #8802, #2521, #1378, #7760, #6309, #5119, #4351, #7138, #4793, #4965, #6395, #7168, #4084, #1367, #1017, #6448, #571, #1154, #6375, #3587, #3253, #8210, #5680, #3506, #2177, #40, #3360, #3456, #6058, #6971, #7084, #464, #6827, #4836, #178, #4640, #6393, #7728, #6209, #3793, #4970, #781, #7088, #5291, #6035, #6364, #7660, #5387, #7200, #4791, #6921, #6447, #1056, #2897, #89, #2491, #6922, #8552, #11, #3371, #5071, #3295, #5051, #7866, #8352, #5162, #5562, #6871, #3204, #7776, #4055, #3674, #6807, #3122, #3173, #3254, #795, #8709, #4180, #5732, #8870, #4944, #6158, #721, #507, #3816, #3058, #2925, #4872, #2238, #725, #5595, #8853, #16, #7543, #3970, #5180, #5338, #2684, #8880, #5497, #6882, #329, #7813, #3420, #7225, #1237, #4249, #2150, #5523, #3810, #6932, #5703, #2260, #3870, #4446, #4133, #5589, #8059, #1811, #8162, #6702, #1190, #8381, #4393, #6282, #5816, #3183, #811, #3016, #2922, #4075, #2316, #1126, #4730, #3140, #5445, #8461, #4894, #5345, #4355, #1481, #6109, #6476, #3533, #7956, #213, #7780, #6142, #5341, #3841, #5185, #2537, #7169, #4905, #7937, #2070, #4908, #2982, #5977, #8384, #5903, #3567, #7449, #2467, #996, #913, #8480, #1827, #2866, #7901, #2780, #7878, #7108, #3039, #2230, #2121, #2143, #5870, #4467, #1841, #5325, #414, #5926, #8528, #3866, #8158, #2008, #3365, #3237, #7758, #291, #6780, #6619, #7815, #8773, #7283, #351, #1569, #6155, #5561, #6859, #7396, #5672, #7115, #7907, #1174, #759, #4419, #4714, #7312, #1590, #7446, #160, #2428, #886, #5618, #8088, #8268, #1433, #6397, #557, #6272, #5372, #3871, #2376, #4820, #5667, #555, #5792, #5314, #2398, #7223, #673, #6671, #4845, #6500, #5118, #7638, #791, #1271, #580 ) ) ;
#2641 = VERTEX_POINT ( 'NONE', #5233 ) ;
#2642 = STYLED_ITEM ( 'NONE', ( #3065 ), #3002 ) ;
#2643 = CARTESIAN_POINT ( 'NONE',  ( 0.1330829178940801660, -0.1020645259792628268, 0.2900000000000000355 ) ) ;
#2644 = FACE_OUTER_BOUND ( 'NONE', #5237, .T. ) ;
#2645 = VERTEX_POINT ( 'NONE', #979 ) ;
#2646 = CARTESIAN_POINT ( 'NONE',  ( 0.1341497095162371145, -0.1198219865241172133, 0.2900000000000000355 ) ) ;
#2647 = CARTESIAN_POINT ( 'NONE',  ( 0.1699502283632908783, -0.09692376635134111740, 0.2800000000000000266 ) ) ;
#2648 = PRESENTATION_STYLE_ASSIGNMENT (( #4761 ) ) ;
#2649 = EDGE_CURVE ( 'NONE', #7832, #3758, #4520, .T. ) ;
#2650 = CARTESIAN_POINT ( 'NONE',  ( -0.3100000000000004419, 0.1499999999999998557, 0.2700000000000000178 ) ) ;
#2651 = EDGE_CURVE ( 'NONE', #6095, #1619, #3220, .T. ) ;
#2652 = EDGE_CURVE ( 'NONE', #6861, #7422, #7868, .T. ) ;
#2653 = DIRECTION ( 'NONE',  ( -0.000000000000000000, -0.000000000000000000, -1.000000000000000000 ) ) ;
#2654 = CARTESIAN_POINT ( 'NONE',  ( 0.1134186723237567834, -0.1050885022309151484, 0.2900000000000000355 ) ) ;
#2655 = ORIENTED_EDGE ( 'NONE', *, *, #4733, .F. ) ;
#2656 = CARTESIAN_POINT ( 'NONE',  ( 0.1439692324003642721, -0.06453362072155989504, 0.2900000000000000355 ) ) ;
#2657 = B_SPLINE_CURVE_WITH_KNOTS ( 'NONE', 3,
 ( #2555, #3828, #3868, #5209 ),
 .UNSPECIFIED., .F., .F.,
 ( 4, 4 ),
 ( 6.000000000000000000, 7.000000000000000000 ),
 .UNSPECIFIED. ) ;
#2658 = DIRECTION ( 'NONE',  ( 0.000000000000000000, 0.000000000000000000, -1.000000000000000000 ) ) ;
#2659 = DIRECTION ( 'NONE',  ( 0.000000000000000000, 0.000000000000000000, 1.000000000000000000 ) ) ;
#2660 = B_SPLINE_CURVE_WITH_KNOTS ( 'NONE', 3,
 ( #3659, #4963, #243, #2976 ),
 .UNSPECIFIED., .F., .F.,
 ( 4, 4 ),
 ( 16.00000000000000000, 17.00000000000000000 ),
 .UNSPECIFIED. ) ;
#2661 = DIRECTION ( 'NONE',  ( -0.000000000000000000, -0.000000000000000000, -1.000000000000000000 ) ) ;
#2662 = DIRECTION ( 'NONE',  ( 0.000000000000000000, 0.000000000000000000, -1.000000000000000000 ) ) ;
#2663 = ORIENTED_EDGE ( 'NONE', *, *, #8429, .T. ) ;
#2664 = CARTESIAN_POINT ( 'NONE',  ( 0.1652294654369697580, -0.1170836080294719028, 0.2800000000000000266 ) ) ;
#2665 = CARTESIAN_POINT ( 'NONE',  ( 0.1455316201304421853, -0.1103636608034279099, 0.2900000000000000355 ) ) ;
#2666 = FACE_OUTER_BOUND ( 'NONE', #7759, .T. ) ;
#2667 = CARTESIAN_POINT ( 'NONE',  ( -0.05207561007423749944, -0.08238789649337455168, 0.2800000000000000266 ) ) ;
#2668 = EDGE_LOOP ( 'NONE', ( #5923, #7518, #6904, #8688 ) ) ;
#2669 = ORIENTED_EDGE ( 'NONE', *, *, #463, .F. ) ;
#2670 = CARTESIAN_POINT ( 'NONE',  ( 0.2604847173665983950, -0.1109012565815743478, 0.2800000000000000266 ) ) ;
#2671 = DIRECTION ( 'NONE',  ( 0.000000000000000000, -0.000000000000000000, -1.000000000000000000 ) ) ;
#2672 = B_SPLINE_SURFACE_WITH_KNOTS ( 'NONE', 3, 1, ( 
 ( #3563, #2208 ),
 ( #691, #4147 ),
 ( #1552, #4285 ),
 ( #7618, #7030 ) ),
 .UNSPECIFIED., .F., .F., .F.,
 ( 4, 4 ),
 ( 2, 2 ),
 ( 15.00000000000000000, 16.00000000000000000 ),
 ( 0.000000000000000000, 1.000000000000000000 ),
 .UNSPECIFIED. ) ;
#2673 = CARTESIAN_POINT ( 'NONE',  ( 0.1556367407716886253, -0.1054412994603306786, 0.2800000000000000266 ) ) ;
#2674 = PLANE ( 'NONE',  #3629 ) ;
#2675 = VECTOR ( 'NONE', #3746, 1000.000000000000000 ) ;
#2676 = VECTOR ( 'NONE', #6899, 1000.000000000000000 ) ;
#2677 = B_SPLINE_CURVE_WITH_KNOTS ( 'NONE', 3,
 ( #66, #7041, #5596, #206 ),
 .UNSPECIFIED., .F., .F.,
 ( 4, 4 ),
 ( 3.000000000000000000, 4.000000000000000000 ),
 .UNSPECIFIED. ) ;
#2678 = ORIENTED_EDGE ( 'NONE', *, *, #3530, .F. ) ;
#2679 = CARTESIAN_POINT ( 'NONE',  ( 0.1446664269250605706, -0.03434425780827687902, 0.2800000000000000266 ) ) ;
#2680 = ORIENTED_EDGE ( 'NONE', *, *, #5897, .F. ) ;
#2681 = CARTESIAN_POINT ( 'NONE',  ( 0.1349645031174793730, -0.1119932480056896190, 0.2800000000000000266 ) ) ;
#2682 = EDGE_CURVE ( 'NONE', #2271, #6253, #1153, .T. ) ;
#2683 = CARTESIAN_POINT ( 'NONE',  ( 0.2458604322159189670, -0.09137980988964243545, 0.2800000000000000266 ) ) ;
#2684 = ADVANCED_FACE ( 'NONE', ( #646 ), #4686, .F. ) ;
#2685 = ORIENTED_EDGE ( 'NONE', *, *, #4508, .F. ) ;
#2686 = DIRECTION ( 'NONE',  ( -0.3559357243643137547, 0.9345104387438650795, -0.000000000000000000 ) ) ;
#2687 = CARTESIAN_POINT ( 'NONE',  ( 0.1626590856230091253, -0.09922534827611621810, 0.2800000000000000266 ) ) ;
#2688 = AXIS2_PLACEMENT_3D ( 'NONE', #4752, #6863, #1299 ) ;
#2689 = ORIENTED_EDGE ( 'NONE', *, *, #8600, .F. ) ;
#2690 = CARTESIAN_POINT ( 'NONE',  ( -0.03805750452769433856, -0.1038823267804621364, 0.2800000000000000266 ) ) ;
#2691 = DIRECTION ( 'NONE',  ( 0.000000000000000000, -0.000000000000000000, 1.000000000000000000 ) ) ;
#2692 = DIRECTION ( 'NONE',  ( 0.000000000000000000, 0.000000000000000000, -1.000000000000000000 ) ) ;
#2693 = CARTESIAN_POINT ( 'NONE',  ( 0.007267698058694544404, -0.1106577480263321311, 0.2800000000000000266 ) ) ;
#2694 = ORIENTED_EDGE ( 'NONE', *, *, #6224, .T. ) ;
#2695 = EDGE_CURVE ( 'NONE', #3664, #3712, #3255, .T. ) ;
#2696 = DIRECTION ( 'NONE',  ( -1.979642650957451637E-14, 1.000000000000000000, 0.000000000000000000 ) ) ;
#2697 = B_SPLINE_CURVE_WITH_KNOTS ( 'NONE', 3,
 ( #2926, #4626, #8425, #5044 ),
 .UNSPECIFIED., .F., .F.,
 ( 4, 4 ),
 ( 4.000000000000000000, 5.000000000000000000 ),
 .UNSPECIFIED. ) ;
#2698 = B_SPLINE_CURVE_WITH_KNOTS ( 'NONE', 3,
 ( #5395, #2054, #8164, #7561 ),
 .UNSPECIFIED., .F., .F.,
 ( 4, 4 ),
 ( 9.000000000000000000, 10.00000000000000000 ),
 .UNSPECIFIED. ) ;
#2699 = CARTESIAN_POINT ( 'NONE',  ( 0.1921176542751672489, -0.03867862376909076555, 0.2800000000000000266 ) ) ;
#2700 = EDGE_CURVE ( 'NONE', #6505, #4723, #2708, .T. ) ;
#2701 = EDGE_CURVE ( 'NONE', #5606, #8865, #4703, .T. ) ;
#2702 = CARTESIAN_POINT ( 'NONE',  ( 0.1134186723237558120, -0.1013253317843398338, 0.2900000000000000355 ) ) ;
#2703 = CARTESIAN_POINT ( 'NONE',  ( 0.1609958986845445861, -0.1051053020989607817, 0.2800000000000000266 ) ) ;
#2704 = ORIENTED_EDGE ( 'NONE', *, *, #7524, .T. ) ;
#2705 = CARTESIAN_POINT ( 'NONE',  ( 0.1710758195236094792, -0.1156556192439889275, 0.2800000000000000266 ) ) ;
#2706 = EDGE_CURVE ( 'NONE', #776, #1097, #4607, .T. ) ;
#2707 = DIRECTION ( 'NONE',  ( 0.000000000000000000, -0.000000000000000000, 1.000000000000000000 ) ) ;
#2708 = LINE ( 'NONE', #8087, #5950 ) ;
#2709 = CARTESIAN_POINT ( 'NONE',  ( 0.05165836562267162035, -0.1200031517241759577, 0.2900000000000000355 ) ) ;
#2710 = CARTESIAN_POINT ( 'NONE',  ( -0.03829114719579833348, -0.1195358797566788422, 0.2800000000000000266 ) ) ;
#2711 = ORIENTED_EDGE ( 'NONE', *, *, #215, .F. ) ;
#2712 = PLANE ( 'NONE',  #2388 ) ;
#2713 = CARTESIAN_POINT ( 'NONE',  ( -0.01632944271309376416, -0.06252891363595976248, 0.2900000000000000355 ) ) ;
#2714 = B_SPLINE_CURVE_WITH_KNOTS ( 'NONE', 3,
 ( #7071, #6295, #2336, #279 ),
 .UNSPECIFIED., .F., .F.,
 ( 4, 4 ),
 ( 19.00000000000000000, 20.00000000000000000 ),
 .UNSPECIFIED. ) ;
#2715 = PRESENTATION_STYLE_ASSIGNMENT (( #4069 ) ) ;
#2716 = VECTOR ( 'NONE', #202, 1000.000000000000000 ) ;
#2717 = ORIENTED_EDGE ( 'NONE', *, *, #7159, .T. ) ;
#2718 =( NAMED_UNIT ( * ) PLANE_ANGLE_UNIT ( ) SI_UNIT ( $, .RADIAN. ) );
#2719 = EDGE_LOOP ( 'NONE', ( #846, #535, #1157, #8092 ) ) ;
#2720 = CARTESIAN_POINT ( 'NONE',  ( -0.04857108368760184453, -0.04897809119705796854, 0.2800000000000000266 ) ) ;
#2721 = VECTOR ( 'NONE', #5856, 1000.000000000000000 ) ;
#2722 = LINE ( 'NONE', #7463, #3121 ) ;
#2723 = AXIS2_PLACEMENT_3D ( 'NONE', #2380, #2425, #7893 ) ;
#2724 = DIRECTION ( 'NONE',  ( -1.000000000000000000, -0.000000000000000000, -0.000000000000000000 ) ) ;
#2725 = ORIENTED_EDGE ( 'NONE', *, *, #7545, .F. ) ;
#2726 = CARTESIAN_POINT ( 'NONE',  ( 0.2161750653446900261, -0.06775919538998845248, 0.2900000000000000355 ) ) ;
#2727 = LINE ( 'NONE', #1225, #4783 ) ;
#2728 = PRESENTATION_LAYER_ASSIGNMENT (  '', '', ( #8494 ) ) ;
#2729 = EDGE_CURVE ( 'NONE', #5518, #7017, #1066, .T. ) ;
#2730 = ORIENTED_EDGE ( 'NONE', *, *, #2732, .F. ) ;
#2731 = CARTESIAN_POINT ( 'NONE',  ( 0.1524531657733733114, -0.06233283800483681303, 0.2900000000000000355 ) ) ;
#2732 = EDGE_CURVE ( 'NONE', #7928, #8363, #7311, .T. ) ;
#2733 = B_SPLINE_CURVE_WITH_KNOTS ( 'NONE', 3,
 ( #8625, #7132, #7826, #393 ),
 .UNSPECIFIED., .F., .F.,
 ( 4, 4 ),
 ( 35.00000000000000000, 36.00000000000000000 ),
 .UNSPECIFIED. ) ;
#2734 = FACE_OUTER_BOUND ( 'NONE', #708, .T. ) ;
#2735 = FACE_OUTER_BOUND ( 'NONE', #1184, .T. ) ;
#2736 = VECTOR ( 'NONE', #950, 1000.000000000000000 ) ;
#2737 = CARTESIAN_POINT ( 'NONE',  ( 0.1991987986646498732, -0.03970341572102098482, 0.2800000000000000266 ) ) ;
#2738 = DIRECTION ( 'NONE',  ( -0.000000000000000000, -0.000000000000000000, -1.000000000000000000 ) ) ;
#2739 = ORIENTED_EDGE ( 'NONE', *, *, #3983, .T. ) ;
#2740 = LINE ( 'NONE', #5479, #5509 ) ;
#2741 = B_SPLINE_SURFACE_WITH_KNOTS ( 'NONE', 3, 1, ( 
 ( #8719, #4617 ),
 ( #7369, #534 ),
 ( #8675, #399 ),
 ( #8763, #1209 ) ),
 .UNSPECIFIED., .F., .F., .F.,
 ( 4, 4 ),
 ( 2, 2 ),
 ( 0.000000000000000000, 1.000000000000000000 ),
 ( 0.000000000000000000, 1.000000000000000000 ),
 .UNSPECIFIED. ) ;
#2742 = CARTESIAN_POINT ( 'NONE',  ( 0.1829113265756171502, -0.06775919538998845248, 0.2800000000000000266 ) ) ;
#2743 = CARTESIAN_POINT ( 'NONE',  ( -0.06329010164151663287, -0.1013123532411850519, 0.2900000000000000355 ) ) ;
#2744 = LINE ( 'NONE', #3514, #3776 ) ;
#2745 = EDGE_CURVE ( 'NONE', #3056, #8025, #4735, .T. ) ;
#2746 = VERTEX_POINT ( 'NONE', #6042 ) ;
#2747 = CARTESIAN_POINT ( 'NONE',  ( 0.1400380632731053898, -0.1088516726774915455, 0.2800000000000000266 ) ) ;
#2748 = VERTEX_POINT ( 'NONE', #6804 ) ;
#2749 = STYLED_ITEM ( 'NONE', ( #8482 ), #1017 ) ;
#2750 = EDGE_CURVE ( 'NONE', #386, #5959, #8710, .T. ) ;
#2751 = CARTESIAN_POINT ( 'NONE',  ( 0.1626590856230091253, -0.09922534827611621810, 0.2800000000000000266 ) ) ;
#2752 = CARTESIAN_POINT ( 'NONE',  ( 0.1824241304017212573, -0.1198387863921627494, 0.2900000000000000355 ) ) ;
#2753 = CARTESIAN_POINT ( 'NONE',  ( 0.2080103294651170776, -0.04215619645865911064, 0.2800000000000000266 ) ) ;
#2754 = DIRECTION ( 'NONE',  ( -0.000000000000000000, -0.000000000000000000, -1.000000000000000000 ) ) ;
#2755 = ORIENTED_EDGE ( 'NONE', *, *, #2199, .F. ) ;
#2756 = CARTESIAN_POINT ( 'NONE',  ( 0.1594923104926285751, -0.1014429308608860159, 0.2900000000000000355 ) ) ;
#2757 = CARTESIAN_POINT ( 'NONE',  ( 0.1643894720336576964, -0.09588217453114028510, 0.2800000000000000266 ) ) ;
#2759 = EDGE_CURVE ( 'NONE', #6409, #76, #8043, .T. ) ;
#2758 = CARTESIAN_POINT ( 'NONE',  ( 0.1556367407716886253, -0.1054412994603306786, 0.2900000000000000355 ) ) ;
#2760 = EDGE_CURVE ( 'NONE', #8169, #2635, #1650, .T. ) ;
#2761 = ORIENTED_EDGE ( 'NONE', *, *, #1723, .F. ) ;
#2762 = DIRECTION ( 'NONE',  ( -0.000000000000000000, -0.000000000000000000, -1.000000000000000000 ) ) ;
#2763 = ORIENTED_EDGE ( 'NONE', *, *, #1562, .F. ) ;
#2764 = B_SPLINE_CURVE_WITH_KNOTS ( 'NONE', 3,
 ( #1877, #735, #4237, #2842 ),
 .UNSPECIFIED., .F., .F.,
 ( 4, 4 ),
 ( 5.000000000000000000, 6.000000000000000000 ),
 .UNSPECIFIED. ) ;
#2765 = CARTESIAN_POINT ( 'NONE',  ( 0.1261025727129859719, -0.08702864406078214543, 0.2900000000000000355 ) ) ;
#2766 = VERTEX_POINT ( 'NONE', #5321 ) ;
#2767 = CARTESIAN_POINT ( 'NONE',  ( 0.1134186723237558120, -0.03489865345446935968, 0.2900000000000000355 ) ) ;
#2768 = PRESENTATION_LAYER_ASSIGNMENT (  '', '', ( #2190 ) ) ;
#2769 = CARTESIAN_POINT ( 'NONE',  ( 0.03904206706581658803, -0.1055177831226081220, 0.2800000000000000266 ) ) ;
#2770 = ORIENTED_EDGE ( 'NONE', *, *, #4023, .F. ) ;
#2771 = ORIENTED_EDGE ( 'NONE', *, *, #357, .T. ) ;
#2772 = CARTESIAN_POINT ( 'NONE',  ( 0.2999999999999995448, -0.1500000000000001055, 0.000000000000000000 ) ) ;
#2773 = CARTESIAN_POINT ( 'NONE',  ( 0.1134186723237558120, -0.06401282481145953440, 0.2800000000000000266 ) ) ;
#2774 = EDGE_LOOP ( 'NONE', ( #976, #238, #173, #6914 ) ) ;
#2775 = VECTOR ( 'NONE', #1980, 1000.000000000000000 ) ;
#2776 = CARTESIAN_POINT ( 'NONE',  ( 0.2261289871734096790, -0.03909862047069004309, 0.2800000000000000266 ) ) ;
#2777 = VECTOR ( 'NONE', #4314, 1000.000000000000000 ) ;
#2778 = CARTESIAN_POINT ( 'NONE',  ( 0.2262297863816861154, -0.03909862047069004309, 0.2800000000000000266 ) ) ;
#2779 =( GEOMETRIC_REPRESENTATION_CONTEXT ( 3 ) GLOBAL_UNCERTAINTY_ASSIGNED_CONTEXT ( ( #1133 ) ) GLOBAL_UNIT_ASSIGNED_CONTEXT ( ( #8069, #7381, #3958 ) ) REPRESENTATION_CONTEXT ( 'NONE', 'WORKASPACE' ) );
#2780 = ADVANCED_FACE ( 'NONE', ( #2623 ), #6678, .F. ) ;
#2781 = FACE_OUTER_BOUND ( 'NONE', #4795, .T. ) ;
#2782 = CARTESIAN_POINT ( 'NONE',  ( 0.1455316201304421853, -0.1103636608034279099, 0.2900000000000000355 ) ) ;
#2783 =( NAMED_UNIT ( * ) PLANE_ANGLE_UNIT ( ) SI_UNIT ( $, .RADIAN. ) );
#2784 = EDGE_LOOP ( 'NONE', ( #6962, #3398, #1807, #3162, #4937, #8648 ) ) ;
#2785 = LINE ( 'NONE', #5394, #2360 ) ;
#2786 = LINE ( 'NONE', #4095, #6033 ) ;
#2787 = CARTESIAN_POINT ( 'NONE',  ( -0.2199999999999999178, -0.1200000000000000372, -0.02000000000000000042 ) ) ;
#2788 = AXIS2_PLACEMENT_3D ( 'NONE', #6837, #1280, #1937 ) ;
#2789 = LINE ( 'NONE', #5326, #547 ) ;
#2790 = CARTESIAN_POINT ( 'NONE',  ( 0.1850701096220007946, -0.1140932315139114028, 0.2900000000000000355 ) ) ;
#2791 = CARTESIAN_POINT ( 'NONE',  ( 0.2001815909466889420, -0.08702864406078214543, 0.2900000000000000355 ) ) ;
#2792 = EDGE_CURVE ( 'NONE', #6602, #2577, #4019, .T. ) ;
#2793 = VERTEX_POINT ( 'NONE', #3298 ) ;
#2794 = EDGE_CURVE ( 'NONE', #362, #2062, #2457, .T. ) ;
#2795 = CARTESIAN_POINT ( 'NONE',  ( 0.1767037753254269705, -0.06401282481145953440, 0.2900000000000000355 ) ) ;
#2796 = ORIENTED_EDGE ( 'NONE', *, *, #3069, .T. ) ;
#2797 = FACE_OUTER_BOUND ( 'NONE', #2471, .T. ) ;
#2798 = CARTESIAN_POINT ( 'NONE',  ( -0.01118947780936855804, -0.1214049765386971541, 0.2900000000000000355 ) ) ;
#2799 = CARTESIAN_POINT ( 'NONE',  ( 0.1590303141209138960, -0.06775919538998910474, 0.2900000000000000355 ) ) ;
#2800 = CARTESIAN_POINT ( 'NONE',  ( 0.3099999999999995537, -0.1600000000000000866, 0.2700000000000000178 ) ) ;
#2801 = VERTEX_POINT ( 'NONE', #3340 ) ;
#2802 = CARTESIAN_POINT ( 'NONE',  ( 0.1619954908344053146, -0.1170836080294719028, 0.2800000000000000266 ) ) ;
#2803 = CARTESIAN_POINT ( 'NONE',  ( 0.1379632795670630852, -0.09922534827611621810, 0.2800000000000000266 ) ) ;
#2804 = CARTESIAN_POINT ( 'NONE',  ( 0.1446664269250605706, -0.03434425780827687902, 0.2900000000000000355 ) ) ;
#2805 =( LENGTH_UNIT ( ) NAMED_UNIT ( * ) SI_UNIT ( .MILLI., .METRE. ) );
#2806 = ORIENTED_EDGE ( 'NONE', *, *, #5474, .F. ) ;
#2807 = PLANE ( 'NONE',  #3496 ) ;
#2808 = EDGE_CURVE ( 'NONE', #5790, #7282, #1362, .T. ) ;
#2809 = ORIENTED_EDGE ( 'NONE', *, *, #5068, .F. ) ;
#2810 = DIRECTION ( 'NONE',  ( 0.000000000000000000, 0.000000000000000000, 1.000000000000000000 ) ) ;
#2811 = EDGE_CURVE ( 'NONE', #7065, #514, #8360, .T. ) ;
#2812 = LINE ( 'NONE', #850, #1554 ) ;
#2813 = EDGE_CURVE ( 'NONE', #5840, #2271, #2888, .T. ) ;
#2814 = CARTESIAN_POINT ( 'NONE',  ( 0.1670102514518697345, -0.1075580828365994002, 0.2800000000000000266 ) ) ;
#2815 = AXIS2_PLACEMENT_3D ( 'NONE', #5907, #4427, #2489 ) ;
#2816 = VERTEX_POINT ( 'NONE', #8253 ) ;
#2817 = VERTEX_POINT ( 'NONE', #5581 ) ;
#2818 = B_SPLINE_SURFACE_WITH_KNOTS ( 'NONE', 3, 1, ( 
 ( #4704, #1794 ),
 ( #3898, #6052 ),
 ( #8051, #3856 ),
 ( #6554, #6643 ) ),
 .UNSPECIFIED., .F., .F., .F.,
 ( 4, 4 ),
 ( 2, 2 ),
 ( 2.000000000000000000, 3.000000000000000000 ),
 ( 0.000000000000000000, 1.000000000000000000 ),
 .UNSPECIFIED. ) ;
#2819 = FACE_OUTER_BOUND ( 'NONE', #7559, .T. ) ;
#2820 = CARTESIAN_POINT ( 'NONE',  ( 0.1261025727129859719, -0.09080861437540482806, 0.2900000000000000355 ) ) ;
#2821 = ORIENTED_EDGE ( 'NONE', *, *, #958, .T. ) ;
#2822 = ORIENTED_EDGE ( 'NONE', *, *, #3584, .F. ) ;
#2823 = VECTOR ( 'NONE', #2221, 1000.000000000000000 ) ;
#2824 = CARTESIAN_POINT ( 'NONE',  ( 0.2427524566238123682, -0.09389979009946414212, 0.2900000000000000355 ) ) ;
#2825 = UNCERTAINTY_MEASURE_WITH_UNIT (LENGTH_MEASURE( 1.000000000000000082E-05 ), #541, 'distance_accuracy_value', 'NONE');
#2826 = SURFACE_SIDE_STYLE ('',( #5035 ) ) ;
#2827 = CARTESIAN_POINT ( 'NONE',  ( 0.2178550521513145100, -0.1161428154177715083, 0.2900000000000000355 ) ) ;
#2828 = VECTOR ( 'NONE', #5514, 1000.000000000000000 ) ;
#2829 = LINE ( 'NONE', #5754, #4934 ) ;
#2830 = CARTESIAN_POINT ( 'NONE',  ( 0.001426825203834690501, -0.09640600203991619987, 0.2900000000000000355 ) ) ;
#2831 = EDGE_LOOP ( 'NONE', ( #5351, #5031, #981, #1574 ) ) ;
#2832 = CARTESIAN_POINT ( 'NONE',  ( 0.2240626034015042456, -0.08702864406078171522, 0.2900000000000000355 ) ) ;
#2833 = CARTESIAN_POINT ( 'NONE',  ( -0.06329010164151663287, -0.1013123532411850519, 0.2900000000000000355 ) ) ;
#2834 = CARTESIAN_POINT ( 'NONE',  ( 0.1449436247481569739, -0.1138916330971362634, 0.2900000000000000355 ) ) ;
#2835 = VECTOR ( 'NONE', #1027, 1000.000000000000000 ) ;
#2836 = CARTESIAN_POINT ( 'NONE',  ( 0.1386436742237125430, -0.06831359103618106499, 0.2800000000000000266 ) ) ;
#2837 = DIRECTION ( 'NONE',  ( -0.000000000000000000, -0.000000000000000000, -1.000000000000000000 ) ) ;
#2838 = CARTESIAN_POINT ( 'NONE',  ( 0.1699502283632908783, -0.09692376635134111740, 0.2900000000000000355 ) ) ;
#2839 = ORIENTED_EDGE ( 'NONE', *, *, #6941, .F. ) ;
#2840 = VERTEX_POINT ( 'NONE', #2752 ) ;
#2841 = ORIENTED_EDGE ( 'NONE', *, *, #8263, .T. ) ;
#2842 = CARTESIAN_POINT ( 'NONE',  ( 0.1455316201304421853, -0.1103636608034279099, 0.2800000000000000266 ) ) ;
#2843 = CARTESIAN_POINT ( 'NONE',  ( -0.007217679455346053680, -0.1071532305522809037, 0.2800000000000000266 ) ) ;
#2844 =( NAMED_UNIT ( * ) SI_UNIT ( $, .STERADIAN. ) SOLID_ANGLE_UNIT ( ) );
#2845 = EDGE_CURVE ( 'NONE', #5721, #4172, #736, .T. ) ;
#2846 = DIRECTION ( 'NONE',  ( -1.000000000000000000, -0.000000000000000000, -0.000000000000000000 ) ) ;
#2847 = ORIENTED_EDGE ( 'NONE', *, *, #7603, .F. ) ;
#2848 = EDGE_CURVE ( 'NONE', #6321, #2766, #7716, .T. ) ;
#2849 = CARTESIAN_POINT ( 'NONE',  ( 0.1666742540904995185, -0.1198219865241172133, 0.2900000000000000355 ) ) ;
#2850 = CARTESIAN_POINT ( 'NONE',  ( 0.1681946421504601219, -0.09979654379035479694, 0.2900000000000000355 ) ) ;
#2851 = CARTESIAN_POINT ( 'NONE',  ( 0.2696910450665971348, -0.08702864406078171522, 0.2900000000000000355 ) ) ;
#2852 = EDGE_LOOP ( 'NONE', ( #1721, #4611, #5103, #1775 ) ) ;
#2853 = ORIENTED_EDGE ( 'NONE', *, *, #3396, .T. ) ;
#2854 = CARTESIAN_POINT ( 'NONE',  ( 0.1603911034341025665, -0.1045677063208142465, 0.2800000000000000266 ) ) ;
#2855 = ORIENTED_EDGE ( 'NONE', *, *, #603, .T. ) ;
#2856 = FACE_OUTER_BOUND ( 'NONE', #1693, .T. ) ;
#2857 = ORIENTED_EDGE ( 'NONE', *, *, #7990, .F. ) ;
#2858 = PLANE ( 'NONE',  #4270 ) ;
#2859 = CARTESIAN_POINT ( 'NONE',  ( 0.1759561811965928979, -0.03867862376909076555, 0.2800000000000000266 ) ) ;
#2860 = VECTOR ( 'NONE', #6654, 1000.000000000000000 ) ;
#2861 = ORIENTED_EDGE ( 'NONE', *, *, #5892, .F. ) ;
#2862 = EDGE_CURVE ( 'NONE', #8841, #429, #7847, .T. ) ;
#2863 = VERTEX_POINT ( 'NONE', #2110 ) ;
#2864 = FACE_OUTER_BOUND ( 'NONE', #8353, .T. ) ;
#2865 = CARTESIAN_POINT ( 'NONE',  ( 0.2317065433709780131, -0.05505849513260052674, 0.2900000000000000355 ) ) ;
#2866 = ADVANCED_FACE ( 'NONE', ( #5679 ), #1454, .F. ) ;
#2867 = ORIENTED_EDGE ( 'NONE', *, *, #3981, .T. ) ;
#2868 = EDGE_LOOP ( 'NONE', ( #4889, #4382, #1384, #916 ) ) ;
#2869 = AXIS2_PLACEMENT_3D ( 'NONE', #4102, #8252, #53 ) ;
#2870 = VECTOR ( 'NONE', #980, 1000.000000000000000 ) ;
#2871 = FACE_OUTER_BOUND ( 'NONE', #7371, .T. ) ;
#2872 = CARTESIAN_POINT ( 'NONE',  ( 0.1732178027019473654, -0.09641977030928650105, 0.2900000000000000355 ) ) ;
#2873 = AXIS2_PLACEMENT_3D ( 'NONE', #4765, #1437, #7517 ) ;
#2874 = B_SPLINE_CURVE_WITH_KNOTS ( 'NONE', 3,
 ( #4109, #6946, #4923, #8258 ),
 .UNSPECIFIED., .F., .F.,
 ( 4, 4 ),
 ( 6.000000000000000000, 7.000000000000000000 ),
 .UNSPECIFIED. ) ;
#2875 = VERTEX_POINT ( 'NONE', #3475 ) ;
#2876 = LINE ( 'NONE', #3689, #8632 ) ;
#2877 = LINE ( 'NONE', #5669, #8345 ) ;
#2878 = CARTESIAN_POINT ( 'NONE',  ( 0.1614830948584406733, -0.1095740670043671428, 0.2800000000000000266 ) ) ;
#2879 = CARTESIAN_POINT ( 'NONE',  ( 0.1433560372160112284, -0.06831359103618106499, 0.2800000000000000266 ) ) ;
#2880 = VECTOR ( 'NONE', #8154, 1000.000000000000000 ) ;
#2881 = CARTESIAN_POINT ( 'NONE',  ( -0.06679462802803980137, -0.09220058107096566757, 0.2800000000000000266 ) ) ;
#2882 = CARTESIAN_POINT ( 'NONE',  ( -0.03805750452769433856, -0.1038823267804621364, 0.2800000000000000266 ) ) ;
#2883 = VERTEX_POINT ( 'NONE', #7574 ) ;
#2884 = ORIENTED_EDGE ( 'NONE', *, *, #8909, .T. ) ;
#2885 = LINE ( 'NONE', #1550, #8550 ) ;
#2886 = AXIS2_PLACEMENT_3D ( 'NONE', #6920, #4358, #7014 ) ;
#2887 = PLANE ( 'NONE',  #1298 ) ;
#2888 = LINE ( 'NONE', #2022, #6670 ) ;
#2889 = CARTESIAN_POINT ( 'NONE',  ( 0.1590303141209138960, -0.03489865345446935968, 0.2900000000000000355 ) ) ;
#2890 = DIRECTION ( 'NONE',  ( 1.000000000000000000, -0.000000000000000000, -0.000000000000000000 ) ) ;
#2891 = EDGE_LOOP ( 'NONE', ( #3613, #7971, #6299, #7834 ) ) ;
#2892 = CARTESIAN_POINT ( 'NONE',  ( 0.2255913913952637684, -0.04140020239568983906, 0.2900000000000000355 ) ) ;
#2893 = DIRECTION ( 'NONE',  ( -0.000000000000000000, -0.000000000000000000, -1.000000000000000000 ) ) ;
#2894 = B_SPLINE_SURFACE_WITH_KNOTS ( 'NONE', 3, 1, ( 
 ( #823, #8288 ),
 ( #5573, #2881 ),
 ( #2743, #8335 ),
 ( #6930, #2104 ) ),
 .UNSPECIFIED., .F., .F., .F.,
 ( 4, 4 ),
 ( 2, 2 ),
 ( 7.000000000000000000, 8.000000000000000000 ),
 ( 0.000000000000000000, 1.000000000000000000 ),
 .UNSPECIFIED. ) ;
#2895 = FACE_OUTER_BOUND ( 'NONE', #3196, .T. ) ;
#2896 = ORIENTED_EDGE ( 'NONE', *, *, #5762, .F. ) ;
#2897 = ADVANCED_FACE ( 'NONE', ( #196 ), #2672, .F. ) ;
#2898 = VERTEX_POINT ( 'NONE', #2933 ) ;
#2899 = LINE ( 'NONE', #2731, #7772 ) ;
#2900 = VECTOR ( 'NONE', #6122, 1000.000000000000114 ) ;
#2901 = ORIENTED_EDGE ( 'NONE', *, *, #460, .F. ) ;
#2902 = CARTESIAN_POINT ( 'NONE',  ( -0.01983396909961752941, -0.06042619869502297708, 0.2800000000000000266 ) ) ;
#2903 = ORIENTED_EDGE ( 'NONE', *, *, #8166, .T. ) ;
#2904 = CARTESIAN_POINT ( 'NONE',  ( 0.1594923104926285751, -0.1023837234723617706, 0.2900000000000000355 ) ) ;
#2905 = VECTOR ( 'NONE', #1165, 1000.000000000000000 ) ;
#2906 = DIRECTION ( 'NONE',  ( -0.000000000000000000, -0.000000000000000000, -1.000000000000000000 ) ) ;
#2908 = EDGE_LOOP ( 'NONE', ( #778, #570, #49, #8337 ) ) ;
#2907 = EDGE_CURVE ( 'NONE', #8368, #4697, #8472, .T. ) ;
#2909 = ORIENTED_EDGE ( 'NONE', *, *, #3412, .F. ) ;
#2910 = CARTESIAN_POINT ( 'NONE',  ( 0.2161750653446900261, -0.06775919538998845248, 0.2900000000000000355 ) ) ;
#2911 = PLANE ( 'NONE',  #3801 ) ;
#2912 = ORIENTED_EDGE ( 'NONE', *, *, #1132, .F. ) ;
#2913 = EDGE_LOOP ( 'NONE', ( #7133, #6778, #1169, #7511 ) ) ;
#2914 = CARTESIAN_POINT ( 'NONE',  ( -0.007217679455346053680, -0.1171995377448013381, 0.2800000000000000266 ) ) ;
#2915 = CARTESIAN_POINT ( 'NONE',  ( 0.03904206706581658803, -0.1055177831226081220, 0.2800000000000000266 ) ) ;
#2916 = CARTESIAN_POINT ( 'NONE',  ( -0.02544121042707611635, -0.04523992882689723688, 0.2800000000000000266 ) ) ;
#2917 = VECTOR ( 'NONE', #8833, 1000.000000000000000 ) ;
#2918 = ORIENTED_EDGE ( 'NONE', *, *, #1654, .T. ) ;
#2919 = PLANE ( 'NONE',  #439 ) ;
#2920 = CARTESIAN_POINT ( 'NONE',  ( 0.1552503438061812180, -0.1027533205698233643, 0.2800000000000000266 ) ) ;
#2921 = CARTESIAN_POINT ( 'NONE',  ( -0.06679462802803980137, -0.09220058107096566757, 0.2800000000000000266 ) ) ;
#2922 = ADVANCED_FACE ( 'NONE', ( #1406 ), #5331, .T. ) ;
#2923 = DIRECTION ( 'NONE',  ( -1.000000000000000000, 0.000000000000000000, 0.000000000000000000 ) ) ;
#2924 = CIRCLE ( 'NONE', #495, 0.01000000000000002623 ) ;
#2925 = ADVANCED_FACE ( 'NONE', ( #1504 ), #664, .T. ) ;
#2926 = CARTESIAN_POINT ( 'NONE',  ( 0.2052047514982866250, -0.05102652679706329991, 0.2800000000000000266 ) ) ;
#2927 = FACE_OUTER_BOUND ( 'NONE', #4623, .T. ) ;
#2928 = EDGE_CURVE ( 'NONE', #6255, #172, #3703, .T. ) ;
#2929 = VERTEX_POINT ( 'NONE', #5136 ) ;
#2930 = ORIENTED_EDGE ( 'NONE', *, *, #2907, .F. ) ;
#2931 = DIRECTION ( 'NONE',  ( -0.000000000000000000, -0.000000000000000000, -1.000000000000000000 ) ) ;
#2932 = FILL_AREA_STYLE_COLOUR ( '', #716 ) ;
#2933 = CARTESIAN_POINT ( 'NONE',  ( 0.2332689311010539002, -0.09080861437540363457, 0.2800000000000000266 ) ) ;
#2934 = AXIS2_PLACEMENT_3D ( 'NONE', #1059, #1102, #6538 ) ;
#2935 = DIRECTION ( 'NONE',  ( 1.000000000000000000, 0.000000000000000000, 0.000000000000000000 ) ) ;
#2936 = CARTESIAN_POINT ( 'NONE',  ( -0.02053487705075304412, -0.04150176868463013174, 0.2800000000000000266 ) ) ;
#2937 = LINE ( 'NONE', #5683, #324 ) ;
#2938 = CARTESIAN_POINT ( 'NONE',  ( -0.01632944716932911017, -0.1031814321982591626, 0.2800000000000000266 ) ) ;
#2939 = ORIENTED_EDGE ( 'NONE', *, *, #2541, .F. ) ;
#2940 = ORIENTED_EDGE ( 'NONE', *, *, #8659, .T. ) ;
#2941 = DIRECTION ( 'NONE',  ( -1.000000000000000000, 0.000000000000000000, -0.000000000000000000 ) ) ;
#2942 = LINE ( 'NONE', #3125, #7496 ) ;
#2943 = VERTEX_POINT ( 'NONE', #4632 ) ;
#2944 = CARTESIAN_POINT ( 'NONE',  ( 0.05095745321541134826, -0.1057514146500092150, 0.2800000000000000266 ) ) ;
#2945 = VERTEX_POINT ( 'NONE', #5007 ) ;
#2946 = CARTESIAN_POINT ( 'NONE',  ( 0.1643894720336576964, -0.09588217453114028510, 0.2900000000000000355 ) ) ;
#2947 = CARTESIAN_POINT ( 'NONE',  ( 0.2240626034015048840, -0.1198891859963011758, 0.2900000000000000355 ) ) ;
#2948 = ORIENTED_EDGE ( 'NONE', *, *, #3504, .T. ) ;
#2949 = ORIENTED_EDGE ( 'NONE', *, *, #5152, .T. ) ;
#2950 =( NAMED_UNIT ( * ) SI_UNIT ( $, .STERADIAN. ) SOLID_ANGLE_UNIT ( ) );
#2951 = CARTESIAN_POINT ( 'NONE',  ( 0.007267698058694544404, -0.1120595550161326837, 0.2900000000000000355 ) ) ;
#2952 = ORIENTED_EDGE ( 'NONE', *, *, #1884, .T. ) ;
#2953 = ORIENTED_EDGE ( 'NONE', *, *, #2928, .F. ) ;
#2954 = DIRECTION ( 'NONE',  ( -0.000000000000000000, -0.000000000000000000, -1.000000000000000000 ) ) ;
#2955 = EDGE_CURVE ( 'NONE', #1037, #1764, #7763, .T. ) ;
#2956 = EDGE_CURVE ( 'NONE', #4988, #3712, #3657, .T. ) ;
#2957 = CARTESIAN_POINT ( 'NONE',  ( 0.2161750653446923021, -0.1013253317843389734, 0.2800000000000000266 ) ) ;
#2958 = PLANE ( 'NONE',  #1771 ) ;
#2959 = CARTESIAN_POINT ( 'NONE',  ( 0.04581748831157474167, -0.05294988732318573615, 0.2900000000000000355 ) ) ;
#2960 = VECTOR ( 'NONE', #8587, 1000.000000000000000 ) ;
#2961 = VECTOR ( 'NONE', #7454, 1000.000000000000000 ) ;
#2962 = ORIENTED_EDGE ( 'NONE', *, *, #6749, .T. ) ;
#2963 = DIRECTION ( 'NONE',  ( 9.898213254787176145E-15, -1.000000000000000000, -0.000000000000000000 ) ) ;
#2964 = CARTESIAN_POINT ( 'NONE',  ( 0.2016011797981493991, -0.04176979949315111351, 0.2800000000000000266 ) ) ;
#2965 = CARTESIAN_POINT ( 'NONE',  ( 0.1294289465899150782, -0.04240819447957409200, 0.2800000000000000266 ) ) ;
#2966 = B_SPLINE_SURFACE_WITH_KNOTS ( 'NONE', 3, 1, ( 
 ( #7814, #8391 ),
 ( #1646, #4379 ),
 ( #3707, #3023 ),
 ( #7124, #970 ) ),
 .UNSPECIFIED., .F., .F., .F.,
 ( 4, 4 ),
 ( 2, 2 ),
 ( 26.00000000000000000, 27.00000000000000000 ),
 ( 0.000000000000000000, 1.000000000000000000 ),
 .UNSPECIFIED. ) ;
#2967 = CARTESIAN_POINT ( 'NONE',  ( 0.1261025727129859719, -0.08702864406078214543, 0.2900000000000000355 ) ) ;
#2968 = CIRCLE ( 'NONE', #6850, 0.01000000000000002623 ) ;
#2969 = CARTESIAN_POINT ( 'NONE',  ( 0.2427524566238123682, -0.09389979009946414212, 0.2800000000000000266 ) ) ;
#2970 = ORIENTED_EDGE ( 'NONE', *, *, #8662, .F. ) ;
#2971 = VERTEX_POINT ( 'NONE', #7214 ) ;
#2972 = EDGE_CURVE ( 'NONE', #1725, #3209, #2252, .T. ) ;
#2973 = LINE ( 'NONE', #5722, #8696 ) ;
#2974 = CARTESIAN_POINT ( 'NONE',  ( 0.01474402279924059631, -0.02608185169227541719, 0.2900000000000000355 ) ) ;
#2975 = DIRECTION ( 'NONE',  ( -0.000000000000000000, -0.000000000000000000, -1.000000000000000000 ) ) ;
#2976 = CARTESIAN_POINT ( 'NONE',  ( 0.1696982303422643890, -0.1096244666085043895, 0.2900000000000000355 ) ) ;
#2977 = VECTOR ( 'NONE', #8586, 1000.000000000000000 ) ;
#2978 = EDGE_CURVE ( 'NONE', #6694, #1125, #7173, .T. ) ;
#2979 = PRESENTATION_STYLE_ASSIGNMENT (( #335 ) ) ;
#2980 = FACE_OUTER_BOUND ( 'NONE', #1516, .T. ) ;
#2981 = CARTESIAN_POINT ( 'NONE',  ( 0.1696982303422643890, -0.1096244666085043895, 0.2900000000000000355 ) ) ;
#2982 = ADVANCED_FACE ( 'NONE', ( #5724 ), #4756, .F. ) ;
#2983 = ORIENTED_EDGE ( 'NONE', *, *, #2682, .F. ) ;
#2984 = VERTEX_POINT ( 'NONE', #241 ) ;
#2985 = CARTESIAN_POINT ( 'NONE',  ( 0.1759561811965928979, -0.03489865345446935968, 0.2900000000000000355 ) ) ;
#2986 = CARTESIAN_POINT ( 'NONE',  ( 0.2096651164694471881, -0.05599928774430016493, 0.2900000000000000355 ) ) ;
#2987 = EDGE_LOOP ( 'NONE', ( #8090, #2134, #1633, #7374 ) ) ;
#2988 = CARTESIAN_POINT ( 'NONE',  ( 0.1643894720336576964, -0.1065836904888065317, 0.2900000000000000355 ) ) ;
#2989 = EDGE_LOOP ( 'NONE', ( #3861, #6062, #4166, #3435, #5646, #3872, #3933, #1817, #5591, #4586, #612, #27 ) ) ;
#2990 = CARTESIAN_POINT ( 'NONE',  ( 0.03857480401090222083, -0.1200031517241759577, 0.2800000000000000266 ) ) ;
#2991 = CARTESIAN_POINT ( 'NONE',  ( 0.2267421823577642492, -0.04140020239568983906, 0.2900000000000000355 ) ) ;
#2992 = CARTESIAN_POINT ( 'NONE',  ( 0.1919496555947069472, -0.06775919538998845248, 0.2900000000000000355 ) ) ;
#2993 = EDGE_LOOP ( 'NONE', ( #2124, #6582, #4264, #4662 ) ) ;
#2994 = VERTEX_POINT ( 'NONE', #2557 ) ;
#2995 = DIRECTION ( 'NONE',  ( -0.000000000000000000, -0.000000000000000000, -1.000000000000000000 ) ) ;
#2996 = CARTESIAN_POINT ( 'NONE',  ( 0.2700000000000000733, -0.1199999999999999956, 0.000000000000000000 ) ) ;
#2997 = ORIENTED_EDGE ( 'NONE', *, *, #656, .T. ) ;
#2998 = ORIENTED_EDGE ( 'NONE', *, *, #7545, .T. ) ;
#2999 = CARTESIAN_POINT ( 'NONE',  ( 0.07245188350249909259, -0.06089347957499382374, 0.2900000000000000355 ) ) ;
#3000 = CARTESIAN_POINT ( 'NONE',  ( 0.2044235576332510129, -0.09080861437540363457, 0.2800000000000000266 ) ) ;
#3001 = ORIENTED_EDGE ( 'NONE', *, *, #7788, .F. ) ;
#3002 = ADVANCED_FACE ( 'NONE', ( #7122 ), #968, .F. ) ;
#3003 = DIRECTION ( 'NONE',  ( -0.000000000000000000, 1.000000000000000000, -0.000000000000000000 ) ) ;
#3004 = EDGE_CURVE ( 'NONE', #1450, #4837, #6698, .T. ) ;
#3005 = STYLED_ITEM ( 'NONE', ( #3771 ), #7760 ) ;
#3006 = ORIENTED_EDGE ( 'NONE', *, *, #2481, .F. ) ;
#3007 = LINE ( 'NONE', #7706, #6614 ) ;
#3008 = LINE ( 'NONE', #7067, #295 ) ;
#3009 = CARTESIAN_POINT ( 'NONE',  ( 0.2526391789801246124, -0.1198891859963011758, 0.2800000000000000266 ) ) ;
#3011 = UNCERTAINTY_MEASURE_WITH_UNIT (LENGTH_MEASURE( 1.000000000000000082E-05 ), #6441, 'distance_accuracy_value', 'NONE');
#3010 = LINE ( 'NONE', #7659, #2542 ) ;
#3012 = PRESENTATION_LAYER_ASSIGNMENT (  '', '', ( #872 ) ) ;
#3013 = CARTESIAN_POINT ( 'NONE',  ( 0.1455316201304421853, -0.1081124784825676921, 0.2800000000000000266 ) ) ;
#3014 = ORIENTED_EDGE ( 'NONE', *, *, #8039, .T. ) ;
#3015 = VERTEX_POINT ( 'NONE', #6491 ) ;
#3016 = ADVANCED_FACE ( 'NONE', ( #7906 ), #6186, .F. ) ;
#3017 = DIRECTION ( 'NONE',  ( -0.000000000000000000, 1.000000000000000000, -0.000000000000000000 ) ) ;
#3018 = B_SPLINE_CURVE_WITH_KNOTS ( 'NONE', 3,
 ( #3998, #5462, #1300, #6739 ),
 .UNSPECIFIED., .F., .F.,
 ( 4, 4 ),
 ( 1.000000000000000000, 2.000000000000000000 ),
 .UNSPECIFIED. ) ;
#3019 = CARTESIAN_POINT ( 'NONE',  ( -0.01329218829384458053, -0.03519362052042989547, 0.2900000000000000355 ) ) ;
#3020 = CARTESIAN_POINT ( 'NONE',  ( 0.1426000431530417834, -0.1164284131750039364, 0.2800000000000000266 ) ) ;
#3021 = CARTESIAN_POINT ( 'NONE',  ( 0.1330829178940801660, -0.09806615737959341328, 0.2900000000000000355 ) ) ;
#3022 = VECTOR ( 'NONE', #6213, 1000.000000000000000 ) ;
#3023 = CARTESIAN_POINT ( 'NONE',  ( 0.03950933012073095524, -0.1055177831226081220, 0.2800000000000000266 ) ) ;
#3024 = CARTESIAN_POINT ( 'NONE',  ( 0.1756453836374043953, -0.1274155268896769999, 0.2900000000000000355 ) ) ;
#3025 = FACE_OUTER_BOUND ( 'NONE', #499, .T. ) ;
#3026 = ORIENTED_EDGE ( 'NONE', *, *, #4248, .T. ) ;
#3027 = EDGE_CURVE ( 'NONE', #4518, #945, #4173, .T. ) ;
#3028 = VECTOR ( 'NONE', #7285, 1000.000000000000000 ) ;
#3029 = ORIENTED_EDGE ( 'NONE', *, *, #2862, .T. ) ;
#3030 = CARTESIAN_POINT ( 'NONE',  ( 0.1134186723237558120, -0.09080861437540482806, 0.2900000000000000355 ) ) ;
#3031 = CARTESIAN_POINT ( 'NONE',  ( 0.1524531657733733114, -0.04012341242262128932, 0.2900000000000000355 ) ) ;
#3032 = VERTEX_POINT ( 'NONE', #2602 ) ;
#3033 = DIRECTION ( 'NONE',  ( 5.154660576713457558E-14, -1.000000000000000000, 0.000000000000000000 ) ) ;
#3034 = VERTEX_POINT ( 'NONE', #7120 ) ;
#3035 = EDGE_CURVE ( 'NONE', #8363, #7131, #5677, .T. ) ;
#3036 = CARTESIAN_POINT ( 'NONE',  ( 0.06777918165368944370, -0.08752787922204353921, 0.2800000000000000266 ) ) ;
#3037 = LINE ( 'NONE', #4437, #6840 ) ;
#3038 = CARTESIAN_POINT ( 'NONE',  ( 0.1524531657733733114, -0.06639840607668964778, 0.2900000000000000355 ) ) ;
#3039 = ADVANCED_FACE ( 'NONE', ( #966 ), #193, .T. ) ;
#3040 = EDGE_CURVE ( 'NONE', #6079, #1372, #6301, .T. ) ;
#3041 = VERTEX_POINT ( 'NONE', #3749 ) ;
#3042 = EDGE_LOOP ( 'NONE', ( #7403, #6166, #3968, #5982 ) ) ;
#3043 = B_SPLINE_SURFACE_WITH_KNOTS ( 'NONE', 3, 1, ( 
 ( #4877, #749 ),
 ( #3487, #5548 ),
 ( #2125, #847 ),
 ( #8310, #209 ) ),
 .UNSPECIFIED., .F., .F., .F.,
 ( 4, 4 ),
 ( 2, 2 ),
 ( 2.000000000000000000, 3.000000000000000000 ),
 ( 0.000000000000000000, 1.000000000000000000 ),
 .UNSPECIFIED. ) ;
#3044 = CARTESIAN_POINT ( 'NONE',  ( 0.1524531657733733114, -0.06639840607668964778, 0.2900000000000000355 ) ) ;
#3045 = CARTESIAN_POINT ( 'NONE',  ( -0.009086753956073410909, -0.08846240978810843147, 0.2900000000000000355 ) ) ;
#3046 = VERTEX_POINT ( 'NONE', #6352 ) ;
#3047 = ORIENTED_EDGE ( 'NONE', *, *, #4606, .F. ) ;
#3048 = FACE_OUTER_BOUND ( 'NONE', #6818, .T. ) ;
#3049 = DIRECTION ( 'NONE',  ( 0.000000000000000000, 0.000000000000000000, 1.000000000000000000 ) ) ;
#3050 = ORIENTED_EDGE ( 'NONE', *, *, #5785, .T. ) ;
#3051 = DIRECTION ( 'NONE',  ( 1.000000000000000000, -0.000000000000000000, -0.000000000000000000 ) ) ;
#3052 = ORIENTED_EDGE ( 'NONE', *, *, #2140, .F. ) ;
#3053 = CARTESIAN_POINT ( 'NONE',  ( 0.1552503438061812180, -0.1027533205698233643, 0.2900000000000000355 ) ) ;
#3054 = CARTESIAN_POINT ( 'NONE',  ( 0.1261025727129859719, -0.09080861437540482806, 0.2800000000000000266 ) ) ;
#3055 = LINE ( 'NONE', #8609, #7209 ) ;
#3056 = VERTEX_POINT ( 'NONE', #4236 ) ;
#3057 = CARTESIAN_POINT ( 'NONE',  ( 0.1829113265756171502, -0.03489865345446935968, 0.2900000000000000355 ) ) ;
#3058 = ADVANCED_FACE ( 'NONE', ( #8430 ), #4615, .F. ) ;
#3059 = LINE ( 'NONE', #962, #7137 ) ;
#3060 = VECTOR ( 'NONE', #39, 1000.000000000000000 ) ;
#3061 = ORIENTED_EDGE ( 'NONE', *, *, #6191, .F. ) ;
#3062 = CARTESIAN_POINT ( 'NONE',  ( 0.1623230882616398252, -0.1057772968216992571, 0.2900000000000000355 ) ) ;
#3063 = LINE ( 'NONE', #3797, #8152 ) ;
#3064 = CARTESIAN_POINT ( 'NONE',  ( 0.1571907285677419108, -0.1074908833641913253, 0.2900000000000000355 ) ) ;
#3065 = PRESENTATION_STYLE_ASSIGNMENT (( #1644 ) ) ;
#3066 = CARTESIAN_POINT ( 'NONE',  ( 0.1578879230924379873, -0.09774695988649467759, 0.2900000000000000355 ) ) ;
#3067 = MECHANICAL_DESIGN_GEOMETRIC_PRESENTATION_REPRESENTATION (  '', ( #7532 ), #2637 ) ;
#3068 = EDGE_CURVE ( 'NONE', #7284, #7681, #283, .T. ) ;
#3069 = EDGE_CURVE ( 'NONE', #6226, #2397, #1643, .T. ) ;
#3070 = CARTESIAN_POINT ( 'NONE',  ( 0.2672802639990731199, -0.09122861107722690654, 0.2900000000000000355 ) ) ;
#3071 = CARTESIAN_POINT ( 'NONE',  ( 0.1710758195236094792, -0.1135052361316282732, 0.2900000000000000355 ) ) ;
#3072 = ORIENTED_EDGE ( 'NONE', *, *, #4530, .T. ) ;
#3073 = STYLED_ITEM ( 'NONE', ( #2023 ), #3208 ) ;
#3074 = ORIENTED_EDGE ( 'NONE', *, *, #8768, .T. ) ;
#3075 = DIRECTION ( 'NONE',  ( -0.000000000000000000, -0.000000000000000000, -1.000000000000000000 ) ) ;
#3076 = CARTESIAN_POINT ( 'NONE',  ( 0.1433560372160112284, -0.06831359103618106499, 0.2900000000000000355 ) ) ;
#3077 = ORIENTED_EDGE ( 'NONE', *, *, #327, .F. ) ;
#3078 = CARTESIAN_POINT ( 'NONE',  ( 0.06777918165368944370, -0.08752787922204353921, 0.2800000000000000266 ) ) ;
#3079 = ORIENTED_EDGE ( 'NONE', *, *, #8300, .T. ) ;
#3080 = LINE ( 'NONE', #4481, #7447 ) ;
#3081 = CARTESIAN_POINT ( 'NONE',  ( 0.1991987986646498732, -0.03970341572102098482, 0.2900000000000000355 ) ) ;
#3082 = CARTESIAN_POINT ( 'NONE',  ( 0.2178550521513145100, -0.1198891859963017309, 0.2900000000000000355 ) ) ;
#3083 = ORIENTED_EDGE ( 'NONE', *, *, #8819, .T. ) ;
#3084 = EDGE_CURVE ( 'NONE', #8804, #4492, #1009, .T. ) ;
#3085 = ORIENTED_EDGE ( 'NONE', *, *, #8171, .F. ) ;
#3086 = CARTESIAN_POINT ( 'NONE',  ( 0.1496475878064338905, -0.1047861046058615186, 0.2900000000000000355 ) ) ;
#3087 = CARTESIAN_POINT ( 'NONE',  ( 0.2240626034015042456, -0.08702864406078171522, 0.2800000000000000266 ) ) ;
#3088 = EDGE_CURVE ( 'NONE', #7437, #1137, #2885, .T. ) ;
#3089 = B_SPLINE_CURVE_WITH_KNOTS ( 'NONE', 3,
 ( #3086, #5833, #4489, #2546 ),
 .UNSPECIFIED., .F., .F.,
 ( 4, 4 ),
 ( 1.000000000000000000, 2.000000000000000000 ),
 .UNSPECIFIED. ) ;
#3090 = EDGE_LOOP ( 'NONE', ( #3733, #7595, #7201, #4143 ) ) ;
#3091 = ORIENTED_EDGE ( 'NONE', *, *, #5839, .T. ) ;
#3092 = EDGE_CURVE ( 'NONE', #4978, #3632, #5766, .T. ) ;
#3093 = EDGE_CURVE ( 'NONE', #4857, #386, #331, .T. ) ;
#3094 = CARTESIAN_POINT ( 'NONE',  ( 0.05095745321541134826, -0.1057514146500092150, 0.2800000000000000266 ) ) ;
#3095 = CARTESIAN_POINT ( 'NONE',  ( 0.1839529183955946334, -0.1140596317778193591, 0.2900000000000000355 ) ) ;
#3096 = EDGE_CURVE ( 'NONE', #192, #1890, #94, .T. ) ;
#3097 = EDGE_LOOP ( 'NONE', ( #4122, #6719, #4835, #7692 ) ) ;
#3098 = DIRECTION ( 'NONE',  ( -0.000000000000000000, 1.000000000000000000, -0.000000000000000000 ) ) ;
#3099 = DIRECTION ( 'NONE',  ( 0.000000000000000000, 1.000000000000000000, 0.000000000000000000 ) ) ;
#3100 = ORIENTED_EDGE ( 'NONE', *, *, #6642, .F. ) ;
#3101 = DIRECTION ( 'NONE',  ( 0.000000000000000000, 0.000000000000000000, 1.000000000000000000 ) ) ;
#3102 = CARTESIAN_POINT ( 'NONE',  ( 0.2096651164694471881, -0.05090892772051711784, 0.2800000000000000266 ) ) ;
#3103 = CARTESIAN_POINT ( 'NONE',  ( 0.1639862752001049750, -0.09922534827611621810, 0.2800000000000000266 ) ) ;
#3104 = EDGE_LOOP ( 'NONE', ( #1379, #8902, #5098, #909 ) ) ;
#3105 = CARTESIAN_POINT ( 'NONE',  ( 0.1960320235343817608, -0.03867862376909076555, 0.2900000000000000355 ) ) ;
#3106 = ORIENTED_EDGE ( 'NONE', *, *, #648, .T. ) ;
#3107 = AXIS2_PLACEMENT_3D ( 'NONE', #1728, #1057, #421 ) ;
#3108 = CARTESIAN_POINT ( 'NONE',  ( 0.2458604322159189670, -0.1152860221465259183, 0.2900000000000000355 ) ) ;
#3109 = VECTOR ( 'NONE', #7767, 1000.000000000000000 ) ;
#3110 = B_SPLINE_CURVE_WITH_KNOTS ( 'NONE', 3,
 ( #7085, #6589, #8577, #8488 ),
 .UNSPECIFIED., .F., .F.,
 ( 4, 4 ),
 ( 14.00000000000000000, 15.00000000000000000 ),
 .UNSPECIFIED. ) ;
#3111 = DIRECTION ( 'NONE',  ( -1.000000000000000000, -2.377029481426464346E-14, 0.000000000000000000 ) ) ;
#3112 = CARTESIAN_POINT ( 'NONE',  ( 0.04955564622572284500, -0.06930434379407687806, 0.2900000000000000355 ) ) ;
#3113 = LINE ( 'NONE', #8791, #3948 ) ;
#3114 = FACE_OUTER_BOUND ( 'NONE', #6666, .T. ) ;
#3115 = AXIS2_PLACEMENT_3D ( 'NONE', #26, #69, #2810 ) ;
#3116 = B_SPLINE_CURVE_WITH_KNOTS ( 'NONE', 3,
 ( #4616, #6774, #4744, #3433 ),
 .UNSPECIFIED., .F., .F.,
 ( 4, 4 ),
 ( 18.00000000000000000, 19.00000000000000000 ),
 .UNSPECIFIED. ) ;
#3117 = CARTESIAN_POINT ( 'NONE',  ( 0.2678934591834276624, -0.09353019300200210440, 0.2800000000000000266 ) ) ;
#3118 = DIRECTION ( 'NONE',  ( -0.000000000000000000, -1.000000000000000000, -0.000000000000000000 ) ) ;
#3119 = B_SPLINE_SURFACE_WITH_KNOTS ( 'NONE', 3, 1, ( 
 ( #6176, #8850 ),
 ( #7497, #6092 ),
 ( #2758, #2673 ),
 ( #5495, #3265 ) ),
 .UNSPECIFIED., .F., .F., .F.,
 ( 4, 4 ),
 ( 2, 2 ),
 ( 5.000000000000000000, 6.000000000000000000 ),
 ( 0.000000000000000000, 1.000000000000000000 ),
 .UNSPECIFIED. ) ;
#3120 = EDGE_LOOP ( 'NONE', ( #1294, #465, #4567, #308 ) ) ;
#3121 = VECTOR ( 'NONE', #4625, 1000.000000000000000 ) ;
#3122 = ADVANCED_FACE ( 'NONE', ( #7762 ), #6915, .F. ) ;
#3123 = CARTESIAN_POINT ( 'NONE',  ( 0.1261025727129859719, -0.09080861437540482806, 0.2800000000000000266 ) ) ;
#3124 = EDGE_CURVE ( 'NONE', #2365, #3289, #2973, .T. ) ;
#3125 = CARTESIAN_POINT ( 'NONE',  ( 0.1455316201304421853, -0.1198891859963017309, 0.2800000000000000266 ) ) ;
#3126 = ORIENTED_EDGE ( 'NONE', *, *, #1967, .T. ) ;
#3127 = DIRECTION ( 'NONE',  ( 0.4630180653867000395, -0.8863488427958585714, 0.000000000000000000 ) ) ;
#3128 = ORIENTED_EDGE ( 'NONE', *, *, #8493, .T. ) ;
#3129 = CARTESIAN_POINT ( 'NONE',  ( -0.02357213147000173856, -0.04547356481053460575, 0.2900000000000000355 ) ) ;
#3130 = DIRECTION ( 'NONE',  ( -0.3559357243643083701, -0.9345104387438670779, -0.000000000000000000 ) ) ;
#3131 = FACE_OUTER_BOUND ( 'NONE', #4565, .T. ) ;
#3132 = LINE ( 'NONE', #5871, #6494 ) ;
#3133 = ORIENTED_EDGE ( 'NONE', *, *, #4306, .T. ) ;
#3134 = CARTESIAN_POINT ( 'NONE',  ( 0.1759561811965928979, -0.03867862376909076555, 0.2900000000000000355 ) ) ;
#3135 = CARTESIAN_POINT ( 'NONE',  ( 0.2332689311010539002, -0.09080861437540363457, 0.2900000000000000355 ) ) ;
#3136 = B_SPLINE_CURVE_WITH_KNOTS ( 'NONE', 3,
 ( #5819, #1016, #5052, #1106 ),
 .UNSPECIFIED., .F., .F.,
 ( 4, 4 ),
 ( 5.000000000000000000, 6.000000000000000000 ),
 .UNSPECIFIED. ) ;
#3137 = ORIENTED_EDGE ( 'NONE', *, *, #7899, .T. ) ;
#3138 = ORIENTED_EDGE ( 'NONE', *, *, #8771, .T. ) ;
#3139 = CARTESIAN_POINT ( 'NONE',  ( 0.1614830948584406733, -0.1095740670043671428, 0.2800000000000000266 ) ) ;
#3140 = ADVANCED_FACE ( 'NONE', ( #4915 ), #1317, .F. ) ;
#3141 = DIRECTION ( 'NONE',  ( -0.000000000000000000, -0.000000000000000000, 1.000000000000000000 ) ) ;
#3142 = EDGE_CURVE ( 'NONE', #4665, #6253, #55, .T. ) ;
#3143 = ORIENTED_EDGE ( 'NONE', *, *, #2309, .F. ) ;
#3144 = CARTESIAN_POINT ( 'NONE',  ( 0.2673810632075740434, -0.09122861107722690654, 0.2900000000000000355 ) ) ;
#3145 = CARTESIAN_POINT ( 'NONE',  ( 0.1607439006635171530, -0.1000989414156316648, 0.2800000000000000266 ) ) ;
#3146 = ORIENTED_EDGE ( 'NONE', *, *, #7450, .T. ) ;
#3147 = DIRECTION ( 'NONE',  ( 0.9306703226357436742, 0.3658589216693788893, -0.000000000000000000 ) ) ;
#3148 = CARTESIAN_POINT ( 'NONE',  ( 0.1632722808073605036, -0.05295851162460198103, 0.2900000000000000355 ) ) ;
#3149 = CARTESIAN_POINT ( 'NONE',  ( 0.1921176542751672489, -0.03867862376909076555, 0.2900000000000000355 ) ) ;
#3150 = EDGE_CURVE ( 'NONE', #3303, #2994, #426, .T. ) ;
#3151 = DIRECTION ( 'NONE',  ( 0.000000000000000000, 0.000000000000000000, 1.000000000000000000 ) ) ;
#3152 = ORIENTED_EDGE ( 'NONE', *, *, #8851, .F. ) ;
#3153 = DIRECTION ( 'NONE',  ( -0.3897582650654324854, -0.9209172030172875223, -0.000000000000000000 ) ) ;
#3154 =( GEOMETRIC_REPRESENTATION_CONTEXT ( 3 ) GLOBAL_UNCERTAINTY_ASSIGNED_CONTEXT ( ( #4892 ) ) GLOBAL_UNIT_ASSIGNED_CONTEXT ( ( #21, #1253, #8894 ) ) REPRESENTATION_CONTEXT ( 'NONE', 'WORKASPACE' ) );
#3155 = CARTESIAN_POINT ( 'NONE',  ( 0.1682366418205765435, -0.09621817189251027913, 0.2900000000000000355 ) ) ;
#3156 = DIRECTION ( 'NONE',  ( 1.000000000000000000, 2.544443923395538965E-13, -0.000000000000000000 ) ) ;
#3157 = ORIENTED_EDGE ( 'NONE', *, *, #5374, .F. ) ;
#3158 = CARTESIAN_POINT ( 'NONE',  ( 0.03273392669980517561, -0.08005154556902538410, 0.2900000000000000355 ) ) ;
#3159 = DIRECTION ( 'NONE',  ( 0.3559357243643084812, 0.9345104387438671889, 0.000000000000000000 ) ) ;
#3160 = FACE_OUTER_BOUND ( 'NONE', #4967, .T. ) ;
#3161 =( NAMED_UNIT ( * ) PLANE_ANGLE_UNIT ( ) SI_UNIT ( $, .RADIAN. ) );
#3162 = ORIENTED_EDGE ( 'NONE', *, *, #3688, .F. ) ;
#3163 = VECTOR ( 'NONE', #1235, 1000.000000000000000 ) ;
#3164 =( GEOMETRIC_REPRESENTATION_CONTEXT ( 3 ) GLOBAL_UNCERTAINTY_ASSIGNED_CONTEXT ( ( #7977 ) ) GLOBAL_UNIT_ASSIGNED_CONTEXT ( ( #3612, #5726, #5817 ) ) REPRESENTATION_CONTEXT ( 'NONE', 'WORKASPACE' ) );
#3165 = CARTESIAN_POINT ( 'NONE',  ( 0.1380640787754512933, -0.03938421822792208954, 0.2800000000000000266 ) ) ;
#3166 = CARTESIAN_POINT ( 'NONE',  ( -0.05207561007423749944, -0.06953796640900684889, 0.2800000000000000266 ) ) ;
#3167 = VERTEX_POINT ( 'NONE', #4862 ) ;
#3168 = DIRECTION ( 'NONE',  ( 0.000000000000000000, -0.000000000000000000, -1.000000000000000000 ) ) ;
#3169 = ORIENTED_EDGE ( 'NONE', *, *, #2813, .F. ) ;
#3170 = CARTESIAN_POINT ( 'NONE',  ( 0.1496475878064338905, -0.1198891859963017309, 0.2900000000000000355 ) ) ;
#3171 = CARTESIAN_POINT ( 'NONE',  ( 0.2264145849304183278, -0.04019061189502871195, 0.2900000000000000355 ) ) ;
#3172 = EDGE_CURVE ( 'NONE', #7777, #2816, #785, .T. ) ;
#3173 = ADVANCED_FACE ( 'NONE', ( #100 ), #7489, .F. ) ;
#3174 = FACE_OUTER_BOUND ( 'NONE', #8720, .T. ) ;
#3175 = EDGE_LOOP ( 'NONE', ( #754, #2822, #8221, #257 ) ) ;
#3176 = CARTESIAN_POINT ( 'NONE',  ( 0.2573263421703542164, -0.1198891859963011758, 0.2900000000000000355 ) ) ;
#3177 = SURFACE_SIDE_STYLE ('',( #2367 ) ) ;
#3178 = VECTOR ( 'NONE', #8489, 1000.000000000000000 ) ;
#3179 = ORIENTED_EDGE ( 'NONE', *, *, #442, .F. ) ;
#3180 = ORIENTED_EDGE ( 'NONE', *, *, #3642, .T. ) ;
#3181 = PLANE ( 'NONE',  #8081 ) ;
#3182 = SURFACE_SIDE_STYLE ('',( #3863 ) ) ;
#3183 = ADVANCED_FACE ( 'NONE', ( #2666 ), #2067, .F. ) ;
#3184 = CARTESIAN_POINT ( 'NONE',  ( 0.2178550521513145100, -0.1198891859963017309, 0.2900000000000000355 ) ) ;
#3185 = VECTOR ( 'NONE', #6361, 1000.000000000000000 ) ;
#3186 = UNCERTAINTY_MEASURE_WITH_UNIT (LENGTH_MEASURE( 1.000000000000000082E-05 ), #6939, 'distance_accuracy_value', 'NONE');
#3187 = EDGE_LOOP ( 'NONE', ( #7623, #4051, #3157, #4698, #2155, #2930, #4554, #6473, #5486, #7051, #3276, #6182, #5027, #5030 ) ) ;
#3188 = CARTESIAN_POINT ( 'NONE',  ( 0.2372504998324524994, -0.1161428154177709671, 0.2800000000000000266 ) ) ;
#3189 = CARTESIAN_POINT ( 'NONE',  ( 0.2463560283237261617, -0.09905734959543083251, 0.2900000000000000355 ) ) ;
#3190 = ORIENTED_EDGE ( 'NONE', *, *, #6328, .F. ) ;
#3191 = CARTESIAN_POINT ( 'NONE',  ( 0.1323017240291529673, -0.05562969064683943171, 0.2800000000000000266 ) ) ;
#3192 = B_SPLINE_CURVE_WITH_KNOTS ( 'NONE', 3,
 ( #2043, #4799, #6016, #1265 ),
 .UNSPECIFIED., .F., .F.,
 ( 4, 4 ),
 ( 5.000000000000000000, 6.000000000000000000 ),
 .UNSPECIFIED. ) ;
#3193 = CARTESIAN_POINT ( 'NONE',  ( 0.1684298403033300529, -0.1185787962873645907, 0.2900000000000000355 ) ) ;
#3194 = ORIENTED_EDGE ( 'NONE', *, *, #408, .T. ) ;
#3195 = CARTESIAN_POINT ( 'NONE',  ( 0.1684298403033300529, -0.1185787962873645907, 0.2800000000000000266 ) ) ;
#3196 = EDGE_LOOP ( 'NONE', ( #7890, #1846, #3531, #6010 ) ) ;
#3197 = CARTESIAN_POINT ( 'NONE',  ( 0.2331009324205941535, -0.1198891859963011758, 0.2900000000000000355 ) ) ;
#3198 = CARTESIAN_POINT ( 'NONE',  ( -0.02357213147000173856, -0.04547356481053460575, 0.2900000000000000355 ) ) ;
#3199 = ORIENTED_EDGE ( 'NONE', *, *, #242, .T. ) ;
#3200 = EDGE_CURVE ( 'NONE', #5836, #5212, #5405, .T. ) ;
#3201 = DIRECTION ( 'NONE',  ( -1.000000000000000000, -1.505836350674311495E-16, 0.000000000000000000 ) ) ;
#3202 = CARTESIAN_POINT ( 'NONE',  ( -0.05207561007423749944, -0.08238789649337455168, 0.2800000000000000266 ) ) ;
#3203 = EDGE_CURVE ( 'NONE', #1842, #792, #609, .T. ) ;
#3204 = ADVANCED_FACE ( 'NONE', ( #6894 ), #3247, .F. ) ;
#3205 = AXIS2_PLACEMENT_3D ( 'NONE', #3242, #5987, #2482 ) ;
#3206 = FACE_OUTER_BOUND ( 'NONE', #2993, .T. ) ;
#3207 = CARTESIAN_POINT ( 'NONE',  ( 0.01497765432675353565, -0.04009995723881767948, 0.2900000000000000355 ) ) ;
#3208 = MANIFOLD_SOLID_BREP ( '͹̨-����4', #2640 ) ;
#3209 = VERTEX_POINT ( 'NONE', #4816 ) ;
#3210 = CARTESIAN_POINT ( 'NONE',  ( 0.01497765432675353565, -0.04009995723881767948, 0.2900000000000000355 ) ) ;
#3211 = CARTESIAN_POINT ( 'NONE',  ( 0.07362005896467421762, -0.1094895725641572143, 0.2800000000000000266 ) ) ;
#3212 = ORIENTED_EDGE ( 'NONE', *, *, #4023, .T. ) ;
#3213 = CARTESIAN_POINT ( 'NONE',  ( 0.03179938276514428230, -0.1127604674232806359, 0.2900000000000000355 ) ) ;
#3214 = VERTEX_POINT ( 'NONE', #5582 ) ;
#3215 = CARTESIAN_POINT ( 'NONE',  ( 0.1668506527052079358, -0.1139084329651810362, 0.2800000000000000266 ) ) ;
#3216 = FACE_OUTER_BOUND ( 'NONE', #1475, .T. ) ;
#3217 = AXIS2_PLACEMENT_3D ( 'NONE', #2461, #7239, #1084 ) ;
#3218 = CARTESIAN_POINT ( 'NONE',  ( -0.1299999999999998934, -0.1200000000000000233, -0.02000000000000000042 ) ) ;
#3219 = LINE ( 'NONE', #5242, #5770 ) ;
#3220 = B_SPLINE_CURVE_WITH_KNOTS ( 'NONE', 3,
 ( #8621, #1695, #2447, #5190 ),
 .UNSPECIFIED., .F., .F.,
 ( 4, 4 ),
 ( 17.00000000000000000, 18.00000000000000000 ),
 .UNSPECIFIED. ) ;
#3221 = ORIENTED_EDGE ( 'NONE', *, *, #15, .F. ) ;
#3222 = CARTESIAN_POINT ( 'NONE',  ( 0.1433560372160112284, -0.06831359103618106499, 0.2800000000000000266 ) ) ;
#3223 = SURFACE_STYLE_FILL_AREA ( #6137 ) ;
#3224 = ORIENTED_EDGE ( 'NONE', *, *, #907, .T. ) ;
#3225 = MECHANICAL_DESIGN_GEOMETRIC_PRESENTATION_REPRESENTATION (  '', ( #3073 ), #4658 ) ;
#3226 = EDGE_LOOP ( 'NONE', ( #1463, #8884, #167, #2495 ) ) ;
#3227 = CARTESIAN_POINT ( 'NONE',  ( 0.1914792592889684730, -0.09641977030928607084, 0.2900000000000000355 ) ) ;
#3228 = CARTESIAN_POINT ( 'NONE',  ( 0.2317065433709780131, -0.05505849513260052674, 0.2800000000000000266 ) ) ;
#3229 = CARTESIAN_POINT ( 'NONE',  ( 0.1134186723237558120, -0.09080861437540482806, 0.2800000000000000266 ) ) ;
#3230 = B_SPLINE_CURVE_WITH_KNOTS ( 'NONE', 3,
 ( #4881, #7785, #2814, #7639 ),
 .UNSPECIFIED., .F., .F.,
 ( 4, 4 ),
 ( 15.00000000000000000, 16.00000000000000000 ),
 .UNSPECIFIED. ) ;
#3231 = ORIENTED_EDGE ( 'NONE', *, *, #2514, .T. ) ;
#3232 = LINE ( 'NONE', #2512, #8327 ) ;
#3233 = CARTESIAN_POINT ( 'NONE',  ( 0.2508163932953340614, -0.1030389183270530862, 0.2800000000000000266 ) ) ;
#3234 = EDGE_CURVE ( 'NONE', #6425, #1849, #1455, .T. ) ;
#3235 = VERTEX_POINT ( 'NONE', #7575 ) ;
#3236 = CARTESIAN_POINT ( 'NONE',  ( -0.02614211837810039366, -0.08846240978810843147, 0.2800000000000000266 ) ) ;
#3237 = ADVANCED_FACE ( 'NONE', ( #737 ), #881, .F. ) ;
#3238 = FACE_OUTER_BOUND ( 'NONE', #1568, .T. ) ;
#3239 = DIRECTION ( 'NONE',  ( -0.5048830486499685799, 0.8631877589411897089, 0.000000000000000000 ) ) ;
#3240 = ORIENTED_EDGE ( 'NONE', *, *, #3848, .F. ) ;
#3241 = DIRECTION ( 'NONE',  ( 1.000000000000000000, 2.544443923395538965E-13, -0.000000000000000000 ) ) ;
#3242 = CARTESIAN_POINT ( 'NONE',  ( -0.3000000000000004330, -0.1500000000000001055, 0.2700000000000000178 ) ) ;
#3243 = CARTESIAN_POINT ( 'NONE',  ( 0.1341497095162371145, -0.1198219865241172133, 0.2800000000000000266 ) ) ;
#3244 = ORIENTED_EDGE ( 'NONE', *, *, #4279, .T. ) ;
#3245 = CARTESIAN_POINT ( 'NONE',  ( 0.04044387405550449455, -0.1057514146500092150, 0.2800000000000000266 ) ) ;
#3246 = FACE_BOUND ( 'NONE', #4192, .T. ) ;
#3247 = B_SPLINE_SURFACE_WITH_KNOTS ( 'NONE', 3, 1, ( 
 ( #8844, #6127 ),
 ( #1325, #5531 ),
 ( #7619, #5444 ),
 ( #2111, #7533 ) ),
 .UNSPECIFIED., .F., .F., .F.,
 ( 4, 4 ),
 ( 2, 2 ),
 ( 0.000000000000000000, 1.000000000000000000 ),
 ( 0.000000000000000000, 1.000000000000000000 ),
 .UNSPECIFIED. ) ;
#3248 = AXIS2_PLACEMENT_3D ( 'NONE', #1175, #7073, #8643 ) ;
#3249 = SURFACE_STYLE_USAGE ( .BOTH. , #6077 ) ;
#3250 = DIRECTION ( 'NONE',  ( 0.000000000000000000, 0.000000000000000000, -1.000000000000000000 ) ) ;
#3251 = EDGE_CURVE ( 'NONE', #1279, #3484, #2007, .T. ) ;
#3252 = ORIENTED_EDGE ( 'NONE', *, *, #6224, .F. ) ;
#3253 = ADVANCED_FACE ( 'NONE', ( #4378 ), #6695, .F. ) ;
#3254 = ADVANCED_FACE ( 'NONE', ( #3751 ), #8862, .F. ) ;
#3255 = LINE ( 'NONE', #8887, #3935 ) ;
#3256 = COLOUR_RGB ( '',0.6666666666666666297, 0.6666666666666666297, 0.6666666666666666297 ) ;
#3257 = AXIS2_PLACEMENT_3D ( 'NONE', #8704, #6121, #1940 ) ;
#3258 = CARTESIAN_POINT ( 'NONE',  ( 0.1454224209880304319, -0.1162604144943193279, 0.2900000000000000355 ) ) ;
#3259 = ORIENTED_EDGE ( 'NONE', *, *, #6512, .T. ) ;
#3260 = DIRECTION ( 'NONE',  ( -0.000000000000000000, -0.000000000000000000, -1.000000000000000000 ) ) ;
#3261 = ORIENTED_EDGE ( 'NONE', *, *, #8058, .F. ) ;
#3262 = EDGE_CURVE ( 'NONE', #7642, #8292, #5093, .T. ) ;
#3263 = CARTESIAN_POINT ( 'NONE',  ( 0.1496475878064338905, -0.1198891859963017309, 0.2800000000000000266 ) ) ;
#3264 = CARTESIAN_POINT ( 'NONE',  ( 0.1307897359032157703, -0.1136060353399044875, 0.2800000000000000266 ) ) ;
#3265 = CARTESIAN_POINT ( 'NONE',  ( 0.1564179346367265133, -0.1064660914122611129, 0.2800000000000000266 ) ) ;
#3266 = AXIS2_PLACEMENT_3D ( 'NONE', #7317, #1158, #7611 ) ;
#3267 = CARTESIAN_POINT ( 'NONE',  ( 0.03507026871179511063, -0.1055177831226081220, 0.2900000000000000355 ) ) ;
#3268 = ORIENTED_EDGE ( 'NONE', *, *, #1013, .F. ) ;
#3269 = CARTESIAN_POINT ( 'NONE',  ( 0.1524531657733733114, -0.03568824725353069577, 0.2800000000000000266 ) ) ;
#3270 = VERTEX_POINT ( 'NONE', #3564 ) ;
#3271 = EDGE_LOOP ( 'NONE', ( #3400, #5914, #4291, #5484, #4609, #5898, #8861, #8052, #3903, #8420, #2352, #8545, #5866, #6316, #5568, #6866, #1853, #8458, #3909, #2231, #5468 ) ) ;
#3272 = MECHANICAL_DESIGN_GEOMETRIC_PRESENTATION_REPRESENTATION (  '', ( #4993 ), #3990 ) ;
#3273 = CARTESIAN_POINT ( 'NONE',  ( 0.1468168100374211693, -0.09588217453114093736, 0.2800000000000000266 ) ) ;
#3274 = PLANE ( 'NONE',  #2688 ) ;
#3275 = LINE ( 'NONE', #1423, #1430 ) ;
#3276 = ORIENTED_EDGE ( 'NONE', *, *, #6198, .F. ) ;
#3277 = CARTESIAN_POINT ( 'NONE',  ( -0.01189038130415705566, -0.04944536093643895486, 0.2900000000000000355 ) ) ;
#3278 = CARTESIAN_POINT ( 'NONE',  ( 0.2384180906629996821, -0.08702864406078171522, 0.2900000000000000355 ) ) ;
#3279 = CARTESIAN_POINT ( 'NONE',  ( 0.1750237885189137588, -0.05295851162460198103, 0.2900000000000000355 ) ) ;
#3280 = EDGE_LOOP ( 'NONE', ( #5500, #1146, #1985, #2106, #210, #2357 ) ) ;
#3281 = FACE_OUTER_BOUND ( 'NONE', #7328, .T. ) ;
#3282 = DIRECTION ( 'NONE',  ( 0.000000000000000000, 0.000000000000000000, 1.000000000000000000 ) ) ;
#3283 = EDGE_CURVE ( 'NONE', #5733, #172, #4370, .T. ) ;
#3284 = ORIENTED_EDGE ( 'NONE', *, *, #1241, .F. ) ;
#3285 = EDGE_CURVE ( 'NONE', #5129, #1926, #1182, .T. ) ;
#3286 = LINE ( 'NONE', #5352, #5081 ) ;
#3287 = DIRECTION ( 'NONE',  ( -0.000000000000000000, -0.000000000000000000, -1.000000000000000000 ) ) ;
#3288 = CARTESIAN_POINT ( 'NONE',  ( 0.1341497095162371145, -0.1198219865241172133, 0.2900000000000000355 ) ) ;
#3289 = VERTEX_POINT ( 'NONE', #4425 ) ;
#3290 = CARTESIAN_POINT ( 'NONE',  ( 0.04885474273082370672, -0.06930434379407687806, 0.2800000000000000266 ) ) ;
#3291 = CARTESIAN_POINT ( 'NONE',  ( 0.1740661960392821950, -0.1306075018220133888, 0.2900000000000000355 ) ) ;
#3292 = FILL_AREA_STYLE_COLOUR ( '', #7629 ) ;
#3293 = VECTOR ( 'NONE', #366, 1000.000000000000000 ) ;
#3294 = LINE ( 'NONE', #605, #7648 ) ;
#3295 = ADVANCED_FACE ( 'NONE', ( #4239 ), #3391, .F. ) ;
#3296 = ORIENTED_EDGE ( 'NONE', *, *, #5184, .F. ) ;
#3297 = LINE ( 'NONE', #1403, #1736 ) ;
#3298 = CARTESIAN_POINT ( 'NONE',  ( 0.07362005896467421762, -0.1094895725641572143, 0.2900000000000000355 ) ) ;
#3299 = VECTOR ( 'NONE', #4734, 1000.000000000000000 ) ;
#3300 = CARTESIAN_POINT ( 'NONE',  ( 0.08226455916761837850, -0.09547146701761481669, 0.2800000000000000266 ) ) ;
#3301 = ORIENTED_EDGE ( 'NONE', *, *, #1813, .F. ) ;
#3302 = B_SPLINE_CURVE_WITH_KNOTS ( 'NONE', 3,
 ( #4048, #4009, #6794, #1392 ),
 .UNSPECIFIED., .F., .F.,
 ( 4, 4 ),
 ( 8.000000000000000000, 9.000000000000000000 ),
 .UNSPECIFIED. ) ;
#3303 = VERTEX_POINT ( 'NONE', #2253 ) ;
#3304 = DIRECTION ( 'NONE',  ( 0.000000000000000000, -1.000000000000000000, 0.000000000000000000 ) ) ;
#3305 = CARTESIAN_POINT ( 'NONE',  ( 0.2193334405409359256, -0.05877126597503729011, 0.2800000000000000266 ) ) ;
#3306 = EDGE_CURVE ( 'NONE', #1509, #992, #148, .T. ) ;
#3307 = CARTESIAN_POINT ( 'NONE',  ( 0.2330169330801391547, -0.05877126597503697092, 0.2800000000000000266 ) ) ;
#3308 = VECTOR ( 'NONE', #5430, 1000.000000000000000 ) ;
#3309 = VECTOR ( 'NONE', #5039, 1000.000000000000000 ) ;
#3310 = FACE_OUTER_BOUND ( 'NONE', #5782, .T. ) ;
#3311 = ORIENTED_EDGE ( 'NONE', *, *, #7271, .F. ) ;
#3312 = EDGE_CURVE ( 'NONE', #2971, #7884, #5634, .T. ) ;
#3313 = EDGE_LOOP ( 'NONE', ( #3133, #2306, #3143, #5791 ) ) ;
#3314 = AXIS2_PLACEMENT_3D ( 'NONE', #3336, #2659, #8879 ) ;
#3315 = CARTESIAN_POINT ( 'NONE',  ( 0.2999999999999995448, 0.1599999999999998646, 0.2700000000000000178 ) ) ;
#3316 = EDGE_CURVE ( 'NONE', #6861, #6989, #2660, .T. ) ;
#3317 = CARTESIAN_POINT ( 'NONE',  ( 0.1710758195236094792, -0.1156556192439889275, 0.2800000000000000266 ) ) ;
#3318 = EDGE_CURVE ( 'NONE', #8111, #4190, #5878, .T. ) ;
#3319 = CARTESIAN_POINT ( 'NONE',  ( 0.1455316201304421853, -0.1198891859963017309, 0.2900000000000000355 ) ) ;
#3320 = VERTEX_POINT ( 'NONE', #927 ) ;
#3321 = VECTOR ( 'NONE', #551, 1000.000000000000000 ) ;
#3322 = CARTESIAN_POINT ( 'NONE',  ( -0.01142310933676960773, -0.1031814321982591626, 0.2900000000000000355 ) ) ;
#3323 = CARTESIAN_POINT ( 'NONE',  ( -0.02871210083007477709, -0.05902438724921166974, 0.2900000000000000355 ) ) ;
#3324 = VERTEX_POINT ( 'NONE', #969 ) ;
#3325 = CARTESIAN_POINT ( 'NONE',  ( 0.1323017240291529673, -0.05169852151957896741, 0.2900000000000000355 ) ) ;
#3326 = CARTESIAN_POINT ( 'NONE',  ( 0.1921176542751672489, -0.03867862376909076555, 0.2800000000000000266 ) ) ;
#3327 = CARTESIAN_POINT ( 'NONE',  ( 0.1632722808073617526, -0.04919534117802613210, 0.2900000000000000355 ) ) ;
#3328 = FACE_OUTER_BOUND ( 'NONE', #5070, .T. ) ;
#3329 = STYLED_ITEM ( 'NONE', ( #2715 ), #557 ) ;
#3330 = LINE ( 'NONE', #2050, #8684 ) ;
#3331 = LINE ( 'NONE', #7436, #3163 ) ;
#3332 = ORIENTED_EDGE ( 'NONE', *, *, #4693, .F. ) ;
#3333 = STYLED_ITEM ( 'NONE', ( #4690 ), #1154 ) ;
#3334 = CARTESIAN_POINT ( 'NONE',  ( 0.1472200068709754450, -0.06453362072155989504, 0.2800000000000000266 ) ) ;
#3335 = CARTESIAN_POINT ( 'NONE',  ( 0.1134186723237558120, -0.06401282481145953440, 0.2900000000000000355 ) ) ;
#3336 = CARTESIAN_POINT ( 'NONE',  ( 0.1847551120957179605, -0.1151873229216158062, 0.2900000000000000355 ) ) ;
#3337 = CARTESIAN_POINT ( 'NONE',  ( 0.2425592581412823745, -0.1183603980025401264, 0.2800000000000000266 ) ) ;
#3338 = ORIENTED_EDGE ( 'NONE', *, *, #5557, .T. ) ;
#3339 = DIRECTION ( 'NONE',  ( -1.000000000000000000, 0.000000000000000000, 0.000000000000000000 ) ) ;
#3340 = CARTESIAN_POINT ( 'NONE',  ( 0.1922856529560753314, -0.03489865345446935968, 0.2900000000000000355 ) ) ;
#3341 = CARTESIAN_POINT ( 'NONE',  ( 0.04651839180647415056, -0.03823087716779645373, 0.2900000000000000355 ) ) ;
#3342 = EDGE_CURVE ( 'NONE', #2746, #2641, #8748, .T. ) ;
#3343 = CARTESIAN_POINT ( 'NONE',  ( 0.1455316201304421853, -0.1162604144943193279, 0.2800000000000000266 ) ) ;
#3344 = ORIENTED_EDGE ( 'NONE', *, *, #6651, .F. ) ;
#3345 = EDGE_CURVE ( 'NONE', #4179, #2397, #2567, .T. ) ;
#3346 = ORIENTED_EDGE ( 'NONE', *, *, #1104, .F. ) ;
#3347 = CARTESIAN_POINT ( 'NONE',  ( 0.1134186723237558120, -0.1013253317843398338, 0.2800000000000000266 ) ) ;
#3348 = CARTESIAN_POINT ( 'NONE',  ( 0.1796857519070766962, -0.1263235354653386988, 0.2800000000000000266 ) ) ;
#3349 = CARTESIAN_POINT ( 'NONE',  ( 0.2331009324205941535, -0.1198891859963011758, 0.2900000000000000355 ) ) ;
#3350 = DIRECTION ( 'NONE',  ( 0.000000000000000000, 0.000000000000000000, -1.000000000000000000 ) ) ;
#3351 = AXIS2_PLACEMENT_3D ( 'NONE', #1815, #4593, #5310 ) ;
#3352 = ORIENTED_EDGE ( 'NONE', *, *, #8743, .F. ) ;
#3353 = CARTESIAN_POINT ( 'NONE',  ( 0.04651839180647415056, -0.03823087716779645373, 0.2800000000000000266 ) ) ;
#3354 = VERTEX_POINT ( 'NONE', #5904 ) ;
#3355 = CARTESIAN_POINT ( 'NONE',  ( -0.03899204623435034017, -0.04500629507137778040, 0.2800000000000000266 ) ) ;
#3356 = PRESENTATION_LAYER_ASSIGNMENT (  '', '', ( #7101 ) ) ;
#3357 = FACE_OUTER_BOUND ( 'NONE', #2417, .T. ) ;
#3358 = CARTESIAN_POINT ( 'NONE',  ( 0.2508163932953340614, -0.09816695658809396208, 0.2800000000000000266 ) ) ;
#3359 = VECTOR ( 'NONE', #5984, 1000.000000000000000 ) ;
#3360 = ADVANCED_FACE ( 'NONE', ( #7955 ), #3973, .T. ) ;
#3361 = VERTEX_POINT ( 'NONE', #1194 ) ;
#3362 = AXIS2_PLACEMENT_3D ( 'NONE', #523, #4650, #7405 ) ;
#3363 = CARTESIAN_POINT ( 'NONE',  ( -0.01632944716932911017, -0.1031814321982591626, 0.2900000000000000355 ) ) ;
#3364 = CARTESIAN_POINT ( 'NONE',  ( 0.1278497589917931554, -0.05195051954071848443, 0.2800000000000000266 ) ) ;
#3365 = ADVANCED_FACE ( 'NONE', ( #6583 ), #5946, .F. ) ;
#3366 = EDGE_CURVE ( 'NONE', #3955, #2801, #7499, .T. ) ;
#3367 = ORIENTED_EDGE ( 'NONE', *, *, #3672, .T. ) ;
#3368 = DIRECTION ( 'NONE',  ( -0.000000000000000000, -0.000000000000000000, -1.000000000000000000 ) ) ;
#3369 = CARTESIAN_POINT ( 'NONE',  ( 0.1682366418205765435, -0.09621817189251027913, 0.2900000000000000355 ) ) ;
#3370 =( LENGTH_UNIT ( ) NAMED_UNIT ( * ) SI_UNIT ( .MILLI., .METRE. ) );
#3371 = ADVANCED_FACE ( 'NONE', ( #424 ), #515, .F. ) ;
#3372 = DIRECTION ( 'NONE',  ( -1.000000000000000000, -2.544443923395539470E-13, 0.000000000000000000 ) ) ;
#3373 = B_SPLINE_CURVE_WITH_KNOTS ( 'NONE', 3,
 ( #8091, #5236, #8002, #1907 ),
 .UNSPECIFIED., .F., .F.,
 ( 4, 4 ),
 ( 5.000000000000000000, 6.000000000000000000 ),
 .UNSPECIFIED. ) ;
#3374 = CARTESIAN_POINT ( 'NONE',  ( 0.2285397682407089293, -0.03489865345446840905, 0.2900000000000000355 ) ) ;
#3375 = CARTESIAN_POINT ( 'NONE',  ( 0.1349645031174793730, -0.1132700379787587031, 0.2800000000000000266 ) ) ;
#3376 = ORIENTED_EDGE ( 'NONE', *, *, #3584, .T. ) ;
#3377 = CARTESIAN_POINT ( 'NONE',  ( 0.1524531657733733114, -0.06233283800483681303, 0.2800000000000000266 ) ) ;
#3378 = FILL_AREA_STYLE ('',( #7609 ) ) ;
#3379 = PRESENTATION_STYLE_ASSIGNMENT (( #6758 ) ) ;
#3380 =( NAMED_UNIT ( * ) PLANE_ANGLE_UNIT ( ) SI_UNIT ( $, .RADIAN. ) );
#3381 = FACE_OUTER_BOUND ( 'NONE', #7740, .T. ) ;
#3382 = ORIENTED_EDGE ( 'NONE', *, *, #8220, .T. ) ;
#3383 = DIRECTION ( 'NONE',  ( -0.000000000000000000, -0.000000000000000000, -1.000000000000000000 ) ) ;
#3384 = CARTESIAN_POINT ( 'NONE',  ( -0.01632944716932911017, -0.1214049765386971541, 0.2800000000000000266 ) ) ;
#3385 = CARTESIAN_POINT ( 'NONE',  ( 0.05212563759005825470, -0.04337084986982177315, 0.2800000000000000266 ) ) ;
#3386 = DIRECTION ( 'NONE',  ( -0.000000000000000000, -0.000000000000000000, -1.000000000000000000 ) ) ;
#3387 = CARTESIAN_POINT ( 'NONE',  ( 0.2240626034015048840, -0.1198891859963011758, 0.2900000000000000355 ) ) ;
#3388 = ORIENTED_EDGE ( 'NONE', *, *, #7218, .F. ) ;
#3389 = CARTESIAN_POINT ( 'NONE',  ( 0.2463560283237261617, -0.1031565174033763493, 0.2800000000000000266 ) ) ;
#3390 = FACE_OUTER_BOUND ( 'NONE', #5274, .T. ) ;
#3391 = B_SPLINE_SURFACE_WITH_KNOTS ( 'NONE', 3, 1, ( 
 ( #5681, #6305 ),
 ( #5815, #8571 ),
 ( #5769, #2391 ),
 ( #8432, #5137 ) ),
 .UNSPECIFIED., .F., .F., .F.,
 ( 4, 4 ),
 ( 2, 2 ),
 ( 7.000000000000000000, 8.000000000000000000 ),
 ( 0.000000000000000000, 1.000000000000000000 ),
 .UNSPECIFIED. ) ;
#3392 = CARTESIAN_POINT ( 'NONE',  ( 0.1437676339835886052, -0.1151516232019337699, 0.2900000000000000355 ) ) ;
#3393 = MECHANICAL_DESIGN_GEOMETRIC_PRESENTATION_REPRESENTATION (  '', ( #4920 ), #1382 ) ;
#3394 = EDGE_CURVE ( 'NONE', #3994, #6694, #8036, .T. ) ;
#3395 = SURFACE_SIDE_STYLE ('',( #5592 ) ) ;
#3396 = EDGE_CURVE ( 'NONE', #6602, #4778, #3799, .T. ) ;
#3397 = VECTOR ( 'NONE', #92, 1000.000000000000000 ) ;
#3398 = ORIENTED_EDGE ( 'NONE', *, *, #6189, .F. ) ;
#3399 = FILL_AREA_STYLE_COLOUR ( '', #8541 ) ;
#3400 = ORIENTED_EDGE ( 'NONE', *, *, #4964, .T. ) ;
#3401 = CARTESIAN_POINT ( 'NONE',  ( 0.2014079813153961396, -0.03634344210799925895, 0.2800000000000000266 ) ) ;
#3402 = AXIS2_PLACEMENT_3D ( 'NONE', #1493, #2923, #7755 ) ;
#3403 =( LENGTH_UNIT ( ) NAMED_UNIT ( * ) SI_UNIT ( .MILLI., .METRE. ) );
#3404 = LINE ( 'NONE', #8901, #8479 ) ;
#3405 = ORIENTED_EDGE ( 'NONE', *, *, #7430, .T. ) ;
#3406 = CARTESIAN_POINT ( 'NONE',  ( 0.2425592581412823745, -0.08847343271453553259, 0.2800000000000000266 ) ) ;
#3407 = LINE ( 'NONE', #6147, #6799 ) ;
#3408 = B_SPLINE_CURVE_WITH_KNOTS ( 'NONE', 3,
 ( #4596, #2438, #3290, #1147 ),
 .UNSPECIFIED., .F., .F.,
 ( 4, 4 ),
 ( 22.00000000000000000, 23.00000000000000000 ),
 .UNSPECIFIED. ) ;
#3409 = ORIENTED_EDGE ( 'NONE', *, *, #3096, .T. ) ;
#3410 = PRESENTATION_STYLE_ASSIGNMENT (( #8866 ) ) ;
#3411 = CARTESIAN_POINT ( 'NONE',  ( 0.2283045700878408857, -0.1161428154177709671, 0.2900000000000000355 ) ) ;
#3412 = EDGE_CURVE ( 'NONE', #4533, #4813, #472, .T. ) ;
#3413 = EDGE_CURVE ( 'NONE', #2069, #5518, #3113, .T. ) ;
#3414 = CARTESIAN_POINT ( 'NONE',  ( 0.1357624968505631302, -0.03595704514249218470, 0.2800000000000000266 ) ) ;
#3415 = DIRECTION ( 'NONE',  ( -0.000000000000000000, -0.000000000000000000, -1.000000000000000000 ) ) ;
#3416 = FACE_OUTER_BOUND ( 'NONE', #4216, .T. ) ;
#3417 = ORIENTED_EDGE ( 'NONE', *, *, #1471, .T. ) ;
#3418 = CARTESIAN_POINT ( 'NONE',  ( 0.1397860652521885072, -0.03434425780827687902, 0.2900000000000000355 ) ) ;
#3419 = LINE ( 'NONE', #3335, #7621 ) ;
#3420 = ADVANCED_FACE ( 'NONE', ( #381 ), #2016, .F. ) ;
#3421 = DIRECTION ( 'NONE',  ( 1.000000000000000000, 3.680780442289293976E-14, -0.000000000000000000 ) ) ;
#3422 = CARTESIAN_POINT ( 'NONE',  ( 0.1501011842442364908, -0.03881302271368369805, 0.2800000000000000266 ) ) ;
#3423 = LINE ( 'NONE', #4233, #4257 ) ;
#3424 = ORIENTED_EDGE ( 'NONE', *, *, #7500, .T. ) ;
#3425 = CARTESIAN_POINT ( 'NONE',  ( 0.1455316201304421853, -0.1081124784825676921, 0.2900000000000000355 ) ) ;
#3426 = ORIENTED_EDGE ( 'NONE', *, *, #496, .T. ) ;
#3427 = CARTESIAN_POINT ( 'NONE',  ( -0.02544121488331205910, -0.1071532305522809037, 0.2800000000000000266 ) ) ;
#3428 = CARTESIAN_POINT ( 'NONE',  ( 0.2675658617560815467, -0.09232060250134141444, 0.2800000000000000266 ) ) ;
#3429 = CARTESIAN_POINT ( 'NONE',  ( -0.05581377244451030811, -0.05622077995419129393, 0.2800000000000000266 ) ) ;
#3430 = ORIENTED_EDGE ( 'NONE', *, *, #6111, .F. ) ;
#3431 = CARTESIAN_POINT ( 'NONE',  ( -0.01329218829384458053, -0.03519362052042989547, 0.2800000000000000266 ) ) ;
#3432 = DIRECTION ( 'NONE',  ( -0.000000000000000000, -0.000000000000000000, -1.000000000000000000 ) ) ;
#3433 = CARTESIAN_POINT ( 'NONE',  ( -0.02871210083007477709, -0.05902438724921166974, 0.2800000000000000266 ) ) ;
#3434 = VECTOR ( 'NONE', #6050, 1000.000000000000000 ) ;
#3435 = ORIENTED_EDGE ( 'NONE', *, *, #2368, .F. ) ;
#3436 = FACE_OUTER_BOUND ( 'NONE', #7793, .T. ) ;
#3437 = EDGE_LOOP ( 'NONE', ( #3261, #4883, #203, #435, #2327, #3794, #908, #2598 ) ) ;
#3438 = CARTESIAN_POINT ( 'NONE',  ( -0.01632944271309376416, -0.06252891363595976248, 0.2900000000000000355 ) ) ;
#3439 = ORIENTED_EDGE ( 'NONE', *, *, #2030, .T. ) ;
#3440 = EDGE_CURVE ( 'NONE', #5246, #6961, #3408, .T. ) ;
#3441 = VECTOR ( 'NONE', #6234, 1000.000000000000000 ) ;
#3442 = CARTESIAN_POINT ( 'NONE',  ( 0.1701938264501833276, -0.1173524059184335028, 0.2900000000000000355 ) ) ;
#3443 = VECTOR ( 'NONE', #4409, 1000.000000000000000 ) ;
#3444 = CARTESIAN_POINT ( 'NONE',  ( 0.1426000431530417834, -0.1164284131750039364, 0.2800000000000000266 ) ) ;
#3445 = VERTEX_POINT ( 'NONE', #7994 ) ;
#3446 = B_SPLINE_CURVE_WITH_KNOTS ( 'NONE', 3,
 ( #7863, #6495, #1062, #337 ),
 .UNSPECIFIED., .F., .F.,
 ( 4, 4 ),
 ( 3.000000000000000000, 4.000000000000000000 ),
 .UNSPECIFIED. ) ;
#3447 = B_SPLINE_CURVE_WITH_KNOTS ( 'NONE', 3,
 ( #1508, #738, #8255, #2068 ),
 .UNSPECIFIED., .F., .F.,
 ( 4, 4 ),
 ( 1.000000000000000000, 2.000000000000000000 ),
 .UNSPECIFIED. ) ;
#3448 = EDGE_CURVE ( 'NONE', #8490, #3819, #8682, .T. ) ;
#3449 = ORIENTED_EDGE ( 'NONE', *, *, #8433, .F. ) ;
#3450 = DIRECTION ( 'NONE',  ( 1.000000000000000000, -0.000000000000000000, -0.000000000000000000 ) ) ;
#3451 = CARTESIAN_POINT ( 'NONE',  ( 0.04651839180647415056, -0.03823087716779645373, 0.2900000000000000355 ) ) ;
#3452 =( GEOMETRIC_REPRESENTATION_CONTEXT ( 3 ) GLOBAL_UNCERTAINTY_ASSIGNED_CONTEXT ( ( #662 ) ) GLOBAL_UNIT_ASSIGNED_CONTEXT ( ( #3786, #7797, #4363 ) ) REPRESENTATION_CONTEXT ( 'NONE', 'WORKASPACE' ) );
#3453 = VECTOR ( 'NONE', #5126, 1000.000000000000000 ) ;
#3454 = ORIENTED_EDGE ( 'NONE', *, *, #2261, .F. ) ;
#3455 = DIRECTION ( 'NONE',  ( 0.000000000000000000, -1.000000000000000000, 0.000000000000000000 ) ) ;
#3456 = ADVANCED_FACE ( 'NONE', ( #3881 ), #3465, .T. ) ;
#3457 = DIRECTION ( 'NONE',  ( 0.000000000000000000, -0.000000000000000000, -1.000000000000000000 ) ) ;
#3458 = VECTOR ( 'NONE', #1809, 1000.000000000000000 ) ;
#3459 = CARTESIAN_POINT ( 'NONE',  ( -0.02707665785663739347, -0.04500629507137778040, 0.2800000000000000266 ) ) ;
#3460 = CARTESIAN_POINT ( 'NONE',  ( 0.2261289871734096790, -0.03909862047069004309, 0.2900000000000000355 ) ) ;
#3461 = CARTESIAN_POINT ( 'NONE',  ( 0.1500339847719402431, -0.06767519604975916203, 0.2900000000000000355 ) ) ;
#3462 = EDGE_LOOP ( 'NONE', ( #8847, #549, #7289, #3619 ) ) ;
#3463 = CARTESIAN_POINT ( 'NONE',  ( 0.2371833003602689671, -0.09080861437540363457, 0.2800000000000000266 ) ) ;
#3464 = CARTESIAN_POINT ( 'NONE',  ( -0.06679462802803980137, -0.09220058107096566757, 0.2900000000000000355 ) ) ;
#3465 = B_SPLINE_SURFACE_WITH_KNOTS ( 'NONE', 3, 1, ( 
 ( #560, #1732 ),
 ( #6074, #8282 ),
 ( #43, #3463 ),
 ( #3509, #84 ) ),
 .UNSPECIFIED., .F., .F., .F.,
 ( 4, 4 ),
 ( 2, 2 ),
 ( 5.000000000000000000, 6.000000000000000000 ),
 ( 0.000000000000000000, 1.000000000000000000 ),
 .UNSPECIFIED. ) ;
#3466 = LINE ( 'NONE', #4566, #5406 ) ;
#3467 = CARTESIAN_POINT ( 'NONE',  ( 0.1265057695466517695, -0.06401282481145953440, 0.2900000000000000355 ) ) ;
#3468 = CARTESIAN_POINT ( 'NONE',  ( 0.1643894720336576964, -0.1065836904888065317, 0.2800000000000000266 ) ) ;
#3469 = ORIENTED_EDGE ( 'NONE', *, *, #5262, .T. ) ;
#3470 = CARTESIAN_POINT ( 'NONE',  ( 0.1701938264501833276, -0.1173524059184335028, 0.2800000000000000266 ) ) ;
#3471 = ORIENTED_EDGE ( 'NONE', *, *, #568, .T. ) ;
#3472 = VECTOR ( 'NONE', #6078, 1000.000000000000000 ) ;
#3473 = EDGE_CURVE ( 'NONE', #8559, #2929, #2785, .T. ) ;
#3474 = CARTESIAN_POINT ( 'NONE',  ( -0.02544121488331205910, -0.1174331781846746497, 0.2800000000000000266 ) ) ;
#3475 = CARTESIAN_POINT ( 'NONE',  ( 0.1251701800354209360, -0.1013253317843398338, 0.2800000000000000266 ) ) ;
#3476 = CARTESIAN_POINT ( 'NONE',  ( 0.1524531657733733114, -0.06233283800483681303, 0.2900000000000000355 ) ) ;
#3477 = EDGE_CURVE ( 'NONE', #5194, #3041, #2099, .T. ) ;
#3478 = EDGE_CURVE ( 'NONE', #4457, #3056, #4094, .T. ) ;
#3479 = LINE ( 'NONE', #2800, #1435 ) ;
#3480 = ORIENTED_EDGE ( 'NONE', *, *, #8145, .F. ) ;
#3481 = CARTESIAN_POINT ( 'NONE',  ( 0.1594923104926285751, -0.1023837234723617706, 0.2800000000000000266 ) ) ;
#3482 = CARTESIAN_POINT ( 'NONE',  ( 0.1268501668419325379, -0.1161428154177720495, 0.2800000000000000266 ) ) ;
#3483 = DIRECTION ( 'NONE',  ( -0.3493954794973160860, 0.9369753459439797982, 0.000000000000000000 ) ) ;
#3484 = VERTEX_POINT ( 'NONE', #5432 ) ;
#3485 = FILL_AREA_STYLE_COLOUR ( '', #5658 ) ;
#3486 = ORIENTED_EDGE ( 'NONE', *, *, #5211, .F. ) ;
#3487 = CARTESIAN_POINT ( 'NONE',  ( 0.1664978554759040386, -0.1122620458948733746, 0.2900000000000000355 ) ) ;
#3488 = LINE ( 'NONE', #2946, #7736 ) ;
#3489 = VECTOR ( 'NONE', #6825, 1000.000000000000000 ) ;
#3490 = CARTESIAN_POINT ( 'NONE',  ( 0.2047091553902559702, -0.06315603154021404153, 0.2900000000000000355 ) ) ;
#3491 = ORIENTED_EDGE ( 'NONE', *, *, #827, .T. ) ;
#3492 = ORIENTED_EDGE ( 'NONE', *, *, #5043, .F. ) ;
#3493 = DIRECTION ( 'NONE',  ( 0.000000000000000000, -0.000000000000000000, 1.000000000000000000 ) ) ;
#3494 = FACE_OUTER_BOUND ( 'NONE', #2268, .T. ) ;
#3495 = ORIENTED_EDGE ( 'NONE', *, *, #5988, .T. ) ;
#3496 = AXIS2_PLACEMENT_3D ( 'NONE', #893, #8354, #2941 ) ;
#3497 = ORIENTED_EDGE ( 'NONE', *, *, #6085, .T. ) ;
#3498 = CARTESIAN_POINT ( 'NONE',  ( 0.2317065433709780131, -0.05505849513260052674, 0.2900000000000000355 ) ) ;
#3499 = B_SPLINE_CURVE_WITH_KNOTS ( 'NONE', 3,
 ( #6686, #3267, #5198, #1836 ),
 .UNSPECIFIED., .F., .F.,
 ( 4, 4 ),
 ( 27.00000000000000000, 28.00000000000000000 ),
 .UNSPECIFIED. ) ;
#3500 = VECTOR ( 'NONE', #4461, 1000.000000000000000 ) ;
#3501 = PLANE ( 'NONE',  #7583 ) ;
#3502 = AXIS2_PLACEMENT_3D ( 'NONE', #2343, #6403, #1011 ) ;
#3503 = CARTESIAN_POINT ( 'NONE',  ( 0.1349645031174793730, -0.1119932480056896190, 0.2900000000000000355 ) ) ;
#3504 = EDGE_CURVE ( 'NONE', #945, #739, #5266, .T. ) ;
#3505 = CARTESIAN_POINT ( 'NONE',  ( 0.04581748831157474167, -0.05294988732318573615, 0.2800000000000000266 ) ) ;
#3506 = ADVANCED_FACE ( 'NONE', ( #6116 ), #5356, .F. ) ;
#3507 = CARTESIAN_POINT ( 'NONE',  ( 0.02642577742132165911, -0.02608185169227541719, 0.2800000000000000266 ) ) ;
#3508 = EDGE_LOOP ( 'NONE', ( #3993, #527, #5755, #1054, #777, #7544, #6762, #7390, #5832, #3597, #8412, #2663, #5765, #3259, #3497, #3106, #3029, #3424, #4941, #1964, #3338, #5342, #8697, #3409, #4043, #6637, #1837, #7920, #1915, #5324, #3426, #4296, #4033 ) ) ;
#3509 = CARTESIAN_POINT ( 'NONE',  ( 0.2332689311010539002, -0.09080861437540363457, 0.2900000000000000355 ) ) ;
#3510 = LINE ( 'NONE', #1974, #7193 ) ;
#3511 = CARTESIAN_POINT ( 'NONE',  ( 0.1603911034341025665, -0.1045677063208142465, 0.2900000000000000355 ) ) ;
#3512 = CARTESIAN_POINT ( 'NONE',  ( 0.2255913913952637684, -0.04140020239568983906, 0.2900000000000000355 ) ) ;
#3513 = DIRECTION ( 'NONE',  ( 0.3409177962187340261, 0.9400931103999016214, 0.000000000000000000 ) ) ;
#3514 = CARTESIAN_POINT ( 'NONE',  ( -0.01609580672934368684, -0.08846240978810843147, 0.2900000000000000355 ) ) ;
#3515 = B_SPLINE_CURVE_WITH_KNOTS ( 'NONE', 3,
 ( #4428, #1780, #5096, #5141 ),
 .UNSPECIFIED., .F., .F.,
 ( 4, 4 ),
 ( 34.00000000000000000, 35.00000000000000000 ),
 .UNSPECIFIED. ) ;
#3516 = ORIENTED_EDGE ( 'NONE', *, *, #8009, .T. ) ;
#3517 = ORIENTED_EDGE ( 'NONE', *, *, #5072, .F. ) ;
#3518 = ORIENTED_EDGE ( 'NONE', *, *, #2570, .T. ) ;
#3519 = LINE ( 'NONE', #6210, #6613 ) ;
#3520 = CARTESIAN_POINT ( 'NONE',  ( -0.3100000000000004419, -0.1600000000000000866, 0.000000000000000000 ) ) ;
#3521 = DIRECTION ( 'NONE',  ( 0.1387416884823395591, -0.9903286039881254998, 0.000000000000000000 ) ) ;
#3522 = CARTESIAN_POINT ( 'NONE',  ( -0.03829114719579833348, -0.1195358797566788422, 0.2900000000000000355 ) ) ;
#3523 = VERTEX_POINT ( 'NONE', #4052 ) ;
#3524 = EDGE_CURVE ( 'NONE', #2452, #3354, #5697, .T. ) ;
#3525 = CARTESIAN_POINT ( 'NONE',  ( 0.1599123071943401864, -0.1006701369298707849, 0.2800000000000000266 ) ) ;
#3526 = CARTESIAN_POINT ( 'NONE',  ( 0.1914792592889684730, -0.09641977030928607084, 0.2800000000000000266 ) ) ;
#3527 = DIRECTION ( 'NONE',  ( 0.3559357243643136992, -0.9345104387438650795, 0.000000000000000000 ) ) ;
#3528 = VERTEX_POINT ( 'NONE', #8124 ) ;
#3529 = EDGE_CURVE ( 'NONE', #4360, #4572, #639, .T. ) ;
#3530 = EDGE_CURVE ( 'NONE', #8767, #8714, #7203, .T. ) ;
#3531 = ORIENTED_EDGE ( 'NONE', *, *, #7256, .F. ) ;
#3532 = CARTESIAN_POINT ( 'NONE',  ( 0.1759561811965928979, -0.03867862376909076555, 0.2900000000000000355 ) ) ;
#3533 = ADVANCED_FACE ( 'NONE', ( #6797 ), #8836, .T. ) ;
#3534 = ORIENTED_EDGE ( 'NONE', *, *, #1705, .F. ) ;
#3535 = CARTESIAN_POINT ( 'NONE',  ( -0.02427303496478947636, -0.05902438724921166974, 0.2800000000000000266 ) ) ;
#3536 = EDGE_LOOP ( 'NONE', ( #2044, #7744, #3179, #6955 ) ) ;
#3537 = DIRECTION ( 'NONE',  ( -0.9303007377811930434, 0.3667976789509004854, 0.000000000000000000 ) ) ;
#3538 = VECTOR ( 'NONE', #1779, 1000.000000000000000 ) ;
#3539 = ORIENTED_EDGE ( 'NONE', *, *, #8663, .F. ) ;
#3540 = ORIENTED_EDGE ( 'NONE', *, *, #1604, .F. ) ;
#3541 = CARTESIAN_POINT ( 'NONE',  ( 0.06053649735290552586, -0.1050505111551090498, 0.2900000000000000355 ) ) ;
#3542 = FACE_OUTER_BOUND ( 'NONE', #6735, .T. ) ;
#3543 = ORIENTED_EDGE ( 'NONE', *, *, #1623, .F. ) ;
#3544 = ORIENTED_EDGE ( 'NONE', *, *, #2347, .F. ) ;
#3545 = AXIS2_PLACEMENT_3D ( 'NONE', #1096, #3833, #5807 ) ;
#3546 = LINE ( 'NONE', #2824, #2736 ) ;
#3547 = UNCERTAINTY_MEASURE_WITH_UNIT (LENGTH_MEASURE( 1.000000000000000082E-05 ), #2390, 'distance_accuracy_value', 'NONE');
#3548 = DIRECTION ( 'NONE',  ( 0.000000000000000000, -1.000000000000000000, 0.000000000000000000 ) ) ;
#3549 = FACE_OUTER_BOUND ( 'NONE', #8232, .T. ) ;
#3550 = VECTOR ( 'NONE', #2372, 1000.000000000000000 ) ;
#3551 = ORIENTED_EDGE ( 'NONE', *, *, #4193, .F. ) ;
#3552 = CARTESIAN_POINT ( 'NONE',  ( 0.2508163932953340614, -0.1081292783508364663, 0.2900000000000000355 ) ) ;
#3553 = DIRECTION ( 'NONE',  ( -0.000000000000000000, -0.000000000000000000, -1.000000000000000000 ) ) ;
#3554 = CARTESIAN_POINT ( 'NONE',  ( -0.06329010164151663287, -0.1013123532411850519, 0.2800000000000000266 ) ) ;
#3555 = VECTOR ( 'NONE', #3893, 1000.000000000000114 ) ;
#3556 = LINE ( 'NONE', #5759, #6709 ) ;
#3557 = EDGE_CURVE ( 'NONE', #2220, #172, #509, .T. ) ;
#3558 = CARTESIAN_POINT ( 'NONE',  ( 0.1500339847719402431, -0.06767519604975916203, 0.2800000000000000266 ) ) ;
#3559 = LINE ( 'NONE', #6297, #4914 ) ;
#3560 = EDGE_LOOP ( 'NONE', ( #221, #711, #2405, #688 ) ) ;
#3561 = ORIENTED_EDGE ( 'NONE', *, *, #5426, .F. ) ;
#3562 = CARTESIAN_POINT ( 'NONE',  ( 0.2096651164694471881, -0.05090892772051711784, 0.2800000000000000266 ) ) ;
#3563 = CARTESIAN_POINT ( 'NONE',  ( 0.1696982303422643890, -0.1096244666085043895, 0.2900000000000000355 ) ) ;
#3564 = CARTESIAN_POINT ( 'NONE',  ( 0.2171074580223687489, -0.08702864406078214543, 0.2900000000000000355 ) ) ;
#3565 = CARTESIAN_POINT ( 'NONE',  ( -0.3100000000000004419, 0.1599999999999998646, 0.2700000000000000178 ) ) ;
#3566 = EDGE_LOOP ( 'NONE', ( #6982, #7050, #8449 ) ) ;
#3567 = ADVANCED_FACE ( 'NONE', ( #4181 ), #5465, .F. ) ;
#3568 = CARTESIAN_POINT ( 'NONE',  ( 0.1438012337197918378, -0.1190491925931020933, 0.2900000000000000355 ) ) ;
#3569 = CARTESIAN_POINT ( 'NONE',  ( 0.2700000000000000733, 0.1199999999999999956, -0.02000000000000000042 ) ) ;
#3570 = CARTESIAN_POINT ( 'NONE',  ( 0.2775197835850254924, -0.1198891859963011758, 0.2900000000000000355 ) ) ;
#3571 = ORIENTED_EDGE ( 'NONE', *, *, #845, .T. ) ;
#3572 = ORIENTED_EDGE ( 'NONE', *, *, #4299, .F. ) ;
#3573 =( NAMED_UNIT ( * ) PLANE_ANGLE_UNIT ( ) SI_UNIT ( $, .RADIAN. ) );
#3574 = CARTESIAN_POINT ( 'NONE',  ( 0.1619954908344053146, -0.1170836080294719028, 0.2900000000000000355 ) ) ;
#3575 = ORIENTED_EDGE ( 'NONE', *, *, #1783, .F. ) ;
#3576 = CARTESIAN_POINT ( 'NONE',  ( 0.1615754941326929539, -0.09951094603334799393, 0.2900000000000000355 ) ) ;
#3577 = VERTEX_POINT ( 'NONE', #7480 ) ;
#3578 = CARTESIAN_POINT ( 'NONE',  ( 0.1594923104926285751, -0.1033245160840624843, 0.2900000000000000355 ) ) ;
#3579 = DIRECTION ( 'NONE',  ( 1.000000000000000000, -0.000000000000000000, -0.000000000000000000 ) ) ;
#3580 = ORIENTED_EDGE ( 'NONE', *, *, #5597, .F. ) ;
#3581 = EDGE_LOOP ( 'NONE', ( #5560, #3539, #3221, #7075 ) ) ;
#3582 = DIRECTION ( 'NONE',  ( 1.000000000000000000, 0.000000000000000000, 0.000000000000000000 ) ) ;
#3583 = DIRECTION ( 'NONE',  ( -1.000000000000000000, 0.000000000000000000, 0.000000000000000000 ) ) ;
#3584 = EDGE_CURVE ( 'NONE', #4360, #5243, #2740, .T. ) ;
#3585 = ORIENTED_EDGE ( 'NONE', *, *, #494, .T. ) ;
#3586 = VERTEX_POINT ( 'NONE', #4807 ) ;
#3587 = ADVANCED_FACE ( 'NONE', ( #7560 ), #4110, .F. ) ;
#3588 = AXIS2_PLACEMENT_3D ( 'NONE', #8410, #4985, #264 ) ;
#3589 = VECTOR ( 'NONE', #8421, 1000.000000000000000 ) ;
#3590 = EDGE_CURVE ( 'NONE', #7257, #8786, #1490, .T. ) ;
#3591 = DIRECTION ( 'NONE',  ( 0.3658589216693790003, -0.9306703226357436742, -0.000000000000000000 ) ) ;
#3592 = CARTESIAN_POINT ( 'NONE',  ( 0.1454224209880304319, -0.1162604144943193279, 0.2800000000000000266 ) ) ;
#3593 = CARTESIAN_POINT ( 'NONE',  ( 0.007267698058694544404, -0.1120595550161326837, 0.2900000000000000355 ) ) ;
#3594 = VECTOR ( 'NONE', #7077, 1000.000000000000000 ) ;
#3595 = VECTOR ( 'NONE', #3553, 1000.000000000000000 ) ;
#3596 = DIRECTION ( 'NONE',  ( 0.000000000000000000, 1.000000000000000000, 0.000000000000000000 ) ) ;
#3597 = ORIENTED_EDGE ( 'NONE', *, *, #6508, .T. ) ;
#3598 = CARTESIAN_POINT ( 'NONE',  ( 0.2491616062907805185, -0.1122116462905111550, 0.2800000000000000266 ) ) ;
#3599 = CARTESIAN_POINT ( 'NONE',  ( 0.1323017240291529673, -0.05169852151957896741, 0.2800000000000000266 ) ) ;
#3600 = CARTESIAN_POINT ( 'NONE',  ( 0.1325957217201829130, -0.03918261981114464637, 0.2900000000000000355 ) ) ;
#3601 = LINE ( 'NONE', #5572, #5270 ) ;
#3602 = AXIS2_PLACEMENT_3D ( 'NONE', #6108, #2691, #8193 ) ;
#3603 = CARTESIAN_POINT ( 'NONE',  ( 0.1524531657733733114, -0.04012341242262128932, 0.2900000000000000355 ) ) ;
#3604 = CARTESIAN_POINT ( 'NONE',  ( 0.1447084265952874316, -0.03817462772726087916, 0.2800000000000000266 ) ) ;
#3605 = ORIENTED_EDGE ( 'NONE', *, *, #2091, .T. ) ;
#3606 = EDGE_LOOP ( 'NONE', ( #1786, #2114, #8261, #111 ) ) ;
#3607 = CARTESIAN_POINT ( 'NONE',  ( 0.1850953094240708197, -0.1234339581580547324, 0.2900000000000000355 ) ) ;
#3608 = VECTOR ( 'NONE', #8446, 1000.000000000000000 ) ;
#3609 = CARTESIAN_POINT ( 'NONE',  ( 0.1588875152422987158, -0.1085324751843905339, 0.2900000000000000355 ) ) ;
#3610 = CARTESIAN_POINT ( 'NONE',  ( 0.1278497589917931554, -0.05687288088381659695, 0.2800000000000000266 ) ) ;
#3611 = CARTESIAN_POINT ( 'NONE',  ( 0.2491616062907805185, -0.09428618706497170210, 0.2900000000000000355 ) ) ;
#3612 =( LENGTH_UNIT ( ) NAMED_UNIT ( * ) SI_UNIT ( .MILLI., .METRE. ) );
#3613 = ORIENTED_EDGE ( 'NONE', *, *, #4115, .T. ) ;
#3614 = CARTESIAN_POINT ( 'NONE',  ( 0.1666742540904995185, -0.1198219865241172133, 0.2800000000000000266 ) ) ;
#3615 = CARTESIAN_POINT ( 'NONE',  ( 0.1699502283632908783, -0.09692376635134111740, 0.2800000000000000266 ) ) ;
#3616 = B_SPLINE_SURFACE_WITH_KNOTS ( 'NONE', 3, 1, ( 
 ( #4076, #1215 ),
 ( #7375, #3401 ),
 ( #8141, #7417 ),
 ( #493, #3905 ) ),
 .UNSPECIFIED., .F., .F., .F.,
 ( 4, 4 ),
 ( 2, 2 ),
 ( 2.000000000000000000, 3.000000000000000000 ),
 ( 0.000000000000000000, 1.000000000000000000 ),
 .UNSPECIFIED. ) ;
#3617 = CARTESIAN_POINT ( 'NONE',  ( 0.2240626034015048840, -0.1198891859963011758, 0.2800000000000000266 ) ) ;
#3618 = VERTEX_POINT ( 'NONE', #6292 ) ;
#3619 = ORIENTED_EDGE ( 'NONE', *, *, #2194, .T. ) ;
#3620 = EDGE_CURVE ( 'NONE', #3880, #4309, #1677, .T. ) ;
#3621 = CARTESIAN_POINT ( 'NONE',  ( 0.1597947081177946982, -0.1040469104109388587, 0.2900000000000000355 ) ) ;
#3622 = EDGE_CURVE ( 'NONE', #2641, #7437, #6343, .T. ) ;
#3623 = B_SPLINE_CURVE_WITH_KNOTS ( 'NONE', 3,
 ( #2601, #8109, #4042, #4672 ),
 .UNSPECIFIED., .F., .F.,
 ( 4, 4 ),
 ( 4.000000000000000000, 5.000000000000000000 ),
 .UNSPECIFIED. ) ;
#3624 = CARTESIAN_POINT ( 'NONE',  ( -0.01632944716932911017, -0.1031814321982591626, 0.2800000000000000266 ) ) ;
#3625 = VERTEX_POINT ( 'NONE', #6390 ) ;
#3626 = PLANE ( 'NONE',  #4831 ) ;
#3627 = VERTEX_POINT ( 'NONE', #1586 ) ;
#3628 = CARTESIAN_POINT ( 'NONE',  ( 0.1328057200710954788, -0.1185955961554105570, 0.2800000000000000266 ) ) ;
#3629 = AXIS2_PLACEMENT_3D ( 'NONE', #6220, #2074, #4746 ) ;
#3630 = LINE ( 'NONE', #71, #7469 ) ;
#3631 = B_SPLINE_CURVE_WITH_KNOTS ( 'NONE', 3,
 ( #4657, #8717, #483, #5329 ),
 .UNSPECIFIED., .F., .F.,
 ( 4, 4 ),
 ( 8.000000000000000000, 9.000000000000000000 ),
 .UNSPECIFIED. ) ;
#3632 = VERTEX_POINT ( 'NONE', #2832 ) ;
#3633 = ORIENTED_EDGE ( 'NONE', *, *, #5419, .T. ) ;
#3634 = CARTESIAN_POINT ( 'NONE',  ( 0.1578879230924379873, -0.09774695988649467759, 0.2800000000000000266 ) ) ;
#3635 = CARTESIAN_POINT ( 'NONE',  ( 0.2677338604369894903, -0.09307659656431047090, 0.2800000000000000266 ) ) ;
#3636 = ORIENTED_EDGE ( 'NONE', *, *, #6749, .F. ) ;
#3637 = VERTEX_POINT ( 'NONE', #8466 ) ;
#3638 = CARTESIAN_POINT ( 'NONE',  ( 0.1684298403033300529, -0.1185787962873645907, 0.2900000000000000355 ) ) ;
#3639 = FACE_OUTER_BOUND ( 'NONE', #1352, .T. ) ;
#3640 = EDGE_CURVE ( 'NONE', #3637, #5578, #5756, .T. ) ;
#3641 = DIRECTION ( 'NONE',  ( -0.000000000000000000, -0.000000000000000000, -1.000000000000000000 ) ) ;
#3642 = EDGE_CURVE ( 'NONE', #6164, #1263, #2876, .T. ) ;
#3643 = CARTESIAN_POINT ( 'NONE',  ( -0.2699999999999999623, -0.07000000000000002054, 0.000000000000000000 ) ) ;
#3644 = ORIENTED_EDGE ( 'NONE', *, *, #1652, .T. ) ;
#3645 = LINE ( 'NONE', #7851, #3884 ) ;
#3646 = DIRECTION ( 'NONE',  ( 0.000000000000000000, 0.000000000000000000, 1.000000000000000000 ) ) ;
#3647 = DIRECTION ( 'NONE',  ( 0.000000000000000000, 0.000000000000000000, 1.000000000000000000 ) ) ;
#3648 = EDGE_CURVE ( 'NONE', #1141, #1998, #452, .T. ) ;
#3649 = CARTESIAN_POINT ( 'NONE',  ( 0.1657922610170732558, -0.1116740505125900229, 0.2900000000000000355 ) ) ;
#3650 = AXIS2_PLACEMENT_3D ( 'NONE', #5144, #7175, #1823 ) ;
#3651 = FACE_OUTER_BOUND ( 'NONE', #2479, .T. ) ;
#3652 = LINE ( 'NONE', #3013, #2531 ) ;
#3653 = ORIENTED_EDGE ( 'NONE', *, *, #127, .F. ) ;
#3654 = CARTESIAN_POINT ( 'NONE',  ( 0.1639862752001049750, -0.09922534827611621810, 0.2900000000000000355 ) ) ;
#3655 = CARTESIAN_POINT ( 'NONE',  ( 0.1330829178940801660, -0.1020645259792628268, 0.2900000000000000355 ) ) ;
#3656 = SURFACE_STYLE_FILL_AREA ( #5179 ) ;
#3657 = LINE ( 'NONE', #548, #5086 ) ;
#3658 = COLOUR_RGB ( '',0.6666666666666666297, 0.6666666666666666297, 0.6666666666666666297 ) ;
#3659 = CARTESIAN_POINT ( 'NONE',  ( 0.1710758195236094792, -0.1135052361316282732, 0.2900000000000000355 ) ) ;
#3660 = DIRECTION ( 'NONE',  ( -1.000000000000000000, 0.000000000000000000, 0.000000000000000000 ) ) ;
#3661 = B_SPLINE_CURVE_WITH_KNOTS ( 'NONE', 3,
 ( #7464, #7593, #3444, #8774 ),
 .UNSPECIFIED., .F., .F.,
 ( 4, 4 ),
 ( 4.000000000000000000, 5.000000000000000000 ),
 .UNSPECIFIED. ) ;
#3662 = DIRECTION ( 'NONE',  ( -0.000000000000000000, 0.000000000000000000, -1.000000000000000000 ) ) ;
#3663 = CARTESIAN_POINT ( 'NONE',  ( 0.1710758195236094792, -0.1119596482695970341, 0.2900000000000000355 ) ) ;
#3664 = VERTEX_POINT ( 'NONE', #1540 ) ;
#3665 = VERTEX_POINT ( 'NONE', #4319 ) ;
#3666 = CARTESIAN_POINT ( 'NONE',  ( 0.1380640787754512933, -0.03938421822792208954, 0.2900000000000000355 ) ) ;
#3667 = DIRECTION ( 'NONE',  ( -0.000000000000000000, -1.000000000000000000, -0.000000000000000000 ) ) ;
#3668 = VERTEX_POINT ( 'NONE', #5622 ) ;
#3669 = DIRECTION ( 'NONE',  ( 0.000000000000000000, 0.000000000000000000, 1.000000000000000000 ) ) ;
#3670 = EDGE_LOOP ( 'NONE', ( #7491, #1651, #2896, #42 ) ) ;
#3671 = DIRECTION ( 'NONE',  ( -0.000000000000000000, -0.000000000000000000, -1.000000000000000000 ) ) ;
#3672 = EDGE_CURVE ( 'NONE', #3167, #6594, #1518, .T. ) ;
#3673 = DIRECTION ( 'NONE',  ( 1.000000000000000000, 9.898213254787177723E-15, -0.000000000000000000 ) ) ;
#3674 = ADVANCED_FACE ( 'NONE', ( #5038 ), #2919, .T. ) ;
#3675 = ORIENTED_EDGE ( 'NONE', *, *, #8318, .F. ) ;
#3676 = ORIENTED_EDGE ( 'NONE', *, *, #6810, .T. ) ;
#3677 = CARTESIAN_POINT ( 'NONE',  ( 0.1571907285677419108, -0.1074908833641913253, 0.2900000000000000355 ) ) ;
#3678 = CARTESIAN_POINT ( 'NONE',  ( 0.1455316201304421853, -0.1103636608034279099, 0.2900000000000000355 ) ) ;
#3679 = ORIENTED_EDGE ( 'NONE', *, *, #6822, .T. ) ;
#3680 = ORIENTED_EDGE ( 'NONE', *, *, #8805, .T. ) ;
#3681 = FACE_OUTER_BOUND ( 'NONE', #591, .T. ) ;
#3682 =( NAMED_UNIT ( * ) SI_UNIT ( $, .STERADIAN. ) SOLID_ANGLE_UNIT ( ) );
#3683 = ORIENTED_EDGE ( 'NONE', *, *, #6429, .F. ) ;
#3684 = FACE_OUTER_BOUND ( 'NONE', #4674, .T. ) ;
#3685 = AXIS2_PLACEMENT_3D ( 'NONE', #7855, #2431, #1770 ) ;
#3686 = VECTOR ( 'NONE', #6, 1000.000000000000114 ) ;
#3687 = ORIENTED_EDGE ( 'NONE', *, *, #4637, .F. ) ;
#3688 = EDGE_CURVE ( 'NONE', #5188, #3167, #5080, .T. ) ;
#3689 = CARTESIAN_POINT ( 'NONE',  ( 0.1447084265952874316, -0.03817462772726087916, 0.2900000000000000355 ) ) ;
#3690 = LINE ( 'NONE', #4999, #8496 ) ;
#3691 = CARTESIAN_POINT ( 'NONE',  ( 0.1278497589917931554, -0.05195051954071848443, 0.2900000000000000355 ) ) ;
#3692 = B_SPLINE_SURFACE_WITH_KNOTS ( 'NONE', 3, 1, ( 
 ( #6738, #584 ),
 ( #3442, #6692 ),
 ( #5461, #3317 ),
 ( #6781, #8226 ) ),
 .UNSPECIFIED., .F., .F., .F.,
 ( 4, 4 ),
 ( 2, 2 ),
 ( 17.00000000000000000, 18.00000000000000000 ),
 ( 0.000000000000000000, 1.000000000000000000 ),
 .UNSPECIFIED. ) ;
#3693 = DIRECTION ( 'NONE',  ( -0.3385350342956551795, -0.9409537876827105407, 0.000000000000000000 ) ) ;
#3694 = EDGE_CURVE ( 'NONE', #1714, #5281, #3007, .T. ) ;
#3695 = B_SPLINE_CURVE_WITH_KNOTS ( 'NONE', 3,
 ( #79, #2137, #4893, #1484 ),
 .UNSPECIFIED., .F., .F.,
 ( 4, 4 ),
 ( 8.000000000000000000, 9.000000000000000000 ),
 .UNSPECIFIED. ) ;
#3696 = AXIS2_PLACEMENT_3D ( 'NONE', #4346, #2358, #5060 ) ;
#3697 = DIRECTION ( 'NONE',  ( -0.000000000000000000, 1.000000000000000000, -0.000000000000000000 ) ) ;
#3698 = PRESENTATION_STYLE_ASSIGNMENT (( #1724 ) ) ;
#3699 = EDGE_LOOP ( 'NONE', ( #8355, #7027, #8899, #5037 ) ) ;
#3700 = ORIENTED_EDGE ( 'NONE', *, *, #1208, .F. ) ;
#3701 = CARTESIAN_POINT ( 'NONE',  ( 0.1354012996871259700, -0.1001829407558624679, 0.2800000000000000266 ) ) ;
#3702 = CARTESIAN_POINT ( 'NONE',  ( 0.2678934591834276624, -0.09353019300200210440, 0.2900000000000000355 ) ) ;
#3703 = LINE ( 'NONE', #333, #211 ) ;
#3704 = EDGE_CURVE ( 'NONE', #227, #1709, #3645, .T. ) ;
#3705 = CARTESIAN_POINT ( 'NONE',  ( 0.2508163932953340614, -0.09816695658809396208, 0.2800000000000000266 ) ) ;
#3706 = STYLED_ITEM ( 'NONE', ( #7195 ), #6309 ) ;
#3707 = CARTESIAN_POINT ( 'NONE',  ( 0.03950933012073095524, -0.1055177831226081220, 0.2900000000000000355 ) ) ;
#3708 = EDGE_CURVE ( 'NONE', #3484, #1960, #4365, .T. ) ;
#3709 = EDGE_CURVE ( 'NONE', #1302, #1897, #1634, .T. ) ;
#3710 = CARTESIAN_POINT ( 'NONE',  ( 0.1764013777002614303, -0.1274155268896769999, 0.2800000000000000266 ) ) ;
#3711 = CARTESIAN_POINT ( 'NONE',  ( 0.2651550806887820189, -0.08702864406078171522, 0.2900000000000000355 ) ) ;
#3712 = VERTEX_POINT ( 'NONE', #5712 ) ;
#3713 = ORIENTED_EDGE ( 'NONE', *, *, #6254, .F. ) ;
#3714 = DIRECTION ( 'NONE',  ( -0.000000000000000000, -0.000000000000000000, -1.000000000000000000 ) ) ;
#3715 = CARTESIAN_POINT ( 'NONE',  ( 0.1307897359032157703, -0.1092212697749517236, 0.2900000000000000355 ) ) ;
#3716 = ORIENTED_EDGE ( 'NONE', *, *, #1245, .T. ) ;
#3717 = CARTESIAN_POINT ( 'NONE',  ( 0.2052047514982866250, -0.05102652679706329991, 0.2900000000000000355 ) ) ;
#3718 = ORIENTED_EDGE ( 'NONE', *, *, #8556, .F. ) ;
#3719 = CARTESIAN_POINT ( 'NONE',  ( -0.2699999999999999623, 0.1199999999999999539, -0.02000000000000000042 ) ) ;
#3720 = CARTESIAN_POINT ( 'NONE',  ( 0.2080103294651170776, -0.04215619645865911064, 0.2900000000000000355 ) ) ;
#3721 = PLANE ( 'NONE',  #4727 ) ;
#3722 = ORIENTED_EDGE ( 'NONE', *, *, #1424, .T. ) ;
#3723 = ORIENTED_EDGE ( 'NONE', *, *, #4132, .T. ) ;
#3724 = DIRECTION ( 'NONE',  ( -0.000000000000000000, -0.000000000000000000, -1.000000000000000000 ) ) ;
#3725 = CARTESIAN_POINT ( 'NONE',  ( -0.009086753956073410909, -0.08846240978810843147, 0.2800000000000000266 ) ) ;
#3726 = ORIENTED_EDGE ( 'NONE', *, *, #5947, .F. ) ;
#3727 = EDGE_CURVE ( 'NONE', #4978, #4212, #3739, .T. ) ;
#3728 = ORIENTED_EDGE ( 'NONE', *, *, #6444, .F. ) ;
#3729 = CARTESIAN_POINT ( 'NONE',  ( 0.1134186723237558120, -0.1013253317843398338, 0.2900000000000000355 ) ) ;
#3730 = VECTOR ( 'NONE', #4059, 1000.000000000000000 ) ;
#3731 = AXIS2_PLACEMENT_3D ( 'NONE', #8810, #4659, #6855 ) ;
#3732 = CARTESIAN_POINT ( 'NONE',  ( 0.1831129249923945657, -0.1284403188416071984, 0.2800000000000000266 ) ) ;
#3733 = ORIENTED_EDGE ( 'NONE', *, *, #2293, .T. ) ;
#3734 = CARTESIAN_POINT ( 'NONE',  ( 0.2463560283237261617, -0.1031565174033763493, 0.2900000000000000355 ) ) ;
#3735 = AXIS2_PLACEMENT_3D ( 'NONE', #8096, #2029, #4781 ) ;
#3736 = CARTESIAN_POINT ( 'NONE',  ( 0.2044235576332493753, -0.1161428154177715083, 0.2900000000000000355 ) ) ;
#3737 = EDGE_CURVE ( 'NONE', #340, #1302, #6479, .T. ) ;
#3738 = ORIENTED_EDGE ( 'NONE', *, *, #8693, .T. ) ;
#3739 = LINE ( 'NONE', #276, #8652 ) ;
#3740 = EDGE_CURVE ( 'NONE', #3712, #1549, #7752, .T. ) ;
#3741 = B_SPLINE_CURVE_WITH_KNOTS ( 'NONE', 3,
 ( #260, #3081, #1076, #1115 ),
 .UNSPECIFIED., .F., .F.,
 ( 4, 4 ),
 ( 5.000000000000000000, 6.000000000000000000 ),
 .UNSPECIFIED. ) ;
#3742 = LINE ( 'NONE', #136, #3595 ) ;
#3743 = DIRECTION ( 'NONE',  ( 0.9209172030172876333, -0.3897582650654325964, 0.000000000000000000 ) ) ;
#3744 = CARTESIAN_POINT ( 'NONE',  ( 0.1320665258761717920, -0.06382802626272884861, 0.2800000000000000266 ) ) ;
#3745 = VECTOR ( 'NONE', #3582, 1000.000000000000000 ) ;
#3746 = DIRECTION ( 'NONE',  ( 1.000000000000000000, -0.000000000000000000, -0.000000000000000000 ) ) ;
#3747 = ORIENTED_EDGE ( 'NONE', *, *, #3951, .T. ) ;
#3748 = CARTESIAN_POINT ( 'NONE',  ( 0.1361572937500942215, -0.1160084164734043327, 0.2900000000000000355 ) ) ;
#3749 = CARTESIAN_POINT ( 'NONE',  ( 0.2775197835850254924, -0.1198891859963011758, 0.2800000000000000266 ) ) ;
#3750 = DIRECTION ( 'NONE',  ( -0.000000000000000000, -1.000000000000000000, -0.000000000000000000 ) ) ;
#3751 = FACE_OUTER_BOUND ( 'NONE', #8102, .T. ) ;
#3752 = AXIS2_PLACEMENT_3D ( 'NONE', #8875, #6197, #1393 ) ;
#3753 = PRESENTATION_LAYER_ASSIGNMENT (  '', '', ( #1028 ) ) ;
#3754 = SURFACE_STYLE_FILL_AREA ( #4426 ) ;
#3755 = CARTESIAN_POINT ( 'NONE',  ( 0.1748725897063894696, -0.1272643280770378027, 0.2800000000000000266 ) ) ;
#3756 = CYLINDRICAL_SURFACE ( 'NONE', #6638, 0.01000000000000002623 ) ;
#3757 = EDGE_CURVE ( 'NONE', #1649, #3586, #818, .T. ) ;
#3758 = VERTEX_POINT ( 'NONE', #5256 ) ;
#3759 = STYLED_ITEM ( 'NONE', ( #3379 ), #4836 ) ;
#3760 = EDGE_CURVE ( 'NONE', #3964, #5902, #1850, .T. ) ;
#3761 = EDGE_CURVE ( 'NONE', #4533, #255, #8737, .T. ) ;
#3762 = EDGE_LOOP ( 'NONE', ( #796, #538, #5742, #4435 ) ) ;
#3763 = CARTESIAN_POINT ( 'NONE',  ( 0.1328057200710954788, -0.1185955961554105570, 0.2800000000000000266 ) ) ;
#3764 = CARTESIAN_POINT ( 'NONE',  ( -0.02123578500177629100, -0.1214049765386971541, 0.2800000000000000266 ) ) ;
#3765 = ORIENTED_EDGE ( 'NONE', *, *, #1731, .T. ) ;
#3766 = LINE ( 'NONE', #6506, #7877 ) ;
#3767 = ORIENTED_EDGE ( 'NONE', *, *, #3927, .T. ) ;
#3768 = EDGE_CURVE ( 'NONE', #7665, #1509, #1718, .T. ) ;
#3769 = CARTESIAN_POINT ( 'NONE',  ( 0.05960195341824322396, -0.06930434379407687806, 0.2800000000000000266 ) ) ;
#3770 = CARTESIAN_POINT ( 'NONE',  ( 0.1614830948584406733, -0.1095740670043671428, 0.2800000000000000266 ) ) ;
#3771 = PRESENTATION_STYLE_ASSIGNMENT (( #6641 ) ) ;
#3772 = ORIENTED_EDGE ( 'NONE', *, *, #3096, .F. ) ;
#3773 = ORIENTED_EDGE ( 'NONE', *, *, #2956, .F. ) ;
#3774 = B_SPLINE_SURFACE_WITH_KNOTS ( 'NONE', 3, 1, ( 
 ( #6266, #1560 ),
 ( #5641, #6901 ),
 ( #6218, #4290 ),
 ( #2804, #8350 ) ),
 .UNSPECIFIED., .F., .F., .F.,
 ( 4, 4 ),
 ( 2, 2 ),
 ( 5.000000000000000000, 6.000000000000000000 ),
 ( 0.000000000000000000, 1.000000000000000000 ),
 .UNSPECIFIED. ) ;
#3775 = CARTESIAN_POINT ( 'NONE',  ( 0.1470016085861512722, -0.06831359103618106499, 0.2900000000000000355 ) ) ;
#3776 = VECTOR ( 'NONE', #6981, 1000.000000000000000 ) ;
#3777 = CARTESIAN_POINT ( 'NONE',  ( 0.1564179346367265133, -0.1064660914122611129, 0.2800000000000000266 ) ) ;
#3778 = VERTEX_POINT ( 'NONE', #3873 ) ;
#3779 = ORIENTED_EDGE ( 'NONE', *, *, #2597, .F. ) ;
#3780 = CARTESIAN_POINT ( 'NONE',  ( 0.1404916597109092391, -0.06453362072155989504, 0.2800000000000000266 ) ) ;
#3781 = VECTOR ( 'NONE', #8373, 1000.000000000000000 ) ;
#3782 = FILL_AREA_STYLE ('',( #7287 ) ) ;
#3783 = EDGE_LOOP ( 'NONE', ( #8270, #8512, #8174, #120 ) ) ;
#3784 = CARTESIAN_POINT ( 'NONE',  ( 0.1524531657733733114, -0.03568824725353069577, 0.2900000000000000355 ) ) ;
#3785 = DIRECTION ( 'NONE',  ( -0.000000000000000000, -0.000000000000000000, -1.000000000000000000 ) ) ;
#3786 =( LENGTH_UNIT ( ) NAMED_UNIT ( * ) SI_UNIT ( .MILLI., .METRE. ) );
#3787 = VERTEX_POINT ( 'NONE', #7384 ) ;
#3788 = LINE ( 'NONE', #6658, #6171 ) ;
#3789 = CARTESIAN_POINT ( 'NONE',  ( 0.04581748831157474167, -0.05294988732318573615, 0.2900000000000000355 ) ) ;
#3790 = ORIENTED_EDGE ( 'NONE', *, *, #7588, .F. ) ;
#3791 = CARTESIAN_POINT ( 'NONE',  ( 0.1615922940008519271, -0.1204435816424944544, 0.2800000000000000266 ) ) ;
#3792 = FILL_AREA_STYLE ('',( #2247 ) ) ;
#3793 = ADVANCED_FACE ( 'NONE', ( #458 ), #2559, .F. ) ;
#3794 = ORIENTED_EDGE ( 'NONE', *, *, #1507, .F. ) ;
#3795 = EDGE_CURVE ( 'NONE', #2220, #5733, #874, .T. ) ;
#3796 = CARTESIAN_POINT ( 'NONE',  ( 0.1361572937500942215, -0.1160084164734043327, 0.2800000000000000266 ) ) ;
#3797 = CARTESIAN_POINT ( 'NONE',  ( 0.1455316201304421853, -0.1081124784825676921, 0.2900000000000000355 ) ) ;
#3798 = CARTESIAN_POINT ( 'NONE',  ( 0.1614830948584406733, -0.1095740670043671428, 0.2900000000000000355 ) ) ;
#3799 = LINE ( 'NONE', #4466, #7987 ) ;
#3800 = LINE ( 'NONE', #6539, #5036 ) ;
#3801 = AXIS2_PLACEMENT_3D ( 'NONE', #6917, #7011, #857 ) ;
#3802 = VECTOR ( 'NONE', #3153, 1000.000000000000227 ) ;
#3803 = CARTESIAN_POINT ( 'NONE',  ( -0.2699999999999999623, -0.07000000000000002054, -0.02000000000000000042 ) ) ;
#3804 = DIRECTION ( 'NONE',  ( -0.000000000000000000, -0.000000000000000000, -1.000000000000000000 ) ) ;
#3805 = ORIENTED_EDGE ( 'NONE', *, *, #4964, .F. ) ;
#3806 = AXIS2_PLACEMENT_3D ( 'NONE', #6212, #3521, #6849 ) ;
#3807 = ORIENTED_EDGE ( 'NONE', *, *, #4218, .T. ) ;
#3808 = CARTESIAN_POINT ( 'NONE',  ( -0.2199999999999999178, -0.1200000000000000372, -0.000000000000000000 ) ) ;
#3809 = CARTESIAN_POINT ( 'NONE',  ( 0.1570395297551042402, -0.1199731853367552170, 0.2800000000000000266 ) ) ;
#3810 = ADVANCED_FACE ( 'NONE', ( #5803 ), #4587, .F. ) ;
#3811 = EDGE_LOOP ( 'NONE', ( #5013, #3352, #6811, #29 ) ) ;
#3812 = FACE_OUTER_BOUND ( 'NONE', #3090, .T. ) ;
#3813 = VERTEX_POINT ( 'NONE', #7202 ) ;
#3814 = CARTESIAN_POINT ( 'NONE',  ( 0.2014079813153961396, -0.03634344210799925895, 0.2800000000000000266 ) ) ;
#3815 = CARTESIAN_POINT ( 'NONE',  ( 0.1740661960392821950, -0.1269451305837139832, 0.2900000000000000355 ) ) ;
#3816 = ADVANCED_FACE ( 'NONE', ( #3914 ), #7944, .F. ) ;
#3817 = PLANE ( 'NONE',  #6020 ) ;
#3818 = DIRECTION ( 'NONE',  ( -0.3897582650654324854, -0.9209172030172875223, -0.000000000000000000 ) ) ;
#3819 = VERTEX_POINT ( 'NONE', #1808 ) ;
#3820 = FACE_OUTER_BOUND ( 'NONE', #323, .T. ) ;
#3821 = FILL_AREA_STYLE_COLOUR ( '', #7830 ) ;
#3822 = ORIENTED_EDGE ( 'NONE', *, *, #4218, .F. ) ;
#3823 = ORIENTED_EDGE ( 'NONE', *, *, #4073, .T. ) ;
#3824 = DIRECTION ( 'NONE',  ( 0.000000000000000000, -0.000000000000000000, -1.000000000000000000 ) ) ;
#3825 = CARTESIAN_POINT ( 'NONE',  ( 0.1314617306258421547, -0.1173692057867031374, 0.2800000000000000266 ) ) ;
#3826 = UNCERTAINTY_MEASURE_WITH_UNIT (LENGTH_MEASURE( 1.000000000000000082E-05 ), #3849, 'distance_accuracy_value', 'NONE');
#3827 = VERTEX_POINT ( 'NONE', #3053 ) ;
#3828 = CARTESIAN_POINT ( 'NONE',  ( -0.06282283134516256085, -0.06322983049934419175, 0.2900000000000000355 ) ) ;
#3829 = CARTESIAN_POINT ( 'NONE',  ( 0.2427524566238123682, -0.09389979009946414212, 0.2900000000000000355 ) ) ;
#3830 = ORIENTED_EDGE ( 'NONE', *, *, #1008, .T. ) ;
#3831 = FACE_OUTER_BOUND ( 'NONE', #1113, .T. ) ;
#3832 = LINE ( 'NONE', #8650, #4473 ) ;
#3833 = DIRECTION ( 'NONE',  ( 0.000000000000000000, -1.000000000000000000, 0.000000000000000000 ) ) ;
#3834 =( NAMED_UNIT ( * ) SI_UNIT ( $, .STERADIAN. ) SOLID_ANGLE_UNIT ( ) );
#3835 = EDGE_LOOP ( 'NONE', ( #8563, #7591, #8551, #2603, #7687, #5369, #1641, #3765 ) ) ;
#3836 = CARTESIAN_POINT ( 'NONE',  ( 0.1609958986845445861, -0.1051053020989607817, 0.2800000000000000266 ) ) ;
#3837 = MECHANICAL_DESIGN_GEOMETRIC_PRESENTATION_REPRESENTATION (  '', ( #8436 ), #1952 ) ;
#3838 = DIRECTION ( 'NONE',  ( -0.000000000000000000, -0.000000000000000000, -1.000000000000000000 ) ) ;
#3839 = ORIENTED_EDGE ( 'NONE', *, *, #3040, .F. ) ;
#3840 = CARTESIAN_POINT ( 'NONE',  ( -0.05581377244451030811, -0.05622077995419129393, 0.2900000000000000355 ) ) ;
#3841 = ADVANCED_FACE ( 'NONE', ( #1765 ), #2084, .F. ) ;
#3842 = DIRECTION ( 'NONE',  ( 1.000000000000000000, -0.000000000000000000, -0.000000000000000000 ) ) ;
#3843 = DIRECTION ( 'NONE',  ( 0.000000000000000000, -0.000000000000000000, -1.000000000000000000 ) ) ;
#3844 = B_SPLINE_SURFACE_WITH_KNOTS ( 'NONE', 3, 1, ( 
 ( #3522, #2710 ),
 ( #1326, #5584 ),
 ( #1984, #4739 ),
 ( #4063, #102 ) ),
 .UNSPECIFIED., .F., .F., .F.,
 ( 4, 4 ),
 ( 2, 2 ),
 ( 9.000000000000000000, 10.00000000000000000 ),
 ( 0.000000000000000000, 1.000000000000000000 ),
 .UNSPECIFIED. ) ;
#3845 = VERTEX_POINT ( 'NONE', #7344 ) ;
#3846 = COLOUR_RGB ( '',0.6666666666666666297, 0.6666666666666666297, 0.6666666666666666297 ) ;
#3847 = CARTESIAN_POINT ( 'NONE',  ( 0.1357540969165407507, -0.04182019909729014356, 0.2800000000000000266 ) ) ;
#3848 = EDGE_CURVE ( 'NONE', #7733, #3845, #3788, .T. ) ;
#3849 =( LENGTH_UNIT ( ) NAMED_UNIT ( * ) SI_UNIT ( .MILLI., .METRE. ) );
#3850 = ORIENTED_EDGE ( 'NONE', *, *, #2355, .T. ) ;
#3851 = CARTESIAN_POINT ( 'NONE',  ( 0.1670102514518697345, -0.1075580828365994002, 0.2900000000000000355 ) ) ;
#3852 = ORIENTED_EDGE ( 'NONE', *, *, #4054, .T. ) ;
#3853 = DIRECTION ( 'NONE',  ( 0.000000000000000000, 1.000000000000000000, 0.000000000000000000 ) ) ;
#3854 = FACE_OUTER_BOUND ( 'NONE', #6675, .T. ) ;
#3855 = CARTESIAN_POINT ( 'NONE',  ( 0.1385764747514161843, -0.1059452955021602111, 0.2900000000000000355 ) ) ;
#3856 = CARTESIAN_POINT ( 'NONE',  ( 0.2405096742371980456, -0.1150004243895194345, 0.2800000000000000266 ) ) ;
#3857 = ORIENTED_EDGE ( 'NONE', *, *, #6219, .T. ) ;
#3858 = FACE_OUTER_BOUND ( 'NONE', #3175, .T. ) ;
#3859 = CARTESIAN_POINT ( 'NONE',  ( 0.1710758195236094792, -0.1156556192439889275, 0.2900000000000000355 ) ) ;
#3860 = VERTEX_POINT ( 'NONE', #319 ) ;
#3861 = ORIENTED_EDGE ( 'NONE', *, *, #1911, .F. ) ;
#3862 = CARTESIAN_POINT ( 'NONE',  ( 0.1455316201304421853, -0.1198891859963017309, 0.2800000000000000266 ) ) ;
#3863 = SURFACE_STYLE_FILL_AREA ( #7975 ) ;
#3864 = B_SPLINE_CURVE_WITH_KNOTS ( 'NONE', 3,
 ( #8308, #5644, #6953, #1418 ),
 .UNSPECIFIED., .F., .F.,
 ( 4, 4 ),
 ( 10.00000000000000000, 11.00000000000000000 ),
 .UNSPECIFIED. ) ;
#3865 = CARTESIAN_POINT ( 'NONE',  ( 0.3099999999999995537, 0.1499999999999998557, 0.2800000000000000266 ) ) ;
#3866 = ADVANCED_FACE ( 'NONE', ( #3831 ), #5891, .F. ) ;
#3867 = EDGE_LOOP ( 'NONE', ( #10, #5546, #403, #8319 ) ) ;
#3868 = CARTESIAN_POINT ( 'NONE',  ( -0.06679462802803980137, -0.07280887018082561613, 0.2900000000000000355 ) ) ;
#3869 = CARTESIAN_POINT ( 'NONE',  ( 0.1330829178940801660, -0.09806615737959341328, 0.2800000000000000266 ) ) ;
#3870 = ADVANCED_FACE ( 'NONE', ( #5848 ), #5538, .F. ) ;
#3871 = ADVANCED_FACE ( 'NONE', ( #7732 ), #6066, .F. ) ;
#3872 = ORIENTED_EDGE ( 'NONE', *, *, #6004, .F. ) ;
#3873 = CARTESIAN_POINT ( 'NONE',  ( 0.1392988690782943628, -0.1170668081614266998, 0.2800000000000000266 ) ) ;
#3874 = PLANE ( 'NONE',  #4989 ) ;
#3875 = EDGE_LOOP ( 'NONE', ( #6028, #6044, #931, #3026 ) ) ;
#3876 = CARTESIAN_POINT ( 'NONE',  ( 0.2425592581412823745, -0.1183603980025401264, 0.2800000000000000266 ) ) ;
#3877 = VECTOR ( 'NONE', #544, 1000.000000000000000 ) ;
#3878 = CARTESIAN_POINT ( 'NONE',  ( 0.2618287068120758732, -0.1071884857391363910, 0.2900000000000000355 ) ) ;
#3879 = CARTESIAN_POINT ( 'NONE',  ( 0.2410556699493666133, -0.06775919538998845248, 0.2900000000000000355 ) ) ;
#3880 = VERTEX_POINT ( 'NONE', #6107 ) ;
#3881 = FACE_OUTER_BOUND ( 'NONE', #4241, .T. ) ;
#3882 = CARTESIAN_POINT ( 'NONE',  ( -0.04623473276314061381, -0.1001441644103016476, 0.2800000000000000266 ) ) ;
#3883 = AXIS2_PLACEMENT_3D ( 'NONE', #3901, #5920, #358 ) ;
#3884 = VECTOR ( 'NONE', #7799, 1000.000000000000000 ) ;
#3885 = FACE_BOUND ( 'NONE', #7773, .T. ) ;
#3886 = ORIENTED_EDGE ( 'NONE', *, *, #4362, .F. ) ;
#3887 =( GEOMETRIC_REPRESENTATION_CONTEXT ( 3 ) GLOBAL_UNCERTAINTY_ASSIGNED_CONTEXT ( ( #4541 ) ) GLOBAL_UNIT_ASSIGNED_CONTEXT ( ( #4138, #2015, #4229 ) ) REPRESENTATION_CONTEXT ( 'NONE', 'WORKASPACE' ) );
#3888 = CARTESIAN_POINT ( 'NONE',  ( 0.2696910450665971348, -0.08702864406078171522, 0.2900000000000000355 ) ) ;
#3889 = DIRECTION ( 'NONE',  ( 1.000000000000000000, 0.000000000000000000, 0.000000000000000000 ) ) ;
#3890 = EDGE_LOOP ( 'NONE', ( #8897, #3985, #3152, #4480 ) ) ;
#3891 = CARTESIAN_POINT ( 'NONE',  ( 0.1664978554759040386, -0.1122620458948733746, 0.2900000000000000355 ) ) ;
#3892 = ORIENTED_EDGE ( 'NONE', *, *, #2622, .T. ) ;
#3893 = DIRECTION ( 'NONE',  ( -0.3559357243698822448, 0.9345104387417441094, -0.000000000000000000 ) ) ;
#3894 = CARTESIAN_POINT ( 'NONE',  ( 0.1307897359032157703, -0.1157060188481268126, 0.2900000000000000355 ) ) ;
#3895 = VECTOR ( 'NONE', #5073, 1000.000000000000000 ) ;
#3896 = B_SPLINE_SURFACE_WITH_KNOTS ( 'NONE', 3, 1, ( 
 ( #5363, #6081 ),
 ( #6207, #8130 ),
 ( #5440, #4100 ),
 ( #4692, #7445 ) ),
 .UNSPECIFIED., .F., .F., .F.,
 ( 4, 4 ),
 ( 2, 2 ),
 ( 1.000000000000000000, 2.000000000000000000 ),
 ( 0.000000000000000000, 1.000000000000000000 ),
 .UNSPECIFIED. ) ;
#3897 = EDGE_CURVE ( 'NONE', #6098, #6499, #1635, .T. ) ;
#3898 = CARTESIAN_POINT ( 'NONE',  ( 0.2372504998324524994, -0.1161428154177709671, 0.2900000000000000355 ) ) ;
#3899 = EDGE_CURVE ( 'NONE', #2816, #144, #2899, .T. ) ;
#3900 = EDGE_LOOP ( 'NONE', ( #6631, #5377, #4800, #4085 ) ) ;
#3901 = CARTESIAN_POINT ( 'NONE',  ( 0.05095745321541134826, -0.1057514146500092150, 0.2900000000000000355 ) ) ;
#3902 = CARTESIAN_POINT ( 'NONE',  ( 0.1619954908344053146, -0.1170836080294719028, 0.2900000000000000355 ) ) ;
#3903 = ORIENTED_EDGE ( 'NONE', *, *, #944, .T. ) ;
#3904 = EDGE_LOOP ( 'NONE', ( #6335, #8224, #1283, #8753 ) ) ;
#3905 = CARTESIAN_POINT ( 'NONE',  ( 0.1922856529560753314, -0.03489865345446935968, 0.2800000000000000266 ) ) ;
#3906 = PLANE ( 'NONE',  #4840 ) ;
#3907 = CARTESIAN_POINT ( 'NONE',  ( 0.2463560283237261617, -0.09905734959543083251, 0.2800000000000000266 ) ) ;
#3908 = VECTOR ( 'NONE', #7220, 1000.000000000000114 ) ;
#3909 = ORIENTED_EDGE ( 'NONE', *, *, #2344, .T. ) ;
#3910 = CARTESIAN_POINT ( 'NONE',  ( -0.01329218829384458053, -0.03519362052042989547, 0.2800000000000000266 ) ) ;
#3911 = LINE ( 'NONE', #7338, #2493 ) ;
#3912 = DIRECTION ( 'NONE',  ( -0.000000000000000000, 1.000000000000000000, -0.000000000000000000 ) ) ;
#3913 = ORIENTED_EDGE ( 'NONE', *, *, #8761, .F. ) ;
#3914 = FACE_OUTER_BOUND ( 'NONE', #5218, .T. ) ;
#3915 = CARTESIAN_POINT ( 'NONE',  ( 0.1806181445846414824, -0.1241059528807933188, 0.2900000000000000355 ) ) ;
#3916 = B_SPLINE_SURFACE_WITH_KNOTS ( 'NONE', 3, 1, ( 
 ( #175, #2915 ),
 ( #5662, #4312 ),
 ( #8417, #2233 ),
 ( #4991, #1580 ) ),
 .UNSPECIFIED., .F., .F., .F.,
 ( 4, 4 ),
 ( 2, 2 ),
 ( 27.00000000000000000, 28.00000000000000000 ),
 ( 0.000000000000000000, 1.000000000000000000 ),
 .UNSPECIFIED. ) ;
#3917 = EDGE_CURVE ( 'NONE', #3015, #7180, #8782, .T. ) ;
#3918 = CARTESIAN_POINT ( 'NONE',  ( 0.1668506527052079358, -0.1139084329651810362, 0.2900000000000000355 ) ) ;
#3919 = EDGE_CURVE ( 'NONE', #3354, #7274, #4251, .T. ) ;
#3920 = EDGE_CURVE ( 'NONE', #1417, #3046, #1201, .T. ) ;
#3921 = VERTEX_POINT ( 'NONE', #3325 ) ;
#3922 = CARTESIAN_POINT ( 'NONE',  ( 0.2410556699493666133, -0.06775919538998845248, 0.2800000000000000266 ) ) ;
#3923 = B_SPLINE_CURVE_WITH_KNOTS ( 'NONE', 3,
 ( #3078, #938, #5827, #8584 ),
 .UNSPECIFIED., .F., .F.,
 ( 4, 4 ),
 ( 24.00000000000000000, 25.00000000000000000 ),
 .UNSPECIFIED. ) ;
#3924 = SURFACE_SIDE_STYLE ('',( #379 ) ) ;
#3925 = SURFACE_SIDE_STYLE ('',( #7351 ) ) ;
#3926 = ORIENTED_EDGE ( 'NONE', *, *, #5942, .F. ) ;
#3927 = EDGE_CURVE ( 'NONE', #2943, #369, #7512, .T. ) ;
#3928 = CARTESIAN_POINT ( 'NONE',  ( -0.06679462802803980137, -0.07280887018082561613, 0.2800000000000000266 ) ) ;
#3929 = FACE_BOUND ( 'NONE', #7541, .T. ) ;
#3930 = VECTOR ( 'NONE', #3051, 1000.000000000000000 ) ;
#3931 = CARTESIAN_POINT ( 'NONE',  ( 0.1496475878064338905, -0.1198891859963017309, 0.2900000000000000355 ) ) ;
#3932 = LINE ( 'NONE', #4729, #3472 ) ;
#3933 = ORIENTED_EDGE ( 'NONE', *, *, #2570, .F. ) ;
#3934 = CARTESIAN_POINT ( 'NONE',  ( 0.2171074580223687489, -0.09080861437540363457, 0.2800000000000000266 ) ) ;
#3935 = VECTOR ( 'NONE', #5996, 1000.000000000000114 ) ;
#3936 = CARTESIAN_POINT ( 'NONE',  ( -0.04156203091433047919, -0.05902438724921166974, 0.2900000000000000355 ) ) ;
#3937 = ORIENTED_EDGE ( 'NONE', *, *, #67, .T. ) ;
#3938 = FACE_OUTER_BOUND ( 'NONE', #6700, .T. ) ;
#3939 = ORIENTED_EDGE ( 'NONE', *, *, #7333, .F. ) ;
#3940 = FACE_OUTER_BOUND ( 'NONE', #1213, .T. ) ;
#3941 = CARTESIAN_POINT ( 'NONE',  ( 0.1314617306258421547, -0.1173692057867031374, 0.2900000000000000355 ) ) ;
#3942 = VECTOR ( 'NONE', #2615, 1000.000000000000000 ) ;
#3943 = PLANE ( 'NONE',  #3731 ) ;
#3944 = LINE ( 'NONE', #2584, #318 ) ;
#3945 = ORIENTED_EDGE ( 'NONE', *, *, #1187, .F. ) ;
#3946 = PLANE ( 'NONE',  #8398 ) ;
#3947 = EDGE_LOOP ( 'NONE', ( #57, #943, #7779, #7224 ) ) ;
#3948 = VECTOR ( 'NONE', #2486, 1000.000000000000000 ) ;
#3949 = ORIENTED_EDGE ( 'NONE', *, *, #6444, .T. ) ;
#3950 = DIRECTION ( 'NONE',  ( -1.000000000000000000, 0.000000000000000000, 0.000000000000000000 ) ) ;
#3951 = EDGE_CURVE ( 'NONE', #922, #2281, #2483, .T. ) ;
#3952 = EDGE_CURVE ( 'NONE', #7634, #354, #5348, .T. ) ;
#3953 = CARTESIAN_POINT ( 'NONE',  ( 0.1839529183955946334, -0.1140596317778193591, 0.2900000000000000355 ) ) ;
#3954 = LINE ( 'NONE', #8860, #712 ) ;
#3955 = VERTEX_POINT ( 'NONE', #4675 ) ;
#3956 = LINE ( 'NONE', #8863, #5748 ) ;
#3957 = DIRECTION ( 'NONE',  ( 0.000000000000000000, 0.000000000000000000, 1.000000000000000000 ) ) ;
#3958 =( NAMED_UNIT ( * ) SI_UNIT ( $, .STERADIAN. ) SOLID_ANGLE_UNIT ( ) );
#3959 = ORIENTED_EDGE ( 'NONE', *, *, #6609, .T. ) ;
#3960 = CARTESIAN_POINT ( 'NONE',  ( 0.1355272986975834537, -0.06107284790003714159, 0.2900000000000000355 ) ) ;
#3961 = DIRECTION ( 'NONE',  ( -0.000000000000000000, -0.000000000000000000, -1.000000000000000000 ) ) ;
#3962 = EDGE_CURVE ( 'NONE', #828, #8329, #6792, .T. ) ;
#3963 = PLANE ( 'NONE',  #7292 ) ;
#3964 = VERTEX_POINT ( 'NONE', #8151 ) ;
#3965 = CARTESIAN_POINT ( 'NONE',  ( 0.1594923104926285751, -0.1023837234723617706, 0.2800000000000000266 ) ) ;
#3966 =( LENGTH_UNIT ( ) NAMED_UNIT ( * ) SI_UNIT ( .MILLI., .METRE. ) );
#3967 =( LENGTH_UNIT ( ) NAMED_UNIT ( * ) SI_UNIT ( .MILLI., .METRE. ) );
#3968 = ORIENTED_EDGE ( 'NONE', *, *, #794, .F. ) ;
#3969 = CARTESIAN_POINT ( 'NONE',  ( 0.03904206706581658803, -0.1055177831226081220, 0.2800000000000000266 ) ) ;
#3970 = ADVANCED_FACE ( 'NONE', ( #592 ), #668, .F. ) ;
#3971 = CARTESIAN_POINT ( 'NONE',  ( 0.1664978554759040386, -0.1122620458948733746, 0.2800000000000000266 ) ) ;
#3972 = PLANE ( 'NONE',  #734 ) ;
#3973 = B_SPLINE_SURFACE_WITH_KNOTS ( 'NONE', 3, 1, ( 
 ( #7353, #5181 ),
 ( #5313, #7908 ),
 ( #2525, #1818 ),
 ( #1776, #5269 ) ),
 .UNSPECIFIED., .F., .F., .F.,
 ( 4, 4 ),
 ( 2, 2 ),
 ( 4.000000000000000000, 5.000000000000000000 ),
 ( 0.000000000000000000, 1.000000000000000000 ),
 .UNSPECIFIED. ) ;
#3974 = VECTOR ( 'NONE', #2661, 1000.000000000000000 ) ;
#3975 = CARTESIAN_POINT ( 'NONE',  ( -0.05207561007423749944, -0.09196693617485586503, 0.2800000000000000266 ) ) ;
#3976 = B_SPLINE_CURVE_WITH_KNOTS ( 'NONE', 3,
 ( #6558, #402, #3859, #1168 ),
 .UNSPECIFIED., .F., .F.,
 ( 4, 4 ),
 ( 17.00000000000000000, 18.00000000000000000 ),
 .UNSPECIFIED. ) ;
#3977 = ORIENTED_EDGE ( 'NONE', *, *, #3760, .F. ) ;
#3978 = CARTESIAN_POINT ( 'NONE',  ( 0.1632722808073617526, -0.04919534117802613210, 0.2800000000000000266 ) ) ;
#3979 = EDGE_CURVE ( 'NONE', #1828, #7549, #254, .T. ) ;
#3980 = CARTESIAN_POINT ( 'NONE',  ( -0.1299999999999998934, 0.1199999999999999539, -0.02000000000000000042 ) ) ;
#3981 = EDGE_CURVE ( 'NONE', #4107, #5336, #2942, .T. ) ;
#3982 = VECTOR ( 'NONE', #959, 1000.000000000000000 ) ;
#3983 = EDGE_CURVE ( 'NONE', #2463, #3787, #7315, .T. ) ;
#3984 = LINE ( 'NONE', #2494, #7039 ) ;
#3985 = ORIENTED_EDGE ( 'NONE', *, *, #4641, .F. ) ;
#3986 = CARTESIAN_POINT ( 'NONE',  ( 0.1668506527052079358, -0.1139084329651810362, 0.2900000000000000355 ) ) ;
#3987 = ORIENTED_EDGE ( 'NONE', *, *, #8690, .T. ) ;
#3988 = DIRECTION ( 'NONE',  ( 0.000000000000000000, 0.000000000000000000, -1.000000000000000000 ) ) ;
#3989 = CARTESIAN_POINT ( 'NONE',  ( 0.1590303141209138960, -0.06775919538998910474, 0.2900000000000000355 ) ) ;
#3990 =( GEOMETRIC_REPRESENTATION_CONTEXT ( 3 ) GLOBAL_UNCERTAINTY_ASSIGNED_CONTEXT ( ( #8322 ) ) GLOBAL_UNIT_ASSIGNED_CONTEXT ( ( #2278, #4946, #3682 ) ) REPRESENTATION_CONTEXT ( 'NONE', 'WORKASPACE' ) );
#3991 = CARTESIAN_POINT ( 'NONE',  ( 0.1706138231517830839, -0.1106660584284810123, 0.2800000000000000266 ) ) ;
#3992 = ORIENTED_EDGE ( 'NONE', *, *, #267, .T. ) ;
#3993 = ORIENTED_EDGE ( 'NONE', *, *, #5653, .T. ) ;
#3994 = VERTEX_POINT ( 'NONE', #2402 ) ;
#3995 = VECTOR ( 'NONE', #5786, 1000.000000000000000 ) ;
#3996 = DIRECTION ( 'NONE',  ( 0.000000000000000000, 0.000000000000000000, -1.000000000000000000 ) ) ;
#3997 = PRESENTATION_STYLE_ASSIGNMENT (( #5928 ) ) ;
#3998 = CARTESIAN_POINT ( 'NONE',  ( 0.1767205751935840563, -0.1309434991833836048, 0.2900000000000000355 ) ) ;
#3999 = ORIENTED_EDGE ( 'NONE', *, *, #3524, .F. ) ;
#4000 = CARTESIAN_POINT ( 'NONE',  ( 0.2425592581412823745, -0.08847343271453553259, 0.2900000000000000355 ) ) ;
#4001 = CARTESIAN_POINT ( 'NONE',  ( 0.1397860652521885072, -0.03434425780827687902, 0.2800000000000000266 ) ) ;
#4002 = EDGE_CURVE ( 'NONE', #2746, #3668, #8623, .T. ) ;
#4003 = CARTESIAN_POINT ( 'NONE',  ( 0.07362005896467421762, -0.1094895725641572143, 0.2900000000000000355 ) ) ;
#4004 = ORIENTED_EDGE ( 'NONE', *, *, #4817, .F. ) ;
#4005 = CARTESIAN_POINT ( 'NONE',  ( 0.2332689311010539002, -0.09080861437540363457, 0.2900000000000000355 ) ) ;
#4006 = SURFACE_STYLE_FILL_AREA ( #8783 ) ;
#4007 = FACE_OUTER_BOUND ( 'NONE', #1023, .T. ) ;
#4008 = EDGE_CURVE ( 'NONE', #6164, #469, #5155, .T. ) ;
#4009 = CARTESIAN_POINT ( 'NONE',  ( 0.1380640787754512933, -0.03938421822792208954, 0.2800000000000000266 ) ) ;
#4010 = EDGE_CURVE ( 'NONE', #8309, #690, #1655, .T. ) ;
#4011 = DIRECTION ( 'NONE',  ( -0.000000000000000000, 1.000000000000000000, -0.000000000000000000 ) ) ;
#4012 = ORIENTED_EDGE ( 'NONE', *, *, #576, .T. ) ;
#4013 = CARTESIAN_POINT ( 'NONE',  ( 0.1500507846399855016, -0.06379442652663670776, 0.2900000000000000355 ) ) ;
#4014 = SURFACE_SIDE_STYLE ('',( #6202 ) ) ;
#4015 = PRESENTATION_LAYER_ASSIGNMENT (  '', '', ( #7612 ) ) ;
#4016 = DIRECTION ( 'NONE',  ( -1.000000000000000000, -0.000000000000000000, -0.000000000000000000 ) ) ;
#4017 = ORIENTED_EDGE ( 'NONE', *, *, #6990, .T. ) ;
#4018 = LINE ( 'NONE', #689, #8831 ) ;
#4019 = LINE ( 'NONE', #3980, #8127 ) ;
#4020 = CARTESIAN_POINT ( 'NONE',  ( 0.1914792592889684730, -0.09641977030928607084, 0.2800000000000000266 ) ) ;
#4021 = VERTEX_POINT ( 'NONE', #7960 ) ;
#4022 = ORIENTED_EDGE ( 'NONE', *, *, #4334, .T. ) ;
#4023 = EDGE_CURVE ( 'NONE', #369, #5821, #8582, .T. ) ;
#4024 = CARTESIAN_POINT ( 'NONE',  ( 0.1265057695466517695, -0.06775919538998910474, 0.2900000000000000355 ) ) ;
#4025 = CARTESIAN_POINT ( 'NONE',  ( 0.1782829629236622193, -0.1274155268896769999, 0.2800000000000000266 ) ) ;
#4026 = CARTESIAN_POINT ( 'NONE',  ( -0.02894573681371225699, -0.04500629507137778040, 0.2800000000000000266 ) ) ;
#4027 = VECTOR ( 'NONE', #6117, 1000.000000000000000 ) ;
#4028 = EDGE_CURVE ( 'NONE', #8531, #6999, #391, .T. ) ;
#4029 = FILL_AREA_STYLE ('',( #7540 ) ) ;
#4030 = ORIENTED_EDGE ( 'NONE', *, *, #2123, .T. ) ;
#4031 = FACE_OUTER_BOUND ( 'NONE', #3606, .T. ) ;
#4032 = EDGE_CURVE ( 'NONE', #4988, #3320, #4088, .T. ) ;
#4033 = ORIENTED_EDGE ( 'NONE', *, *, #1012, .T. ) ;
#4034 = COLOUR_RGB ( '',0.2980392156862745057, 0.2980392156862745057, 0.2980392156862745057 ) ;
#4035 = DIRECTION ( 'NONE',  ( -0.000000000000000000, -0.000000000000000000, -1.000000000000000000 ) ) ;
#4036 = DIRECTION ( 'NONE',  ( 0.000000000000000000, 1.000000000000000000, 0.000000000000000000 ) ) ;
#4037 = FACE_OUTER_BOUND ( 'NONE', #6300, .T. ) ;
#4038 = ORIENTED_EDGE ( 'NONE', *, *, #2034, .T. ) ;
#4039 = VECTOR ( 'NONE', #6976, 1000.000000000000000 ) ;
#4040 = B_SPLINE_SURFACE_WITH_KNOTS ( 'NONE', 3, 1, ( 
 ( #8349, #7581 ),
 ( #1559, #7676 ),
 ( #1511, #4867 ),
 ( #5537, #741 ) ),
 .UNSPECIFIED., .F., .F., .F.,
 ( 4, 4 ),
 ( 2, 2 ),
 ( 3.000000000000000000, 4.000000000000000000 ),
 ( 0.000000000000000000, 1.000000000000000000 ),
 .UNSPECIFIED. ) ;
#4041 = CARTESIAN_POINT ( 'NONE',  ( 0.1323017240291529673, -0.05169852151957896741, 0.2900000000000000355 ) ) ;
#4042 = CARTESIAN_POINT ( 'NONE',  ( -0.02707665785663739347, -0.04500629507137778040, 0.2800000000000000266 ) ) ;
#4043 = ORIENTED_EDGE ( 'NONE', *, *, #4682, .T. ) ;
#4044 = CARTESIAN_POINT ( 'NONE',  ( 0.1382320774561359156, -0.1204435816424944544, 0.2900000000000000355 ) ) ;
#4045 = CARTESIAN_POINT ( 'NONE',  ( 0.1615922940008519271, -0.1204435816424944544, 0.2900000000000000355 ) ) ;
#4046 = B_SPLINE_CURVE_WITH_KNOTS ( 'NONE', 3,
 ( #2974, #967, #8569, #3019 ),
 .UNSPECIFIED., .F., .F.,
 ( 4, 4 ),
 ( 2.000000000000000000, 3.000000000000000000 ),
 .UNSPECIFIED. ) ;
#4047 = CARTESIAN_POINT ( 'NONE',  ( 0.1850701096220007946, -0.1140932315139114028, 0.2800000000000000266 ) ) ;
#4048 = CARTESIAN_POINT ( 'NONE',  ( 0.1357540969165407507, -0.04182019909729014356, 0.2800000000000000266 ) ) ;
#4049 = B_SPLINE_CURVE_WITH_KNOTS ( 'NONE', 3,
 ( #3734, #3189, #1716, #3829 ),
 .UNSPECIFIED., .F., .F.,
 ( 4, 4 ),
 ( 4.000000000000000000, 5.000000000000000000 ),
 .UNSPECIFIED. ) ;
#4050 = FACE_OUTER_BOUND ( 'NONE', #5287, .T. ) ;
#4051 = ORIENTED_EDGE ( 'NONE', *, *, #6112, .F. ) ;
#4052 = CARTESIAN_POINT ( 'NONE',  ( 0.1496475878064338905, -0.1198891859963017309, 0.2900000000000000355 ) ) ;
#4053 = FACE_OUTER_BOUND ( 'NONE', #72, .T. ) ;
#4054 = EDGE_CURVE ( 'NONE', #7634, #2984, #4344, .T. ) ;
#4055 = ADVANCED_FACE ( 'NONE', ( #5780 ), #4184, .F. ) ;
#4056 = FILL_AREA_STYLE_COLOUR ( '', #5534 ) ;
#4057 = PLANE ( 'NONE',  #6498 ) ;
#4058 = ORIENTED_EDGE ( 'NONE', *, *, #7836, .T. ) ;
#4059 = DIRECTION ( 'NONE',  ( -0.000000000000000000, -0.000000000000000000, -1.000000000000000000 ) ) ;
#4060 = DIRECTION ( 'NONE',  ( 1.000000000000000000, -0.000000000000000000, -0.000000000000000000 ) ) ;
#4061 = CARTESIAN_POINT ( 'NONE',  ( 0.0002586452853114550726, -0.04009995723881767948, 0.2900000000000000355 ) ) ;
#4062 = CARTESIAN_POINT ( 'NONE',  ( 0.2161750653446923021, -0.1013253317843389734, 0.2900000000000000355 ) ) ;
#4063 = CARTESIAN_POINT ( 'NONE',  ( -0.01609581118558001123, -0.1354230642602951284, 0.2900000000000000355 ) ) ;
#4064 = ORIENTED_EDGE ( 'NONE', *, *, #2026, .F. ) ;
#4065 = ORIENTED_EDGE ( 'NONE', *, *, #390, .T. ) ;
#4066 = FACE_BOUND ( 'NONE', #3437, .T. ) ;
#4067 = CARTESIAN_POINT ( 'NONE',  ( 0.03179938276514428230, -0.1127604674232806359, 0.2800000000000000266 ) ) ;
#4068 = CARTESIAN_POINT ( 'NONE',  ( -0.04857108368760184453, -0.04897809119705796854, 0.2900000000000000355 ) ) ;
#4069 = SURFACE_STYLE_USAGE ( .BOTH. , #3395 ) ;
#4070 = MECHANICAL_DESIGN_GEOMETRIC_PRESENTATION_REPRESENTATION (  '', ( #2190 ), #38 ) ;
#4071 = ORIENTED_EDGE ( 'NONE', *, *, #6782, .T. ) ;
#4072 = CARTESIAN_POINT ( 'NONE',  ( 0.1091767056373072614, -0.1198891859963020501, 0.2800000000000000266 ) ) ;
#4073 = EDGE_CURVE ( 'NONE', #5065, #8240, #7089, .T. ) ;
#4074 = EDGE_LOOP ( 'NONE', ( #3518, #8474, #3687, #5507 ) ) ;
#4075 = ADVANCED_FACE ( 'NONE', ( #5825 ), #5699, .T. ) ;
#4076 = CARTESIAN_POINT ( 'NONE',  ( 0.2047091553902559702, -0.03924981928332918479, 0.2900000000000000355 ) ) ;
#4077 = VECTOR ( 'NONE', #2762, 1000.000000000000000 ) ;
#4078 = CARTESIAN_POINT ( 'NONE',  ( 0.2999999999999995448, 0.1499999999999998834, 0.2700000000000000178 ) ) ;
#4079 = CARTESIAN_POINT ( 'NONE',  ( 0.1369468875491562931, -0.1167140109320111835, 0.2900000000000000355 ) ) ;
#4080 = VERTEX_POINT ( 'NONE', #7917 ) ;
#4081 = VECTOR ( 'NONE', #2574, 1000.000000000000000 ) ;
#4082 = FACE_OUTER_BOUND ( 'NONE', #885, .T. ) ;
#4083 = CARTESIAN_POINT ( 'NONE',  ( 0.1615754941326929539, -0.09951094603334799393, 0.2800000000000000266 ) ) ;
#4084 = ADVANCED_FACE ( 'NONE', ( #1743 ), #4476, .T. ) ;
#4085 = ORIENTED_EDGE ( 'NONE', *, *, #3640, .T. ) ;
#4086 = CARTESIAN_POINT ( 'NONE',  ( 0.1750237885189137588, -0.04919534117802613210, 0.2800000000000000266 ) ) ;
#4087 = LINE ( 'NONE', #4760, #8645 ) ;
#4088 = B_SPLINE_CURVE_WITH_KNOTS ( 'NONE', 3,
 ( #936, #7042, #3715, #894 ),
 .UNSPECIFIED., .F., .F.,
 ( 4, 4 ),
 ( 9.000000000000000000, 10.00000000000000000 ),
 .UNSPECIFIED. ) ;
#4089 = CARTESIAN_POINT ( 'NONE',  ( 0.1300000000000000044, -0.1199999999999999956, -0.02000000000000000042 ) ) ;
#4090 = DIRECTION ( 'NONE',  ( -0.000000000000000000, -0.000000000000000000, -1.000000000000000000 ) ) ;
#4091 = CARTESIAN_POINT ( 'NONE',  ( -0.06679462802803980137, -0.08285517737312161901, 0.2800000000000000266 ) ) ;
#4092 = CARTESIAN_POINT ( 'NONE',  ( 0.1632722808073605036, -0.06401282481145953440, 0.2800000000000000266 ) ) ;
#4093 = EDGE_LOOP ( 'NONE', ( #377, #3301, #6983, #5417 ) ) ;
#4094 = LINE ( 'NONE', #6200, #6677 ) ;
#4095 = CARTESIAN_POINT ( 'NONE',  ( -0.1299999999999998934, -0.1200000000000000233, -0.02000000000000000042 ) ) ;
#4096 = DIRECTION ( 'NONE',  ( -1.000000000000000000, 0.000000000000000000, 0.000000000000000000 ) ) ;
#4097 = CARTESIAN_POINT ( 'NONE',  ( 0.2171074580223687489, -0.09080861437540363457, 0.2900000000000000355 ) ) ;
#4098 = FACE_OUTER_BOUND ( 'NONE', #4869, .T. ) ;
#4099 = VERTEX_POINT ( 'NONE', #1826 ) ;
#4100 = CARTESIAN_POINT ( 'NONE',  ( 0.1468168100374211693, -0.09588217453114093736, 0.2800000000000000266 ) ) ;
#4101 = VERTEX_POINT ( 'NONE', #5366 ) ;
#4102 = CARTESIAN_POINT ( 'NONE',  ( 0.2044235576332510129, -0.1013253317843389734, 0.2900000000000000355 ) ) ;
#4103 = CARTESIAN_POINT ( 'NONE',  ( 0.2677338604369894903, -0.09307659656431047090, 0.2800000000000000266 ) ) ;
#4104 = DIRECTION ( 'NONE',  ( -0.000000000000000000, -0.000000000000000000, -1.000000000000000000 ) ) ;
#4105 = EDGE_CURVE ( 'NONE', #33, #5810, #1945, .T. ) ;
#4106 = DIRECTION ( 'NONE',  ( -1.000000000000000000, -0.000000000000000000, -0.000000000000000000 ) ) ;
#4107 = VERTEX_POINT ( 'NONE', #3343 ) ;
#4108 = FACE_OUTER_BOUND ( 'NONE', #8140, .T. ) ;
#4109 = CARTESIAN_POINT ( 'NONE',  ( 0.1578879230924379873, -0.09774695988649467759, 0.2900000000000000355 ) ) ;
#4110 = B_SPLINE_SURFACE_WITH_KNOTS ( 'NONE', 3, 1, ( 
 ( #4137, #6879 ),
 ( #722, #3598 ),
 ( #3552, #2282 ),
 ( #5668, #5569 ) ),
 .UNSPECIFIED., .F., .F., .F.,
 ( 4, 4 ),
 ( 2, 2 ),
 ( 4.000000000000000000, 5.000000000000000000 ),
 ( 0.000000000000000000, 1.000000000000000000 ),
 .UNSPECIFIED. ) ;
#4111 = PRESENTATION_STYLE_ASSIGNMENT (( #2031 ) ) ;
#4112 = VECTOR ( 'NONE', #2408, 1000.000000000000000 ) ;
#4113 = VECTOR ( 'NONE', #1802, 1000.000000000000000 ) ;
#4114 = ORIENTED_EDGE ( 'NONE', *, *, #1889, .T. ) ;
#4115 = EDGE_CURVE ( 'NONE', #7017, #8592, #5577, .T. ) ;
#4116 = CARTESIAN_POINT ( 'NONE',  ( 0.1590303141209138960, -0.06775919538998910474, 0.2900000000000000355 ) ) ;
#4117 = VERTEX_POINT ( 'NONE', #8089 ) ;
#4118 = DIRECTION ( 'NONE',  ( 0.000000000000000000, 0.000000000000000000, -1.000000000000000000 ) ) ;
#4119 = VECTOR ( 'NONE', #2578, 1000.000000000000114 ) ;
#4120 = FILL_AREA_STYLE ('',( #2595 ) ) ;
#4121 = CARTESIAN_POINT ( 'NONE',  ( 0.2508163932953340614, -0.1030389183270530862, 0.2800000000000000266 ) ) ;
#4122 = ORIENTED_EDGE ( 'NONE', *, *, #8579, .T. ) ;
#4123 = EDGE_LOOP ( 'NONE', ( #5689, #2304, #6478, #1498 ) ) ;
#4124 = CARTESIAN_POINT ( 'NONE',  ( 0.1524531657733733114, -0.04012341242262128932, 0.2900000000000000355 ) ) ;
#4125 = CARTESIAN_POINT ( 'NONE',  ( 0.2047091553902559702, -0.03924981928332918479, 0.2800000000000000266 ) ) ;
#4126 = AXIS2_PLACEMENT_3D ( 'NONE', #7149, #3049, #314 ) ;
#4127 = ORIENTED_EDGE ( 'NONE', *, *, #4115, .F. ) ;
#4128 = CARTESIAN_POINT ( 'NONE',  ( 0.1643894720336576964, -0.09588217453114028510, 0.2900000000000000355 ) ) ;
#4129 =( NAMED_UNIT ( * ) PLANE_ANGLE_UNIT ( ) SI_UNIT ( $, .RADIAN. ) );
#4130 = EDGE_CURVE ( 'NONE', #3235, #948, #4696, .T. ) ;
#4131 = CARTESIAN_POINT ( 'NONE',  ( 0.1597947081177946982, -0.1040469104109388587, 0.2800000000000000266 ) ) ;
#4132 = EDGE_CURVE ( 'NONE', #3361, #5735, #3984, .T. ) ;
#4133 = ADVANCED_FACE ( 'NONE', ( #4564 ), #5128, .F. ) ;
#4134 = DIRECTION ( 'NONE',  ( 1.000000000000000000, 3.680780442289293976E-14, -0.000000000000000000 ) ) ;
#4135 = CARTESIAN_POINT ( 'NONE',  ( 0.06053649735290552586, -0.1193022482292757924, 0.2900000000000000355 ) ) ;
#4136 = VERTEX_POINT ( 'NONE', #6043 ) ;
#4137 = CARTESIAN_POINT ( 'NONE',  ( 0.2458604322159189670, -0.1152860221465259183, 0.2900000000000000355 ) ) ;
#4138 =( LENGTH_UNIT ( ) NAMED_UNIT ( * ) SI_UNIT ( .MILLI., .METRE. ) );
#4139 = FILL_AREA_STYLE ('',( #3292 ) ) ;
#4140 = DIRECTION ( 'NONE',  ( 0.000000000000000000, -1.000000000000000000, 0.000000000000000000 ) ) ;
#4141 = CARTESIAN_POINT ( 'NONE',  ( 0.1475224044961397363, -0.03817462772726087916, 0.2900000000000000355 ) ) ;
#4142 = CARTESIAN_POINT ( 'NONE',  ( 0.06777918165368944370, -0.09710691890352517175, 0.2800000000000000266 ) ) ;
#4143 = ORIENTED_EDGE ( 'NONE', *, *, #3727, .T. ) ;
#4144 = CARTESIAN_POINT ( 'NONE',  ( 0.1767205751935840563, -0.1309434991833836048, 0.2900000000000000355 ) ) ;
#4145 = ORIENTED_EDGE ( 'NONE', *, *, #6672, .T. ) ;
#4146 = LINE ( 'NONE', #1361, #4160 ) ;
#4147 = CARTESIAN_POINT ( 'NONE',  ( 0.1687742375987226484, -0.1085828747885291823, 0.2800000000000000266 ) ) ;
#4148 = DIRECTION ( 'NONE',  ( 0.000000000000000000, 1.000000000000000000, 0.000000000000000000 ) ) ;
#4149 = CARTESIAN_POINT ( 'NONE',  ( 0.1439692324003642721, -0.06453362072155989504, 0.2900000000000000355 ) ) ;
#4150 = ORIENTED_EDGE ( 'NONE', *, *, #7339, .F. ) ;
#4151 = B_SPLINE_CURVE_WITH_KNOTS ( 'NONE', 3,
 ( #3108, #7951, #2480, #1055 ),
 .UNSPECIFIED., .F., .F.,
 ( 4, 4 ),
 ( 4.000000000000000000, 5.000000000000000000 ),
 .UNSPECIFIED. ) ;
#4152 = CARTESIAN_POINT ( 'NONE',  ( 0.1596519092392909844, -0.09650376964951762337, 0.2900000000000000355 ) ) ;
#4153 = CARTESIAN_POINT ( 'NONE',  ( 0.2427524566238123682, -0.09389979009946414212, 0.2900000000000000355 ) ) ;
#4154 = B_SPLINE_CURVE_WITH_KNOTS ( 'NONE', 3,
 ( #455, #3188, #7980, #5931 ),
 .UNSPECIFIED., .F., .F.,
 ( 4, 4 ),
 ( 2.000000000000000000, 3.000000000000000000 ),
 .UNSPECIFIED. ) ;
#4155 = DIRECTION ( 'NONE',  ( -0.9345104387438651905, -0.3559357243643137547, 0.000000000000000000 ) ) ;
#4156 = EDGE_LOOP ( 'NONE', ( #3126, #6420, #83, #8281 ) ) ;
#4157 = LINE ( 'NONE', #2122, #4077 ) ;
#4158 = ORIENTED_EDGE ( 'NONE', *, *, #3345, .F. ) ;
#4159 = DIRECTION ( 'NONE',  ( 0.000000000000000000, 0.000000000000000000, 1.000000000000000000 ) ) ;
#4160 = VECTOR ( 'NONE', #6125, 1000.000000000000000 ) ;
#4161 = CARTESIAN_POINT ( 'NONE',  ( 0.1278497589917931554, -0.05195051954071848443, 0.2900000000000000355 ) ) ;
#4162 = VECTOR ( 'NONE', #5645, 1000.000000000000000 ) ;
#4163 = EDGE_CURVE ( 'NONE', #5491, #2635, #8197, .T. ) ;
#4164 = LINE ( 'NONE', #751, #133 ) ;
#4165 = EDGE_CURVE ( 'NONE', #76, #4913, #1247, .T. ) ;
#4166 = ORIENTED_EDGE ( 'NONE', *, *, #1884, .F. ) ;
#4167 = ORIENTED_EDGE ( 'NONE', *, *, #1534, .T. ) ;
#4168 = LINE ( 'NONE', #4124, #3441 ) ;
#4169 = CARTESIAN_POINT ( 'NONE',  ( -0.003245881101323331609, -0.1354230642602951284, 0.2900000000000000355 ) ) ;
#4170 = COLOUR_RGB ( '',0.2980392156862745057, 0.2980392156862745057, 0.2980392156862745057 ) ;
#4171 = ORIENTED_EDGE ( 'NONE', *, *, #3283, .F. ) ;
#4172 = VERTEX_POINT ( 'NONE', #1866 ) ;
#4173 = B_SPLINE_CURVE_WITH_KNOTS ( 'NONE', 3,
 ( #1267, #1925, #4673, #4283 ),
 .UNSPECIFIED., .F., .F.,
 ( 4, 4 ),
 ( 5.000000000000000000, 6.000000000000000000 ),
 .UNSPECIFIED. ) ;
#4174 = FACE_BOUND ( 'NONE', #7735, .T. ) ;
#4175 = AXIS2_PLACEMENT_3D ( 'NONE', #5797, #8640, #2419 ) ;
#4176 = CARTESIAN_POINT ( 'NONE',  ( 0.2678934591834276624, -0.09353019300200210440, 0.2900000000000000355 ) ) ;
#4177 = LINE ( 'NONE', #8238, #3060 ) ;
#4178 = DIRECTION ( 'NONE',  ( -1.000000000000000000, -0.000000000000000000, -0.000000000000000000 ) ) ;
#4179 = VERTEX_POINT ( 'NONE', #567 ) ;
#4180 = ADVANCED_FACE ( 'NONE', ( #5277 ), #2396, .F. ) ;
#4181 = FACE_OUTER_BOUND ( 'NONE', #2216, .T. ) ;
#4182 = CARTESIAN_POINT ( 'NONE',  ( 0.000000000000000000, 0.000000000000000000, 0.2800000000000000266 ) ) ;
#4183 = FACE_OUTER_BOUND ( 'NONE', #3104, .T. ) ;
#4184 = B_SPLINE_SURFACE_WITH_KNOTS ( 'NONE', 3, 1, ( 
 ( #6368, #6411 ),
 ( #1070, #3809 ),
 ( #6456, #6547 ),
 ( #5734, #2308 ) ),
 .UNSPECIFIED., .F., .F., .F.,
 ( 4, 4 ),
 ( 2, 2 ),
 ( 19.00000000000000000, 20.00000000000000000 ),
 ( 0.000000000000000000, 1.000000000000000000 ),
 .UNSPECIFIED. ) ;
#4185 = CARTESIAN_POINT ( 'NONE',  ( 0.2451884374934041599, -0.1104476601436588240, 0.2900000000000000355 ) ) ;
#4186 = EDGE_CURVE ( 'NONE', #2883, #3015, #4618, .T. ) ;
#4187 = CARTESIAN_POINT ( 'NONE',  ( 0.1767037753254269705, -0.06775919538998845248, 0.2900000000000000355 ) ) ;
#4188 = DIRECTION ( 'NONE',  ( 1.000000000000000000, -0.000000000000000000, -0.000000000000000000 ) ) ;
#4189 = VECTOR ( 'NONE', #441, 1000.000000000000000 ) ;
#4190 = VERTEX_POINT ( 'NONE', #6307 ) ;
#4191 = ORIENTED_EDGE ( 'NONE', *, *, #3306, .T. ) ;
#4192 = EDGE_LOOP ( 'NONE', ( #5776, #1489, #3284, #3296, #8139, #2083, #954 ) ) ;
#4193 = EDGE_CURVE ( 'NONE', #5733, #5491, #150, .T. ) ;
#4194 = DIRECTION ( 'NONE',  ( -0.000000000000000000, -1.000000000000000000, -0.000000000000000000 ) ) ;
#4195 = CARTESIAN_POINT ( 'NONE',  ( -0.007217679455346053680, -0.1171995377448013381, 0.2800000000000000266 ) ) ;
#4196 = FILL_AREA_STYLE ('',( #647 ) ) ;
#4197 = CARTESIAN_POINT ( 'NONE',  ( 0.04651839180647415056, -0.03823087716779645373, 0.2800000000000000266 ) ) ;
#4198 = ORIENTED_EDGE ( 'NONE', *, *, #1340, .T. ) ;
#4199 = CARTESIAN_POINT ( 'NONE',  ( 0.1643894720336576964, -0.1204435816424944544, 0.2900000000000000355 ) ) ;
#4200 = CARTESIAN_POINT ( 'NONE',  ( 0.1662122577187846173, -0.09922534827611621810, 0.2900000000000000355 ) ) ;
#4201 = CARTESIAN_POINT ( 'NONE',  ( 0.2822069467750303318, -0.1198891859963011758, 0.2900000000000000355 ) ) ;
#4202 = ORIENTED_EDGE ( 'NONE', *, *, #4002, .F. ) ;
#4203 = LINE ( 'NONE', #6950, #6580 ) ;
#4204 = ORIENTED_EDGE ( 'NONE', *, *, #6832, .T. ) ;
#4205 = CARTESIAN_POINT ( 'NONE',  ( 0.1596519092392909844, -0.09650376964951762337, 0.2800000000000000266 ) ) ;
#4206 = EDGE_LOOP ( 'NONE', ( #3633, #5609, #7040, #3823 ) ) ;
#4207 = FACE_OUTER_BOUND ( 'NONE', #252, .T. ) ;
#4208 = VERTEX_POINT ( 'NONE', #4863 ) ;
#4209 = CARTESIAN_POINT ( 'NONE',  ( 0.2255913913952637684, -0.04140020239568983906, 0.2900000000000000355 ) ) ;
#4210 = VECTOR ( 'NONE', #3596, 1000.000000000000000 ) ;
#4211 = LINE ( 'NONE', #802, #6885 ) ;
#4212 = VERTEX_POINT ( 'NONE', #8173 ) ;
#4213 = ORIENTED_EDGE ( 'NONE', *, *, #2543, .F. ) ;
#4214 = CARTESIAN_POINT ( 'NONE',  ( 0.2728578201968649974, -0.1071884857391363910, 0.2900000000000000355 ) ) ;
#4215 = EDGE_CURVE ( 'NONE', #3041, #6913, #1456, .T. ) ;
#4216 = EDGE_LOOP ( 'NONE', ( #8465, #4318, #2685, #8742 ) ) ;
#4217 = VECTOR ( 'NONE', #6516, 1000.000000000000000 ) ;
#4218 = EDGE_CURVE ( 'NONE', #4357, #8804, #6808, .T. ) ;
#4219 = VERTEX_POINT ( 'NONE', #5532 ) ;
#4220 = CARTESIAN_POINT ( 'NONE',  ( 0.1650866665583540227, -0.1110860551303052557, 0.2800000000000000266 ) ) ;
#4221 = VECTOR ( 'NONE', #3241, 1000.000000000000000 ) ;
#4222 = CARTESIAN_POINT ( 'NONE',  ( -0.3100000000000004419, -0.1500000000000001055, 0.2700000000000000178 ) ) ;
#4223 = AXIS2_PLACEMENT_3D ( 'NONE', #1863, #7359, #1199 ) ;
#4224 = CARTESIAN_POINT ( 'NONE',  ( -0.02544121042707611635, -0.04523992882689723688, 0.2900000000000000355 ) ) ;
#4225 = LINE ( 'NONE', #41, #3308 ) ;
#4226 = EDGE_CURVE ( 'NONE', #5821, #7548, #7087, .T. ) ;
#4227 = VERTEX_POINT ( 'NONE', #4240 ) ;
#4228 = DIRECTION ( 'NONE',  ( -0.000000000000000000, -0.000000000000000000, -1.000000000000000000 ) ) ;
#4229 =( NAMED_UNIT ( * ) SI_UNIT ( $, .STERADIAN. ) SOLID_ANGLE_UNIT ( ) );
#4230 = CARTESIAN_POINT ( 'NONE',  ( 0.1268501668419325379, -0.1161428154177720495, 0.2800000000000000266 ) ) ;
#4231 = CARTESIAN_POINT ( 'NONE',  ( 0.2171074580223687489, -0.09080861437540363457, 0.2800000000000000266 ) ) ;
#4232 = CARTESIAN_POINT ( 'NONE',  ( 0.1470016085861512722, -0.06831359103618106499, 0.2800000000000000266 ) ) ;
#4233 = CARTESIAN_POINT ( 'NONE',  ( 0.2700000000000000733, 0.1199999999999999956, -0.02000000000000000042 ) ) ;
#4234 = ORIENTED_EDGE ( 'NONE', *, *, #1784, .T. ) ;
#4235 = ORIENTED_EDGE ( 'NONE', *, *, #4994, .T. ) ;
#4236 = CARTESIAN_POINT ( 'NONE',  ( 0.1134186723237567834, -0.1050885022309151484, 0.2900000000000000355 ) ) ;
#4237 = CARTESIAN_POINT ( 'NONE',  ( 0.1455316201304421853, -0.1122956456309661677, 0.2800000000000000266 ) ) ;
#4238 = DIRECTION ( 'NONE',  ( 0.000000000000000000, 1.000000000000000000, -0.000000000000000000 ) ) ;
#4239 = FACE_OUTER_BOUND ( 'NONE', #6809, .T. ) ;
#4240 = CARTESIAN_POINT ( 'NONE',  ( 0.1657922610170732558, -0.1116740505125900229, 0.2800000000000000266 ) ) ;
#4241 = EDGE_LOOP ( 'NONE', ( #8756, #2032, #3747, #2998 ) ) ;
#4242 = CARTESIAN_POINT ( 'NONE',  ( 0.1684298403033300529, -0.1185787962873645907, 0.2800000000000000266 ) ) ;
#4243 = FACE_OUTER_BOUND ( 'NONE', #1374, .T. ) ;
#4245 = EDGE_CURVE ( 'NONE', #8820, #1658, #550, .T. ) ;
#4244 = DIRECTION ( 'NONE',  ( -1.000000000000000000, -2.272406704998994185E-14, 0.000000000000000000 ) ) ;
#4246 = ORIENTED_EDGE ( 'NONE', *, *, #5844, .T. ) ;
#4247 = LINE ( 'NONE', #1943, #7186 ) ;
#4248 = EDGE_CURVE ( 'NONE', #6409, #6435, #6988, .T. ) ;
#4249 = ADVANCED_FACE ( 'NONE', ( #1408 ), #3844, .F. ) ;
#4250 = ORIENTED_EDGE ( 'NONE', *, *, #6822, .F. ) ;
#4251 = LINE ( 'NONE', #2604, #4599 ) ;
#4252 = ORIENTED_EDGE ( 'NONE', *, *, #5492, .F. ) ;
#4253 = CARTESIAN_POINT ( 'NONE',  ( 0.1367872888024941613, -0.1095908668724138724, 0.2800000000000000266 ) ) ;
#4254 = ORIENTED_EDGE ( 'NONE', *, *, #6452, .T. ) ;
#4255 = CARTESIAN_POINT ( 'NONE',  ( 0.1603911034341025665, -0.1045677063208142465, 0.2900000000000000355 ) ) ;
#4256 = DIRECTION ( 'NONE',  ( -0.7071067811865474617, 0.7071067811865474617, 0.000000000000000000 ) ) ;
#4257 = VECTOR ( 'NONE', #824, 1000.000000000000000 ) ;
#4258 = VECTOR ( 'NONE', #1648, 1000.000000000000000 ) ;
#4259 = ORIENTED_EDGE ( 'NONE', *, *, #6540, .T. ) ;
#4260 = ORIENTED_EDGE ( 'NONE', *, *, #8715, .F. ) ;
#4261 = B_SPLINE_SURFACE_WITH_KNOTS ( 'NONE', 3, 1, ( 
 ( #8072, #2047 ),
 ( #3369, #4801 ),
 ( #7385, #7555 ),
 ( #4128, #2560 ) ),
 .UNSPECIFIED., .F., .F., .F.,
 ( 4, 4 ),
 ( 2, 2 ),
 ( 8.000000000000000000, 9.000000000000000000 ),
 ( 0.000000000000000000, 1.000000000000000000 ),
 .UNSPECIFIED. ) ;
#4262 = LINE ( 'NONE', #6963, #7472 ) ;
#4263 = CARTESIAN_POINT ( 'NONE',  ( 0.2573263421703542164, -0.1198891859963011758, 0.2800000000000000266 ) ) ;
#4264 = ORIENTED_EDGE ( 'NONE', *, *, #3088, .F. ) ;
#4265 = ORIENTED_EDGE ( 'NONE', *, *, #8058, .T. ) ;
#4266 = VECTOR ( 'NONE', #3693, 1000.000000000000114 ) ;
#4267 = CARTESIAN_POINT ( 'NONE',  ( -0.01609581118558001123, -0.1354230642602951284, 0.2800000000000000266 ) ) ;
#4268 = UNCERTAINTY_MEASURE_WITH_UNIT (LENGTH_MEASURE( 1.000000000000000082E-05 ), #364, 'distance_accuracy_value', 'NONE');
#4269 = LINE ( 'NONE', #812, #1333 ) ;
#4270 = AXIS2_PLACEMENT_3D ( 'NONE', #2767, #801, #4300 ) ;
#4271 = FILL_AREA_STYLE ('',( #1436 ) ) ;
#4272 = ORIENTED_EDGE ( 'NONE', *, *, #7848, .T. ) ;
#4273 = DIRECTION ( 'NONE',  ( -0.000000000000000000, -0.000000000000000000, -1.000000000000000000 ) ) ;
#4274 = CARTESIAN_POINT ( 'NONE',  ( 0.1091767056373072614, -0.1198891859963020501, 0.2900000000000000355 ) ) ;
#4275 = CARTESIAN_POINT ( 'NONE',  ( 0.1449436247481569739, -0.1138916330971362634, 0.2800000000000000266 ) ) ;
#4276 = DIRECTION ( 'NONE',  ( -0.000000000000000000, -0.000000000000000000, -1.000000000000000000 ) ) ;
#4277 = CARTESIAN_POINT ( 'NONE',  ( 0.1447084265952874316, -0.03817462772726087916, 0.2800000000000000266 ) ) ;
#4278 = CARTESIAN_POINT ( 'NONE',  ( 0.06053649735290552586, -0.1050505111551090498, 0.2800000000000000266 ) ) ;
#4279 = EDGE_CURVE ( 'NONE', #1279, #5933, #2162, .T. ) ;
#4280 = ORIENTED_EDGE ( 'NONE', *, *, #5068, .T. ) ;
#4281 = EDGE_CURVE ( 'NONE', #7695, #876, #4918, .T. ) ;
#4282 = ORIENTED_EDGE ( 'NONE', *, *, #6096, .T. ) ;
#4283 = CARTESIAN_POINT ( 'NONE',  ( 0.1446664269250605706, -0.03434425780827687902, 0.2900000000000000355 ) ) ;
#4284 = FILL_AREA_STYLE_COLOUR ( '', #8067 ) ;
#4285 = CARTESIAN_POINT ( 'NONE',  ( 0.1670102514518697345, -0.1075580828365994002, 0.2800000000000000266 ) ) ;
#4286 = CARTESIAN_POINT ( 'NONE',  ( 0.2458604322159189670, -0.09137980988964243545, 0.2800000000000000266 ) ) ;
#4287 = ORIENTED_EDGE ( 'NONE', *, *, #5818, .F. ) ;
#4288 = DIRECTION ( 'NONE',  ( 1.000000000000000000, -0.000000000000000000, -0.000000000000000000 ) ) ;
#4289 = CARTESIAN_POINT ( 'NONE',  ( 0.2240626034015048840, -0.1198891859963011758, 0.2800000000000000266 ) ) ;
#4290 = CARTESIAN_POINT ( 'NONE',  ( 0.1478080022532587134, -0.03434425780827687902, 0.2800000000000000266 ) ) ;
#4291 = ORIENTED_EDGE ( 'NONE', *, *, #3316, .T. ) ;
#4292 = ORIENTED_EDGE ( 'NONE', *, *, #3557, .T. ) ;
#4293 = DIRECTION ( 'NONE',  ( -0.3409177962187339705, -0.9400931103999016214, -0.000000000000000000 ) ) ;
#4294 = DIRECTION ( 'NONE',  ( -0.000000000000000000, -0.000000000000000000, -1.000000000000000000 ) ) ;
#4295 = EDGE_CURVE ( 'NONE', #8200, #1342, #6897, .T. ) ;
#4296 = ORIENTED_EDGE ( 'NONE', *, *, #8823, .T. ) ;
#4297 = CARTESIAN_POINT ( 'NONE',  ( 0.2700000000000000733, -0.1199999999999999956, -0.02000000000000000042 ) ) ;
#4298 = ORIENTED_EDGE ( 'NONE', *, *, #7822, .T. ) ;
#4299 = EDGE_CURVE ( 'NONE', #1342, #3214, #6260, .T. ) ;
#4300 = DIRECTION ( 'NONE',  ( 0.000000000000000000, 0.000000000000000000, 1.000000000000000000 ) ) ;
#4301 = EDGE_CURVE ( 'NONE', #1530, #4754, #2024, .T. ) ;
#4302 = FACE_OUTER_BOUND ( 'NONE', #8775, .T. ) ;
#4303 = CIRCLE ( 'NONE', #5309, 0.01000000000000002623 ) ;
#4304 = ORIENTED_EDGE ( 'NONE', *, *, #6001, .T. ) ;
#4305 = EDGE_LOOP ( 'NONE', ( #2229, #643, #3728, #8409 ) ) ;
#4306 = EDGE_CURVE ( 'NONE', #4697, #6999, #3447, .T. ) ;
#4307 = CARTESIAN_POINT ( 'NONE',  ( 0.1922856529560753314, -0.03489865345446935968, 0.2800000000000000266 ) ) ;
#4308 = ORIENTED_EDGE ( 'NONE', *, *, #5872, .F. ) ;
#4309 = VERTEX_POINT ( 'NONE', #3429 ) ;
#4310 = AXIS2_PLACEMENT_3D ( 'NONE', #5234, #3889, #8000 ) ;
#4311 = CARTESIAN_POINT ( 'NONE',  ( 0.2573263421703542164, -0.1198891859963011758, 0.2800000000000000266 ) ) ;
#4312 = CARTESIAN_POINT ( 'NONE',  ( 0.03507026871179511063, -0.1055177831226081220, 0.2800000000000000266 ) ) ;
#4313 = B_SPLINE_CURVE_WITH_KNOTS ( 'NONE', 3,
 ( #4794, #2596, #6181, #5339 ),
 .UNSPECIFIED., .F., .F.,
 ( 4, 4 ),
 ( 16.00000000000000000, 17.00000000000000000 ),
 .UNSPECIFIED. ) ;
#4314 = DIRECTION ( 'NONE',  ( -0.000000000000000000, -0.000000000000000000, -1.000000000000000000 ) ) ;
#4315 = VECTOR ( 'NONE', #2754, 1000.000000000000000 ) ;
#4316 = CARTESIAN_POINT ( 'NONE',  ( 0.01497765432675353565, -0.04009995723881767948, 0.2800000000000000266 ) ) ;
#4317 = PRODUCT_CONTEXT ( 'NONE', #912, 'mechanical' ) ;
#4318 = ORIENTED_EDGE ( 'NONE', *, *, #4620, .F. ) ;
#4319 = CARTESIAN_POINT ( 'NONE',  ( -0.01329218829384458053, -0.03519362052042989547, 0.2800000000000000266 ) ) ;
#4320 = CARTESIAN_POINT ( 'NONE',  ( 0.05960195341824322396, -0.06930434379407687806, 0.2900000000000000355 ) ) ;
#4321 = DIRECTION ( 'NONE',  ( 0.000000000000000000, -0.000000000000000000, -1.000000000000000000 ) ) ;
#4322 = CARTESIAN_POINT ( 'NONE',  ( -0.05207561007423749944, -0.06953796640900684889, 0.2900000000000000355 ) ) ;
#4323 = VECTOR ( 'NONE', #459, 1000.000000000000000 ) ;
#4324 = LINE ( 'NONE', #498, #4113 ) ;
#4325 = DIRECTION ( 'NONE',  ( -0.000000000000000000, 1.000000000000000000, -0.000000000000000000 ) ) ;
#4326 = ORIENTED_EDGE ( 'NONE', *, *, #267, .F. ) ;
#4327 = VERTEX_POINT ( 'NONE', #4818 ) ;
#4328 = DIRECTION ( 'NONE',  ( -1.000000000000000000, -0.000000000000000000, -0.000000000000000000 ) ) ;
#4329 = VECTOR ( 'NONE', #7228, 1000.000000000000000 ) ;
#4330 = DIRECTION ( 'NONE',  ( -0.000000000000000000, -0.000000000000000000, -1.000000000000000000 ) ) ;
#4331 = CARTESIAN_POINT ( 'NONE',  ( 0.1320665258761717920, -0.06382802626272884861, 0.2900000000000000355 ) ) ;
#4332 = CARTESIAN_POINT ( 'NONE',  ( 0.1333853155193576168, -0.1066676898290368908, 0.2800000000000000266 ) ) ;
#4333 = B_SPLINE_CURVE_WITH_KNOTS ( 'NONE', 3,
 ( #1968, #5349, #8234, #4045 ),
 .UNSPECIFIED., .F., .F.,
 ( 4, 4 ),
 ( 19.00000000000000000, 20.00000000000000000 ),
 .UNSPECIFIED. ) ;
#4334 = EDGE_CURVE ( 'NONE', #8169, #5666, #3479, .T. ) ;
#4335 = CARTESIAN_POINT ( 'NONE',  ( -0.02544121488331205910, -0.1071532305522809037, 0.2900000000000000355 ) ) ;
#4336 = EDGE_CURVE ( 'NONE', #6470, #5747, #6786, .T. ) ;
#4337 = CARTESIAN_POINT ( 'NONE',  ( 0.2240038038631187167, -0.03489865345446840905, 0.2800000000000000266 ) ) ;
#4338 = DIRECTION ( 'NONE',  ( 0.000000000000000000, -1.000000000000000000, 0.000000000000000000 ) ) ;
#4339 = B_SPLINE_SURFACE_WITH_KNOTS ( 'NONE', 3, 1, ( 
 ( #6438, #4367 ),
 ( #2834, #4275 ),
 ( #7610, #7708 ),
 ( #6294, #6392 ) ),
 .UNSPECIFIED., .F., .F., .F.,
 ( 4, 4 ),
 ( 2, 2 ),
 ( 5.000000000000000000, 6.000000000000000000 ),
 ( 0.000000000000000000, 1.000000000000000000 ),
 .UNSPECIFIED. ) ;
#4340 = VECTOR ( 'NONE', #6854, 1000.000000000000000 ) ;
#4341 = VERTEX_POINT ( 'NONE', #6493 ) ;
#4342 = ORIENTED_EDGE ( 'NONE', *, *, #1483, .T. ) ;
#4343 = SURFACE_STYLE_FILL_AREA ( #1610 ) ;
#4344 = LINE ( 'NONE', #2356, #2870 ) ;
#4345 = EDGE_LOOP ( 'NONE', ( #5409, #1243, #6351, #7571 ) ) ;
#4346 = CARTESIAN_POINT ( 'NONE',  ( 0.2255913913952637684, -0.04140020239568983906, 0.2900000000000000355 ) ) ;
#4347 = EDGE_LOOP ( 'NONE', ( #2770, #2585, #481, #5312 ) ) ;
#4348 = CARTESIAN_POINT ( 'NONE',  ( 0.1619954908344053146, -0.1170836080294719028, 0.2900000000000000355 ) ) ;
#4349 = CARTESIAN_POINT ( 'NONE',  ( 0.1614830948584406733, -0.1095740670043671428, 0.2900000000000000355 ) ) ;
#4350 = ORIENTED_EDGE ( 'NONE', *, *, #8010, .T. ) ;
#4351 = ADVANCED_FACE ( 'NONE', ( #1014 ), #286, .T. ) ;
#4352 = ORIENTED_EDGE ( 'NONE', *, *, #3124, .T. ) ;
#4353 = CARTESIAN_POINT ( 'NONE',  ( 0.1564179346367265133, -0.1064660914122611129, 0.2900000000000000355 ) ) ;
#4354 = DIRECTION ( 'NONE',  ( -0.000000000000000000, -0.000000000000000000, -1.000000000000000000 ) ) ;
#4355 = ADVANCED_FACE ( 'NONE', ( #8572 ), #5773, .F. ) ;
#4356 = ORIENTED_EDGE ( 'NONE', *, *, #1627, .T. ) ;
#4357 = VERTEX_POINT ( 'NONE', #5009 ) ;
#4358 = DIRECTION ( 'NONE',  ( 0.000000000000000000, 0.000000000000000000, -1.000000000000000000 ) ) ;
#4359 = EDGE_CURVE ( 'NONE', #5153, #7452, #2589, .T. ) ;
#4360 = VERTEX_POINT ( 'NONE', #2300 ) ;
#4361 = CARTESIAN_POINT ( 'NONE',  ( 0.1767037753254269705, -0.06401282481145953440, 0.2900000000000000355 ) ) ;
#4362 = EDGE_CURVE ( 'NONE', #6908, #7444, #7106, .T. ) ;
#4363 =( NAMED_UNIT ( * ) SI_UNIT ( $, .STERADIAN. ) SOLID_ANGLE_UNIT ( ) );
#4364 = ORIENTED_EDGE ( 'NONE', *, *, #114, .F. ) ;
#4365 = LINE ( 'NONE', #7018, #3443 ) ;
#4366 = CARTESIAN_POINT ( 'NONE',  ( 0.1844569144376479453, -0.1159916166053566455, 0.2900000000000000355 ) ) ;
#4367 = CARTESIAN_POINT ( 'NONE',  ( 0.1437676339835886052, -0.1151516232019337699, 0.2800000000000000266 ) ) ;
#4369 = UNCERTAINTY_MEASURE_WITH_UNIT (LENGTH_MEASURE( 1.000000000000000082E-05 ), #1902, 'distance_accuracy_value', 'NONE');
#4368 = CARTESIAN_POINT ( 'NONE',  ( 0.1957464257773747218, -0.09641977030928607084, 0.2900000000000000355 ) ) ;
#4370 = CIRCLE ( 'NONE', #784, 0.01000000000000002623 ) ;
#4371 = CARTESIAN_POINT ( 'NONE',  ( 0.1850953094240708197, -0.1234339581580547324, 0.2900000000000000355 ) ) ;
#4372 = CARTESIAN_POINT ( 'NONE',  ( 0.2283045700878408857, -0.1161428154177709671, 0.2900000000000000355 ) ) ;
#4373 = ORIENTED_EDGE ( 'NONE', *, *, #1441, .T. ) ;
#4374 = CARTESIAN_POINT ( 'NONE',  ( 0.1681946421504601219, -0.09979654379035479694, 0.2900000000000000355 ) ) ;
#4375 = CARTESIAN_POINT ( 'NONE',  ( 0.1439440325982963564, -0.09922534827611621810, 0.2900000000000000355 ) ) ;
#4376 = CARTESIAN_POINT ( 'NONE',  ( 0.1333769155852223276, -0.05875446610699154582, 0.2800000000000000266 ) ) ;
#4377 = VECTOR ( 'NONE', #3750, 1000.000000000000000 ) ;
#4378 = FACE_OUTER_BOUND ( 'NONE', #3890, .T. ) ;
#4379 = CARTESIAN_POINT ( 'NONE',  ( 0.03997660208811786020, -0.1057514146500092150, 0.2800000000000000266 ) ) ;
#4380 = LINE ( 'NONE', #5727, #389 ) ;
#4381 = CARTESIAN_POINT ( 'NONE',  ( 0.1710758195236094792, -0.1135052361316282732, 0.2800000000000000266 ) ) ;
#4382 = ORIENTED_EDGE ( 'NONE', *, *, #3694, .F. ) ;
#4383 = EDGE_CURVE ( 'NONE', #2875, #6790, #3800, .T. ) ;
#4384 = VERTEX_POINT ( 'NONE', #382 ) ;
#4385 = LINE ( 'NONE', #7129, #7979 ) ;
#4386 = CARTESIAN_POINT ( 'NONE',  ( 0.1871532932621781109, -0.06401282481145953440, 0.2800000000000000266 ) ) ;
#4387 = ORIENTED_EDGE ( 'NONE', *, *, #1672, .F. ) ;
#4388 = PLANE ( 'NONE',  #3696 ) ;
#4389 = VERTEX_POINT ( 'NONE', #5635 ) ;
#4390 = FACE_OUTER_BOUND ( 'NONE', #1879, .T. ) ;
#4391 = CARTESIAN_POINT ( 'NONE',  ( 0.2114879021546854920, -0.06775919538998845248, 0.2800000000000000266 ) ) ;
#4392 = FACE_OUTER_BOUND ( 'NONE', #2632, .T. ) ;
#4394 = EDGE_LOOP ( 'NONE', ( #8549, #275, #2163, #8858 ) ) ;
#4393 = ADVANCED_FACE ( 'NONE', ( #928 ), #2966, .F. ) ;
#4395 = EDGE_CURVE ( 'NONE', #3032, #8368, #8526, .T. ) ;
#4396 = ORIENTED_EDGE ( 'NONE', *, *, #6057, .T. ) ;
#4397 = CARTESIAN_POINT ( 'NONE',  ( 0.1407772574680280497, -0.09922534827611621810, 0.2900000000000000355 ) ) ;
#4398 = ORIENTED_EDGE ( 'NONE', *, *, #522, .T. ) ;
#4399 = ORIENTED_EDGE ( 'NONE', *, *, #2432, .T. ) ;
#4400 = CARTESIAN_POINT ( 'NONE',  ( 0.1668506527052079358, -0.1139084329651810362, 0.2800000000000000266 ) ) ;
#4401 = VECTOR ( 'NONE', #4689, 1000.000000000000000 ) ;
#4402 = FACE_OUTER_BOUND ( 'NONE', #520, .T. ) ;
#4403 = ORIENTED_EDGE ( 'NONE', *, *, #7476, .F. ) ;
#4404 = LINE ( 'NONE', #5121, #1210 ) ;
#4405 = MECHANICAL_DESIGN_GEOMETRIC_PRESENTATION_REPRESENTATION (  '', ( #245 ), #8578 ) ;
#4406 = VECTOR ( 'NONE', #1072, 1000.000000000000000 ) ;
#4407 =( NAMED_UNIT ( * ) SI_UNIT ( $, .STERADIAN. ) SOLID_ANGLE_UNIT ( ) );
#4408 = ORIENTED_EDGE ( 'NONE', *, *, #3251, .F. ) ;
#4409 = DIRECTION ( 'NONE',  ( -0.000000000000000000, -0.000000000000000000, -1.000000000000000000 ) ) ;
#4410 = B_SPLINE_CURVE_WITH_KNOTS ( 'NONE', 3,
 ( #8452, #7049, #5024, #1617 ),
 .UNSPECIFIED., .F., .F.,
 ( 4, 4 ),
 ( 12.00000000000000000, 13.00000000000000000 ),
 .UNSPECIFIED. ) ;
#4411 = DIRECTION ( 'NONE',  ( -0.000000000000000000, -0.000000000000000000, -1.000000000000000000 ) ) ;
#4412 = SURFACE_SIDE_STYLE ('',( #7853 ) ) ;
#4413 = B_SPLINE_SURFACE_WITH_KNOTS ( 'NONE', 3, 1, ( 
 ( #34, #78 ),
 ( #7745, #1531 ),
 ( #761, #7103 ),
 ( #8275, #1431 ) ),
 .UNSPECIFIED., .F., .F., .F.,
 ( 4, 4 ),
 ( 2, 2 ),
 ( 9.000000000000000000, 10.00000000000000000 ),
 ( 0.000000000000000000, 1.000000000000000000 ),
 .UNSPECIFIED. ) ;
#4414 = EDGE_CURVE ( 'NONE', #7808, #1231, #2488, .T. ) ;
#4415 = DIRECTION ( 'NONE',  ( 0.000000000000000000, 0.000000000000000000, 1.000000000000000000 ) ) ;
#4416 = EDGE_CURVE ( 'NONE', #4227, #5298, #6354, .T. ) ;
#4417 = VECTOR ( 'NONE', #6726, 1000.000000000000000 ) ;
#4418 =( NAMED_UNIT ( * ) SI_UNIT ( $, .STERADIAN. ) SOLID_ANGLE_UNIT ( ) );
#4419 = ADVANCED_FACE ( 'NONE', ( #425 ), #5224, .F. ) ;
#4420 = EDGE_LOOP ( 'NONE', ( #5199, #1248, #2689, #2088 ) ) ;
#4421 = CARTESIAN_POINT ( 'NONE',  ( 0.1623230882616398252, -0.1057772968216992571, 0.2800000000000000266 ) ) ;
#4422 = CARTESIAN_POINT ( 'NONE',  ( 0.1407772574680280497, -0.09922534827611621810, 0.2800000000000000266 ) ) ;
#4423 = CARTESIAN_POINT ( 'NONE',  ( 0.1919496555947069472, -0.06775919538998845248, 0.2900000000000000355 ) ) ;
#4424 = DIRECTION ( 'NONE',  ( 1.000000000000000000, -0.000000000000000000, 0.000000000000000000 ) ) ;
#4425 = CARTESIAN_POINT ( 'NONE',  ( 0.1764013777002614303, -0.1274155268896769999, 0.2800000000000000266 ) ) ;
#4426 = FILL_AREA_STYLE ('',( #6358 ) ) ;
#4427 = DIRECTION ( 'NONE',  ( 0.000000000000000000, 1.000000000000000000, 0.000000000000000000 ) ) ;
#4428 = CARTESIAN_POINT ( 'NONE',  ( 0.07362005896467421762, -0.1094895725641572143, 0.2900000000000000355 ) ) ;
#4429 = ORIENTED_EDGE ( 'NONE', *, *, #7552, .T. ) ;
#4430 = ORIENTED_EDGE ( 'NONE', *, *, #3640, .F. ) ;
#4431 = FACE_OUTER_BOUND ( 'NONE', #4123, .T. ) ;
#4432 = CARTESIAN_POINT ( 'NONE',  ( -0.02544121488331205910, -0.1071532305522809037, 0.2900000000000000355 ) ) ;
#4433 = ORIENTED_EDGE ( 'NONE', *, *, #6189, .T. ) ;
#4434 = LINE ( 'NONE', #8537, #91 ) ;
#4435 = ORIENTED_EDGE ( 'NONE', *, *, #6721, .T. ) ;
#4436 = DIRECTION ( 'NONE',  ( 0.000000000000000000, 0.000000000000000000, -1.000000000000000000 ) ) ;
#4437 = CARTESIAN_POINT ( 'NONE',  ( 0.2741682099058027067, -0.1109012565815743478, 0.2900000000000000355 ) ) ;
#4438 = CARTESIAN_POINT ( 'NONE',  ( 0.2052047514982870691, -0.05512569460500838653, 0.2800000000000000266 ) ) ;
#4439 = EDGE_LOOP ( 'NONE', ( #4910, #6975, #5164, #3830 ) ) ;
#4440 = VERTEX_POINT ( 'NONE', #8617 ) ;
#4441 = PLANE ( 'NONE',  #3883 ) ;
#4442 = CARTESIAN_POINT ( 'NONE',  ( 0.2044235576332510129, -0.1013253317843389734, 0.2800000000000000266 ) ) ;
#4443 = ORIENTED_EDGE ( 'NONE', *, *, #2760, .F. ) ;
#4444 = ORIENTED_EDGE ( 'NONE', *, *, #1233, .T. ) ;
#4445 = CARTESIAN_POINT ( 'NONE',  ( 0.1404916597109092391, -0.06453362072155989504, 0.2900000000000000355 ) ) ;
#4446 = ADVANCED_FACE ( 'NONE', ( #4556 ), #7724, .F. ) ;
#4447 = EDGE_CURVE ( 'NONE', #2801, #6079, #8082, .T. ) ;
#4448 = VECTOR ( 'NONE', #1761, 1000.000000000000000 ) ;
#4449 = CARTESIAN_POINT ( 'NONE',  ( 0.1747969903000704261, -0.1308259001068364513, 0.2800000000000000266 ) ) ;
#4450 = ORIENTED_EDGE ( 'NONE', *, *, #7952, .F. ) ;
#4451 = CARTESIAN_POINT ( 'NONE',  ( 0.2331009324205941535, -0.1198891859963011758, 0.2900000000000000355 ) ) ;
#4452 = PLANE ( 'NONE',  #764 ) ;
#4453 = VECTOR ( 'NONE', #489, 1000.000000000000000 ) ;
#4454 = ORIENTED_EDGE ( 'NONE', *, *, #5788, .F. ) ;
#4455 = DIRECTION ( 'NONE',  ( 0.000000000000000000, 0.000000000000000000, -1.000000000000000000 ) ) ;
#4456 = CARTESIAN_POINT ( 'NONE',  ( 0.2096651164694471881, -0.05090892772051711784, 0.2900000000000000355 ) ) ;
#4457 = VERTEX_POINT ( 'NONE', #7995 ) ;
#4458 = CARTESIAN_POINT ( 'NONE',  ( 0.1666742540904995185, -0.1198219865241172133, 0.2800000000000000266 ) ) ;
#4459 = VECTOR ( 'NONE', #8377, 1000.000000000000000 ) ;
#4460 = EDGE_LOOP ( 'NONE', ( #5319, #6342, #1922, #2107 ) ) ;
#4461 = DIRECTION ( 'NONE',  ( -0.000000000000000000, 1.000000000000000000, -0.000000000000000000 ) ) ;
#4462 = EDGE_CURVE ( 'NONE', #6442, #419, #7306, .T. ) ;
#4463 = PLANE ( 'NONE',  #5798 ) ;
#4464 =( NAMED_UNIT ( * ) PLANE_ANGLE_UNIT ( ) SI_UNIT ( $, .RADIAN. ) );
#4465 = CARTESIAN_POINT ( 'NONE',  ( 0.1437676339835886052, -0.1151516232019337699, 0.2800000000000000266 ) ) ;
#4466 = CARTESIAN_POINT ( 'NONE',  ( -0.2699999999999999623, 0.1199999999999999539, -0.02000000000000000042 ) ) ;
#4467 = ADVANCED_FACE ( 'NONE', ( #1148 ), #8793, .F. ) ;
#4468 = ADVANCED_FACE ( 'NONE', ( #6584, #1195, #3246, #3929, #6669, #517, #6757, #3114, #5992, #8749, #2568, #6201, #1316, #4768 ), #8878, .F. ) ;
#4469 = CARTESIAN_POINT ( 'NONE',  ( 0.1594923104926285751, -0.1014429308608860159, 0.2900000000000000355 ) ) ;
#4470 = DIRECTION ( 'NONE',  ( -0.3385350343141391161, -0.9409537876760604158, 0.000000000000000000 ) ) ;
#4471 = SURFACE_STYLE_FILL_AREA ( #7864 ) ;
#4472 = ORIENTED_EDGE ( 'NONE', *, *, #6559, .T. ) ;
#4473 = VECTOR ( 'NONE', #1139, 1000.000000000000000 ) ;
#4474 = VERTEX_POINT ( 'NONE', #6798 ) ;
#4475 = DIRECTION ( 'NONE',  ( -1.000000000000000000, 0.000000000000000000, 0.000000000000000000 ) ) ;
#4476 = CYLINDRICAL_SURFACE ( 'NONE', #7473, 0.01000000000000002623 ) ;
#4477 = ORIENTED_EDGE ( 'NONE', *, *, #3093, .T. ) ;
#4478 = B_SPLINE_CURVE_WITH_KNOTS ( 'NONE', 3,
 ( #8280, #4135, #8199, #7652 ),
 .UNSPECIFIED., .F., .F.,
 ( 4, 4 ),
 ( 33.00000000000000000, 34.00000000000000000 ),
 .UNSPECIFIED. ) ;
#4479 = CARTESIAN_POINT ( 'NONE',  ( 0.05095745321541134826, -0.1057514146500092150, 0.2900000000000000355 ) ) ;
#4480 = ORIENTED_EDGE ( 'NONE', *, *, #8663, .T. ) ;
#4481 = CARTESIAN_POINT ( 'NONE',  ( 0.1134186723237558120, -0.1013253317843398338, 0.2900000000000000355 ) ) ;
#4482 = CARTESIAN_POINT ( 'NONE',  ( 0.1251701800354209360, -0.1050885022309151484, 0.2900000000000000355 ) ) ;
#4483 = CARTESIAN_POINT ( 'NONE',  ( 0.2040371606677416072, -0.05831766953734543457, 0.2800000000000000266 ) ) ;
#4484 = VERTEX_POINT ( 'NONE', #8331 ) ;
#4485 = CARTESIAN_POINT ( 'NONE',  ( 0.03904206706581658803, -0.1055177831226081220, 0.2900000000000000355 ) ) ;
#4486 = B_SPLINE_CURVE_WITH_KNOTS ( 'NONE', 3,
 ( #6697, #545, #3278, #32 ),
 .UNSPECIFIED., .F., .F.,
 ( 4, 4 ),
 ( 2.000000000000000000, 3.000000000000000000 ),
 .UNSPECIFIED. ) ;
#4487 = ORIENTED_EDGE ( 'NONE', *, *, #5072, .T. ) ;
#4488 = B_SPLINE_SURFACE_WITH_KNOTS ( 'NONE', 3, 1, ( 
 ( #973, #3710 ),
 ( #3024, #5771 ),
 ( #7170, #3755 ),
 ( #8529, #2394 ) ),
 .UNSPECIFIED., .F., .F., .F.,
 ( 4, 4 ),
 ( 2, 2 ),
 ( 4.000000000000000000, 5.000000000000000000 ),
 ( 0.000000000000000000, 1.000000000000000000 ),
 .UNSPECIFIED. ) ;
#4489 = CARTESIAN_POINT ( 'NONE',  ( 0.1468168100374211693, -0.09588217453114093736, 0.2900000000000000355 ) ) ;
#4490 = COLOUR_RGB ( '',0.2980392156862745057, 0.2980392156862745057, 0.2980392156862745057 ) ;
#4491 = CARTESIAN_POINT ( 'NONE',  ( 0.1320665258761717920, -0.06382802626272884861, 0.2900000000000000355 ) ) ;
#4492 = VERTEX_POINT ( 'NONE', #601 ) ;
#4493 = ORIENTED_EDGE ( 'NONE', *, *, #8313, .F. ) ;
#4494 = PLANE ( 'NONE',  #5330 ) ;
#4495 = FACE_OUTER_BOUND ( 'NONE', #8042, .T. ) ;
#4496 = B_SPLINE_CURVE_WITH_KNOTS ( 'NONE', 3,
 ( #1459, #4200, #2850, #789 ),
 .UNSPECIFIED., .F., .F.,
 ( 4, 4 ),
 ( 10.00000000000000000, 11.00000000000000000 ),
 .UNSPECIFIED. ) ;
#4497 = EDGE_LOOP ( 'NONE', ( #8806, #1321, #6206, #8045 ) ) ;
#4498 = CARTESIAN_POINT ( 'NONE',  ( 0.1411048548952625603, -0.1170668081614266998, 0.2900000000000000355 ) ) ;
#4499 = CARTESIAN_POINT ( 'NONE',  ( 0.1265057695466517695, -0.06775919538998910474, 0.2800000000000000266 ) ) ;
#4500 = EDGE_CURVE ( 'NONE', #3860, #4117, #3419, .T. ) ;
#4501 = ORIENTED_EDGE ( 'NONE', *, *, #2695, .F. ) ;
#4502 = CARTESIAN_POINT ( 'NONE',  ( 0.1333769155852223276, -0.05875446610699154582, 0.2900000000000000355 ) ) ;
#4503 = CARTESIAN_POINT ( 'NONE',  ( 0.1404916597109092391, -0.06453362072155989504, 0.2800000000000000266 ) ) ;
#4504 = FILL_AREA_STYLE_COLOUR ( '', #3256 ) ;
#4505 = VECTOR ( 'NONE', #3785, 1000.000000000000000 ) ;
#4506 = ORIENTED_EDGE ( 'NONE', *, *, #6761, .T. ) ;
#4507 = CARTESIAN_POINT ( 'NONE',  ( 0.1609958986845445861, -0.1051053020989607817, 0.2900000000000000355 ) ) ;
#4508 = EDGE_CURVE ( 'NONE', #2994, #2330, #6676, .T. ) ;
#4509 = CARTESIAN_POINT ( 'NONE',  ( 0.1552503438061812180, -0.1027533205698233643, 0.2800000000000000266 ) ) ;
#4510 = CARTESIAN_POINT ( 'NONE',  ( -0.01632944271309376416, -0.06252891363595976248, 0.2800000000000000266 ) ) ;
#4511 = ORIENTED_EDGE ( 'NONE', *, *, #794, .T. ) ;
#4512 = CARTESIAN_POINT ( 'NONE',  ( 0.2001815909466889420, -0.08702864406078214543, 0.2900000000000000355 ) ) ;
#4513 = SURFACE_SIDE_STYLE ('',( #8703 ) ) ;
#4514 = STYLED_ITEM ( 'NONE', ( #1517 ), #2521 ) ;
#4515 = VECTOR ( 'NONE', #2692, 1000.000000000000000 ) ;
#4516 = CARTESIAN_POINT ( 'NONE',  ( 0.07362005896467421762, -0.1094895725641572143, 0.2800000000000000266 ) ) ;
#4517 = DIRECTION ( 'NONE',  ( 0.000000000000000000, -1.000000000000000000, 0.000000000000000000 ) ) ;
#4518 = VERTEX_POINT ( 'NONE', #44 ) ;
#4519 = AXIS2_PLACEMENT_3D ( 'NONE', #8524, #4424, #7165 ) ;
#4520 = LINE ( 'NONE', #5862, #4790 ) ;
#4521 = CARTESIAN_POINT ( 'NONE',  ( 0.1438012337197918378, -0.1190491925931020933, 0.2800000000000000266 ) ) ;
#4522 = B_SPLINE_CURVE_WITH_KNOTS ( 'NONE', 3,
 ( #2992, #6912, #8498, #3490 ),
 .UNSPECIFIED., .F., .F.,
 ( 4, 4 ),
 ( 5.000000000000000000, 6.000000000000000000 ),
 .UNSPECIFIED. ) ;
#4523 = ORIENTED_EDGE ( 'NONE', *, *, #2792, .T. ) ;
#4524 = CARTESIAN_POINT ( 'NONE',  ( 0.1437676339835886052, -0.1151516232019337699, 0.2900000000000000355 ) ) ;
#4525 = VERTEX_POINT ( 'NONE', #5434 ) ;
#4526 = EDGE_CURVE ( 'NONE', #1451, #369, #6927, .T. ) ;
#4527 = CARTESIAN_POINT ( 'NONE',  ( 0.2178550521513145100, -0.1161428154177715083, 0.2900000000000000355 ) ) ;
#4528 = DIRECTION ( 'NONE',  ( -0.000000000000000000, -0.000000000000000000, -1.000000000000000000 ) ) ;
#4529 = SURFACE_STYLE_USAGE ( .BOTH. , #1793 ) ;
#4530 = EDGE_CURVE ( 'NONE', #2577, #4533, #2786, .T. ) ;
#4531 = EDGE_CURVE ( 'NONE', #5148, #2883, #5480, .T. ) ;
#4532 = CARTESIAN_POINT ( 'NONE',  ( 0.2673810632075740434, -0.09122861107722690654, 0.2800000000000000266 ) ) ;
#4533 = VERTEX_POINT ( 'NONE', #6157 ) ;
#4534 = DIRECTION ( 'NONE',  ( 1.000000000000000000, 0.000000000000000000, 0.000000000000000000 ) ) ;
#4535 = CARTESIAN_POINT ( 'NONE',  ( 0.1433560372160112284, -0.06831359103618106499, 0.2900000000000000355 ) ) ;
#4536 = ORIENTED_EDGE ( 'NONE', *, *, #7897, .F. ) ;
#4537 = ORIENTED_EDGE ( 'NONE', *, *, #7990, .T. ) ;
#4538 = FACE_OUTER_BOUND ( 'NONE', #8369, .T. ) ;
#4539 = DIRECTION ( 'NONE',  ( -1.000000000000000000, 0.000000000000000000, 0.000000000000000000 ) ) ;
#4540 = B_SPLINE_CURVE_WITH_KNOTS ( 'NONE', 3,
 ( #4933, #8451, #7637, #4209 ),
 .UNSPECIFIED., .F., .F.,
 ( 4, 4 ),
 ( 3.000000000000000000, 4.000000000000000000 ),
 .UNSPECIFIED. ) ;
#4541 = UNCERTAINTY_MEASURE_WITH_UNIT (LENGTH_MEASURE( 1.000000000000000082E-05 ), #4138, 'distance_accuracy_value', 'NONE');
#4542 = ORIENTED_EDGE ( 'NONE', *, *, #5296, .T. ) ;
#4543 = LINE ( 'NONE', #3144, #2860 ) ;
#4544 = CARTESIAN_POINT ( 'NONE',  ( 0.1411636544335355403, -0.09588217453114028510, 0.2800000000000000266 ) ) ;
#4545 = ORIENTED_EDGE ( 'NONE', *, *, #6540, .F. ) ;
#4546 = CARTESIAN_POINT ( 'NONE',  ( 0.1323017240291529673, -0.05562969064683943171, 0.2900000000000000355 ) ) ;
#4547 = DIRECTION ( 'NONE',  ( 0.3897582650654325409, 0.9209172030172875223, 0.000000000000000000 ) ) ;
#4548 = DIRECTION ( 'NONE',  ( -0.000000000000000000, -0.000000000000000000, -1.000000000000000000 ) ) ;
#4549 = ORIENTED_EDGE ( 'NONE', *, *, #7190, .F. ) ;
#4550 = VECTOR ( 'NONE', #7829, 1000.000000000000000 ) ;
#4551 = CARTESIAN_POINT ( 'NONE',  ( 0.2526391789801246124, -0.1198891859963011758, 0.2900000000000000355 ) ) ;
#4552 = AXIS2_PLACEMENT_3D ( 'NONE', #1592, #4539, #8686 ) ;
#4553 = PRESENTATION_STYLE_ASSIGNMENT (( #5221 ) ) ;
#4554 = ORIENTED_EDGE ( 'NONE', *, *, #2059, .F. ) ;
#4555 = CARTESIAN_POINT ( 'NONE',  ( -0.06282283134516256085, -0.06322983049934419175, 0.2800000000000000266 ) ) ;
#4556 = FACE_OUTER_BOUND ( 'NONE', #8487, .T. ) ;
#4557 = B_SPLINE_CURVE_WITH_KNOTS ( 'NONE', 3,
 ( #6022, #8276, #8784, #2778 ),
 .UNSPECIFIED., .F., .F.,
 ( 4, 4 ),
 ( 1.000000000000000000, 2.000000000000000000 ),
 .UNSPECIFIED. ) ;
#4558 = VECTOR ( 'NONE', #6748, 1000.000000000000000 ) ;
#4559 = EDGE_CURVE ( 'NONE', #2817, #7645, #2698, .T. ) ;
#4560 = EDGE_CURVE ( 'NONE', #5079, #2943, #770, .T. ) ;
#4561 = ORIENTED_EDGE ( 'NONE', *, *, #6191, .T. ) ;
#4562 = CARTESIAN_POINT ( 'NONE',  ( 0.06053649735290552586, -0.1193022482292757924, 0.2800000000000000266 ) ) ;
#4563 = VECTOR ( 'NONE', #7679, 1000.000000000000000 ) ;
#4564 = FACE_OUTER_BOUND ( 'NONE', #3462, .T. ) ;
#4565 = EDGE_LOOP ( 'NONE', ( #1377, #4827, #8208, #6273 ) ) ;
#4566 = CARTESIAN_POINT ( 'NONE',  ( 0.1455316201304421853, -0.1103636608034279099, 0.2800000000000000266 ) ) ;
#4567 = ORIENTED_EDGE ( 'NONE', *, *, #6936, .F. ) ;
#4568 = DIRECTION ( 'NONE',  ( -1.000000000000000000, 0.000000000000000000, -0.000000000000000000 ) ) ;
#4569 = CARTESIAN_POINT ( 'NONE',  ( 0.2265825836111018399, -0.04094660595799808761, 0.2900000000000000355 ) ) ;
#4570 = SURFACE_SIDE_STYLE ('',( #1704 ) ) ;
#4571 = CARTESIAN_POINT ( 'NONE',  ( -0.02357213147000173856, -0.04547356481053460575, 0.2900000000000000355 ) ) ;
#4572 = VERTEX_POINT ( 'NONE', #6880 ) ;
#4573 = DIRECTION ( 'NONE',  ( 0.000000000000000000, 0.000000000000000000, 1.000000000000000000 ) ) ;
#4574 = CARTESIAN_POINT ( 'NONE',  ( 0.1573251275122220239, -0.1163276139665031794, 0.2900000000000000355 ) ) ;
#4575 = EDGE_CURVE ( 'NONE', #1037, #4930, #8724, .T. ) ;
#4576 = ORIENTED_EDGE ( 'NONE', *, *, #2792, .F. ) ;
#4577 = ORIENTED_EDGE ( 'NONE', *, *, #7307, .F. ) ;
#4578 = EDGE_CURVE ( 'NONE', #2369, #1451, #3510, .T. ) ;
#4579 = CARTESIAN_POINT ( 'NONE',  ( 0.1328057200710954788, -0.1185955961554105570, 0.2900000000000000355 ) ) ;
#4580 = DIRECTION ( 'NONE',  ( 0.7071067811865475727, 0.7071067811865475727, 0.000000000000000000 ) ) ;
#4581 = LINE ( 'NONE', #3865, #2090 ) ;
#4582 = EDGE_CURVE ( 'NONE', #7777, #2748, #85, .T. ) ;
#4583 = ORIENTED_EDGE ( 'NONE', *, *, #2750, .F. ) ;
#4584 = CARTESIAN_POINT ( 'NONE',  ( 0.1392988690782943628, -0.1170668081614266998, 0.2900000000000000355 ) ) ;
#4585 = CARTESIAN_POINT ( 'NONE',  ( 0.2410556699493666133, -0.06775919538998845248, 0.2800000000000000266 ) ) ;
#4586 = ORIENTED_EDGE ( 'NONE', *, *, #8768, .F. ) ;
#4587 = PLANE ( 'NONE',  #2723 ) ;
#4588 = CARTESIAN_POINT ( 'NONE',  ( 0.1496475878064338905, -0.1198891859963017309, 0.2900000000000000355 ) ) ;
#4589 = DIRECTION ( 'NONE',  ( 1.000000000000000000, -0.000000000000000000, -0.000000000000000000 ) ) ;
#4590 = B_SPLINE_CURVE_WITH_KNOTS ( 'NONE', 3,
 ( #332, #3064, #3609, #3798 ),
 .UNSPECIFIED., .F., .F.,
 ( 4, 4 ),
 ( 4.000000000000000000, 5.000000000000000000 ),
 .UNSPECIFIED. ) ;
#4591 = ORIENTED_EDGE ( 'NONE', *, *, #3004, .T. ) ;
#4592 = CARTESIAN_POINT ( 'NONE',  ( 0.2700000000000000733, -0.1199999999999999956, -0.02000000000000000042 ) ) ;
#4593 = DIRECTION ( 'NONE',  ( -1.000000000000000000, 0.000000000000000000, 0.000000000000000000 ) ) ;
#4594 = LINE ( 'NONE', #5944, #4887 ) ;
#4595 = ORIENTED_EDGE ( 'NONE', *, *, #733, .F. ) ;
#4596 = CARTESIAN_POINT ( 'NONE',  ( 0.04768656726864863027, -0.06930434379407687806, 0.2800000000000000266 ) ) ;
#4597 = DIRECTION ( 'NONE',  ( 0.000000000000000000, 0.000000000000000000, -1.000000000000000000 ) ) ;
#4598 = MECHANICAL_DESIGN_GEOMETRIC_PRESENTATION_REPRESENTATION (  '', ( #5593 ), #5167 ) ;
#4599 = VECTOR ( 'NONE', #6746, 1000.000000000000000 ) ;
#4600 = CARTESIAN_POINT ( 'NONE',  ( -0.05207561007423749944, -0.08238789649337455168, 0.2800000000000000266 ) ) ;
#4601 = FACE_OUTER_BOUND ( 'NONE', #3835, .T. ) ;
#4602 = ORIENTED_EDGE ( 'NONE', *, *, #8715, .T. ) ;
#4603 = VECTOR ( 'NONE', #2846, 1000.000000000000000 ) ;
#4604 = EDGE_CURVE ( 'NONE', #4389, #1812, #3008, .T. ) ;
#4605 = CARTESIAN_POINT ( 'NONE',  ( 0.1251701800354209360, -0.1050885022309151484, 0.2900000000000000355 ) ) ;
#4606 = EDGE_CURVE ( 'NONE', #4357, #1522, #320, .T. ) ;
#4607 = B_SPLINE_CURVE_WITH_KNOTS ( 'NONE', 3,
 ( #7448, #5276, #4061, #3210 ),
 .UNSPECIFIED., .F., .F.,
 ( 4, 4 ),
 ( 20.00000000000000000, 21.00000000000000000 ),
 .UNSPECIFIED. ) ;
#4608 = CARTESIAN_POINT ( 'NONE',  ( 0.1413988525864039725, -0.1204435816424944544, 0.2900000000000000355 ) ) ;
#4609 = ORIENTED_EDGE ( 'NONE', *, *, #2543, .T. ) ;
#4610 = CARTESIAN_POINT ( 'NONE',  ( 0.03179938276514428230, -0.1164986253374285241, 0.2900000000000000355 ) ) ;
#4611 = ORIENTED_EDGE ( 'NONE', *, *, #344, .F. ) ;
#4612 = PLANE ( 'NONE',  #2406 ) ;
#4613 = LINE ( 'NONE', #6730, #6194 ) ;
#4614 = VECTOR ( 'NONE', #7194, 1000.000000000000000 ) ;
#4615 = B_SPLINE_SURFACE_WITH_KNOTS ( 'NONE', 3, 1, ( 
 ( #3655, #2250 ),
 ( #7028, #3701 ),
 ( #7163, #6445 ),
 ( #2295, #5006 ) ),
 .UNSPECIFIED., .F., .F., .F.,
 ( 4, 4 ),
 ( 2, 2 ),
 ( 12.00000000000000000, 13.00000000000000000 ),
 ( 0.000000000000000000, 1.000000000000000000 ),
 .UNSPECIFIED. ) ;
#4616 = CARTESIAN_POINT ( 'NONE',  ( -0.05207561007423749944, -0.08238789649337455168, 0.2800000000000000266 ) ) ;
#4617 = CARTESIAN_POINT ( 'NONE',  ( 0.1411636544335355403, -0.09588217453114028510, 0.2800000000000000266 ) ) ;
#4618 = B_SPLINE_CURVE_WITH_KNOTS ( 'NONE', 3,
 ( #6851, #834, #5449, #8346 ),
 .UNSPECIFIED., .F., .F.,
 ( 4, 4 ),
 ( 3.000000000000000000, 4.000000000000000000 ),
 .UNSPECIFIED. ) ;
#4619 = ORIENTED_EDGE ( 'NONE', *, *, #7450, .F. ) ;
#4620 = EDGE_CURVE ( 'NONE', #2330, #1658, #3742, .T. ) ;
#4621 = FACE_OUTER_BOUND ( 'NONE', #7727, .T. ) ;
#4622 = ORIENTED_EDGE ( 'NONE', *, *, #1128, .T. ) ;
#4623 = EDGE_LOOP ( 'NONE', ( #720, #1954, #5431, #2180 ) ) ;
#4624 = DIRECTION ( 'NONE',  ( 0.000000000000000000, 0.000000000000000000, 1.000000000000000000 ) ) ;
#4625 = DIRECTION ( 'NONE',  ( 1.000000000000000000, -0.000000000000000000, -0.000000000000000000 ) ) ;
#4626 = CARTESIAN_POINT ( 'NONE',  ( 0.2052047514982866250, -0.04692735898911807452, 0.2800000000000000266 ) ) ;
#4627 = AXIS2_PLACEMENT_3D ( 'NONE', #3711, #4338, #3843 ) ;
#4628 = EDGE_CURVE ( 'NONE', #5840, #4665, #2877, .T. ) ;
#4629 = ORIENTED_EDGE ( 'NONE', *, *, #6940, .T. ) ;
#4630 = LINE ( 'NONE', #1135, #578 ) ;
#4631 = FACE_OUTER_BOUND ( 'NONE', #2545, .T. ) ;
#4632 = CARTESIAN_POINT ( 'NONE',  ( 0.1871532932621781109, -0.03867862376909076555, 0.2800000000000000266 ) ) ;
#4633 = ORIENTED_EDGE ( 'NONE', *, *, #2597, .T. ) ;
#4634 = DIRECTION ( 'NONE',  ( 1.000000000000000000, 0.000000000000000000, 0.000000000000000000 ) ) ;
#4635 = FACE_OUTER_BOUND ( 'NONE', #5508, .T. ) ;
#4636 = CARTESIAN_POINT ( 'NONE',  ( 0.1767205751935840563, -0.1309434991833836048, 0.2900000000000000355 ) ) ;
#4637 = EDGE_CURVE ( 'NONE', #6501, #8314, #7800, .T. ) ;
#4638 = ORIENTED_EDGE ( 'NONE', *, *, #8263, .F. ) ;
#4639 = PLANE ( 'NONE',  #7251 ) ;
#4640 = ADVANCED_FACE ( 'NONE', ( #7156 ), #2196, .F. ) ;
#4641 = EDGE_CURVE ( 'NONE', #8896, #1071, #1678, .T. ) ;
#4642 = FACE_OUTER_BOUND ( 'NONE', #4497, .T. ) ;
#4643 = ORIENTED_EDGE ( 'NONE', *, *, #4717, .T. ) ;
#4644 = CARTESIAN_POINT ( 'NONE',  ( -0.06282283134516256085, -0.06322983049934419175, 0.2900000000000000355 ) ) ;
#4645 = VECTOR ( 'NONE', #272, 1000.000000000000114 ) ;
#4646 = LINE ( 'NONE', #3931, #4401 ) ;
#4647 = DIRECTION ( 'NONE',  ( -5.154660576713458189E-14, 1.000000000000000000, -0.000000000000000000 ) ) ;
#4648 = ORIENTED_EDGE ( 'NONE', *, *, #3069, .F. ) ;
#4649 = CARTESIAN_POINT ( 'NONE',  ( 0.1684298403033300529, -0.1185787962873645907, 0.2800000000000000266 ) ) ;
#4650 = DIRECTION ( 'NONE',  ( 0.000000000000000000, 1.000000000000000000, -0.000000000000000000 ) ) ;
#4651 = CARTESIAN_POINT ( 'NONE',  ( -0.04156203091433047919, -0.05902438724921166974, 0.2800000000000000266 ) ) ;
#4652 = ORIENTED_EDGE ( 'NONE', *, *, #7190, .T. ) ;
#4653 = VECTOR ( 'NONE', #2139, 1000.000000000000000 ) ;
#4654 = LINE ( 'NONE', #3986, #4417 ) ;
#4655 = VERTEX_POINT ( 'NONE', #3054 ) ;
#4656 = FACE_OUTER_BOUND ( 'NONE', #1020, .T. ) ;
#4657 = CARTESIAN_POINT ( 'NONE',  ( 0.1357540969165407507, -0.04182019909729014356, 0.2900000000000000355 ) ) ;
#4658 =( GEOMETRIC_REPRESENTATION_CONTEXT ( 3 ) GLOBAL_UNCERTAINTY_ASSIGNED_CONTEXT ( ( #3186 ) ) GLOBAL_UNIT_ASSIGNED_CONTEXT ( ( #6939, #6259, #2844 ) ) REPRESENTATION_CONTEXT ( 'NONE', 'WORKASPACE' ) );
#4659 = DIRECTION ( 'NONE',  ( -1.000000000000000000, 0.000000000000000000, 0.000000000000000000 ) ) ;
#4660 = EDGE_CURVE ( 'NONE', #4117, #4172, #2381, .T. ) ;
#4661 = CARTESIAN_POINT ( 'NONE',  ( 0.1496475878064338905, -0.1047861046058615186, 0.2800000000000000266 ) ) ;
#4662 = ORIENTED_EDGE ( 'NONE', *, *, #1679, .T. ) ;
#4663 = PRESENTATION_STYLE_ASSIGNMENT (( #8100 ) ) ;
#4664 = ORIENTED_EDGE ( 'NONE', *, *, #6219, .F. ) ;
#4665 = VERTEX_POINT ( 'NONE', #4952 ) ;
#4666 = CARTESIAN_POINT ( 'NONE',  ( 0.1330829178940801660, -0.1020645259792628268, 0.2900000000000000355 ) ) ;
#4667 = EDGE_CURVE ( 'NONE', #3270, #3361, #1719, .T. ) ;
#4668 = CARTESIAN_POINT ( 'NONE',  ( 0.1367872888024941613, -0.1095908668724138724, 0.2800000000000000266 ) ) ;
#4669 = EDGE_CURVE ( 'NONE', #2641, #8626, #1541, .T. ) ;
#4670 = ORIENTED_EDGE ( 'NONE', *, *, #8145, .T. ) ;
#4671 = CARTESIAN_POINT ( 'NONE',  ( -0.007217679455346053680, -0.1071532305522809037, 0.2900000000000000355 ) ) ;
#4672 = CARTESIAN_POINT ( 'NONE',  ( -0.02894573681371225699, -0.04500629507137778040, 0.2800000000000000266 ) ) ;
#4673 = CARTESIAN_POINT ( 'NONE',  ( 0.1478080022532587134, -0.03434425780827687902, 0.2900000000000000355 ) ) ;
#4674 = EDGE_LOOP ( 'NONE', ( #6944, #4260, #5208, #8538 ) ) ;
#4675 = CARTESIAN_POINT ( 'NONE',  ( 0.2047091553902559702, -0.03924981928332918479, 0.2900000000000000355 ) ) ;
#4676 = CARTESIAN_POINT ( 'NONE',  ( 0.1561323368796070088, -0.09900694999129369678, 0.2800000000000000266 ) ) ;
#4677 = LINE ( 'NONE', #6831, #2828 ) ;
#4678 = CARTESIAN_POINT ( 'NONE',  ( 0.1846501129201787994, -0.1155548200354877264, 0.2900000000000000355 ) ) ;
#4679 = CARTESIAN_POINT ( 'NONE',  ( 0.007267698058694544404, -0.1120595550161326837, 0.2800000000000000266 ) ) ;
#4680 = LINE ( 'NONE', #3198, #448 ) ;
#4681 = ORIENTED_EDGE ( 'NONE', *, *, #2808, .T. ) ;
#4682 = EDGE_CURVE ( 'NONE', #1890, #227, #5171, .T. ) ;
#4683 = CARTESIAN_POINT ( 'NONE',  ( 0.2604847173665983950, -0.1109012565815743478, 0.2900000000000000355 ) ) ;
#4684 = CARTESIAN_POINT ( 'NONE',  ( 0.1829113265756171502, -0.03489865345446935968, 0.2900000000000000355 ) ) ;
#4685 = SURFACE_SIDE_STYLE ('',( #1281 ) ) ;
#4686 = B_SPLINE_SURFACE_WITH_KNOTS ( 'NONE', 3, 1, ( 
 ( #608, #8801 ),
 ( #5404, #566 ),
 ( #6632, #3385 ),
 ( #1286, #5443 ) ),
 .UNSPECIFIED., .F., .F., .F.,
 ( 4, 4 ),
 ( 2, 2 ),
 ( 0.000000000000000000, 1.000000000000000000 ),
 ( 0.000000000000000000, 1.000000000000000000 ),
 .UNSPECIFIED. ) ;
#4687 = EDGE_CURVE ( 'NONE', #1372, #5853, #3690, .T. ) ;
#4688 = MECHANICAL_DESIGN_GEOMETRIC_PRESENTATION_REPRESENTATION (  '', ( #8435 ), #1385 ) ;
#4689 = DIRECTION ( 'NONE',  ( 1.000000000000000000, -0.000000000000000000, -0.000000000000000000 ) ) ;
#4690 = PRESENTATION_STYLE_ASSIGNMENT (( #519 ) ) ;
#4691 = ORIENTED_EDGE ( 'NONE', *, *, #1176, .T. ) ;
#4692 = CARTESIAN_POINT ( 'NONE',  ( 0.1411636544335355403, -0.09588217453114028510, 0.2900000000000000355 ) ) ;
#4693 = EDGE_CURVE ( 'NONE', #6208, #7324, #7894, .T. ) ;
#4694 = DIRECTION ( 'NONE',  ( -0.000000000000000000, -0.000000000000000000, -1.000000000000000000 ) ) ;
#4695 = VECTOR ( 'NONE', #4548, 1000.000000000000000 ) ;
#4696 = LINE ( 'NONE', #4020, #1996 ) ;
#4697 = VERTEX_POINT ( 'NONE', #7019 ) ;
#4698 = ORIENTED_EDGE ( 'NONE', *, *, #7277, .F. ) ;
#4699 = CARTESIAN_POINT ( 'NONE',  ( 0.2451884374934041599, -0.1104476601436588240, 0.2900000000000000355 ) ) ;
#4700 = CARTESIAN_POINT ( 'NONE',  ( 0.07362005896467421762, -0.1094895725641572143, 0.2800000000000000266 ) ) ;
#4701 = CARTESIAN_POINT ( 'NONE',  ( -0.03899204623435034017, -0.04500629507137778040, 0.2800000000000000266 ) ) ;
#4702 = AXIS2_PLACEMENT_3D ( 'NONE', #6969, #3548, #6288 ) ;
#4703 = B_SPLINE_CURVE_WITH_KNOTS ( 'NONE', 3,
 ( #7488, #478, #8172, #2665 ),
 .UNSPECIFIED., .F., .F.,
 ( 4, 4 ),
 ( 5.000000000000000000, 6.000000000000000000 ),
 .UNSPECIFIED. ) ;
#4704 = CARTESIAN_POINT ( 'NONE',  ( 0.2330757326183007794, -0.1161428154177709671, 0.2900000000000000355 ) ) ;
#4705 = VERTEX_POINT ( 'NONE', #3599 ) ;
#4706 = CARTESIAN_POINT ( 'NONE',  ( 0.2161750653446900539, -0.06775919538998845248, 0.2800000000000000266 ) ) ;
#4707 = VERTEX_POINT ( 'NONE', #2920 ) ;
#4708 = CARTESIAN_POINT ( 'NONE',  ( -0.005114960058287336755, -0.02935274293073422344, 0.2900000000000000355 ) ) ;
#4709 =( NAMED_UNIT ( * ) SI_UNIT ( $, .STERADIAN. ) SOLID_ANGLE_UNIT ( ) );
#4710 = LINE ( 'NONE', #542, #7916 ) ;
#4711 = ORIENTED_EDGE ( 'NONE', *, *, #4628, .T. ) ;
#4712 = LINE ( 'NONE', #5466, #6170 ) ;
#4713 = CARTESIAN_POINT ( 'NONE',  ( 0.1325957217201829130, -0.03918261981114464637, 0.2800000000000000266 ) ) ;
#4714 = ADVANCED_FACE ( 'NONE', ( #8422 ), #918, .F. ) ;
#4715 = ORIENTED_EDGE ( 'NONE', *, *, #5892, .T. ) ;
#4716 =( LENGTH_UNIT ( ) NAMED_UNIT ( * ) SI_UNIT ( .MILLI., .METRE. ) );
#4717 = EDGE_CURVE ( 'NONE', #6961, #1709, #5282, .T. ) ;
#4718 = B_SPLINE_CURVE_WITH_KNOTS ( 'NONE', 3,
 ( #3763, #5778, #2353, #2401 ),
 .UNSPECIFIED., .F., .F.,
 ( 4, 4 ),
 ( 7.000000000000000000, 8.000000000000000000 ),
 .UNSPECIFIED. ) ;
#4719 = DIRECTION ( 'NONE',  ( -1.000000000000000000, 0.000000000000000000, 0.000000000000000000 ) ) ;
#4720 = DIRECTION ( 'NONE',  ( 1.000000000000000000, -0.000000000000000000, -0.000000000000000000 ) ) ;
#4721 = CARTESIAN_POINT ( 'NONE',  ( 0.1740661960392821950, -0.1269451305837139832, 0.2800000000000000266 ) ) ;
#4722 = CARTESIAN_POINT ( 'NONE',  ( 0.2491616062907805185, -0.09428618706497170210, 0.2900000000000000355 ) ) ;
#4723 = VERTEX_POINT ( 'NONE', #2964 ) ;
#4724 = DIRECTION ( 'NONE',  ( 0.3315284183576397981, 0.9434452330799503184, -0.000000000000000000 ) ) ;
#4725 = CARTESIAN_POINT ( 'NONE',  ( 0.04651839180647415056, -0.03823087716779645373, 0.2900000000000000355 ) ) ;
#4726 = PLANE ( 'NONE',  #3314 ) ;
#4727 = AXIS2_PLACEMENT_3D ( 'NONE', #3218, #5197, #8718 ) ;
#4728 = CARTESIAN_POINT ( 'NONE',  ( 0.1829113265756171502, -0.03489865345446935968, 0.2800000000000000266 ) ) ;
#4729 = CARTESIAN_POINT ( 'NONE',  ( 0.04044387405550449455, -0.1057514146500092150, 0.2900000000000000355 ) ) ;
#4730 = ADVANCED_FACE ( 'NONE', ( #2334 ), #7882, .F. ) ;
#4731 = ORIENTED_EDGE ( 'NONE', *, *, #6642, .T. ) ;
#4732 = CARTESIAN_POINT ( 'NONE',  ( 0.1268501668419325379, -0.1161428154177720495, 0.2900000000000000355 ) ) ;
#4733 = EDGE_CURVE ( 'NONE', #5585, #1906, #6891, .T. ) ;
#4734 = DIRECTION ( 'NONE',  ( 1.000000000000000000, -0.000000000000000000, -0.000000000000000000 ) ) ;
#4735 = LINE ( 'NONE', #4605, #4081 ) ;
#4736 = CARTESIAN_POINT ( 'NONE',  ( 0.2047091553902559702, -0.03924981928332918479, 0.2900000000000000355 ) ) ;
#4737 = VECTOR ( 'NONE', #6355, 1000.000000000000000 ) ;
#4738 = VECTOR ( 'NONE', #4900, 1000.000000000000227 ) ;
#4739 = CARTESIAN_POINT ( 'NONE',  ( -0.02637575881808560188, -0.1354230642602951284, 0.2800000000000000266 ) ) ;
#4740 = EDGE_LOOP ( 'NONE', ( #6626, #3240, #1250, #6578 ) ) ;
#4741 = ORIENTED_EDGE ( 'NONE', *, *, #1079, .F. ) ;
#4742 = LINE ( 'NONE', #1987, #5138 ) ;
#4743 = CARTESIAN_POINT ( 'NONE',  ( 0.04044387405550449455, -0.1057514146500092150, 0.2900000000000000355 ) ) ;
#4744 = CARTESIAN_POINT ( 'NONE',  ( -0.04156203091433047919, -0.05902438724921166974, 0.2800000000000000266 ) ) ;
#4745 = VECTOR ( 'NONE', #2055, 1000.000000000000000 ) ;
#4746 = DIRECTION ( 'NONE',  ( -1.000000000000000000, 0.000000000000000000, -0.000000000000000000 ) ) ;
#4747 = ORIENTED_EDGE ( 'NONE', *, *, #3035, .T. ) ;
#4748 = CARTESIAN_POINT ( 'NONE',  ( 0.1764013777002614303, -0.1274155268896769999, 0.2900000000000000355 ) ) ;
#4749 = ORIENTED_EDGE ( 'NONE', *, *, #3150, .F. ) ;
#4750 = AXIS2_PLACEMENT_3D ( 'NONE', #4953, #7801, #2242 ) ;
#4751 = CARTESIAN_POINT ( 'NONE',  ( -0.005114960058287336755, -0.02935274293073422344, 0.2800000000000000266 ) ) ;
#4752 = CARTESIAN_POINT ( 'NONE',  ( 0.2262297863816861154, -0.03909862047069004309, 0.2900000000000000355 ) ) ;
#4753 = CARTESIAN_POINT ( 'NONE',  ( 0.1379968793031556007, -0.1170668081614266998, 0.2900000000000000355 ) ) ;
#4754 = VERTEX_POINT ( 'NONE', #5849 ) ;
#4755 = VECTOR ( 'NONE', #1138, 1000.000000000000000 ) ;
#4756 = B_SPLINE_SURFACE_WITH_KNOTS ( 'NONE', 3, 1, ( 
 ( #2342, #6656 ),
 ( #5978, #1598 ),
 ( #7078, #5302 ),
 ( #4331, #5091 ) ),
 .UNSPECIFIED., .F., .F., .F.,
 ( 4, 4 ),
 ( 2, 2 ),
 ( 2.000000000000000000, 3.000000000000000000 ),
 ( 0.000000000000000000, 1.000000000000000000 ),
 .UNSPECIFIED. ) ;
#4757 = CARTESIAN_POINT ( 'NONE',  ( 0.2331009324205941535, -0.1198891859963011758, 0.2800000000000000266 ) ) ;
#4758 = LINE ( 'NONE', #8231, #3489 ) ;
#4759 = ORIENTED_EDGE ( 'NONE', *, *, #6567, .F. ) ;
#4760 = CARTESIAN_POINT ( 'NONE',  ( 0.1759561811965928979, -0.03489865345446935968, 0.2800000000000000266 ) ) ;
#4761 = SURFACE_STYLE_USAGE ( .BOTH. , #8155 ) ;
#4762 = EDGE_CURVE ( 'NONE', #1097, #192, #7431, .T. ) ;
#4763 = CARTESIAN_POINT ( 'NONE',  ( 0.2016935790726276101, -0.06058565172625281908, 0.2900000000000000355 ) ) ;
#4764 = FACE_OUTER_BOUND ( 'NONE', #5045, .T. ) ;
#4765 = CARTESIAN_POINT ( 'NONE',  ( 0.1455316201304421853, -0.1198891859963017309, 0.2900000000000000355 ) ) ;
#4766 = ORIENTED_EDGE ( 'NONE', *, *, #5583, .F. ) ;
#4767 = CARTESIAN_POINT ( 'NONE',  ( 0.2240626034015048840, -0.1198891859963011758, 0.2900000000000000355 ) ) ;
#4768 = FACE_BOUND ( 'NONE', #3280, .T. ) ;
#4769 = SURFACE_STYLE_USAGE ( .BOTH. , #4014 ) ;
#4770 = LINE ( 'NONE', #1356, #6419 ) ;
#4771 = DIRECTION ( 'NONE',  ( -0.000000000000000000, 1.000000000000000000, -0.000000000000000000 ) ) ;
#4772 = EDGE_CURVE ( 'NONE', #4930, #8274, #4808, .T. ) ;
#4773 = ORIENTED_EDGE ( 'NONE', *, *, #7788, .T. ) ;
#4774 = LINE ( 'NONE', #1978, #288 ) ;
#4775 =( LENGTH_UNIT ( ) NAMED_UNIT ( * ) SI_UNIT ( .MILLI., .METRE. ) );
#4776 = CARTESIAN_POINT ( 'NONE',  ( 0.1292525479752074657, -0.06083764974716877189, 0.2800000000000000266 ) ) ;
#4777 = CARTESIAN_POINT ( 'NONE',  ( 0.1590303141209138960, -0.03489865345446935968, 0.2800000000000000266 ) ) ;
#4778 = VERTEX_POINT ( 'NONE', #6881 ) ;
#4779 = CARTESIAN_POINT ( 'NONE',  ( 0.1091767056373072614, -0.08702864406078214543, 0.2900000000000000355 ) ) ;
#4780 = CARTESIAN_POINT ( 'NONE',  ( 0.2283045700878408857, -0.09080861437540363457, 0.2900000000000000355 ) ) ;
#4781 = DIRECTION ( 'NONE',  ( 0.000000000000000000, -0.000000000000000000, 1.000000000000000000 ) ) ;
#4782 = FILL_AREA_STYLE ('',( #5541 ) ) ;
#4783 = VECTOR ( 'NONE', #5344, 1000.000000000000000 ) ;
#4784 = ORIENTED_EDGE ( 'NONE', *, *, #1043, .F. ) ;
#4785 = CARTESIAN_POINT ( 'NONE',  ( 0.1478080022532587134, -0.03434425780827687902, 0.2800000000000000266 ) ) ;
#4786 = EDGE_CURVE ( 'NONE', #650, #5114, #2102, .T. ) ;
#4787 = ORIENTED_EDGE ( 'NONE', *, *, #8207, .F. ) ;
#4788 = DIRECTION ( 'NONE',  ( -0.000000000000000000, -0.000000000000000000, -1.000000000000000000 ) ) ;
#4789 = ORIENTED_EDGE ( 'NONE', *, *, #3203, .T. ) ;
#4790 = VECTOR ( 'NONE', #3714, 1000.000000000000000 ) ;
#4791 = ADVANCED_FACE ( 'NONE', ( #1397 ), #4726, .T. ) ;
#4792 = SURFACE_SIDE_STYLE ('',( #2037 ) ) ;
#4793 = ADVANCED_FACE ( 'NONE', ( #5358 ), #1239, .T. ) ;
#4794 = CARTESIAN_POINT ( 'NONE',  ( -0.01609580672934368684, -0.08846240978810843147, 0.2900000000000000355 ) ) ;
#4795 = EDGE_LOOP ( 'NONE', ( #3439, #5890, #6130, #7272 ) ) ;
#4796 = ORIENTED_EDGE ( 'NONE', *, *, #7159, .F. ) ;
#4797 = AXIS2_PLACEMENT_3D ( 'NONE', #2709, #4148, #7670 ) ;
#4798 = CARTESIAN_POINT ( 'NONE',  ( -0.007217679455346053680, -0.1122932043684788661, 0.2900000000000000355 ) ) ;
#4799 = CARTESIAN_POINT ( 'NONE',  ( 0.2403500754905358860, -0.09183340632755784827, 0.2800000000000000266 ) ) ;
#4800 = ORIENTED_EDGE ( 'NONE', *, *, #8416, .F. ) ;
#4801 = CARTESIAN_POINT ( 'NONE',  ( 0.1682366418205765435, -0.09621817189251027913, 0.2800000000000000266 ) ) ;
#4802 = CARTESIAN_POINT ( 'NONE',  ( 0.1919496555947069472, -0.06775919538998845248, 0.2800000000000000266 ) ) ;
#4803 = DIRECTION ( 'NONE',  ( -0.000000000000000000, -1.000000000000000000, -0.000000000000000000 ) ) ;
#4804 = LINE ( 'NONE', #8198, #7974 ) ;
#4805 = CARTESIAN_POINT ( 'NONE',  ( 0.2047091553902559702, -0.06315603154021404153, 0.2900000000000000355 ) ) ;
#4806 = ORIENTED_EDGE ( 'NONE', *, *, #8900, .T. ) ;
#4807 = CARTESIAN_POINT ( 'NONE',  ( 0.1778209665518348526, -0.09641977030928650105, 0.2800000000000000266 ) ) ;
#4808 = LINE ( 'NONE', #562, #4745 ) ;
#4809 = FACE_OUTER_BOUND ( 'NONE', #5730, .T. ) ;
#4810 = DIRECTION ( 'NONE',  ( 0.000000000000000000, 0.000000000000000000, 1.000000000000000000 ) ) ;
#4811 = EDGE_LOOP ( 'NONE', ( #1419, #3052, #8765, #2821 ) ) ;
#4812 = CARTESIAN_POINT ( 'NONE',  ( 0.000000000000000000, 0.1499999999999998834, 0.2800000000000000266 ) ) ;
#4813 = VERTEX_POINT ( 'NONE', #2787 ) ;
#4814 = FACE_OUTER_BOUND ( 'NONE', #1615, .T. ) ;
#4815 = CARTESIAN_POINT ( 'NONE',  ( 0.001426825203834690501, -0.09640600203991619987, 0.2900000000000000355 ) ) ;
#4816 = CARTESIAN_POINT ( 'NONE',  ( 0.1750237885189137588, -0.05295851162460198103, 0.2900000000000000355 ) ) ;
#4817 = EDGE_CURVE ( 'NONE', #4484, #569, #6075, .T. ) ;
#4818 = CARTESIAN_POINT ( 'NONE',  ( 0.1454224209880304319, -0.1162604144943193279, 0.2800000000000000266 ) ) ;
#4819 = ORIENTED_EDGE ( 'NONE', *, *, #825, .T. ) ;
#4820 = ADVANCED_FACE ( 'NONE', ( #4053 ), #3972, .F. ) ;
#4821 = CARTESIAN_POINT ( 'NONE',  ( 0.1699502283632908783, -0.09692376635134111740, 0.2900000000000000355 ) ) ;
#4822 = CARTESIAN_POINT ( 'NONE',  ( 0.2526391789801246124, -0.1198891859963011758, 0.2900000000000000355 ) ) ;
#4823 = B_SPLINE_SURFACE_WITH_KNOTS ( 'NONE', 3, 1, ( 
 ( #813, #4316 ),
 ( #5665, #7063 ),
 ( #2959, #3505 ),
 ( #181, #226 ) ),
 .UNSPECIFIED., .F., .F., .F.,
 ( 4, 4 ),
 ( 2, 2 ),
 ( 21.00000000000000000, 22.00000000000000000 ),
 ( 0.000000000000000000, 1.000000000000000000 ),
 .UNSPECIFIED. ) ;
#4824 = DIRECTION ( 'NONE',  ( 0.000000000000000000, 0.000000000000000000, -1.000000000000000000 ) ) ;
#4825 = AXIS2_PLACEMENT_3D ( 'NONE', #5896, #8653, #3151 ) ;
#4826 = VECTOR ( 'NONE', #3697, 1000.000000000000000 ) ;
#4827 = ORIENTED_EDGE ( 'NONE', *, *, #7419, .F. ) ;
#4828 = CARTESIAN_POINT ( 'NONE',  ( -0.01609581118558001123, -0.1354230642602951284, 0.2900000000000000355 ) ) ;
#4829 = VERTEX_POINT ( 'NONE', #2617 ) ;
#4830 = CARTESIAN_POINT ( 'NONE',  ( -0.01632944271309376416, -0.06252891363595976248, 0.2900000000000000355 ) ) ;
#4831 = AXIS2_PLACEMENT_3D ( 'NONE', #2765, #1420, #4159 ) ;
#4832 = CARTESIAN_POINT ( 'NONE',  ( 0.1300000000000000044, 0.1199999999999999956, -0.02000000000000000042 ) ) ;
#4833 = DIRECTION ( 'NONE',  ( 0.000000000000000000, 0.000000000000000000, -1.000000000000000000 ) ) ;
#4834 = AXIS2_PLACEMENT_3D ( 'NONE', #654, #1515, #4926 ) ;
#4835 = ORIENTED_EDGE ( 'NONE', *, *, #8188, .F. ) ;
#4836 = ADVANCED_FACE ( 'NONE', ( #8126 ), #5396, .F. ) ;
#4837 = VERTEX_POINT ( 'NONE', #8378 ) ;
#4838 = DIRECTION ( 'NONE',  ( -1.000000000000000000, 0.000000000000000000, 0.000000000000000000 ) ) ;
#4839 = DIRECTION ( 'NONE',  ( 1.000000000000000000, -0.000000000000000000, -0.000000000000000000 ) ) ;
#4840 = AXIS2_PLACEMENT_3D ( 'NONE', #1039, #1758, #8641 ) ;
#4841 = EDGE_CURVE ( 'NONE', #7468, #939, #5571, .T. ) ;
#4842 = ORIENTED_EDGE ( 'NONE', *, *, #8576, .F. ) ;
#4843 = CARTESIAN_POINT ( 'NONE',  ( -0.007217679455346053680, -0.1071532305522809037, 0.2800000000000000266 ) ) ;
#4844 = DIRECTION ( 'NONE',  ( 0.000000000000000000, 1.000000000000000000, -0.000000000000000000 ) ) ;
#4845 = ADVANCED_FACE ( 'NONE', ( #8332 ), #820, .F. ) ;
#4846 = B_SPLINE_CURVE_WITH_KNOTS ( 'NONE', 3,
 ( #1422, #5692, #899, #4161 ),
 .UNSPECIFIED., .F., .F.,
 ( 4, 4 ),
 ( 3.000000000000000000, 4.000000000000000000 ),
 .UNSPECIFIED. ) ;
#4847 = LINE ( 'NONE', #2872, #5636 ) ;
#4848 = CARTESIAN_POINT ( 'NONE',  ( -0.3000000000000004330, -0.1600000000000000866, 0.000000000000000000 ) ) ;
#4849 = LINE ( 'NONE', #4092, #7046 ) ;
#4850 = EDGE_LOOP ( 'NONE', ( #5720, #220, #993, #1520 ) ) ;
#4851 = DIRECTION ( 'NONE',  ( 1.000000000000000000, 1.979642650957451637E-14, -0.000000000000000000 ) ) ;
#4852 = CARTESIAN_POINT ( 'NONE',  ( 0.01474402279924059631, -0.02608185169227541719, 0.2900000000000000355 ) ) ;
#4853 = FACE_OUTER_BOUND ( 'NONE', #1750, .T. ) ;
#4854 = CARTESIAN_POINT ( 'NONE',  ( 0.2428448558982898298, -0.1127156423325654383, 0.2900000000000000355 ) ) ;
#4855 = LINE ( 'NONE', #8382, #81 ) ;
#4856 = CARTESIAN_POINT ( 'NONE',  ( -0.03829114719579833348, -0.1195358797566788422, 0.2900000000000000355 ) ) ;
#4857 = VERTEX_POINT ( 'NONE', #771 ) ;
#4858 = ORIENTED_EDGE ( 'NONE', *, *, #5285, .T. ) ;
#4859 = ORIENTED_EDGE ( 'NONE', *, *, #5101, .F. ) ;
#4860 = SURFACE_STYLE_USAGE ( .BOTH. , #6847 ) ;
#4861 = CARTESIAN_POINT ( 'NONE',  ( -0.007217679455346053680, -0.1171995377448013381, 0.2900000000000000355 ) ) ;
#4862 = CARTESIAN_POINT ( 'NONE',  ( 0.2267421823577642492, -0.04140020239568983906, 0.2900000000000000355 ) ) ;
#4863 = CARTESIAN_POINT ( 'NONE',  ( 0.1330829178940801660, -0.1020645259792628268, 0.2900000000000000355 ) ) ;
#4864 = ORIENTED_EDGE ( 'NONE', *, *, #6567, .T. ) ;
#4865 = VECTOR ( 'NONE', #8608, 1000.000000000000000 ) ;
#4866 = CARTESIAN_POINT ( 'NONE',  ( 0.01497765432675353565, -0.04009995723881767948, 0.2800000000000000266 ) ) ;
#4867 = CARTESIAN_POINT ( 'NONE',  ( 0.2257929898120416279, -0.04086260661754313045, 0.2800000000000000266 ) ) ;
#4868 = CARTESIAN_POINT ( 'NONE',  ( 0.1251701800354209360, -0.1050885022309151484, 0.2800000000000000266 ) ) ;
#4869 = EDGE_LOOP ( 'NONE', ( #216, #8133, #119, #2266 ) ) ;
#4870 = EDGE_CURVE ( 'NONE', #1764, #8274, #2265, .T. ) ;
#4871 = LINE ( 'NONE', #7630, #1272 ) ;
#4872 = ADVANCED_FACE ( 'NONE', ( #4183 ), #4339, .T. ) ;
#4873 = CIRCLE ( 'NONE', #7184, 0.01000000000000002623 ) ;
#4874 = ORIENTED_EDGE ( 'NONE', *, *, #3704, .F. ) ;
#4875 = CARTESIAN_POINT ( 'NONE',  ( -0.3000000000000004330, -0.1500000000000001055, 0.2800000000000000266 ) ) ;
#4876 = ORIENTED_EDGE ( 'NONE', *, *, #2030, .F. ) ;
#4877 = CARTESIAN_POINT ( 'NONE',  ( 0.1657922610170732558, -0.1116740505125900229, 0.2900000000000000355 ) ) ;
#4878 = AXIS2_PLACEMENT_3D ( 'NONE', #2772, #2085, #4838 ) ;
#4879 = CARTESIAN_POINT ( 'NONE',  ( 0.03483663718428076789, -0.1197695201967750728, 0.2800000000000000266 ) ) ;
#4880 = VECTOR ( 'NONE', #5858, 1000.000000000000000 ) ;
#4881 = CARTESIAN_POINT ( 'NONE',  ( 0.1696982303422643890, -0.1096244666085043895, 0.2800000000000000266 ) ) ;
#4883 = ORIENTED_EDGE ( 'NONE', *, *, #3318, .F. ) ;
#4882 = EDGE_CURVE ( 'NONE', #354, #5148, #7335, .T. ) ;
#4884 = ORIENTED_EDGE ( 'NONE', *, *, #525, .F. ) ;
#4885 = LINE ( 'NONE', #7143, #438 ) ;
#4886 = PLANE ( 'NONE',  #2200 ) ;
#4887 = VECTOR ( 'NONE', #6027, 1000.000000000000000 ) ;
#4888 =( GEOMETRIC_REPRESENTATION_CONTEXT ( 3 ) GLOBAL_UNCERTAINTY_ASSIGNED_CONTEXT ( ( #6608 ) ) GLOBAL_UNIT_ASSIGNED_CONTEXT ( ( #7482, #7440, #7399 ) ) REPRESENTATION_CONTEXT ( 'NONE', 'WORKASPACE' ) );
#4889 = ORIENTED_EDGE ( 'NONE', *, *, #1336, .F. ) ;
#4890 = ORIENTED_EDGE ( 'NONE', *, *, #963, .T. ) ;
#4891 = LINE ( 'NONE', #6192, #12 ) ;
#4892 = UNCERTAINTY_MEASURE_WITH_UNIT (LENGTH_MEASURE( 1.000000000000000082E-05 ), #21, 'distance_accuracy_value', 'NONE');
#4893 = CARTESIAN_POINT ( 'NONE',  ( 0.1314617306258421547, -0.1173692057867031374, 0.2900000000000000355 ) ) ;
#4894 = ADVANCED_FACE ( 'NONE', ( #1588 ), #278, .F. ) ;
#4895 = AXIS2_PLACEMENT_3D ( 'NONE', #4588, #2517, #417 ) ;
#4896 = CARTESIAN_POINT ( 'NONE',  ( 0.1353341002148295835, -0.1110020557898508953, 0.2900000000000000355 ) ) ;
#4897 =( NAMED_UNIT ( * ) PLANE_ANGLE_UNIT ( ) SI_UNIT ( $, .RADIAN. ) );
#4898 =( NAMED_UNIT ( * ) SI_UNIT ( $, .STERADIAN. ) SOLID_ANGLE_UNIT ( ) );
#4899 = EDGE_LOOP ( 'NONE', ( #6918, #6644, #8428, #7229 ) ) ;
#4900 = DIRECTION ( 'NONE',  ( -0.3416038306815641912, 0.9398440417769753363, 0.000000000000000000 ) ) ;
#4901 = CARTESIAN_POINT ( 'NONE',  ( -0.05698195459103864990, -0.1083213971019836019, 0.2900000000000000355 ) ) ;
#4902 = B_SPLINE_SURFACE_WITH_KNOTS ( 'NONE', 3, 1, ( 
 ( #6024, #4047 ),
 ( #8236, #6152 ),
 ( #4678, #8872 ),
 ( #2006, #6750 ) ),
 .UNSPECIFIED., .F., .F., .F.,
 ( 4, 4 ),
 ( 2, 2 ),
 ( 12.00000000000000000, 13.00000000000000000 ),
 ( 0.000000000000000000, 1.000000000000000000 ),
 .UNSPECIFIED. ) ;
#4903 = EDGE_CURVE ( 'NONE', #2508, #4021, #1637, .T. ) ;
#4904 = CARTESIAN_POINT ( 'NONE',  ( -0.03829114719579833348, -0.1195358797566788422, 0.2800000000000000266 ) ) ;
#4905 = ADVANCED_FACE ( 'NONE', ( #919 ), #870, .F. ) ;
#4906 = CARTESIAN_POINT ( 'NONE',  ( 0.1732178027019473654, -0.09641977030928648718, 0.2800000000000000266 ) ) ;
#4907 = CARTESIAN_POINT ( 'NONE',  ( -0.03829114719579833348, -0.1195358797566788422, 0.2800000000000000266 ) ) ;
#4908 = ADVANCED_FACE ( 'NONE', ( #6248 ), #5200, .F. ) ;
#4909 = AXIS2_PLACEMENT_3D ( 'NONE', #5414, #744, #2119 ) ;
#4910 = ORIENTED_EDGE ( 'NONE', *, *, #2729, .T. ) ;
#4911 = ORIENTED_EDGE ( 'NONE', *, *, #604, .T. ) ;
#4912 = B_SPLINE_CURVE_WITH_KNOTS ( 'NONE', 3,
 ( #4679, #7435, #2693, #1277 ),
 .UNSPECIFIED., .F., .F.,
 ( 4, 4 ),
 ( 11.00000000000000000, 12.00000000000000000 ),
 .UNSPECIFIED. ) ;
#4913 = VERTEX_POINT ( 'NONE', #3009 ) ;
#4914 = VECTOR ( 'NONE', #4956, 1000.000000000000000 ) ;
#4915 = FACE_OUTER_BOUND ( 'NONE', #3226, .T. ) ;
#4916 = CARTESIAN_POINT ( 'NONE',  ( 0.1639862752001049750, -0.09922534827611621810, 0.2800000000000000266 ) ) ;
#4917 = CARTESIAN_POINT ( 'NONE',  ( -0.01632944716932911017, -0.1031814321982591626, 0.2900000000000000355 ) ) ;
#4918 = LINE ( 'NONE', #3387, #4315 ) ;
#4919 = VECTOR ( 'NONE', #3641, 1000.000000000000000 ) ;
#4920 = STYLED_ITEM ( 'NONE', ( #4111 ), #571 ) ;
#4921 = ORIENTED_EDGE ( 'NONE', *, *, #8706, .F. ) ;
#4922 = CARTESIAN_POINT ( 'NONE',  ( -0.01329218829384458053, -0.03519362052042989547, 0.2900000000000000355 ) ) ;
#4923 = CARTESIAN_POINT ( 'NONE',  ( 0.1552503438061803021, -0.1006701369298707849, 0.2900000000000000355 ) ) ;
#4924 = FACE_OUTER_BOUND ( 'NONE', #4347, .T. ) ;
#4925 = ORIENTED_EDGE ( 'NONE', *, *, #619, .F. ) ;
#4926 = DIRECTION ( 'NONE',  ( -1.000000000000000000, 0.000000000000000000, -0.000000000000000000 ) ) ;
#4927 = VERTEX_POINT ( 'NONE', #186 ) ;
#4928 = CARTESIAN_POINT ( 'NONE',  ( 0.1603911034341025665, -0.1045677063208142465, 0.2900000000000000355 ) ) ;
#4929 = CARTESIAN_POINT ( 'NONE',  ( 0.1871532932621781109, -0.03867862376909076555, 0.2800000000000000266 ) ) ;
#4930 = VERTEX_POINT ( 'NONE', #4901 ) ;
#4931 = FACE_OUTER_BOUND ( 'NONE', #1563, .T. ) ;
#4932 = EDGE_LOOP ( 'NONE', ( #134, #5421, #446, #2386 ) ) ;
#4933 = CARTESIAN_POINT ( 'NONE',  ( 0.2261289871734096790, -0.03909862047069004309, 0.2900000000000000355 ) ) ;
#4934 = VECTOR ( 'NONE', #8462, 1000.000000000000000 ) ;
#4935 = CARTESIAN_POINT ( 'NONE',  ( 0.1392988690782943628, -0.1170668081614266998, 0.2800000000000000266 ) ) ;
#4936 = VERTEX_POINT ( 'NONE', #5670 ) ;
#4937 = ORIENTED_EDGE ( 'NONE', *, *, #123, .F. ) ;
#4938 = CARTESIAN_POINT ( 'NONE',  ( 0.2331009324205941535, -0.1198891859963011758, 0.2900000000000000355 ) ) ;
#4939 = ORIENTED_EDGE ( 'NONE', *, *, #4215, .F. ) ;
#4940 = VECTOR ( 'NONE', #4293, 1000.000000000000227 ) ;
#4941 = ORIENTED_EDGE ( 'NONE', *, *, #2651, .T. ) ;
#4942 = CARTESIAN_POINT ( 'NONE',  ( -0.01632944716932911017, -0.1031814321982591626, 0.2800000000000000266 ) ) ;
#4943 = EDGE_CURVE ( 'NONE', #5260, #4227, #7649, .T. ) ;
#4944 = ADVANCED_FACE ( 'NONE', ( #4853 ), #7657, .F. ) ;
#4945 = VECTOR ( 'NONE', #1683, 1000.000000000000000 ) ;
#4946 =( NAMED_UNIT ( * ) PLANE_ANGLE_UNIT ( ) SI_UNIT ( $, .RADIAN. ) );
#4947 = VECTOR ( 'NONE', #8477, 1000.000000000000000 ) ;
#4948 = CARTESIAN_POINT ( 'NONE',  ( 0.1349645031174793730, -0.1132700379787587031, 0.2900000000000000355 ) ) ;
#4949 =( LENGTH_UNIT ( ) NAMED_UNIT ( * ) SI_UNIT ( .MILLI., .METRE. ) );
#4950 = ORIENTED_EDGE ( 'NONE', *, *, #1320, .F. ) ;
#4951 = DIRECTION ( 'NONE',  ( 0.3658589216693790003, -0.9306703226357436742, -0.000000000000000000 ) ) ;
#4952 = CARTESIAN_POINT ( 'NONE',  ( 0.2161750653446923021, -0.1013253317843389734, 0.2900000000000000355 ) ) ;
#4953 = CARTESIAN_POINT ( 'NONE',  ( 0.000000000000000000, 0.000000000000000000, 0.2800000000000000266 ) ) ;
#4954 = DIRECTION ( 'NONE',  ( -1.000000000000000000, 0.000000000000000000, 0.000000000000000000 ) ) ;
#4955 = CARTESIAN_POINT ( 'NONE',  ( 0.1433560372160112284, -0.06831359103618106499, 0.2800000000000000266 ) ) ;
#4956 = DIRECTION ( 'NONE',  ( -1.000000000000000000, 0.000000000000000000, 0.000000000000000000 ) ) ;
#4957 = ORIENTED_EDGE ( 'NONE', *, *, #1557, .F. ) ;
#4958 = EDGE_LOOP ( 'NONE', ( #5463, #5908, #1869, #1050 ) ) ;
#4959 = EDGE_CURVE ( 'NONE', #97, #4136, #3832, .T. ) ;
#4960 = DIRECTION ( 'NONE',  ( -0.5048830486499685799, 0.8631877589411897089, 0.000000000000000000 ) ) ;
#4961 = CARTESIAN_POINT ( 'NONE',  ( 0.2384180906629996821, -0.08702864406078171522, 0.2800000000000000266 ) ) ;
#4962 = CARTESIAN_POINT ( 'NONE',  ( 0.2678934591834276624, -0.09353019300200210440, 0.2800000000000000266 ) ) ;
#4963 = CARTESIAN_POINT ( 'NONE',  ( 0.1710758195236094792, -0.1119596482695970341, 0.2900000000000000355 ) ) ;
#4964 = EDGE_CURVE ( 'NONE', #903, #5159, #780, .T. ) ;
#4965 = ADVANCED_FACE ( 'NONE', ( #5850 ), #5215, .T. ) ;
#4966 = CARTESIAN_POINT ( 'NONE',  ( 0.2047091553902559702, -0.06315603154021404153, 0.2800000000000000266 ) ) ;
#4967 = EDGE_LOOP ( 'NONE', ( #1746, #6313, #7664, #183 ) ) ;
#4968 = CARTESIAN_POINT ( 'NONE',  ( -0.01726398664786708489, -0.03799724229810669263, 0.2900000000000000355 ) ) ;
#4969 = CARTESIAN_POINT ( 'NONE',  ( 0.1615922940008519271, -0.1204435816424944544, 0.2900000000000000355 ) ) ;
#4970 = ADVANCED_FACE ( 'NONE', ( #2335 ), #2382, .F. ) ;
#4971 = LINE ( 'NONE', #743, #1155 ) ;
#4972 = ORIENTED_EDGE ( 'NONE', *, *, #293, .F. ) ;
#4973 = VERTEX_POINT ( 'NONE', #7252 ) ;
#4974 = FACE_BOUND ( 'NONE', #7646, .T. ) ;
#4975 = CARTESIAN_POINT ( 'NONE',  ( 0.000000000000000000, 0.000000000000000000, 0.2800000000000000266 ) ) ;
#4976 = ORIENTED_EDGE ( 'NONE', *, *, #677, .F. ) ;
#4977 = LINE ( 'NONE', #701, #2823 ) ;
#4978 = VERTEX_POINT ( 'NONE', #7295 ) ;
#4979 = LINE ( 'NONE', #1570, #7298 ) ;
#4980 = CARTESIAN_POINT ( 'NONE',  ( 0.1578879230924379873, -0.09774695988649467759, 0.2900000000000000355 ) ) ;
#4981 = COLOUR_RGB ( '',0.2980392156862745057, 0.2980392156862745057, 0.2980392156862745057 ) ;
#4982 = ORIENTED_EDGE ( 'NONE', *, *, #5285, .F. ) ;
#4983 = ORIENTED_EDGE ( 'NONE', *, *, #5846, .F. ) ;
#4984 = B_SPLINE_SURFACE_WITH_KNOTS ( 'NONE', 3, 1, ( 
 ( #5600, #8357 ),
 ( #2174, #7686 ),
 ( #1521, #4253 ),
 ( #6320, #5647 ) ),
 .UNSPECIFIED., .F., .F., .F.,
 ( 4, 4 ),
 ( 2, 2 ),
 ( 0.000000000000000000, 1.000000000000000000 ),
 ( 0.000000000000000000, 1.000000000000000000 ),
 .UNSPECIFIED. ) ;
#4985 = DIRECTION ( 'NONE',  ( -0.9398440417769755584, -0.3416038306815642467, 0.000000000000000000 ) ) ;
#4986 = CARTESIAN_POINT ( 'NONE',  ( 0.001426825203834690501, -0.09640600203991619987, 0.2900000000000000355 ) ) ;
#4987 = ORIENTED_EDGE ( 'NONE', *, *, #3200, .T. ) ;
#4988 = VERTEX_POINT ( 'NONE', #7985 ) ;
#4989 = AXIS2_PLACEMENT_3D ( 'NONE', #5427, #5471, #2004 ) ;
#4990 = LINE ( 'NONE', #1579, #7791 ) ;
#4991 = CARTESIAN_POINT ( 'NONE',  ( 0.03179938276514428230, -0.1127604674232806359, 0.2900000000000000355 ) ) ;
#4992 = DIRECTION ( 'NONE',  ( -0.000000000000000000, 1.000000000000000000, -0.000000000000000000 ) ) ;
#4993 = STYLED_ITEM ( 'NONE', ( #7795 ), #6223 ) ;
#4994 = EDGE_CURVE ( 'NONE', #3528, #7896, #6481, .T. ) ;
#4995 = PRESENTATION_STYLE_ASSIGNMENT (( #2279 ) ) ;
#4996 = EDGE_CURVE ( 'NONE', #2577, #5953, #506, .T. ) ;
#4997 = EDGE_LOOP ( 'NONE', ( #7607, #4450, #2120, #7918 ) ) ;
#4998 = CARTESIAN_POINT ( 'NONE',  ( 0.2016935790726276101, -0.06058565172625281908, 0.2900000000000000355 ) ) ;
#4999 = CARTESIAN_POINT ( 'NONE',  ( 0.1829113265756171502, -0.06775919538998845248, 0.2900000000000000355 ) ) ;
#5000 = CARTESIAN_POINT ( 'NONE',  ( -0.05698195459103864990, -0.1083213971019836019, 0.2800000000000000266 ) ) ;
#5001 = PLANE ( 'NONE',  #3402 ) ;
#5002 = CARTESIAN_POINT ( 'NONE',  ( 0.2775197835850254924, -0.1198891859963011758, 0.2900000000000000355 ) ) ;
#5003 = CARTESIAN_POINT ( 'NONE',  ( 0.2822069467750303318, -0.1198891859963011758, 0.2900000000000000355 ) ) ;
#5004 = ORIENTED_EDGE ( 'NONE', *, *, #4130, .F. ) ;
#5005 = VERTEX_POINT ( 'NONE', #3103 ) ;
#5006 = CARTESIAN_POINT ( 'NONE',  ( 0.1407772574680280497, -0.09922534827611621810, 0.2800000000000000266 ) ) ;
#5007 = CARTESIAN_POINT ( 'NONE',  ( 0.1767205751935840563, -0.1309434991833836048, 0.2800000000000000266 ) ) ;
#5008 = CARTESIAN_POINT ( 'NONE',  ( 0.2508163932953340614, -0.09816695658809396208, 0.2900000000000000355 ) ) ;
#5009 = CARTESIAN_POINT ( 'NONE',  ( 0.1767037753254269705, -0.06401282481145953440, 0.2900000000000000355 ) ) ;
#5010 = EDGE_CURVE ( 'NONE', #8669, #1772, #3055, .T. ) ;
#5011 = CARTESIAN_POINT ( 'NONE',  ( -0.02357213147000173856, -0.04547356481053460575, 0.2800000000000000266 ) ) ;
#5012 = CARTESIAN_POINT ( 'NONE',  ( 0.1682366418205765435, -0.09621817189251027913, 0.2800000000000000266 ) ) ;
#5013 = ORIENTED_EDGE ( 'NONE', *, *, #7386, .T. ) ;
#5014 = EDGE_CURVE ( 'NONE', #6507, #6865, #5083, .T. ) ;
#5015 = ORIENTED_EDGE ( 'NONE', *, *, #2010, .T. ) ;
#5016 = CARTESIAN_POINT ( 'NONE',  ( -0.03829114719579833348, -0.1195358797566788422, 0.2900000000000000355 ) ) ;
#5017 = CARTESIAN_POINT ( 'NONE',  ( -0.02544121488331205910, -0.1174331781846746497, 0.2900000000000000355 ) ) ;
#5018 = VERTEX_POINT ( 'NONE', #6574 ) ;
#5019 = B_SPLINE_CURVE_WITH_KNOTS ( 'NONE', 3,
 ( #1729, #4376, #7029, #1686 ),
 .UNSPECIFIED., .F., .F.,
 ( 4, 4 ),
 ( 10.00000000000000000, 11.00000000000000000 ),
 .UNSPECIFIED. ) ;
#5020 = DIRECTION ( 'NONE',  ( 0.000000000000000000, 0.000000000000000000, 1.000000000000000000 ) ) ;
#5021 = ORIENTED_EDGE ( 'NONE', *, *, #37, .T. ) ;
#5022 = EDGE_CURVE ( 'NONE', #1725, #151, #5127, .T. ) ;
#5023 = CARTESIAN_POINT ( 'NONE',  ( -0.3000000000000004330, -0.1500000000000001055, 0.2700000000000000178 ) ) ;
#5024 = CARTESIAN_POINT ( 'NONE',  ( 0.1472200068709754450, -0.06453362072155989504, 0.2900000000000000355 ) ) ;
#5025 = AXIS2_PLACEMENT_3D ( 'NONE', #8227, #4833, #8105 ) ;
#5026 = EDGE_LOOP ( 'NONE', ( #6711, #4545, #3486, #6733 ) ) ;
#5027 = ORIENTED_EDGE ( 'NONE', *, *, #6160, .F. ) ;
#5028 = CARTESIAN_POINT ( 'NONE',  ( 0.1261025727129859719, -0.09080861437540482806, 0.2900000000000000355 ) ) ;
#5029 = PLANE ( 'NONE',  #7523 ) ;
#5030 = ORIENTED_EDGE ( 'NONE', *, *, #8579, .F. ) ;
#5031 = ORIENTED_EDGE ( 'NONE', *, *, #6782, .F. ) ;
#5032 = VECTOR ( 'NONE', #8615, 1000.000000000000000 ) ;
#5033 = VECTOR ( 'NONE', #4228, 1000.000000000000000 ) ;
#5034 = FACE_OUTER_BOUND ( 'NONE', #3508, .T. ) ;
#5035 = SURFACE_STYLE_FILL_AREA ( #7104 ) ;
#5036 = VECTOR ( 'NONE', #8478, 1000.000000000000000 ) ;
#5037 = ORIENTED_EDGE ( 'NONE', *, *, #7419, .T. ) ;
#5038 = FACE_OUTER_BOUND ( 'NONE', #3271, .T. ) ;
#5039 = DIRECTION ( 'NONE',  ( -0.000000000000000000, -0.000000000000000000, -1.000000000000000000 ) ) ;
#5040 = CARTESIAN_POINT ( 'NONE',  ( -0.06679462802803980137, -0.08285517737312161901, 0.2800000000000000266 ) ) ;
#5041 = FACE_OUTER_BOUND ( 'NONE', #3313, .T. ) ;
#5042 = VECTOR ( 'NONE', #313, 1000.000000000000000 ) ;
#5043 = EDGE_CURVE ( 'NONE', #5945, #2746, #8027, .T. ) ;
#5044 = CARTESIAN_POINT ( 'NONE',  ( 0.2016011797981493991, -0.04176979949315111351, 0.2800000000000000266 ) ) ;
#5045 = EDGE_LOOP ( 'NONE', ( #2370, #1421, #4681, #6421 ) ) ;
#5046 = CARTESIAN_POINT ( 'NONE',  ( 0.1662122577187846173, -0.09922534827611621810, 0.2900000000000000355 ) ) ;
#5047 = CARTESIAN_POINT ( 'NONE',  ( 0.2044235576332510129, -0.09080861437540363457, 0.2900000000000000355 ) ) ;
#5048 = PLANE ( 'NONE',  #5315 ) ;
#5049 = CARTESIAN_POINT ( 'NONE',  ( 0.1392988690782943628, -0.1170668081614266998, 0.2900000000000000355 ) ) ;
#5050 = CARTESIAN_POINT ( 'NONE',  ( 0.2014079813153961396, -0.06623040739600459526, 0.2900000000000000355 ) ) ;
#5051 = ADVANCED_FACE ( 'NONE', ( #3238 ), #8515, .F. ) ;
#5052 = CARTESIAN_POINT ( 'NONE',  ( -0.04857108368760184453, -0.04897809119705796854, 0.2900000000000000355 ) ) ;
#5053 = CARTESIAN_POINT ( 'NONE',  ( -0.06679462802803980137, -0.08285517737312161901, 0.2900000000000000355 ) ) ;
#5054 = COLOUR_RGB ( '',0.2980392156862745057, 0.2980392156862745057, 0.2980392156862745057 ) ;
#5055 = ORIENTED_EDGE ( 'NONE', *, *, #1914, .T. ) ;
#5056 = ORIENTED_EDGE ( 'NONE', *, *, #3234, .F. ) ;
#5057 = DIRECTION ( 'NONE',  ( 0.000000000000000000, 0.000000000000000000, -1.000000000000000000 ) ) ;
#5058 = DIRECTION ( 'NONE',  ( -0.000000000000000000, -1.000000000000000000, -0.000000000000000000 ) ) ;
#5059 = EDGE_LOOP ( 'NONE', ( #7792, #1226, #854, #3180 ) ) ;
#5060 = DIRECTION ( 'NONE',  ( 0.3385350343141391161, 0.9409537876760604158, 0.000000000000000000 ) ) ;
#5061 = ORIENTED_EDGE ( 'NONE', *, *, #6488, .T. ) ;
#5062 = LINE ( 'NONE', #3170, #7889 ) ;
#5063 = CARTESIAN_POINT ( 'NONE',  ( 0.2267421823577642492, -0.04140020239568983906, 0.2800000000000000266 ) ) ;
#5064 = CARTESIAN_POINT ( 'NONE',  ( 0.1919496555947069472, -0.06775919538998845248, 0.2800000000000000266 ) ) ;
#5065 = VERTEX_POINT ( 'NONE', #8233 ) ;
#5066 = ORIENTED_EDGE ( 'NONE', *, *, #7256, .T. ) ;
#5067 = CARTESIAN_POINT ( 'NONE',  ( 0.001426825203834690501, -0.09640600203991619987, 0.2800000000000000266 ) ) ;
#5068 = EDGE_CURVE ( 'NONE', #7681, #3235, #1387, .T. ) ;
#5069 = ORIENTED_EDGE ( 'NONE', *, *, #5781, .T. ) ;
#5070 = EDGE_LOOP ( 'NONE', ( #6261, #5056, #7961, #1706 ) ) ;
#5071 = ADVANCED_FACE ( 'NONE', ( #4635 ), #4261, .F. ) ;
#5072 = EDGE_CURVE ( 'NONE', #5533, #1530, #4087, .T. ) ;
#5073 = DIRECTION ( 'NONE',  ( -1.000000000000000000, 0.000000000000000000, 0.000000000000000000 ) ) ;
#5074 = VECTOR ( 'NONE', #1805, 1000.000000000000000 ) ;
#5075 = DIRECTION ( 'NONE',  ( -0.000000000000000000, 1.000000000000000000, -0.000000000000000000 ) ) ;
#5076 = ORIENTED_EDGE ( 'NONE', *, *, #5818, .T. ) ;
#5077 = FACE_OUTER_BOUND ( 'NONE', #8408, .T. ) ;
#5078 = SURFACE_STYLE_FILL_AREA ( #8464 ) ;
#5079 = VERTEX_POINT ( 'NONE', #3326 ) ;
#5080 = LINE ( 'NONE', #917, #4738 ) ;
#5081 = VECTOR ( 'NONE', #8117, 1000.000000000000000 ) ;
#5082 = CARTESIAN_POINT ( 'NONE',  ( 0.06777918165368944370, -0.08752787922204353921, 0.2800000000000000266 ) ) ;
#5083 = LINE ( 'NONE', #1095, #2005 ) ;
#5085 = UNCERTAINTY_MEASURE_WITH_UNIT (LENGTH_MEASURE( 1.000000000000000082E-05 ), #5619, 'distance_accuracy_value', 'NONE');
#5084 = CARTESIAN_POINT ( 'NONE',  ( -0.01632944716932911017, -0.1031814321982591626, 0.2900000000000000355 ) ) ;
#5086 = VECTOR ( 'NONE', #7860, 1000.000000000000000 ) ;
#5087 = ORIENTED_EDGE ( 'NONE', *, *, #619, .T. ) ;
#5088 = CARTESIAN_POINT ( 'NONE',  ( 0.1699502283632908783, -0.1009221349507850168, 0.2800000000000000266 ) ) ;
#5089 = DIRECTION ( 'NONE',  ( -0.000000000000000000, -0.000000000000000000, -1.000000000000000000 ) ) ;
#5090 = LINE ( 'NONE', #3112, #3594 ) ;
#5091 = CARTESIAN_POINT ( 'NONE',  ( 0.1320665258761717920, -0.06382802626272884861, 0.2800000000000000266 ) ) ;
#5092 = VECTOR ( 'NONE', #4724, 1000.000000000000114 ) ;
#5093 = LINE ( 'NONE', #3066, #8254 ) ;
#5094 = CARTESIAN_POINT ( 'NONE',  ( 0.1278497589917931554, -0.05195051954071848443, 0.2900000000000000355 ) ) ;
#5095 = FACE_OUTER_BOUND ( 'NONE', #2668, .T. ) ;
#5096 = CARTESIAN_POINT ( 'NONE',  ( 0.08226455916761837850, -0.09547146701761481669, 0.2900000000000000355 ) ) ;
#5097 = VERTEX_POINT ( 'NONE', #2647 ) ;
#5098 = ORIENTED_EDGE ( 'NONE', *, *, #2701, .T. ) ;
#5099 = EDGE_CURVE ( 'NONE', #1828, #4107, #8869, .T. ) ;
#5100 = CARTESIAN_POINT ( 'NONE',  ( 0.2999999999999995448, 0.1499999999999998834, 0.2800000000000000266 ) ) ;
#5101 = EDGE_CURVE ( 'NONE', #1231, #4474, #6870, .T. ) ;
#5102 = CARTESIAN_POINT ( 'NONE',  ( 0.1447084265952874316, -0.03817462772726087916, 0.2900000000000000355 ) ) ;
#5103 = ORIENTED_EDGE ( 'NONE', *, *, #8429, .F. ) ;
#5104 = PLANE ( 'NONE',  #5705 ) ;
#5105 = ORIENTED_EDGE ( 'NONE', *, *, #6034, .T. ) ;
#5106 = CARTESIAN_POINT ( 'NONE',  ( 0.1846501129201787994, -0.1155548200354877264, 0.2800000000000000266 ) ) ;
#5107 = CARTESIAN_POINT ( 'NONE',  ( 0.2372504998324524994, -0.1161428154177709671, 0.2900000000000000355 ) ) ;
#5108 = CARTESIAN_POINT ( 'NONE',  ( 0.2052047514982866250, -0.05102652679706329991, 0.2800000000000000266 ) ) ;
#5109 = ORIENTED_EDGE ( 'NONE', *, *, #8191, .T. ) ;
#5110 = ORIENTED_EDGE ( 'NONE', *, *, #37, .F. ) ;
#5111 = CARTESIAN_POINT ( 'NONE',  ( -0.01609581118558001123, -0.1354230642602951284, 0.2900000000000000355 ) ) ;
#5112 = PRESENTATION_STYLE_ASSIGNMENT (( #1839 ) ) ;
#5113 = ORIENTED_EDGE ( 'NONE', *, *, #5626, .T. ) ;
#5114 = VERTEX_POINT ( 'NONE', #1273 ) ;
#5115 = CARTESIAN_POINT ( 'NONE',  ( 0.1439692324003642721, -0.06453362072155989504, 0.2900000000000000355 ) ) ;
#5116 = VECTOR ( 'NONE', #200, 1000.000000000000000 ) ;
#5117 = SURFACE_STYLE_FILL_AREA ( #3782 ) ;
#5118 = ADVANCED_FACE ( 'NONE', ( #2734 ), #6830, .F. ) ;
#5119 = ADVANCED_FACE ( 'NONE', ( #3281 ), #632, .F. ) ;
#5120 = EDGE_LOOP ( 'NONE', ( #7191, #7343, #6548, #2704 ) ) ;
#5121 = CARTESIAN_POINT ( 'NONE',  ( 0.1643894720336576964, -0.1065836904888065317, 0.2900000000000000355 ) ) ;
#5122 = AXIS2_PLACEMENT_3D ( 'NONE', #6907, #8403, #4118 ) ;
#5123 = B_SPLINE_CURVE_WITH_KNOTS ( 'NONE', 3,
 ( #4649, #3470, #2705, #5485 ),
 .UNSPECIFIED., .F., .F.,
 ( 4, 4 ),
 ( 17.00000000000000000, 18.00000000000000000 ),
 .UNSPECIFIED. ) ;
#5124 = VERTEX_POINT ( 'NONE', #6021 ) ;
#5125 = CARTESIAN_POINT ( 'NONE',  ( 0.1323017240291529673, -0.05169852151957896741, 0.2800000000000000266 ) ) ;
#5126 = DIRECTION ( 'NONE',  ( -0.000000000000000000, 1.000000000000000000, -0.000000000000000000 ) ) ;
#5127 = LINE ( 'NONE', #3148, #4323 ) ;
#5128 = B_SPLINE_SURFACE_WITH_KNOTS ( 'NONE', 3, 1, ( 
 ( #8845, #2667 ),
 ( #1156, #3166 ),
 ( #3936, #4651 ),
 ( #8711, #5911 ) ),
 .UNSPECIFIED., .F., .F., .F.,
 ( 4, 4 ),
 ( 2, 2 ),
 ( 18.00000000000000000, 19.00000000000000000 ),
 ( 0.000000000000000000, 1.000000000000000000 ),
 .UNSPECIFIED. ) ;
#5129 = VERTEX_POINT ( 'NONE', #7513 ) ;
#5130 = EDGE_CURVE ( 'NONE', #2276, #1257, #1347, .T. ) ;
#5131 = CARTESIAN_POINT ( 'NONE',  ( 0.1500507846399855016, -0.06379442652663670776, 0.2800000000000000266 ) ) ;
#5132 = LINE ( 'NONE', #7900, #8867 ) ;
#5133 = VERTEX_POINT ( 'NONE', #6287 ) ;
#5134 = FACE_OUTER_BOUND ( 'NONE', #3904, .T. ) ;
#5135 = CARTESIAN_POINT ( 'NONE',  ( 0.1639862752001049750, -0.09922534827611621810, 0.2900000000000000355 ) ) ;
#5136 = CARTESIAN_POINT ( 'NONE',  ( 0.1767037753254269705, -0.06775919538998845248, 0.2800000000000000266 ) ) ;
#5137 = CARTESIAN_POINT ( 'NONE',  ( 0.1578879230924379873, -0.09774695988649467759, 0.2800000000000000266 ) ) ;
#5138 = VECTOR ( 'NONE', #6002, 1000.000000000000000 ) ;
#5139 = CARTESIAN_POINT ( 'NONE',  ( 0.1919496555947069472, -0.06775919538998845248, 0.2800000000000000266 ) ) ;
#5140 = CARTESIAN_POINT ( 'NONE',  ( 0.2671206652524126257, -0.09221980329306520008, 0.2900000000000000355 ) ) ;
#5141 = CARTESIAN_POINT ( 'NONE',  ( 0.08226455916761837850, -0.08729423878216989452, 0.2900000000000000355 ) ) ;
#5142 = ORIENTED_EDGE ( 'NONE', *, *, #727, .T. ) ;
#5143 = ORIENTED_EDGE ( 'NONE', *, *, #5099, .T. ) ;
#5144 = CARTESIAN_POINT ( 'NONE',  ( -0.1299999999999998934, 0.1199999999999999539, -0.02000000000000000042 ) ) ;
#5145 = CARTESIAN_POINT ( 'NONE',  ( -0.01632944716932911017, -0.1214049765386971541, 0.2800000000000000266 ) ) ;
#5146 = VERTEX_POINT ( 'NONE', #5706 ) ;
#5147 = LINE ( 'NONE', #1112, #4406 ) ;
#5148 = VERTEX_POINT ( 'NONE', #7060 ) ;
#5149 = LINE ( 'NONE', #436, #684 ) ;
#5150 = FILL_AREA_STYLE_COLOUR ( '', #971 ) ;
#5151 = CARTESIAN_POINT ( 'NONE',  ( 0.2016935790726276101, -0.06058565172625281908, 0.2800000000000000266 ) ) ;
#5152 = EDGE_CURVE ( 'NONE', #6740, #7988, #6708, .T. ) ;
#5153 = VERTEX_POINT ( 'NONE', #222 ) ;
#5154 = DIRECTION ( 'NONE',  ( 0.000000000000000000, 0.000000000000000000, 1.000000000000000000 ) ) ;
#5155 = B_SPLINE_CURVE_WITH_KNOTS ( 'NONE', 3,
 ( #5102, #343, #7775, #3031 ),
 .UNSPECIFIED., .F., .F.,
 ( 4, 4 ),
 ( 7.000000000000000000, 8.000000000000000000 ),
 .UNSPECIFIED. ) ;
#5156 = ORIENTED_EDGE ( 'NONE', *, *, #6826, .T. ) ;
#5157 = CARTESIAN_POINT ( 'NONE',  ( 0.1829113265756171502, -0.03489865345446935968, 0.2800000000000000266 ) ) ;
#5158 = EDGE_LOOP ( 'NONE', ( #2867, #7415, #8129, #5143 ) ) ;
#5159 = VERTEX_POINT ( 'NONE', #3638 ) ;
#5160 = CARTESIAN_POINT ( 'NONE',  ( 0.05913469036332886369, -0.05668804969334655108, 0.2900000000000000355 ) ) ;
#5161 = COLOUR_RGB ( '',0.6666666666666666297, 0.6666666666666666297, 0.6666666666666666297 ) ;
#5162 = ADVANCED_FACE ( 'NONE', ( #2871 ), #1543, .F. ) ;
#5163 = UNCERTAINTY_MEASURE_WITH_UNIT (LENGTH_MEASURE( 1.000000000000000082E-05 ), #4716, 'distance_accuracy_value', 'NONE');
#5164 = ORIENTED_EDGE ( 'NONE', *, *, #8823, .F. ) ;
#5165 = CARTESIAN_POINT ( 'NONE',  ( -0.01189038130415705566, -0.04944536093643895486, 0.2800000000000000266 ) ) ;
#5166 = LINE ( 'NONE', #5887, #6214 ) ;
#5167 =( GEOMETRIC_REPRESENTATION_CONTEXT ( 3 ) GLOBAL_UNCERTAINTY_ASSIGNED_CONTEXT ( ( #6968 ) ) GLOBAL_UNIT_ASSIGNED_CONTEXT ( ( #4775, #146, #6168 ) ) REPRESENTATION_CONTEXT ( 'NONE', 'WORKASPACE' ) );
#5168 = ORIENTED_EDGE ( 'NONE', *, *, #1424, .F. ) ;
#5169 = DIRECTION ( 'NONE',  ( -0.000000000000000000, -0.000000000000000000, 1.000000000000000000 ) ) ;
#5170 = CARTESIAN_POINT ( 'NONE',  ( 0.2096651164694471881, -0.05599928774430016493, 0.2800000000000000266 ) ) ;
#5171 = B_SPLINE_CURVE_WITH_KNOTS ( 'NONE', 3,
 ( #6480, #4320, #1636, #869 ),
 .UNSPECIFIED., .F., .F.,
 ( 4, 4 ),
 ( 23.00000000000000000, 24.00000000000000000 ),
 .UNSPECIFIED. ) ;
#5172 = DIRECTION ( 'NONE',  ( 0.3667976789509005409, 0.9303007377811930434, -0.000000000000000000 ) ) ;
#5173 = PRESENTATION_LAYER_ASSIGNMENT (  '', '', ( #4 ) ) ;
#5174 = COLOUR_RGB ( '',0.2980392156862745057, 0.2980392156862745057, 0.2980392156862745057 ) ;
#5175 = PLANE ( 'NONE',  #4825 ) ;
#5176 = ORIENTED_EDGE ( 'NONE', *, *, #5262, .F. ) ;
#5177 = CARTESIAN_POINT ( 'NONE',  ( 0.2458604322159189670, -0.1152860221465259183, 0.2800000000000000266 ) ) ;
#5178 = CARTESIAN_POINT ( 'NONE',  ( 0.2332689311010539002, -0.09080861437540363457, 0.2900000000000000355 ) ) ;
#5179 = FILL_AREA_STYLE ('',( #2932 ) ) ;
#5180 = ADVANCED_FACE ( 'NONE', ( #5034, #4174 ), #6967, .F. ) ;
#5181 = CARTESIAN_POINT ( 'NONE',  ( 0.2463560283237261617, -0.1031565174033763493, 0.2800000000000000266 ) ) ;
#5182 = AXIS2_PLACEMENT_3D ( 'NONE', #1542, #2197, #4321 ) ;
#5183 = CARTESIAN_POINT ( 'NONE',  ( 0.2044235576332493753, -0.1161428154177715083, 0.2900000000000000355 ) ) ;
#5184 = EDGE_CURVE ( 'NONE', #8444, #5853, #2277, .T. ) ;
#5185 = ADVANCED_FACE ( 'NONE', ( #1628 ), #4413, .F. ) ;
#5186 = CARTESIAN_POINT ( 'NONE',  ( 0.1455316201304421853, -0.1103636608034279099, 0.2900000000000000355 ) ) ;
#5187 = LINE ( 'NONE', #2303, #2021 ) ;
#5188 = VERTEX_POINT ( 'NONE', #3498 ) ;
#5189 = AXIS2_PLACEMENT_3D ( 'NONE', #4975, #6149, #7130 ) ;
#5190 = CARTESIAN_POINT ( 'NONE',  ( -0.05207561007423749944, -0.08238789649337455168, 0.2900000000000000355 ) ) ;
#5191 = CARTESIAN_POINT ( 'NONE',  ( 0.1407772574680280497, -0.09922534827611621810, 0.2900000000000000355 ) ) ;
#5192 = EDGE_LOOP ( 'NONE', ( #3311, #7409, #2129, #1188, #4252, #5268, #8473, #1457, #3683, #7395, #7529, #6469, #6443, #4501 ) ) ;
#5193 = CARTESIAN_POINT ( 'NONE',  ( 0.1268501668419325379, -0.1198891859963020501, 0.2900000000000000355 ) ) ;
#5194 = VERTEX_POINT ( 'NONE', #2136 ) ;
#5195 = DIRECTION ( 'NONE',  ( -0.000000000000000000, 1.000000000000000000, -0.000000000000000000 ) ) ;
#5196 = FACE_OUTER_BOUND ( 'NONE', #7318, .T. ) ;
#5197 = DIRECTION ( 'NONE',  ( -1.505836350674311741E-16, 1.000000000000000000, 0.000000000000000000 ) ) ;
#5198 = CARTESIAN_POINT ( 'NONE',  ( 0.03179938276514428230, -0.1087886779817301280, 0.2900000000000000355 ) ) ;
#5199 = ORIENTED_EDGE ( 'NONE', *, *, #1497, .T. ) ;
#5200 = B_SPLINE_SURFACE_WITH_KNOTS ( 'NONE', 3, 1, ( 
 ( #3600, #6345 ),
 ( #231, #2965 ),
 ( #6978, #86 ),
 ( #3691, #7754 ) ),
 .UNSPECIFIED., .F., .F., .F.,
 ( 4, 4 ),
 ( 2, 2 ),
 ( 3.000000000000000000, 4.000000000000000000 ),
 ( 0.000000000000000000, 1.000000000000000000 ),
 .UNSPECIFIED. ) ;
#5201 = LINE ( 'NONE', #7969, #1873 ) ;
#5202 = LINE ( 'NONE', #3087, #633 ) ;
#5203 = EDGE_LOOP ( 'NONE', ( #1101, #2613, #4858, #4511 ) ) ;
#5204 = ORIENTED_EDGE ( 'NONE', *, *, #6001, .F. ) ;
#5205 = DIRECTION ( 'NONE',  ( 0.000000000000000000, 0.000000000000000000, 1.000000000000000000 ) ) ;
#5206 = CARTESIAN_POINT ( 'NONE',  ( 0.1850953094240708197, -0.1234339581580547324, 0.2900000000000000355 ) ) ;
#5207 = CARTESIAN_POINT ( 'NONE',  ( 0.1349645031174793730, -0.1143956291389652546, 0.2800000000000000266 ) ) ;
#5208 = ORIENTED_EDGE ( 'NONE', *, *, #4762, .F. ) ;
#5209 = CARTESIAN_POINT ( 'NONE',  ( -0.06679462802803980137, -0.08285517737312161901, 0.2900000000000000355 ) ) ;
#5210 = CARTESIAN_POINT ( 'NONE',  ( 0.2573263421703542164, -0.1198891859963011758, 0.2900000000000000355 ) ) ;
#5211 = EDGE_CURVE ( 'NONE', #6136, #2840, #2092, .T. ) ;
#5212 = VERTEX_POINT ( 'NONE', #2232 ) ;
#5213 = DIRECTION ( 'NONE',  ( 0.000000000000000000, 0.000000000000000000, 1.000000000000000000 ) ) ;
#5214 = EDGE_CURVE ( 'NONE', #922, #748, #3546, .T. ) ;
#5215 = SPHERICAL_SURFACE ( 'NONE', #2159, 0.01000000000000000021 ) ;
#5216 = CARTESIAN_POINT ( 'NONE',  ( 0.2052047514982866250, -0.05102652679706329991, 0.2900000000000000355 ) ) ;
#5217 = VECTOR ( 'NONE', #2389, 1000.000000000000227 ) ;
#5218 = EDGE_LOOP ( 'NONE', ( #4591, #4787, #7231, #1306 ) ) ;
#5219 = CARTESIAN_POINT ( 'NONE',  ( 0.1353593000170110194, -0.1153028220145735083, 0.2800000000000000266 ) ) ;
#5220 = CARTESIAN_POINT ( 'NONE',  ( 0.1663886563333803470, -0.09588217453114028510, 0.2900000000000000355 ) ) ;
#5221 = SURFACE_STYLE_USAGE ( .BOTH. , #3925 ) ;
#5222 = ORIENTED_EDGE ( 'NONE', *, *, #7640, .F. ) ;
#5223 = CARTESIAN_POINT ( 'NONE',  ( -0.06679462802803980137, -0.08285517737312161901, 0.2800000000000000266 ) ) ;
#5224 = PLANE ( 'NONE',  #882 ) ;
#5225 = VECTOR ( 'NONE', #6688, 1000.000000000000000 ) ;
#5226 = VECTOR ( 'NONE', #6813, 1000.000000000000000 ) ;
#5227 = PLANE ( 'NONE',  #972 ) ;
#5228 = FILL_AREA_STYLE_COLOUR ( '', #5054 ) ;
#5229 = EDGE_CURVE ( 'NONE', #5159, #1334, #4891, .T. ) ;
#5230 = ORIENTED_EDGE ( 'NONE', *, *, #6947, .F. ) ;
#5231 = VECTOR ( 'NONE', #2530, 1000.000000000000000 ) ;
#5232 = EDGE_CURVE ( 'NONE', #758, #6045, #5638, .T. ) ;
#5233 = CARTESIAN_POINT ( 'NONE',  ( 0.1091767056373072614, -0.1198891859963020501, 0.2900000000000000355 ) ) ;
#5234 = CARTESIAN_POINT ( 'NONE',  ( 0.2999999999999995448, 0.1499999999999998834, 0.2700000000000000178 ) ) ;
#5235 = EDGE_LOOP ( 'NONE', ( #1452, #6148, #3449, #5362 ) ) ;
#5236 = CARTESIAN_POINT ( 'NONE',  ( 0.1796857519070766962, -0.1263235354653386988, 0.2800000000000000266 ) ) ;
#5237 = EDGE_LOOP ( 'NONE', ( #3199, #5307, #2292, #6014 ) ) ;
#5238 = EDGE_CURVE ( 'NONE', #7645, #6123, #7260, .T. ) ;
#5239 = CARTESIAN_POINT ( 'NONE',  ( 0.1850701096220007946, -0.1140932315139114028, 0.2900000000000000355 ) ) ;
#5240 = CARTESIAN_POINT ( 'NONE',  ( 0.1748725897063894696, -0.1272643280770378027, 0.2900000000000000355 ) ) ;
#5241 = CARTESIAN_POINT ( 'NONE',  ( 0.1778209665518348526, -0.09641977030928650105, 0.2900000000000000355 ) ) ;
#5242 = CARTESIAN_POINT ( 'NONE',  ( 0.1552251440041115260, -0.1148156258407888458, 0.2900000000000000355 ) ) ;
#5243 = VERTEX_POINT ( 'NONE', #4311 ) ;
#5244 = FACE_OUTER_BOUND ( 'NONE', #6526, .T. ) ;
#5245 = CARTESIAN_POINT ( 'NONE',  ( 0.07245188350249909259, -0.06089347957499382374, 0.2800000000000000266 ) ) ;
#5246 = VERTEX_POINT ( 'NONE', #7647 ) ;
#5247 = ORIENTED_EDGE ( 'NONE', *, *, #58, .F. ) ;
#5248 = CARTESIAN_POINT ( 'NONE',  ( 0.1455316201304421853, -0.1081124784825676921, 0.2800000000000000266 ) ) ;
#5249 = CARTESIAN_POINT ( 'NONE',  ( 0.1803241468934993486, -0.1309434991833836048, 0.2900000000000000355 ) ) ;
#5250 = DIRECTION ( 'NONE',  ( -0.000000000000000000, 1.000000000000000000, -0.000000000000000000 ) ) ;
#5251 = ORIENTED_EDGE ( 'NONE', *, *, #8819, .F. ) ;
#5252 = B_SPLINE_SURFACE_WITH_KNOTS ( 'NONE', 3, 1, ( 
 ( #1142, #2434 ),
 ( #3062, #4421 ),
 ( #4507, #3836 ),
 ( #5811, #2387 ) ),
 .UNSPECIFIED., .F., .F., .F.,
 ( 4, 4 ),
 ( 2, 2 ),
 ( 14.00000000000000000, 15.00000000000000000 ),
 ( 0.000000000000000000, 1.000000000000000000 ),
 .UNSPECIFIED. ) ;
#5253 = CARTESIAN_POINT ( 'NONE',  ( 0.1426000431530417834, -0.1164284131750039364, 0.2900000000000000355 ) ) ;
#5254 = CARTESIAN_POINT ( 'NONE',  ( 0.1355272986975834537, -0.06107284790003714159, 0.2800000000000000266 ) ) ;
#5255 = ORIENTED_EDGE ( 'NONE', *, *, #6588, .F. ) ;
#5256 = CARTESIAN_POINT ( 'NONE',  ( 0.1357540969165407507, -0.04182019909729014356, 0.2800000000000000266 ) ) ;
#5257 = FILL_AREA_STYLE ('',( #1720 ) ) ;
#5258 = DIRECTION ( 'NONE',  ( -0.000000000000000000, 1.000000000000000000, -0.000000000000000000 ) ) ;
#5259 = EDGE_CURVE ( 'NONE', #1926, #1450, #4990, .T. ) ;
#5260 = VERTEX_POINT ( 'NONE', #3139 ) ;
#5262 = EDGE_CURVE ( 'NONE', #5575, #8490, #6603, .T. ) ;
#5261 = VECTOR ( 'NONE', #4188, 1000.000000000000000 ) ;
#5263 = CARTESIAN_POINT ( 'NONE',  ( 0.1261025727129859719, -0.08702864406078214543, 0.2900000000000000355 ) ) ;
#5264 = MECHANICAL_DESIGN_GEOMETRIC_PRESENTATION_REPRESENTATION (  '', ( #2532 ), #8868 ) ;
#5265 = CARTESIAN_POINT ( 'NONE',  ( 0.1552503438061812180, -0.1041981092235767514, 0.2800000000000000266 ) ) ;
#5266 = B_SPLINE_CURVE_WITH_KNOTS ( 'NONE', 3,
 ( #6246, #3418, #6156, #1395 ),
 .UNSPECIFIED., .F., .F.,
 ( 4, 4 ),
 ( 4.000000000000000000, 5.000000000000000000 ),
 .UNSPECIFIED. ) ;
#5267 = CARTESIAN_POINT ( 'NONE',  ( 0.1614830948584406733, -0.1095740670043671428, 0.2900000000000000355 ) ) ;
#5268 = ORIENTED_EDGE ( 'NONE', *, *, #1364, .F. ) ;
#5269 = CARTESIAN_POINT ( 'NONE',  ( 0.2427524566238123682, -0.09389979009946414212, 0.2800000000000000266 ) ) ;
#5270 = VECTOR ( 'NONE', #2198, 1000.000000000000000 ) ;
#5271 = PRESENTATION_STYLE_ASSIGNMENT (( #8839 ) ) ;
#5272 = CARTESIAN_POINT ( 'NONE',  ( 0.1782829629236622193, -0.1274155268896769999, 0.2900000000000000355 ) ) ;
#5273 = B_SPLINE_SURFACE_WITH_KNOTS ( 'NONE', 3, 1, ( 
 ( #6104, #7424 ),
 ( #4000, #3406 ),
 ( #6742, #5422 ),
 ( #8186, #6824 ) ),
 .UNSPECIFIED., .F., .F., .F.,
 ( 4, 4 ),
 ( 2, 2 ),
 ( 2.000000000000000000, 3.000000000000000000 ),
 ( 0.000000000000000000, 1.000000000000000000 ),
 .UNSPECIFIED. ) ;
#5274 = EDGE_LOOP ( 'NONE', ( #1402, #8229, #3713, #1119 ) ) ;
#5275 = VECTOR ( 'NONE', #1671, 1000.000000000000000 ) ;
#5276 = CARTESIAN_POINT ( 'NONE',  ( -0.01189038130415705566, -0.04944536093643895486, 0.2900000000000000355 ) ) ;
#5277 = FACE_OUTER_BOUND ( 'NONE', #3120, .T. ) ;
#5278 = EDGE_CURVE ( 'NONE', #1842, #8101, #6067, .T. ) ;
#5279 = ORIENTED_EDGE ( 'NONE', *, *, #2592, .T. ) ;
#5280 = CARTESIAN_POINT ( 'NONE',  ( 0.05235926911757135538, -0.1200031517241759577, 0.2900000000000000355 ) ) ;
#5281 = VERTEX_POINT ( 'NONE', #5248 ) ;
#5282 = B_SPLINE_CURVE_WITH_KNOTS ( 'NONE', 3,
 ( #6391, #230, #8514, #5082 ),
 .UNSPECIFIED., .F., .F.,
 ( 4, 4 ),
 ( 23.00000000000000000, 24.00000000000000000 ),
 .UNSPECIFIED. ) ;
#5283 = CARTESIAN_POINT ( 'NONE',  ( 0.2044235576332510129, -0.1013253317843389734, 0.2900000000000000355 ) ) ;
#5284 = CARTESIAN_POINT ( 'NONE',  ( 0.06053649735290552586, -0.1193022482292757924, 0.2900000000000000355 ) ) ;
#5285 = EDGE_CURVE ( 'NONE', #8079, #5554, #7973, .T. ) ;
#5286 = CARTESIAN_POINT ( 'NONE',  ( -0.01609580672934368684, -0.08846240978810843147, 0.2900000000000000355 ) ) ;
#5287 = EDGE_LOOP ( 'NONE', ( #7508, #1, #394, #5087 ) ) ;
#5288 = DIRECTION ( 'NONE',  ( 0.000000000000000000, -0.000000000000000000, -1.000000000000000000 ) ) ;
#5289 = CARTESIAN_POINT ( 'NONE',  ( 0.1750237885189137588, -0.04919534117802613210, 0.2900000000000000355 ) ) ;
#5290 = ORIENTED_EDGE ( 'NONE', *, *, #2309, .T. ) ;
#5291 = ADVANCED_FACE ( 'NONE', ( #4538 ), #6471, .F. ) ;
#5292 = ORIENTED_EDGE ( 'NONE', *, *, #5872, .T. ) ;
#5293 = DIRECTION ( 'NONE',  ( 1.000000000000000000, 0.000000000000000000, 0.000000000000000000 ) ) ;
#5294 = EDGE_CURVE ( 'NONE', #1342, #2318, #363, .T. ) ;
#5295 =( NAMED_UNIT ( * ) PLANE_ANGLE_UNIT ( ) SI_UNIT ( $, .RADIAN. ) );
#5296 = EDGE_CURVE ( 'NONE', #1134, #7145, #2509, .T. ) ;
#5297 = CARTESIAN_POINT ( 'NONE',  ( 0.1361572937500942215, -0.1160084164734043327, 0.2800000000000000266 ) ) ;
#5298 = VERTEX_POINT ( 'NONE', #4400 ) ;
#5299 = CARTESIAN_POINT ( 'NONE',  ( 0.1407772574680280497, -0.09922534827611621810, 0.2900000000000000355 ) ) ;
#5300 = CARTESIAN_POINT ( 'NONE',  ( 0.1091767056373071088, -0.06775919538998910474, 0.2800000000000000266 ) ) ;
#5301 = B_SPLINE_CURVE_WITH_KNOTS ( 'NONE', 3,
 ( #3791, #5306, #4458, #3195 ),
 .UNSPECIFIED., .F., .F.,
 ( 4, 4 ),
 ( 18.00000000000000000, 19.00000000000000000 ),
 .UNSPECIFIED. ) ;
#5302 = CARTESIAN_POINT ( 'NONE',  ( 0.1292525479752074657, -0.06083764974716877189, 0.2800000000000000266 ) ) ;
#5303 = ORIENTED_EDGE ( 'NONE', *, *, #3737, .F. ) ;
#5304 = CARTESIAN_POINT ( 'NONE',  ( -0.03478661412469594844, -0.09500419059388154341, 0.2900000000000000355 ) ) ;
#5305 = CARTESIAN_POINT ( 'NONE',  ( 0.1578879230924379873, -0.09774695988649467759, 0.2800000000000000266 ) ) ;
#5306 = CARTESIAN_POINT ( 'NONE',  ( 0.1643894720336576964, -0.1204435816424944544, 0.2800000000000000266 ) ) ;
#5307 = ORIENTED_EDGE ( 'NONE', *, *, #63, .F. ) ;
#5308 = LINE ( 'NONE', #5428, #4515 ) ;
#5309 = AXIS2_PLACEMENT_3D ( 'NONE', #5590, #2215, #7725 ) ;
#5310 = DIRECTION ( 'NONE',  ( 0.000000000000000000, 0.000000000000000000, 1.000000000000000000 ) ) ;
#5311 = CARTESIAN_POINT ( 'NONE',  ( 0.1824241304017212295, -0.1198387863921627494, 0.2800000000000000266 ) ) ;
#5312 = ORIENTED_EDGE ( 'NONE', *, *, #6511, .T. ) ;
#5313 = CARTESIAN_POINT ( 'NONE',  ( 0.2463560283237261617, -0.09905734959543083251, 0.2900000000000000355 ) ) ;
#5314 = ADVANCED_FACE ( 'NONE', ( #3048 ), #3181, .F. ) ;
#5315 = AXIS2_PLACEMENT_3D ( 'NONE', #284, #7905, #6537 ) ;
#5316 = VECTOR ( 'NONE', #6030, 1000.000000000000000 ) ;
#5317 = B_SPLINE_CURVE_WITH_KNOTS ( 'NONE', 3,
 ( #7962, #2311, #3851, #2988 ),
 .UNSPECIFIED., .F., .F.,
 ( 4, 4 ),
 ( 15.00000000000000000, 16.00000000000000000 ),
 .UNSPECIFIED. ) ;
#5318 = LINE ( 'NONE', #6674, #2900 ) ;
#5319 = ORIENTED_EDGE ( 'NONE', *, *, #1364, .T. ) ;
#5320 = STYLED_ITEM ( 'NONE', ( #8283 ), #4468 ) ;
#5321 = CARTESIAN_POINT ( 'NONE',  ( 0.1839529183955946334, -0.1140596317778193869, 0.2800000000000000266 ) ) ;
#5322 = EDGE_CURVE ( 'NONE', #1417, #6454, #1843, .T. ) ;
#5323 = CARTESIAN_POINT ( 'NONE',  ( -0.3000000000000004330, 0.000000000000000000, 0.2700000000000000178 ) ) ;
#5324 = ORIENTED_EDGE ( 'NONE', *, *, #5278, .T. ) ;
#5325 = ADVANCED_FACE ( 'NONE', ( #3681 ), #8599, .F. ) ;
#5326 = CARTESIAN_POINT ( 'NONE',  ( 0.2240626034015048840, -0.1198891859963011758, 0.2900000000000000355 ) ) ;
#5327 = ORIENTED_EDGE ( 'NONE', *, *, #8039, .F. ) ;
#5328 = CARTESIAN_POINT ( 'NONE',  ( 0.2463560283237261617, -0.1072556852113210057, 0.2800000000000000266 ) ) ;
#5329 = CARTESIAN_POINT ( 'NONE',  ( 0.1447084265952874316, -0.03817462772726087916, 0.2900000000000000355 ) ) ;
#5330 = AXIS2_PLACEMENT_3D ( 'NONE', #7242, #2465, #5205 ) ;
#5331 = B_SPLINE_SURFACE_WITH_KNOTS ( 'NONE', 3, 1, ( 
 ( #6211, #54 ),
 ( #2798, #8294 ),
 ( #4861, #4195 ),
 ( #6938, #6258 ),
 ( #99, #2843 ),
 ( #8342, #2160 ),
 ( #4917, #7669 ) ),
 .UNSPECIFIED., .F., .F., .F.,
 ( 4, 3, 4 ),
 ( 2, 2 ),
 ( 0.000000000000000000, 1.000000000000000000, 2.000000000000000000 ),
 ( 0.000000000000000000, 1.000000000000000000 ),
 .UNSPECIFIED. ) ;
#5332 = CARTESIAN_POINT ( 'NONE',  ( -0.3100000000000004419, 0.1599999999999998646, 0.000000000000000000 ) ) ;
#5333 = VERTEX_POINT ( 'NONE', #8554 ) ;
#5334 = DIRECTION ( 'NONE',  ( 1.000000000000000000, 0.000000000000000000, 0.000000000000000000 ) ) ;
#5335 = ORIENTED_EDGE ( 'NONE', *, *, #8871, .F. ) ;
#5336 = VERTEX_POINT ( 'NONE', #3862 ) ;
#5337 = CARTESIAN_POINT ( 'NONE',  ( 0.1307897359032157703, -0.1136060353399044875, 0.2900000000000000355 ) ) ;
#5338 = ADVANCED_FACE ( 'NONE', ( #1757 ), #1692, .F. ) ;
#5339 = CARTESIAN_POINT ( 'NONE',  ( -0.03805750452769433856, -0.1038823267804621364, 0.2900000000000000355 ) ) ;
#5340 =( GEOMETRIC_REPRESENTATION_CONTEXT ( 3 ) GLOBAL_UNCERTAINTY_ASSIGNED_CONTEXT ( ( #4369 ) ) GLOBAL_UNIT_ASSIGNED_CONTEXT ( ( #1902, #475, #8041 ) ) REPRESENTATION_CONTEXT ( 'NONE', 'WORKASPACE' ) );
#5341 = ADVANCED_FACE ( 'NONE', ( #994 ), #904, .F. ) ;
#5342 = ORIENTED_EDGE ( 'NONE', *, *, #2706, .T. ) ;
#5343 = CARTESIAN_POINT ( 'NONE',  ( 0.2700000000000000733, 0.1199999999999999956, -0.02000000000000000042 ) ) ;
#5344 = DIRECTION ( 'NONE',  ( -0.000000000000000000, -0.000000000000000000, -1.000000000000000000 ) ) ;
#5345 = ADVANCED_FACE ( 'NONE', ( #7935 ), #4494, .F. ) ;
#5346 = CARTESIAN_POINT ( 'NONE',  ( 0.08226455916761837850, -0.09547146701761481669, 0.2800000000000000266 ) ) ;
#5347 = ORIENTED_EDGE ( 'NONE', *, *, #5614, .F. ) ;
#5348 = LINE ( 'NONE', #1307, #1613 ) ;
#5349 = CARTESIAN_POINT ( 'NONE',  ( 0.1570395297551042402, -0.1199731853367552170, 0.2900000000000000355 ) ) ;
#5350 = EDGE_CURVE ( 'NONE', #2001, #1667, #595, .T. ) ;
#5351 = ORIENTED_EDGE ( 'NONE', *, *, #6723, .T. ) ;
#5352 = CARTESIAN_POINT ( 'NONE',  ( 0.03997661100058996775, -0.09243420814213006154, 0.2900000000000000355 ) ) ;
#5353 = LINE ( 'NONE', #6834, #8237 ) ;
#5354 = DIRECTION ( 'NONE',  ( -0.000000000000000000, -0.000000000000000000, -1.000000000000000000 ) ) ;
#5355 = EDGE_LOOP ( 'NONE', ( #6190, #6522, #5110, #262 ) ) ;
#5356 = PLANE ( 'NONE',  #61 ) ;
#5357 = CARTESIAN_POINT ( 'NONE',  ( -0.05207561007423749944, -0.09196693617485586503, 0.2800000000000000266 ) ) ;
#5358 = FACE_OUTER_BOUND ( 'NONE', #410, .T. ) ;
#5359 = VECTOR ( 'NONE', #2375, 1000.000000000000000 ) ;
#5360 = DIRECTION ( 'NONE',  ( 0.000000000000000000, 0.000000000000000000, 1.000000000000000000 ) ) ;
#5361 = CARTESIAN_POINT ( 'NONE',  ( 0.1268501668419325379, -0.1161428154177720495, 0.2900000000000000355 ) ) ;
#5362 = ORIENTED_EDGE ( 'NONE', *, *, #2078, .T. ) ;
#5363 = CARTESIAN_POINT ( 'NONE',  ( 0.1496475878064338905, -0.1047861046058615186, 0.2900000000000000355 ) ) ;
#5364 = CARTESIAN_POINT ( 'NONE',  ( 0.2096651164694471881, -0.04603696598178081550, 0.2800000000000000266 ) ) ;
#5365 = VECTOR ( 'NONE', #298, 1000.000000000000000 ) ;
#5366 = CARTESIAN_POINT ( 'NONE',  ( 0.2283045700878408857, -0.09080861437540363457, 0.2800000000000000266 ) ) ;
#5367 = VERTEX_POINT ( 'NONE', #5925 ) ;
#5368 = VECTOR ( 'NONE', #8032, 1000.000000000000000 ) ;
#5369 = ORIENTED_EDGE ( 'NONE', *, *, #5764, .T. ) ;
#5370 = LINE ( 'NONE', #1909, #6722 ) ;
#5371 = CARTESIAN_POINT ( 'NONE',  ( 0.1806181445846414824, -0.1241059528807933188, 0.2800000000000000266 ) ) ;
#5372 = ADVANCED_FACE ( 'NONE', ( #6011 ), #7462, .F. ) ;
#5373 = DIRECTION ( 'NONE',  ( -1.000000000000000000, -0.000000000000000000, -0.000000000000000000 ) ) ;
#5374 = EDGE_CURVE ( 'NONE', #2748, #144, #8060, .T. ) ;
#5375 = ORIENTED_EDGE ( 'NONE', *, *, #3124, .F. ) ;
#5376 = DIRECTION ( 'NONE',  ( 0.000000000000000000, 0.000000000000000000, 1.000000000000000000 ) ) ;
#5377 = ORIENTED_EDGE ( 'NONE', *, *, #2514, .F. ) ;
#5378 = CARTESIAN_POINT ( 'NONE',  ( 0.1349645031174793730, -0.1132700379787587031, 0.2800000000000000266 ) ) ;
#5379 = CARTESIAN_POINT ( 'NONE',  ( 0.2651550806887820189, -0.08702864406078171522, 0.2900000000000000355 ) ) ;
#5380 = CARTESIAN_POINT ( 'NONE',  ( 0.2001815909466889420, -0.08702864406078214543, 0.2800000000000000266 ) ) ;
#5381 = ORIENTED_EDGE ( 'NONE', *, *, #2313, .F. ) ;
#5382 = PLANE ( 'NONE',  #6314 ) ;
#5383 = CARTESIAN_POINT ( 'NONE',  ( 0.2267421823577642492, -0.04140020239568983906, 0.2800000000000000266 ) ) ;
#5384 = ORIENTED_EDGE ( 'NONE', *, *, #3740, .T. ) ;
#5385 = CARTESIAN_POINT ( 'NONE',  ( 0.1668506527052079358, -0.1139084329651810362, 0.2900000000000000355 ) ) ;
#5386 = CARTESIAN_POINT ( 'NONE',  ( 0.1957464257773747218, -0.09641977030928607084, 0.2800000000000000266 ) ) ;
#5387 = ADVANCED_FACE ( 'NONE', ( #659 ), #8727, .F. ) ;
#5388 = FACE_OUTER_BOUND ( 'NONE', #4074, .T. ) ;
#5389 = EDGE_CURVE ( 'NONE', #2766, #3586, #5418, .T. ) ;
#5390 = LINE ( 'NONE', #8156, #51 ) ;
#5391 = DIRECTION ( 'NONE',  ( -0.000000000000000000, -0.000000000000000000, -1.000000000000000000 ) ) ;
#5392 = DIRECTION ( 'NONE',  ( 1.000000000000000000, 2.272406704998993869E-14, 0.000000000000000000 ) ) ;
#5393 = VERTEX_POINT ( 'NONE', #8898 ) ;
#5394 = CARTESIAN_POINT ( 'NONE',  ( 0.1767037753254269705, -0.06775919538998845248, 0.2900000000000000355 ) ) ;
#5395 = CARTESIAN_POINT ( 'NONE',  ( -0.03829114719579833348, -0.1195358797566788422, 0.2800000000000000266 ) ) ;
#5396 = PLANE ( 'NONE',  #4750 ) ;
#5397 = B_SPLINE_SURFACE_WITH_KNOTS ( 'NONE', 3, 1, ( 
 ( #2028, #2539 ),
 ( #5284, #6640 ),
 ( #2581, #6090 ),
 ( #6132, #4700 ) ),
 .UNSPECIFIED., .F., .F., .F.,
 ( 4, 4 ),
 ( 2, 2 ),
 ( 33.00000000000000000, 34.00000000000000000 ),
 ( 0.000000000000000000, 1.000000000000000000 ),
 .UNSPECIFIED. ) ;
#5398 = VECTOR ( 'NONE', #5812, 1000.000000000000000 ) ;
#5399 = VECTOR ( 'NONE', #6770, 1000.000000000000000 ) ;
#5400 =( NAMED_UNIT ( * ) SI_UNIT ( $, .STERADIAN. ) SOLID_ANGLE_UNIT ( ) );
#5401 = CARTESIAN_POINT ( 'NONE',  ( 0.1632722808073611975, -0.03867862376909076555, 0.2800000000000000266 ) ) ;
#5402 = ORIENTED_EDGE ( 'NONE', *, *, #114, .T. ) ;
#5403 = CARTESIAN_POINT ( 'NONE',  ( 0.2427524566238123682, -0.09389979009946414212, 0.2800000000000000266 ) ) ;
#5404 = CARTESIAN_POINT ( 'NONE',  ( 0.05656470791146696320, -0.04967899692029988795, 0.2900000000000000355 ) ) ;
#5405 = LINE ( 'NONE', #2799, #940 ) ;
#5406 = VECTOR ( 'NONE', #2535, 1000.000000000000000 ) ;
#5407 = CARTESIAN_POINT ( 'NONE',  ( 0.1438012337197918378, -0.1190491925931020933, 0.2900000000000000355 ) ) ;
#5408 = ORIENTED_EDGE ( 'NONE', *, *, #187, .T. ) ;
#5409 = ORIENTED_EDGE ( 'NONE', *, *, #1043, .T. ) ;
#5410 = CARTESIAN_POINT ( 'NONE',  ( 0.2178550521513145100, -0.1198891859963017309, 0.2900000000000000355 ) ) ;
#5411 = DIRECTION ( 'NONE',  ( -0.000000000000000000, -1.000000000000000000, -0.000000000000000000 ) ) ;
#5412 = CARTESIAN_POINT ( 'NONE',  ( -0.03805750452769433856, -0.1038823267804621364, 0.2800000000000000266 ) ) ;
#5413 = AXIS2_PLACEMENT_3D ( 'NONE', #6415, #6911, #6959 ) ;
#5414 = CARTESIAN_POINT ( 'NONE',  ( 0.1759561811965928979, -0.03867862376909076555, 0.2900000000000000355 ) ) ;
#5415 = ORIENTED_EDGE ( 'NONE', *, *, #5844, .F. ) ;
#5416 = CARTESIAN_POINT ( 'NONE',  ( 0.1845661135799477881, -0.1159916166053566455, 0.2800000000000000266 ) ) ;
#5417 = ORIENTED_EDGE ( 'NONE', *, *, #8741, .T. ) ;
#5418 = LINE ( 'NONE', #8770, #8443 ) ;
#5419 = EDGE_CURVE ( 'NONE', #8240, #4309, #8755, .T. ) ;
#5420 = DIRECTION ( 'NONE',  ( -0.3493954794691080945, 0.9369753459544983842, 0.000000000000000000 ) ) ;
#5421 = ORIENTED_EDGE ( 'NONE', *, *, #3142, .F. ) ;
#5422 = CARTESIAN_POINT ( 'NONE',  ( 0.2384180906629996821, -0.08702864406078171522, 0.2800000000000000266 ) ) ;
#5423 = CARTESIAN_POINT ( 'NONE',  ( 0.1357624968505631302, -0.03595704514249218470, 0.2900000000000000355 ) ) ;
#5424 = EDGE_LOOP ( 'NONE', ( #1710, #5698, #5621, #7914 ) ) ;
#5425 = SURFACE_STYLE_USAGE ( .BOTH. , #2605 ) ;
#5426 = EDGE_CURVE ( 'NONE', #4208, #8309, #7910, .T. ) ;
#5427 = CARTESIAN_POINT ( 'NONE',  ( 0.000000000000000000, 0.000000000000000000, 0.2800000000000000266 ) ) ;
#5428 = CARTESIAN_POINT ( 'NONE',  ( -0.3100000000000004419, 0.1499999999999998557, 0.2800000000000000266 ) ) ;
#5429 = DIRECTION ( 'NONE',  ( -0.000000000000000000, -0.000000000000000000, -1.000000000000000000 ) ) ;
#5430 = DIRECTION ( 'NONE',  ( -0.000000000000000000, -0.000000000000000000, -1.000000000000000000 ) ) ;
#5431 = ORIENTED_EDGE ( 'NONE', *, *, #5535, .F. ) ;
#5432 = CARTESIAN_POINT ( 'NONE',  ( 0.1355272986975834537, -0.06107284790003714159, 0.2900000000000000355 ) ) ;
#5433 = B_SPLINE_CURVE_WITH_KNOTS ( 'NONE', 3,
 ( #1405, #7668, #7715, #6985 ),
 .UNSPECIFIED., .F., .F.,
 ( 4, 4 ),
 ( 3.000000000000000000, 4.000000000000000000 ),
 .UNSPECIFIED. ) ;
#5434 = CARTESIAN_POINT ( 'NONE',  ( 0.2052047514982866250, -0.05102652679706329991, 0.2900000000000000355 ) ) ;
#5435 =( LENGTH_UNIT ( ) NAMED_UNIT ( * ) SI_UNIT ( .MILLI., .METRE. ) );
#5436 = VECTOR ( 'NONE', #8311, 1000.000000000000000 ) ;
#5437 = CARTESIAN_POINT ( 'NONE',  ( -0.3000000000000004330, -0.1500000000000001055, 0.2800000000000000266 ) ) ;
#5438 = CARTESIAN_POINT ( 'NONE',  ( -0.01609580672934368684, -0.08846240978810843147, 0.2800000000000000266 ) ) ;
#5439 = EDGE_LOOP ( 'NONE', ( #4065, #3605, #4773, #8585, #3676, #2383 ) ) ;
#5440 = CARTESIAN_POINT ( 'NONE',  ( 0.1468168100374211693, -0.09588217453114093736, 0.2900000000000000355 ) ) ;
#5441 = EDGE_CURVE ( 'NONE', #3320, #1549, #1259, .T. ) ;
#5442 = CARTESIAN_POINT ( 'NONE',  ( 0.1626590856230091253, -0.09922534827611621810, 0.2900000000000000355 ) ) ;
#5443 = CARTESIAN_POINT ( 'NONE',  ( 0.04651839180647415056, -0.03823087716779645373, 0.2800000000000000266 ) ) ;
#5444 = CARTESIAN_POINT ( 'NONE',  ( 0.1573251275122220239, -0.1163276139665031794, 0.2800000000000000266 ) ) ;
#5445 = ADVANCED_FACE ( 'NONE', ( #582 ), #3616, .F. ) ;
#5446 = VECTOR ( 'NONE', #2995, 1000.000000000000000 ) ;
#5447 = VECTOR ( 'NONE', #2533, 1000.000000000000000 ) ;
#5448 = EDGE_CURVE ( 'NONE', #1772, #7282, #2968, .T. ) ;
#5449 = CARTESIAN_POINT ( 'NONE',  ( 0.2669442666379279738, -0.09299259722408043105, 0.2900000000000000355 ) ) ;
#5450 = ORIENTED_EDGE ( 'NONE', *, *, #1623, .T. ) ;
#5451 = DIRECTION ( 'NONE',  ( -0.000000000000000000, -0.000000000000000000, -1.000000000000000000 ) ) ;
#5452 = FACE_OUTER_BOUND ( 'NONE', #6869, .T. ) ;
#5453 = VECTOR ( 'NONE', #5392, 1000.000000000000000 ) ;
#5454 = AXIS2_PLACEMENT_3D ( 'NONE', #884, #7718, #3660 ) ;
#5455 = FACE_OUTER_BOUND ( 'NONE', #1067, .T. ) ;
#5456 = ORIENTED_EDGE ( 'NONE', *, *, #4687, .T. ) ;
#5457 = FACE_OUTER_BOUND ( 'NONE', #4997, .T. ) ;
#5458 = ORIENTED_EDGE ( 'NONE', *, *, #1888, .T. ) ;
#5459 = VECTOR ( 'NONE', #321, 1000.000000000000000 ) ;
#5460 = CARTESIAN_POINT ( 'NONE',  ( -0.05581377244451030811, -0.05622077995419129393, 0.2800000000000000266 ) ) ;
#5461 = CARTESIAN_POINT ( 'NONE',  ( 0.1710758195236094792, -0.1156556192439889275, 0.2900000000000000355 ) ) ;
#5462 = CARTESIAN_POINT ( 'NONE',  ( 0.1803241468934993486, -0.1309434991833836048, 0.2900000000000000355 ) ) ;
#5463 = ORIENTED_EDGE ( 'NONE', *, *, #6241, .T. ) ;
#5464 = VECTOR ( 'NONE', #1270, 1000.000000000000000 ) ;
#5465 = B_SPLINE_SURFACE_WITH_KNOTS ( 'NONE', 3, 1, ( 
 ( #2, #3377 ),
 ( #4013, #1353 ),
 ( #599, #3334 ),
 ( #2656, #681 ) ),
 .UNSPECIFIED., .F., .F., .F.,
 ( 4, 4 ),
 ( 2, 2 ),
 ( 12.00000000000000000, 13.00000000000000000 ),
 ( 0.000000000000000000, 1.000000000000000000 ),
 .UNSPECIFIED. ) ;
#5466 = CARTESIAN_POINT ( 'NONE',  ( 0.2696910450665971348, -0.08702864406078171522, 0.2800000000000000266 ) ) ;
#5467 = DIRECTION ( 'NONE',  ( 1.000000000000000000, -0.000000000000000000, -0.000000000000000000 ) ) ;
#5468 = ORIENTED_EDGE ( 'NONE', *, *, #6144, .T. ) ;
#5469 = CARTESIAN_POINT ( 'NONE',  ( 0.1359556953333183049, -0.1204435816424944544, 0.2900000000000000355 ) ) ;
#5470 = CARTESIAN_POINT ( 'NONE',  ( 0.1561323368796070088, -0.09900694999129369678, 0.2900000000000000355 ) ) ;
#5471 = DIRECTION ( 'NONE',  ( 0.000000000000000000, 0.000000000000000000, -1.000000000000000000 ) ) ;
#5472 = VECTOR ( 'NONE', #5640, 1000.000000000000000 ) ;
#5473 = CARTESIAN_POINT ( 'NONE',  ( 0.04768656726864863027, -0.06930434379407687806, 0.2900000000000000355 ) ) ;
#5474 = EDGE_CURVE ( 'NONE', #8169, #5491, #1689, .T. ) ;
#5475 = CARTESIAN_POINT ( 'NONE',  ( -0.01632944716932911017, -0.1214049765386971541, 0.2900000000000000355 ) ) ;
#5476 = EDGE_CURVE ( 'NONE', #8339, #2320, #6737, .T. ) ;
#5477 = CARTESIAN_POINT ( 'NONE',  ( 0.1349645031174793730, -0.1119932480056896190, 0.2800000000000000266 ) ) ;
#5478 = EDGE_LOOP ( 'NONE', ( #2332, #2130, #1474, #5657, #2157, #6088, #5327, #7485 ) ) ;
#5479 = CARTESIAN_POINT ( 'NONE',  ( 0.2573263421703542164, -0.1198891859963011758, 0.2900000000000000355 ) ) ;
#5480 = LINE ( 'NONE', #8242, #2142 ) ;
#5481 = CARTESIAN_POINT ( 'NONE',  ( 0.03483663718428076789, -0.1197695201967750728, 0.2900000000000000355 ) ) ;
#5482 = DIRECTION ( 'NONE',  ( -1.000000000000000000, -0.000000000000000000, -0.000000000000000000 ) ) ;
#5483 = CARTESIAN_POINT ( 'NONE',  ( 0.06053649735290552586, -0.1050505111551090498, 0.2900000000000000355 ) ) ;
#5484 = ORIENTED_EDGE ( 'NONE', *, *, #5731, .T. ) ;
#5485 = CARTESIAN_POINT ( 'NONE',  ( 0.1710758195236094792, -0.1135052361316282732, 0.2800000000000000266 ) ) ;
#5486 = ORIENTED_EDGE ( 'NONE', *, *, #2355, .F. ) ;
#5487 = CARTESIAN_POINT ( 'NONE',  ( 0.2334369297817388555, -0.08702864406078171522, 0.2800000000000000266 ) ) ;
#5488 = CARTESIAN_POINT ( 'NONE',  ( 0.2673810632075740434, -0.09122861107722690654, 0.2800000000000000266 ) ) ;
#5489 = CARTESIAN_POINT ( 'NONE',  ( 0.03764026007612852193, -0.03052091839290870315, 0.2800000000000000266 ) ) ;
#5490 = AXIS2_PLACEMENT_3D ( 'NONE', #8326, #7845, #7651 ) ;
#5491 = VERTEX_POINT ( 'NONE', #3315 ) ;
#5492 = EDGE_CURVE ( 'NONE', #537, #8814, #1572, .T. ) ;
#5493 = DIRECTION ( 'NONE',  ( -0.8631877589411898200, -0.5048830486499685799, 0.000000000000000000 ) ) ;
#5494 = FACE_OUTER_BOUND ( 'NONE', #3875, .T. ) ;
#5495 = CARTESIAN_POINT ( 'NONE',  ( 0.1564179346367265133, -0.1064660914122611129, 0.2900000000000000355 ) ) ;
#5496 = B_SPLINE_CURVE_WITH_KNOTS ( 'NONE', 3,
 ( #1829, #3891, #5960, #7408 ),
 .UNSPECIFIED., .F., .F.,
 ( 4, 4 ),
 ( 2.000000000000000000, 3.000000000000000000 ),
 .UNSPECIFIED. ) ;
#5497 = ADVANCED_FACE ( 'NONE', ( #8857 ), #6346, .F. ) ;
#5498 = SPHERICAL_SURFACE ( 'NONE', #1696, 0.01000000000000000021 ) ;
#5499 = VECTOR ( 'NONE', #1068, 1000.000000000000000 ) ;
#5500 = ORIENTED_EDGE ( 'NONE', *, *, #2058, .F. ) ;
#5501 = EDGE_CURVE ( 'NONE', #776, #8747, #2079, .T. ) ;
#5502 = ORIENTED_EDGE ( 'NONE', *, *, #4996, .F. ) ;
#5503 = CARTESIAN_POINT ( 'NONE',  ( 0.1759561811965928979, -0.03867862376909076555, 0.2800000000000000266 ) ) ;
#5504 = PRESENTATION_LAYER_ASSIGNMENT (  '', '', ( #3073 ) ) ;
#5505 = LINE ( 'NONE', #7592, #405 ) ;
#5506 = CARTESIAN_POINT ( 'NONE',  ( 0.2016935790726276101, -0.06058565172625281908, 0.2800000000000000266 ) ) ;
#5507 = ORIENTED_EDGE ( 'NONE', *, *, #2541, .T. ) ;
#5508 = EDGE_LOOP ( 'NONE', ( #3224, #143, #2763, #8016 ) ) ;
#5509 = VECTOR ( 'NONE', #8241, 1000.000000000000000 ) ;
#5510 = FACE_OUTER_BOUND ( 'NONE', #7189, .T. ) ;
#5511 = CARTESIAN_POINT ( 'NONE',  ( 0.2016935790726276101, -0.06058565172625281908, 0.2900000000000000355 ) ) ;
#5512 = EDGE_LOOP ( 'NONE', ( #6433, #6053, #7407, #3852 ) ) ;
#5513 = CARTESIAN_POINT ( 'NONE',  ( 0.1657922610170732558, -0.1116740505125900229, 0.2800000000000000266 ) ) ;
#5514 = DIRECTION ( 'NONE',  ( -1.000000000000000000, 0.000000000000000000, 0.000000000000000000 ) ) ;
#5515 = CARTESIAN_POINT ( 'NONE',  ( -0.02357213147000173856, -0.04547356481053460575, 0.2900000000000000355 ) ) ;
#5516 = CARTESIAN_POINT ( 'NONE',  ( 0.01474402279924059631, -0.02608185169227541719, 0.2800000000000000266 ) ) ;
#5517 = CARTESIAN_POINT ( 'NONE',  ( 0.1349645031174793730, -0.1132700379787587031, 0.2900000000000000355 ) ) ;
#5518 = VERTEX_POINT ( 'NONE', #7003 ) ;
#5519 = CARTESIAN_POINT ( 'NONE',  ( 0.1619954908344053146, -0.1170836080294719028, 0.2800000000000000266 ) ) ;
#5520 = CARTESIAN_POINT ( 'NONE',  ( -0.05698195459103864990, -0.1083213971019836019, 0.2900000000000000355 ) ) ;
#5521 = PLANE ( 'NONE',  #3266 ) ;
#5522 = EDGE_CURVE ( 'NONE', #4829, #3637, #4977, .T. ) ;
#5523 = ADVANCED_FACE ( 'NONE', ( #6370 ), #164, .F. ) ;
#5524 = PLANE ( 'NONE',  #6703 ) ;
#5525 = DIRECTION ( 'NONE',  ( -0.000000000000000000, -0.000000000000000000, -1.000000000000000000 ) ) ;
#5526 = ORIENTED_EDGE ( 'NONE', *, *, #4559, .T. ) ;
#5527 = DIRECTION ( 'NONE',  ( -0.8863488427958585714, -0.4630180653866999840, 0.000000000000000000 ) ) ;
#5528 = ORIENTED_EDGE ( 'NONE', *, *, #7474, .F. ) ;
#5529 = CARTESIAN_POINT ( 'NONE',  ( 0.1433560372160112284, -0.06831359103618106499, 0.2900000000000000355 ) ) ;
#5530 = DIRECTION ( 'NONE',  ( -0.000000000000000000, -0.000000000000000000, -1.000000000000000000 ) ) ;
#5531 = CARTESIAN_POINT ( 'NONE',  ( 0.1595763098329710528, -0.1170836080294722359, 0.2800000000000000266 ) ) ;
#5532 = CARTESIAN_POINT ( 'NONE',  ( 0.1806181445846414824, -0.1241059528807933188, 0.2800000000000000266 ) ) ;
#5533 = VERTEX_POINT ( 'NONE', #5503 ) ;
#5534 = COLOUR_RGB ( '',0.2980392156862745057, 0.2980392156862745057, 0.2980392156862745057 ) ;
#5535 = EDGE_CURVE ( 'NONE', #5666, #5876, #5845, .T. ) ;
#5536 = CARTESIAN_POINT ( 'NONE',  ( 0.1643894720336576964, -0.09588217453114028510, 0.2900000000000000355 ) ) ;
#5537 = CARTESIAN_POINT ( 'NONE',  ( 0.2255913913952637684, -0.04140020239568983906, 0.2900000000000000355 ) ) ;
#5538 = B_SPLINE_SURFACE_WITH_KNOTS ( 'NONE', 3, 1, ( 
 ( #416, #505 ),
 ( #7294, #3236 ),
 ( #5304, #844 ),
 ( #7684, #2690 ) ),
 .UNSPECIFIED., .F., .F., .F.,
 ( 4, 4 ),
 ( 2, 2 ),
 ( 16.00000000000000000, 17.00000000000000000 ),
 ( 0.000000000000000000, 1.000000000000000000 ),
 .UNSPECIFIED. ) ;
#5539 = LINE ( 'NONE', #2167, #7176 ) ;
#5540 = AXIS2_PLACEMENT_3D ( 'NONE', #1290, #8849, #2671 ) ;
#5541 = FILL_AREA_STYLE_COLOUR ( '', #2170 ) ;
#5542 = PRESENTATION_LAYER_ASSIGNMENT (  '', '', ( #8435 ) ) ;
#5543 = VECTOR ( 'NONE', #4035, 1000.000000000000000 ) ;
#5544 = ORIENTED_EDGE ( 'NONE', *, *, #296, .F. ) ;
#5545 = CARTESIAN_POINT ( 'NONE',  ( 0.1643894720336576964, -0.09588217453114028510, 0.2800000000000000266 ) ) ;
#5546 = ORIENTED_EDGE ( 'NONE', *, *, #8055, .F. ) ;
#5547 = EDGE_CURVE ( 'NONE', #2444, #5246, #2301, .T. ) ;
#5548 = CARTESIAN_POINT ( 'NONE',  ( 0.1664978554759040386, -0.1122620458948733746, 0.2800000000000000266 ) ) ;
#5549 = ORIENTED_EDGE ( 'NONE', *, *, #5238, .F. ) ;
#5550 = VECTOR ( 'NONE', #6240, 1000.000000000000000 ) ;
#5551 = CARTESIAN_POINT ( 'NONE',  ( 0.03179938276514428230, -0.1127604674232806359, 0.2800000000000000266 ) ) ;
#5552 = PLANE ( 'NONE',  #5586 ) ;
#5553 = ORIENTED_EDGE ( 'NONE', *, *, #851, .F. ) ;
#5554 = VERTEX_POINT ( 'NONE', #4297 ) ;
#5555 = CARTESIAN_POINT ( 'NONE',  ( 0.1571907285677419108, -0.1074908833641913253, 0.2800000000000000266 ) ) ;
#5556 = CARTESIAN_POINT ( 'NONE',  ( 0.2673810632075740434, -0.09122861107722690654, 0.2800000000000000266 ) ) ;
#5557 = EDGE_CURVE ( 'NONE', #8442, #776, #5843, .T. ) ;
#5558 = MECHANICAL_DESIGN_GEOMETRIC_PRESENTATION_REPRESENTATION (  '', ( #6277 ), #6715 ) ;
#5559 = ORIENTED_EDGE ( 'NONE', *, *, #3951, .F. ) ;
#5560 = ORIENTED_EDGE ( 'NONE', *, *, #2978, .T. ) ;
#5561 = ADVANCED_FACE ( 'NONE', ( #6227 ), #3626, .F. ) ;
#5562 = ADVANCED_FACE ( 'NONE', ( #4931 ), #3043, .F. ) ;
#5563 = CARTESIAN_POINT ( 'NONE',  ( 0.1636502778388469748, -0.1103804606714744174, 0.2900000000000000355 ) ) ;
#5564 = CARTESIAN_POINT ( 'NONE',  ( -0.02707665785663739347, -0.04500629507137778040, 0.2900000000000000355 ) ) ;
#5565 = PLANE ( 'NONE',  #5490 ) ;
#5566 = B_SPLINE_CURVE_WITH_KNOTS ( 'NONE', 3,
 ( #8766, #7542, #6817, #3353 ),
 .UNSPECIFIED., .F., .F.,
 ( 4, 4 ),
 ( 0.000000000000000000, 1.000000000000000000 ),
 .UNSPECIFIED. ) ;
#5567 = CARTESIAN_POINT ( 'NONE',  ( 0.04651839180647415056, -0.03823087716779645373, 0.2800000000000000266 ) ) ;
#5568 = ORIENTED_EDGE ( 'NONE', *, *, #8600, .T. ) ;
#5569 = CARTESIAN_POINT ( 'NONE',  ( 0.2508163932953340614, -0.1030389183270530862, 0.2800000000000000266 ) ) ;
#5570 = CARTESIAN_POINT ( 'NONE',  ( 0.1524531657733733114, -0.06639840607668964778, 0.2900000000000000355 ) ) ;
#5571 = LINE ( 'NONE', #4230, #7940 ) ;
#5572 = CARTESIAN_POINT ( 'NONE',  ( 0.1632722808073605036, -0.05295851162460198103, 0.2800000000000000266 ) ) ;
#5573 = CARTESIAN_POINT ( 'NONE',  ( -0.06679462802803980137, -0.09220058107096566757, 0.2900000000000000355 ) ) ;
#5574 = CARTESIAN_POINT ( 'NONE',  ( 0.06777918165368944370, -0.09710691890352517175, 0.2900000000000000355 ) ) ;
#5575 = VERTEX_POINT ( 'NONE', #2944 ) ;
#5576 = B_SPLINE_CURVE_WITH_KNOTS ( 'NONE', 3,
 ( #3349, #8762, #653, #533 ),
 .UNSPECIFIED., .F., .F.,
 ( 4, 4 ),
 ( 5.000000000000000000, 6.000000000000000000 ),
 .UNSPECIFIED. ) ;
#5577 = B_SPLINE_CURVE_WITH_KNOTS ( 'NONE', 3,
 ( #3211, #7406, #3300, #5997 ),
 .UNSPECIFIED., .F., .F.,
 ( 4, 4 ),
 ( 34.00000000000000000, 35.00000000000000000 ),
 .UNSPECIFIED. ) ;
#5578 = VERTEX_POINT ( 'NONE', #7636 ) ;
#5579 = ORIENTED_EDGE ( 'NONE', *, *, #1104, .T. ) ;
#5580 = CARTESIAN_POINT ( 'NONE',  ( 0.1439440325982963564, -0.09922534827611621810, 0.2800000000000000266 ) ) ;
#5581 = CARTESIAN_POINT ( 'NONE',  ( -0.03829114719579833348, -0.1195358797566788422, 0.2800000000000000266 ) ) ;
#5582 = CARTESIAN_POINT ( 'NONE',  ( 0.2330169330801391547, -0.05877126597503697092, 0.2900000000000000355 ) ) ;
#5583 = EDGE_CURVE ( 'NONE', #7452, #1539, #1445, .T. ) ;
#5584 = CARTESIAN_POINT ( 'NONE',  ( -0.03525389054843123399, -0.1288812834545230990, 0.2800000000000000266 ) ) ;
#5585 = VERTEX_POINT ( 'NONE', #1469 ) ;
#5586 = AXIS2_PLACEMENT_3D ( 'NONE', #5740, #3673, #6325 ) ;
#5587 = DIRECTION ( 'NONE',  ( 0.5048830486499684689, -0.8631877589411897089, 0.000000000000000000 ) ) ;
#5588 = CARTESIAN_POINT ( 'NONE',  ( 0.2283045700878408857, -0.09080861437540363457, 0.2900000000000000355 ) ) ;
#5589 = ADVANCED_FACE ( 'NONE', ( #4207 ), #5625, .F. ) ;
#5590 = CARTESIAN_POINT ( 'NONE',  ( -0.3000000000000004330, 0.1499999999999998557, 0.000000000000000000 ) ) ;
#5591 = ORIENTED_EDGE ( 'NONE', *, *, #4383, .F. ) ;
#5592 = SURFACE_STYLE_FILL_AREA ( #4782 ) ;
#5593 = STYLED_ITEM ( 'NONE', ( #6257 ), #8548 ) ;
#5594 = ORIENTED_EDGE ( 'NONE', *, *, #7836, .F. ) ;
#5595 = ADVANCED_FACE ( 'NONE', ( #2856 ), #4984, .T. ) ;
#5596 = CARTESIAN_POINT ( 'NONE',  ( -0.02053487705075304412, -0.04150176868463013174, 0.2800000000000000266 ) ) ;
#5597 = EDGE_CURVE ( 'NONE', #1998, #4525, #1143, .T. ) ;
#5598 = B_SPLINE_CURVE_WITH_KNOTS ( 'NONE', 3,
 ( #8628, #3814, #6551, #395 ),
 .UNSPECIFIED., .F., .F.,
 ( 4, 4 ),
 ( 2.000000000000000000, 3.000000000000000000 ),
 .UNSPECIFIED. ) ;
#5599 = ORIENTED_EDGE ( 'NONE', *, *, #5214, .T. ) ;
#5600 = CARTESIAN_POINT ( 'NONE',  ( 0.1400380632731053898, -0.1088516726774915455, 0.2900000000000000355 ) ) ;
#5601 = ORIENTED_EDGE ( 'NONE', *, *, #327, .T. ) ;
#5602 = DIRECTION ( 'NONE',  ( -0.000000000000000000, -0.000000000000000000, -1.000000000000000000 ) ) ;
#5603 = AXIS2_PLACEMENT_3D ( 'NONE', #6437, #7753, #3646 ) ;
#5604 = FACE_OUTER_BOUND ( 'NONE', #8228, .T. ) ;
#5605 = VERTEX_POINT ( 'NONE', #5865 ) ;
#5606 = VERTEX_POINT ( 'NONE', #4524 ) ;
#5607 = FACE_OUTER_BOUND ( 'NONE', #1607, .T. ) ;
#5608 = CARTESIAN_POINT ( 'NONE',  ( 0.1844569144376479453, -0.1159916166053566455, 0.2900000000000000355 ) ) ;
#5609 = ORIENTED_EDGE ( 'NONE', *, *, #3620, .F. ) ;
#5610 = ORIENTED_EDGE ( 'NONE', *, *, #7952, .T. ) ;
#5611 = CARTESIAN_POINT ( 'NONE',  ( 0.2257929898120416279, -0.04086260661754313045, 0.2800000000000000266 ) ) ;
#5612 = UNCERTAINTY_MEASURE_WITH_UNIT (LENGTH_MEASURE( 1.000000000000000082E-05 ), #3967, 'distance_accuracy_value', 'NONE');
#5613 = LINE ( 'NONE', #8371, #1963 ) ;
#5614 = EDGE_CURVE ( 'NONE', #5018, #5733, #4434, .T. ) ;
#5615 = PRESENTATION_LAYER_ASSIGNMENT (  '', '', ( #6484 ) ) ;
#5616 = LINE ( 'NONE', #177, #3781 ) ;
#5617 = B_SPLINE_CURVE_WITH_KNOTS ( 'NONE', 3,
 ( #7888, #4449, #497, #6605 ),
 .UNSPECIFIED., .F., .F.,
 ( 4, 4 ),
 ( 2.000000000000000000, 3.000000000000000000 ),
 .UNSPECIFIED. ) ;
#5618 = ADVANCED_FACE ( 'NONE', ( #2404 ), #4388, .T. ) ;
#5619 =( LENGTH_UNIT ( ) NAMED_UNIT ( * ) SI_UNIT ( .MILLI., .METRE. ) );
#5620 = CARTESIAN_POINT ( 'NONE',  ( 0.1411636544335355403, -0.09588217453114028510, 0.2800000000000000266 ) ) ;
#5621 = ORIENTED_EDGE ( 'NONE', *, *, #7059, .T. ) ;
#5622 = CARTESIAN_POINT ( 'NONE',  ( 0.1091767056373072614, -0.08702864406078214543, 0.2800000000000000266 ) ) ;
#5623 = DIRECTION ( 'NONE',  ( -0.000000000000000000, 1.000000000000000000, -0.000000000000000000 ) ) ;
#5624 = CARTESIAN_POINT ( 'NONE',  ( 0.2673810632075740434, -0.09122861107722689267, 0.2899999999999999245 ) ) ;
#5625 = B_SPLINE_SURFACE_WITH_KNOTS ( 'NONE', 3, 1, ( 
 ( #6956, #799 ),
 ( #7546, #3535 ),
 ( #6274, #2902 ),
 ( #1375, #115 ) ),
 .UNSPECIFIED., .F., .F., .F.,
 ( 4, 4 ),
 ( 2, 2 ),
 ( 19.00000000000000000, 20.00000000000000000 ),
 ( 0.000000000000000000, 1.000000000000000000 ),
 .UNSPECIFIED. ) ;
#5626 = EDGE_CURVE ( 'NONE', #3921, #4705, #5147, .T. ) ;
#5627 = CARTESIAN_POINT ( 'NONE',  ( 0.2700000000000000733, -0.1199999999999999956, 0.000000000000000000 ) ) ;
#5628 = CARTESIAN_POINT ( 'NONE',  ( 0.1475224044961397363, -0.03817462772726087916, 0.2800000000000000266 ) ) ;
#5629 = DIRECTION ( 'NONE',  ( 1.000000000000000000, -0.000000000000000000, -0.000000000000000000 ) ) ;
#5630 = ORIENTED_EDGE ( 'NONE', *, *, #3704, .T. ) ;
#5631 = ORIENTED_EDGE ( 'NONE', *, *, #8518, .T. ) ;
#5632 = CARTESIAN_POINT ( 'NONE',  ( 0.03997661100058996775, -0.09243420814213006154, 0.2800000000000000266 ) ) ;
#5633 = DIRECTION ( 'NONE',  ( -0.000000000000000000, -0.000000000000000000, -1.000000000000000000 ) ) ;
#5634 = LINE ( 'NONE', #7079, #4947 ) ;
#5635 = CARTESIAN_POINT ( 'NONE',  ( 0.2463560283237261617, -0.1031565174033763493, 0.2900000000000000355 ) ) ;
#5636 = VECTOR ( 'NONE', #2094, 1000.000000000000000 ) ;
#5637 = ORIENTED_EDGE ( 'NONE', *, *, #5614, .T. ) ;
#5638 = B_SPLINE_CURVE_WITH_KNOTS ( 'NONE', 3,
 ( #2776, #1480, #5611, #7698 ),
 .UNSPECIFIED., .F., .F.,
 ( 4, 4 ),
 ( 3.000000000000000000, 4.000000000000000000 ),
 .UNSPECIFIED. ) ;
#5639 = CARTESIAN_POINT ( 'NONE',  ( 0.1615922940008519271, -0.1204435816424944544, 0.2800000000000000266 ) ) ;
#5640 = DIRECTION ( 'NONE',  ( -0.000000000000000000, -0.000000000000000000, -1.000000000000000000 ) ) ;
#5641 = CARTESIAN_POINT ( 'NONE',  ( 0.1504035818694011428, -0.03479785424596924803, 0.2900000000000000355 ) ) ;
#5642 = ORIENTED_EDGE ( 'NONE', *, *, #2010, .F. ) ;
#5643 = ORIENTED_EDGE ( 'NONE', *, *, #7604, .T. ) ;
#5644 = CARTESIAN_POINT ( 'NONE',  ( 0.1662122577187846173, -0.09922534827611621810, 0.2800000000000000266 ) ) ;
#5645 = DIRECTION ( 'NONE',  ( -0.000000000000000000, 1.000000000000000000, -0.000000000000000000 ) ) ;
#5646 = ORIENTED_EDGE ( 'NONE', *, *, #8602, .F. ) ;
#5647 = CARTESIAN_POINT ( 'NONE',  ( 0.1360564945417067628, -0.1102964613312435171, 0.2800000000000000266 ) ) ;
#5648 = ORIENTED_EDGE ( 'NONE', *, *, #8631, .F. ) ;
#5649 = LINE ( 'NONE', #1472, #8598 ) ;
#5650 = EDGE_CURVE ( 'NONE', #5990, #5575, #7273, .T. ) ;
#5651 = VECTOR ( 'NONE', #7551, 1000.000000000000000 ) ;
#5652 = LINE ( 'NONE', #6230, #8061 ) ;
#5653 = EDGE_CURVE ( 'NONE', #3625, #3303, #2733, .T. ) ;
#5654 = ORIENTED_EDGE ( 'NONE', *, *, #3412, .T. ) ;
#5655 = ORIENTED_EDGE ( 'NONE', *, *, #7522, .T. ) ;
#5656 = CARTESIAN_POINT ( 'NONE',  ( 0.2677338604369894903, -0.09307659656431047090, 0.2900000000000000355 ) ) ;
#5657 = ORIENTED_EDGE ( 'NONE', *, *, #1979, .F. ) ;
#5658 = COLOUR_RGB ( '',0.6666666666666666297, 0.6666666666666666297, 0.6666666666666666297 ) ;
#5659 = VECTOR ( 'NONE', #607, 1000.000000000000000 ) ;
#5660 = ORIENTED_EDGE ( 'NONE', *, *, #4786, .T. ) ;
#5661 = CARTESIAN_POINT ( 'NONE',  ( 0.007267698058694544404, -0.1120595550161326837, 0.2800000000000000266 ) ) ;
#5662 = CARTESIAN_POINT ( 'NONE',  ( 0.03507026871179511063, -0.1055177831226081220, 0.2900000000000000355 ) ) ;
#5663 = VECTOR ( 'NONE', #6712, 1000.000000000000000 ) ;
#5664 = CARTESIAN_POINT ( 'NONE',  ( -0.02894573681371225699, -0.04500629507137778040, 0.2900000000000000355 ) ) ;
#5665 = CARTESIAN_POINT ( 'NONE',  ( 0.03179938276514396311, -0.04009995723881767948, 0.2900000000000000355 ) ) ;
#5666 = VERTEX_POINT ( 'NONE', #6458 ) ;
#5667 = ADVANCED_FACE ( 'NONE', ( #1657 ), #301, .F. ) ;
#5668 = CARTESIAN_POINT ( 'NONE',  ( 0.2508163932953340614, -0.1030389183270530862, 0.2900000000000000355 ) ) ;
#5669 = CARTESIAN_POINT ( 'NONE',  ( 0.2161750653446923021, -0.1013253317843389734, 0.2900000000000000355 ) ) ;
#5670 = CARTESIAN_POINT ( 'NONE',  ( 0.05913469036332886369, -0.05668804969334655108, 0.2800000000000000266 ) ) ;
#5671 = LINE ( 'NONE', #4368, #7577 ) ;
#5672 = ADVANCED_FACE ( 'NONE', ( #2451 ), #6593, .F. ) ;
#5673 = LINE ( 'NONE', #3229, #670 ) ;
#5674 = SURFACE_STYLE_FILL_AREA ( #190 ) ;
#5675 = VERTEX_POINT ( 'NONE', #5783 ) ;
#5676 = FACE_OUTER_BOUND ( 'NONE', #8666, .T. ) ;
#5677 = LINE ( 'NONE', #8522, #1505 ) ;
#5678 = CARTESIAN_POINT ( 'NONE',  ( -0.002778604677701132248, -0.09149966420735766715, 0.2800000000000000266 ) ) ;
#5679 = FACE_OUTER_BOUND ( 'NONE', #7968, .T. ) ;
#5680 = ADVANCED_FACE ( 'NONE', ( #3812 ), #5104, .F. ) ;
#5681 = CARTESIAN_POINT ( 'NONE',  ( 0.1643894720336576964, -0.09588217453114028510, 0.2900000000000000355 ) ) ;
#5682 = CARTESIAN_POINT ( 'NONE',  ( 0.1684298403033300529, -0.1185787962873645907, 0.2900000000000000355 ) ) ;
#5683 = CARTESIAN_POINT ( 'NONE',  ( 0.2283045700878408857, -0.09080861437540363457, 0.2900000000000000355 ) ) ;
#5684 = LINE ( 'NONE', #8259, #4865 ) ;
#5685 = ORIENTED_EDGE ( 'NONE', *, *, #516, .F. ) ;
#5686 = EDGE_LOOP ( 'NONE', ( #553, #6286, #7082, #5599 ) ) ;
#5687 = CARTESIAN_POINT ( 'NONE',  ( 0.1594923104926285751, -0.1023837234723617706, 0.2900000000000000355 ) ) ;
#5688 = CARTESIAN_POINT ( 'NONE',  ( -0.02894573681371225699, -0.04500629507137778040, 0.2900000000000000355 ) ) ;
#5689 = ORIENTED_EDGE ( 'NONE', *, *, #1703, .T. ) ;
#5690 = CARTESIAN_POINT ( 'NONE',  ( 0.1607439006635171530, -0.1000989414156316648, 0.2900000000000000355 ) ) ;
#5691 = ORIENTED_EDGE ( 'NONE', *, *, #7232, .F. ) ;
#5692 = CARTESIAN_POINT ( 'NONE',  ( 0.1294289465899150782, -0.04240819447957409200, 0.2900000000000000355 ) ) ;
#5693 = CARTESIAN_POINT ( 'NONE',  ( 0.1278497589917931554, -0.05687288088381659695, 0.2900000000000000355 ) ) ;
#5694 = AXIS2_PLACEMENT_3D ( 'NONE', #8247, #2061, #4810 ) ;
#5695 = AXIS2_PLACEMENT_3D ( 'NONE', #2213, #5493, #5587 ) ;
#5696 = EDGE_LOOP ( 'NONE', ( #3636, #3480, #4939, #988, #1953, #7617, #2755, #8597 ) ) ;
#5697 = B_SPLINE_CURVE_WITH_KNOTS ( 'NONE', 3,
 ( #8877, #8163, #1973, #6926 ),
 .UNSPECIFIED., .F., .F.,
 ( 4, 4 ),
 ( 11.00000000000000000, 12.00000000000000000 ),
 .UNSPECIFIED. ) ;
#5698 = ORIENTED_EDGE ( 'NONE', *, *, #6884, .F. ) ;
#5699 = B_SPLINE_SURFACE_WITH_KNOTS ( 'NONE', 3, 1, ( 
 ( #8535, #3624 ),
 ( #7870, #1697 ),
 ( #4432, #207 ),
 ( #5017, #7177 ),
 ( #1022, #3764 ),
 ( #6504, #5145 ) ),
 .UNSPECIFIED., .F., .F., .F.,
 ( 4, 2, 4 ),
 ( 2, 2 ),
 ( 2.000000000000000000, 3.000000000000000000, 4.000000000000000000 ),
 ( 0.000000000000000000, 1.000000000000000000 ),
 .UNSPECIFIED. ) ;
#5700 = CARTESIAN_POINT ( 'NONE',  ( 0.1361572937500942215, -0.1160084164734043327, 0.2900000000000000355 ) ) ;
#5701 = CARTESIAN_POINT ( 'NONE',  ( 0.2822069467750303318, -0.1198891859963011758, 0.2900000000000000355 ) ) ;
#5702 = ORIENTED_EDGE ( 'NONE', *, *, #4560, .F. ) ;
#5703 = ADVANCED_FACE ( 'NONE', ( #7179 ), #1024, .F. ) ;
#5704 = ORIENTED_EDGE ( 'NONE', *, *, #727, .F. ) ;
#5705 = AXIS2_PLACEMENT_3D ( 'NONE', #7872, #5736, #3168 ) ;
#5706 = CARTESIAN_POINT ( 'NONE',  ( 0.1552251440041115260, -0.1190659924611474074, 0.2900000000000000355 ) ) ;
#5707 = CARTESIAN_POINT ( 'NONE',  ( 0.2161750653446923021, -0.1050885022309148292, 0.2900000000000000355 ) ) ;
#5708 = VECTOR ( 'NONE', #7874, 1000.000000000000000 ) ;
#5709 = CARTESIAN_POINT ( 'NONE',  ( -0.3100000000000004419, -0.1600000000000000866, 0.2800000000000000266 ) ) ;
#5710 = EDGE_CURVE ( 'NONE', #901, #758, #3766, .T. ) ;
#5711 = ORIENTED_EDGE ( 'NONE', *, *, #4383, .T. ) ;
#5712 = CARTESIAN_POINT ( 'NONE',  ( 0.1385764747514161843, -0.1059452955021602111, 0.2800000000000000266 ) ) ;
#5713 = CARTESIAN_POINT ( 'NONE',  ( 0.2047091553902559702, -0.06315603154021404153, 0.2900000000000000355 ) ) ;
#5714 = CARTESIAN_POINT ( 'NONE',  ( 0.1650866665583540227, -0.1110860551303052557, 0.2800000000000000266 ) ) ;
#5715 = B_SPLINE_CURVE_WITH_KNOTS ( 'NONE', 3,
 ( #8142, #6101, #7376, #1261 ),
 .UNSPECIFIED., .F., .F.,
 ( 4, 4 ),
 ( 4.000000000000000000, 5.000000000000000000 ),
 .UNSPECIFIED. ) ;
#5717 = UNCERTAINTY_MEASURE_WITH_UNIT (LENGTH_MEASURE( 1.000000000000000082E-05 ), #7584, 'distance_accuracy_value', 'NONE');
#5716 = CARTESIAN_POINT ( 'NONE',  ( 0.1348805037771368953, -0.06681840277828925145, 0.2900000000000000355 ) ) ;
#5718 = LINE ( 'NONE', #3184, #1007 ) ;
#5719 = LINE ( 'NONE', #4372, #669 ) ;
#5720 = ORIENTED_EDGE ( 'NONE', *, *, #7654, .T. ) ;
#5721 = VERTEX_POINT ( 'NONE', #8670 ) ;
#5722 = CARTESIAN_POINT ( 'NONE',  ( 0.1764013777002614303, -0.1274155268896769999, 0.2900000000000000355 ) ) ;
#5723 = CARTESIAN_POINT ( 'NONE',  ( 0.1767037753254269705, -0.06775919538998845248, 0.2900000000000000355 ) ) ;
#5724 = FACE_OUTER_BOUND ( 'NONE', #5873, .T. ) ;
#5725 = CARTESIAN_POINT ( 'NONE',  ( 0.1361572937500942215, -0.1160084164734043327, 0.2900000000000000355 ) ) ;
#5726 =( NAMED_UNIT ( * ) PLANE_ANGLE_UNIT ( ) SI_UNIT ( $, .RADIAN. ) );
#5727 = CARTESIAN_POINT ( 'NONE',  ( 0.2255913913952637684, -0.04140020239568983906, 0.2900000000000000355 ) ) ;
#5728 = CARTESIAN_POINT ( 'NONE',  ( 0.1696982303422643890, -0.1096244666085043895, 0.2800000000000000266 ) ) ;
#5729 = EDGE_CURVE ( 'NONE', #1709, #5575, #3923, .T. ) ;
#5730 = EDGE_LOOP ( 'NONE', ( #3544, #7939, #2534, #2590 ) ) ;
#5731 = EDGE_CURVE ( 'NONE', #6989, #1018, #5317, .T. ) ;
#5732 = ADVANCED_FACE ( 'NONE', ( #256 ), #5913, .F. ) ;
#5733 = VERTEX_POINT ( 'NONE', #8491 ) ;
#5734 = CARTESIAN_POINT ( 'NONE',  ( 0.1615922940008519271, -0.1204435816424944544, 0.2900000000000000355 ) ) ;
#5735 = VERTEX_POINT ( 'NONE', #5 ) ;
#5736 = DIRECTION ( 'NONE',  ( 0.000000000000000000, -1.000000000000000000, 0.000000000000000000 ) ) ;
#5737 = ORIENTED_EDGE ( 'NONE', *, *, #4994, .F. ) ;
#5738 = CARTESIAN_POINT ( 'NONE',  ( 0.2285397682407089293, -0.03489865345446840905, 0.2800000000000000266 ) ) ;
#5739 = CARTESIAN_POINT ( 'NONE',  ( 0.2044235576332493753, -0.1161428154177715083, 0.2800000000000000266 ) ) ;
#5740 = CARTESIAN_POINT ( 'NONE',  ( 0.1091767056373071088, -0.06775919538998910474, 0.2900000000000000355 ) ) ;
#5741 = AXIS2_PLACEMENT_3D ( 'NONE', #1030, #2409, #6462 ) ;
#5742 = ORIENTED_EDGE ( 'NONE', *, *, #4462, .F. ) ;
#5743 = ORIENTED_EDGE ( 'NONE', *, *, #5731, .F. ) ;
#5744 = SURFACE_SIDE_STYLE ('',( #309 ) ) ;
#5745 = CARTESIAN_POINT ( 'NONE',  ( -0.01609580672934368684, -0.08846240978810843147, 0.2900000000000000355 ) ) ;
#5746 = VERTEX_POINT ( 'NONE', #2057 ) ;
#5747 = VERTEX_POINT ( 'NONE', #7362 ) ;
#5748 = VECTOR ( 'NONE', #627, 1000.000000000000000 ) ;
#5749 =( GEOMETRIC_REPRESENTATION_CONTEXT ( 3 ) GLOBAL_UNCERTAINTY_ASSIGNED_CONTEXT ( ( #5163 ) ) GLOBAL_UNIT_ASSIGNED_CONTEXT ( ( #4716, #8113, #8190 ) ) REPRESENTATION_CONTEXT ( 'NONE', 'WORKASPACE' ) );
#5750 = CARTESIAN_POINT ( 'NONE',  ( 0.03179938276514428230, -0.1127604674232806359, 0.2900000000000000355 ) ) ;
#5751 = CARTESIAN_POINT ( 'NONE',  ( 0.1699502283632908783, -0.09692376635134111740, 0.2900000000000000355 ) ) ;
#5752 = VECTOR ( 'NONE', #1396, 1000.000000000000000 ) ;
#5753 = ORIENTED_EDGE ( 'NONE', *, *, #4575, .F. ) ;
#5754 = CARTESIAN_POINT ( 'NONE',  ( 0.1361572937500942215, -0.1160084164734043327, 0.2900000000000000355 ) ) ;
#5755 = ORIENTED_EDGE ( 'NONE', *, *, #4508, .T. ) ;
#5756 = LINE ( 'NONE', #2240, #5033 ) ;
#5757 = CARTESIAN_POINT ( 'NONE',  ( 0.1134186723237558120, -0.03489865345446935968, 0.2800000000000000266 ) ) ;
#5758 = CARTESIAN_POINT ( 'NONE',  ( 0.1829113265756171502, -0.06775919538998845248, 0.2900000000000000355 ) ) ;
#5759 = CARTESIAN_POINT ( 'NONE',  ( 0.1696982303422643890, -0.1096244666085043895, 0.2900000000000000355 ) ) ;
#5760 = PRESENTATION_LAYER_ASSIGNMENT (  '', '', ( #3759 ) ) ;
#5761 = CARTESIAN_POINT ( 'NONE',  ( 0.1732178027019473654, -0.09641977030928650105, 0.2800000000000000266 ) ) ;
#5762 = EDGE_CURVE ( 'NONE', #3632, #7695, #2789, .T. ) ;
#5763 = EDGE_LOOP ( 'NONE', ( #7616, #2566, #8606, #5456 ) ) ;
#5764 = EDGE_CURVE ( 'NONE', #3214, #6208, #8046, .T. ) ;
#5765 = ORIENTED_EDGE ( 'NONE', *, *, #3524, .T. ) ;
#5766 = LINE ( 'NONE', #239, #7107 ) ;
#5767 = LINE ( 'NONE', #6490, #1163 ) ;
#5768 = CARTESIAN_POINT ( 'NONE',  ( 0.1437676339835886052, -0.1151516232019337699, 0.2900000000000000355 ) ) ;
#5769 = CARTESIAN_POINT ( 'NONE',  ( 0.1596519092392909844, -0.09650376964951762337, 0.2900000000000000355 ) ) ;
#5770 = VECTOR ( 'NONE', #1081, 1000.000000000000000 ) ;
#5771 = CARTESIAN_POINT ( 'NONE',  ( 0.1756453836374043953, -0.1274155268896769999, 0.2800000000000000266 ) ) ;
#5772 = LINE ( 'NONE', #6543, #7364 ) ;
#5773 = B_SPLINE_SURFACE_WITH_KNOTS ( 'NONE', 3, 1, ( 
 ( #2211, #5139 ),
 ( #2345, #7909 ),
 ( #5050, #2255 ),
 ( #1733, #4966 ) ),
 .UNSPECIFIED., .F., .F., .F.,
 ( 4, 4 ),
 ( 2, 2 ),
 ( 5.000000000000000000, 6.000000000000000000 ),
 ( 0.000000000000000000, 1.000000000000000000 ),
 .UNSPECIFIED. ) ;
#5774 = VECTOR ( 'NONE', #8302, 1000.000000000000000 ) ;
#5775 = EDGE_LOOP ( 'NONE', ( #5579, #3388, #2909, #5826 ) ) ;
#5776 = ORIENTED_EDGE ( 'NONE', *, *, #6761, .F. ) ;
#5777 = COLOUR_RGB ( '',0.2980392156862745057, 0.2980392156862745057, 0.2980392156862745057 ) ;
#5778 = CARTESIAN_POINT ( 'NONE',  ( 0.1341497095162371145, -0.1198219865241172133, 0.2800000000000000266 ) ) ;
#5779 = B_SPLINE_CURVE_WITH_KNOTS ( 'NONE', 3,
 ( #6720, #565, #8800, #7404 ),
 .UNSPECIFIED., .F., .F.,
 ( 4, 4 ),
 ( 6.000000000000000000, 7.000000000000000000 ),
 .UNSPECIFIED. ) ;
#5780 = FACE_OUTER_BOUND ( 'NONE', #4899, .T. ) ;
#5781 = EDGE_CURVE ( 'NONE', #7444, #2418, #6203, .T. ) ;
#5782 = EDGE_LOOP ( 'NONE', ( #2620, #6236, #5973, #8566 ) ) ;
#5783 = CARTESIAN_POINT ( 'NONE',  ( 0.2001815909466889420, -0.08702864406078214543, 0.2800000000000000266 ) ) ;
#5784 = ORIENTED_EDGE ( 'NONE', *, *, #3440, .T. ) ;
#5785 = EDGE_CURVE ( 'NONE', #1360, #5281, #3466, .T. ) ;
#5786 = DIRECTION ( 'NONE',  ( -0.000000000000000000, -0.000000000000000000, -1.000000000000000000 ) ) ;
#5787 = CARTESIAN_POINT ( 'NONE',  ( 0.1091767056373071088, -0.06775919538998910474, 0.2900000000000000355 ) ) ;
#5788 = EDGE_CURVE ( 'NONE', #1025, #6098, #5496, .T. ) ;
#5789 = DIRECTION ( 'NONE',  ( 0.000000000000000000, 0.000000000000000000, 1.000000000000000000 ) ) ;
#5790 = VERTEX_POINT ( 'NONE', #772 ) ;
#5791 = ORIENTED_EDGE ( 'NONE', *, *, #7439, .T. ) ;
#5792 = ADVANCED_FACE ( 'NONE', ( #1203 ), #5521, .F. ) ;
#5793 = CARTESIAN_POINT ( 'NONE',  ( 0.2696910450665971348, -0.08702864406078171522, 0.2900000000000000355 ) ) ;
#5794 = DIRECTION ( 'NONE',  ( -0.3385350342956551795, -0.9409537876827105407, 0.000000000000000000 ) ) ;
#5795 = ORIENTED_EDGE ( 'NONE', *, *, #7726, .T. ) ;
#5796 = ORIENTED_EDGE ( 'NONE', *, *, #849, .T. ) ;
#5797 = CARTESIAN_POINT ( 'NONE',  ( 0.2044235576332493753, -0.1050885022309148292, 0.2900000000000000355 ) ) ;
#5798 = AXIS2_PLACEMENT_3D ( 'NONE', #8077, #6624, #3111 ) ;
#5799 = SURFACE_STYLE_USAGE ( .BOTH. , #6521 ) ;
#5800 = VERTEX_POINT ( 'NONE', #5280 ) ;
#5801 = CARTESIAN_POINT ( 'NONE',  ( 0.03179938276514428230, -0.1127604674232806359, 0.2900000000000000355 ) ) ;
#5802 = ORIENTED_EDGE ( 'NONE', *, *, #3920, .F. ) ;
#5803 = FACE_OUTER_BOUND ( 'NONE', #7043, .T. ) ;
#5804 = DIRECTION ( 'NONE',  ( 0.000000000000000000, -1.000000000000000000, 0.000000000000000000 ) ) ;
#5805 = DIRECTION ( 'NONE',  ( -0.000000000000000000, -0.000000000000000000, 1.000000000000000000 ) ) ;
#5806 = ORIENTED_EDGE ( 'NONE', *, *, #6718, .F. ) ;
#5807 = DIRECTION ( 'NONE',  ( 0.000000000000000000, -0.000000000000000000, -1.000000000000000000 ) ) ;
#5808 = VECTOR ( 'NONE', #1730, 1000.000000000000000 ) ;
#5809 = DIRECTION ( 'NONE',  ( -1.000000000000000000, -0.000000000000000000, -0.000000000000000000 ) ) ;
#5810 = VERTEX_POINT ( 'NONE', #480 ) ;
#5811 = CARTESIAN_POINT ( 'NONE',  ( 0.1603911034341025665, -0.1045677063208142465, 0.2900000000000000355 ) ) ;
#5812 = DIRECTION ( 'NONE',  ( -0.000000000000000000, -0.000000000000000000, -1.000000000000000000 ) ) ;
#5813 =( NAMED_UNIT ( * ) SI_UNIT ( $, .STERADIAN. ) SOLID_ANGLE_UNIT ( ) );
#5814 = CARTESIAN_POINT ( 'NONE',  ( 0.1411048548952625603, -0.1170668081614266998, 0.2800000000000000266 ) ) ;
#5815 = CARTESIAN_POINT ( 'NONE',  ( 0.1618190922196970083, -0.09588217453114028510, 0.2900000000000000355 ) ) ;
#5816 = ADVANCED_FACE ( 'NONE', ( #3938 ), #169, .F. ) ;
#5817 =( NAMED_UNIT ( * ) SI_UNIT ( $, .STERADIAN. ) SOLID_ANGLE_UNIT ( ) );
#5818 = EDGE_CURVE ( 'NONE', #6079, #8444, #528, .T. ) ;
#5819 = CARTESIAN_POINT ( 'NONE',  ( -0.02894573681371225699, -0.04500629507137778040, 0.2900000000000000355 ) ) ;
#5820 = CARTESIAN_POINT ( 'NONE',  ( 0.03273392669980517561, -0.08005154556902538410, 0.2800000000000000266 ) ) ;
#5821 = VERTEX_POINT ( 'NONE', #8244 ) ;
#5822 = EDGE_LOOP ( 'NONE', ( #3807, #2855, #7100, #1477, #1548, #292, #6745, #6139, #4191, #4819, #1087, #2222 ) ) ;
#5823 = DIRECTION ( 'NONE',  ( 1.000000000000000000, -0.000000000000000000, 0.000000000000000000 ) ) ;
#5824 = EDGE_CURVE ( 'NONE', #97, #4389, #6051, .T. ) ;
#5825 = FACE_OUTER_BOUND ( 'NONE', #1269, .T. ) ;
#5826 = ORIENTED_EDGE ( 'NONE', *, *, #3761, .T. ) ;
#5827 = CARTESIAN_POINT ( 'NONE',  ( 0.06053649735290552586, -0.1050505111551090498, 0.2800000000000000266 ) ) ;
#5828 = ORIENTED_EDGE ( 'NONE', *, *, #2956, .T. ) ;
#5829 = DIRECTION ( 'NONE',  ( -0.000000000000000000, -0.000000000000000000, -1.000000000000000000 ) ) ;
#5830 = CARTESIAN_POINT ( 'NONE',  ( 0.1330829178940801660, -0.09806615737959341328, 0.2800000000000000266 ) ) ;
#5831 = ORIENTED_EDGE ( 'NONE', *, *, #5557, .F. ) ;
#5832 = ORIENTED_EDGE ( 'NONE', *, *, #4575, .T. ) ;
#5833 = CARTESIAN_POINT ( 'NONE',  ( 0.1496475878064338905, -0.09883895131060940753, 0.2900000000000000355 ) ) ;
#5834 = CARTESIAN_POINT ( 'NONE',  ( 0.2283045700878408857, -0.1161428154177709671, 0.2900000000000000355 ) ) ;
#5835 = VERTEX_POINT ( 'NONE', #3512 ) ;
#5836 = VERTEX_POINT ( 'NONE', #5999 ) ;
#5837 = CARTESIAN_POINT ( 'NONE',  ( 0.1355272986975834537, -0.06107284790003714159, 0.2900000000000000355 ) ) ;
#5838 = MECHANICAL_DESIGN_GEOMETRIC_PRESENTATION_REPRESENTATION (  '', ( #5983 ), #1535 ) ;
#5839 = EDGE_CURVE ( 'NONE', #4219, #3289, #3373, .T. ) ;
#5840 = VERTEX_POINT ( 'NONE', #8757 ) ;
#5841 = CARTESIAN_POINT ( 'NONE',  ( 0.2206774299861893052, -0.05505849513260052674, 0.2900000000000000355 ) ) ;
#5842 = CARTESIAN_POINT ( 'NONE',  ( 0.2999999999999995448, 0.000000000000000000, 0.2800000000000000266 ) ) ;
#5843 = B_SPLINE_CURVE_WITH_KNOTS ( 'NONE', 3,
 ( #7590, #7044, #897, #3438 ),
 .UNSPECIFIED., .F., .F.,
 ( 4, 4 ),
 ( 19.00000000000000000, 20.00000000000000000 ),
 .UNSPECIFIED. ) ;
#5844 = EDGE_CURVE ( 'NONE', #6098, #5298, #4654, .T. ) ;
#5845 = CIRCLE ( 'NONE', #5122, 0.01000000000000002623 ) ;
#5846 = EDGE_CURVE ( 'NONE', #5212, #2929, #6159, .T. ) ;
#5847 = EDGE_LOOP ( 'NONE', ( #6687, #5255, #1624, #1256 ) ) ;
#5848 = FACE_OUTER_BOUND ( 'NONE', #8404, .T. ) ;
#5849 = CARTESIAN_POINT ( 'NONE',  ( 0.1590303141209138960, -0.03489865345446935968, 0.2800000000000000266 ) ) ;
#5850 = FACE_OUTER_BOUND ( 'NONE', #3566, .T. ) ;
#5851 = EDGE_LOOP ( 'NONE', ( #7140, #2529, #8712, #3417 ) ) ;
#5852 = CARTESIAN_POINT ( 'NONE',  ( 0.1740661960392821950, -0.1306075018220133888, 0.2900000000000000355 ) ) ;
#5853 = VERTEX_POINT ( 'NONE', #2742 ) ;
#5854 = CARTESIAN_POINT ( 'NONE',  ( 0.2383004915866764051, -0.1198891859963011758, 0.2900000000000000355 ) ) ;
#5855 = DIRECTION ( 'NONE',  ( -0.000000000000000000, -0.000000000000000000, -1.000000000000000000 ) ) ;
#5856 = DIRECTION ( 'NONE',  ( -0.000000000000000000, -0.000000000000000000, -1.000000000000000000 ) ) ;
#5857 = CARTESIAN_POINT ( 'NONE',  ( -0.06679462802803980137, -0.07280887018082561613, 0.2900000000000000355 ) ) ;
#5858 = DIRECTION ( 'NONE',  ( -0.000000000000000000, -0.000000000000000000, -1.000000000000000000 ) ) ;
#5859 = CARTESIAN_POINT ( 'NONE',  ( 0.2671206652524126257, -0.09221980329306520008, 0.2800000000000000266 ) ) ;
#5860 = CARTESIAN_POINT ( 'NONE',  ( 0.2999999999999995448, -0.1500000000000001055, 0.2800000000000000266 ) ) ;
#5861 = ORIENTED_EDGE ( 'NONE', *, *, #8171, .T. ) ;
#5862 = CARTESIAN_POINT ( 'NONE',  ( 0.1357540969165407507, -0.04182019909729014356, 0.2900000000000000355 ) ) ;
#5863 = CARTESIAN_POINT ( 'NONE',  ( 0.2096651164694471881, -0.05090892772051711784, 0.2900000000000000355 ) ) ;
#5864 = EDGE_LOOP ( 'NONE', ( #7594, #5806, #6769, #7263 ) ) ;
#5865 = CARTESIAN_POINT ( 'NONE',  ( 0.1643894720336576964, -0.09588217453114028510, 0.2900000000000000355 ) ) ;
#5866 = ORIENTED_EDGE ( 'NONE', *, *, #851, .T. ) ;
#5867 = CARTESIAN_POINT ( 'NONE',  ( -0.02544121042707611635, -0.04523992882689723688, 0.2900000000000000355 ) ) ;
#5868 = CARTESIAN_POINT ( 'NONE',  ( 0.1524531657733733114, -0.04012341242262128932, 0.2800000000000000266 ) ) ;
#5869 = FILL_AREA_STYLE_COLOUR ( '', #5161 ) ;
#5870 = ADVANCED_FACE ( 'NONE', ( #4809 ), #7564, .T. ) ;
#5871 = CARTESIAN_POINT ( 'NONE',  ( 0.1455316201304421853, -0.1198891859963017309, 0.2900000000000000355 ) ) ;
#5872 = EDGE_CURVE ( 'NONE', #853, #8747, #2714, .T. ) ;
#5873 = EDGE_LOOP ( 'NONE', ( #7972, #8290, #5222, #2262 ) ) ;
#5874 = PLANE ( 'NONE',  #2440 ) ;
#5875 = CARTESIAN_POINT ( 'NONE',  ( 0.1348805037771368953, -0.06681840277828925145, 0.2900000000000000355 ) ) ;
#5876 = VERTEX_POINT ( 'NONE', #726 ) ;
#5877 = ORIENTED_EDGE ( 'NONE', *, *, #3709, .T. ) ;
#5878 = B_SPLINE_CURVE_WITH_KNOTS ( 'NONE', 3,
 ( #5725, #7123, #2298, #5049 ),
 .UNSPECIFIED., .F., .F.,
 ( 4, 4 ),
 ( 3.000000000000000000, 4.000000000000000000 ),
 .UNSPECIFIED. ) ;
#5879 = CARTESIAN_POINT ( 'NONE',  ( 0.08226455916761837850, -0.08729423878216989452, 0.2900000000000000355 ) ) ;
#5880 = MECHANICAL_DESIGN_GEOMETRIC_PRESENTATION_REPRESENTATION (  '', ( #7612 ), #3154 ) ;
#5881 = FACE_BOUND ( 'NONE', #191, .T. ) ;
#5882 = PLANE ( 'NONE',  #3248 ) ;
#5883 = B_SPLINE_CURVE_WITH_KNOTS ( 'NONE', 3,
 ( #4509, #5265, #7392, #7212 ),
 .UNSPECIFIED., .F., .F.,
 ( 4, 4 ),
 ( 5.000000000000000000, 6.000000000000000000 ),
 .UNSPECIFIED. ) ;
#5884 = UNCERTAINTY_MEASURE_WITH_UNIT (LENGTH_MEASURE( 1.000000000000000082E-05 ), #1103, 'distance_accuracy_value', 'NONE');
#5885 = ORIENTED_EDGE ( 'NONE', *, *, #5927, .F. ) ;
#5886 = CARTESIAN_POINT ( 'NONE',  ( 0.01474402279924059631, -0.02608185169227541719, 0.2800000000000000266 ) ) ;
#5887 = CARTESIAN_POINT ( 'NONE',  ( 0.2363685067591379529, -0.06775919538998964597, 0.2800000000000000266 ) ) ;
#5888 = MECHANICAL_DESIGN_GEOMETRIC_PRESENTATION_REPRESENTATION (  '', ( #872 ), #294 ) ;
#5889 =( GEOMETRIC_REPRESENTATION_CONTEXT ( 3 ) GLOBAL_UNCERTAINTY_ASSIGNED_CONTEXT ( ( #3826 ) ) GLOBAL_UNIT_ASSIGNED_CONTEXT ( ( #3849, #8668, #2576 ) ) REPRESENTATION_CONTEXT ( 'NONE', 'WORKASPACE' ) );
#5890 = ORIENTED_EDGE ( 'NONE', *, *, #4073, .F. ) ;
#5891 = PLANE ( 'NONE',  #6315 ) ;
#5892 = EDGE_CURVE ( 'NONE', #3015, #3324, #1589, .T. ) ;
#5893 = LINE ( 'NONE', #7387, #8589 ) ;
#5894 = EDGE_CURVE ( 'NONE', #1619, #8442, #7553, .T. ) ;
#5895 = MECHANICAL_DESIGN_GEOMETRIC_PRESENTATION_REPRESENTATION (  '', ( #304 ), #3164 ) ;
#5896 = CARTESIAN_POINT ( 'NONE',  ( -0.1299999999999998934, -0.1200000000000000233, -0.02000000000000000042 ) ) ;
#5897 = EDGE_CURVE ( 'NONE', #6281, #5840, #3010, .T. ) ;
#5898 = ORIENTED_EDGE ( 'NONE', *, *, #6541, .T. ) ;
#5899 = CARTESIAN_POINT ( 'NONE',  ( 0.1353593000170110194, -0.1153028220145735083, 0.2900000000000000355 ) ) ;
#5900 =( NAMED_UNIT ( * ) SI_UNIT ( $, .STERADIAN. ) SOLID_ANGLE_UNIT ( ) );
#5901 = CARTESIAN_POINT ( 'NONE',  ( 0.2700000000000000733, -0.1199999999999999956, 0.000000000000000000 ) ) ;
#5902 = VERTEX_POINT ( 'NONE', #8516 ) ;
#5903 = ADVANCED_FACE ( 'NONE', ( #2285 ), #920, .F. ) ;
#5904 = CARTESIAN_POINT ( 'NONE',  ( 0.007267698058694544404, -0.1097232040915597229, 0.2900000000000000355 ) ) ;
#5905 = AXIS2_PLACEMENT_3D ( 'NONE', #713, #3455, #8738 ) ;
#5906 = CARTESIAN_POINT ( 'NONE',  ( -0.03805750452769433856, -0.1038823267804621364, 0.2900000000000000355 ) ) ;
#5907 = CARTESIAN_POINT ( 'NONE',  ( 0.2283045700878408857, -0.1161428154177709671, 0.2900000000000000355 ) ) ;
#5908 = ORIENTED_EDGE ( 'NONE', *, *, #6332, .F. ) ;
#5909 = VECTOR ( 'NONE', #5169, 1000.000000000000000 ) ;
#5910 = CARTESIAN_POINT ( 'NONE',  ( 0.1447084265952874316, -0.03817462772726087916, 0.2900000000000000355 ) ) ;
#5911 = CARTESIAN_POINT ( 'NONE',  ( -0.02871210083007477709, -0.05902438724921166974, 0.2800000000000000266 ) ) ;
#5912 = ORIENTED_EDGE ( 'NONE', *, *, #7640, .T. ) ;
#5913 = PLANE ( 'NONE',  #8734 ) ;
#5914 = ORIENTED_EDGE ( 'NONE', *, *, #2322, .T. ) ;
#5915 = DIRECTION ( 'NONE',  ( 0.000000000000000000, -0.000000000000000000, -1.000000000000000000 ) ) ;
#5916 = CARTESIAN_POINT ( 'NONE',  ( 0.1764013777002614303, -0.1274155268896769999, 0.2900000000000000355 ) ) ;
#5917 = FACE_OUTER_BOUND ( 'NONE', #7827, .T. ) ;
#5918 = CARTESIAN_POINT ( 'NONE',  ( 0.1556367407716886253, -0.1054412994603306786, 0.2900000000000000355 ) ) ;
#5919 = ORIENTED_EDGE ( 'NONE', *, *, #995, .F. ) ;
#5920 = DIRECTION ( 'NONE',  ( 0.000000000000000000, -1.000000000000000000, 0.000000000000000000 ) ) ;
#5921 = CARTESIAN_POINT ( 'NONE',  ( 0.1595763098329710528, -0.1170836080294722359, 0.2900000000000000355 ) ) ;
#5922 = B_SPLINE_CURVE_WITH_KNOTS ( 'NONE', 3,
 ( #8882, #5951, #3975, #4600 ),
 .UNSPECIFIED., .F., .F.,
 ( 4, 4 ),
 ( 17.00000000000000000, 18.00000000000000000 ),
 .UNSPECIFIED. ) ;
#5923 = ORIENTED_EDGE ( 'NONE', *, *, #1654, .F. ) ;
#5924 = EDGE_LOOP ( 'NONE', ( #1755, #3551, #1760, #7161 ) ) ;
#5925 = CARTESIAN_POINT ( 'NONE',  ( 0.1914792592889684730, -0.09641977030928607084, 0.2900000000000000355 ) ) ;
#5926 = ADVANCED_FACE ( 'NONE', ( #7116 ), #5001, .F. ) ;
#5927 = EDGE_CURVE ( 'NONE', #6989, #4099, #3556, .T. ) ;
#5928 = SURFACE_STYLE_USAGE ( .BOTH. , #3182 ) ;
#5929 = CARTESIAN_POINT ( 'NONE',  ( 0.1632722808073617526, -0.04919534117802613210, 0.2900000000000000355 ) ) ;
#5930 = EDGE_LOOP ( 'NONE', ( #7057, #392, #8681, #1529 ) ) ;
#5931 = CARTESIAN_POINT ( 'NONE',  ( 0.2428448558982898298, -0.1127156423325654383, 0.2800000000000000266 ) ) ;
#5932 = CARTESIAN_POINT ( 'NONE',  ( 0.1594923104926285751, -0.1023837234723617706, 0.2900000000000000355 ) ) ;
#5933 = VERTEX_POINT ( 'NONE', #6394 ) ;
#5934 = AXIS2_PLACEMENT_3D ( 'NONE', #8605, #3099, #2513 ) ;
#5935 = CARTESIAN_POINT ( 'NONE',  ( 0.1307897359032157703, -0.1092212697749517236, 0.2800000000000000266 ) ) ;
#5936 = PRESENTATION_STYLE_ASSIGNMENT (( #2427 ) ) ;
#5937 = ORIENTED_EDGE ( 'NONE', *, *, #1339, .T. ) ;
#5938 = CARTESIAN_POINT ( 'NONE',  ( 0.1803241468934993486, -0.1309434991833836048, 0.2800000000000000266 ) ) ;
#5939 =( GEOMETRIC_REPRESENTATION_CONTEXT ( 3 ) GLOBAL_UNCERTAINTY_ASSIGNED_CONTEXT ( ( #7805 ) ) GLOBAL_UNIT_ASSIGNED_CONTEXT ( ( #4949, #6387, #7702 ) ) REPRESENTATION_CONTEXT ( 'NONE', 'WORKASPACE' ) );
#5940 = ORIENTED_EDGE ( 'NONE', *, *, #5022, .F. ) ;
#5941 = DIRECTION ( 'NONE',  ( 0.000000000000000000, 0.000000000000000000, 1.000000000000000000 ) ) ;
#5942 = EDGE_CURVE ( 'NONE', #8274, #2817, #8647, .T. ) ;
#5943 = LINE ( 'NONE', #1234, #1069 ) ;
#5944 = CARTESIAN_POINT ( 'NONE',  ( 0.1392988690782943628, -0.1170668081614266998, 0.2900000000000000355 ) ) ;
#5945 = VERTEX_POINT ( 'NONE', #2967 ) ;
#5946 = PLANE ( 'NONE',  #2209 ) ;
#5947 = EDGE_CURVE ( 'NONE', #6470, #7988, #7709, .T. ) ;
#5948 = CARTESIAN_POINT ( 'NONE',  ( 0.1668506527052079358, -0.1139084329651810362, 0.2800000000000000266 ) ) ;
#5949 = UNCERTAINTY_MEASURE_WITH_UNIT (LENGTH_MEASURE( 1.000000000000000082E-05 ), #7930, 'distance_accuracy_value', 'NONE');
#5950 = VECTOR ( 'NONE', #4694, 1000.000000000000000 ) ;
#5951 = CARTESIAN_POINT ( 'NONE',  ( -0.04623473276314061381, -0.1001441644103016476, 0.2800000000000000266 ) ) ;
#5952 = SURFACE_STYLE_FILL_AREA ( #8128 ) ;
#5953 = VERTEX_POINT ( 'NONE', #1544 ) ;
#5954 = VECTOR ( 'NONE', #6806, 1000.000000000000000 ) ;
#5955 = EDGE_CURVE ( 'NONE', #1025, #4227, #7854, .T. ) ;
#5956 = CARTESIAN_POINT ( 'NONE',  ( 0.06801282209367465192, -0.1155640814026559077, 0.2800000000000000266 ) ) ;
#5957 = EDGE_CURVE ( 'NONE', #3827, #4707, #7158, .T. ) ;
#5958 = CARTESIAN_POINT ( 'NONE',  ( 0.1699502283632908783, -0.1009221349507850168, 0.2900000000000000355 ) ) ;
#5959 = VERTEX_POINT ( 'NONE', #4231 ) ;
#5960 = CARTESIAN_POINT ( 'NONE',  ( 0.1668506527052079358, -0.1130012400895725744, 0.2900000000000000355 ) ) ;
#5961 = ORIENTED_EDGE ( 'NONE', *, *, #2373, .F. ) ;
#5962 = DIRECTION ( 'NONE',  ( 0.000000000000000000, 0.000000000000000000, -1.000000000000000000 ) ) ;
#5963 = PLANE ( 'NONE',  #1822 ) ;
#5964 = LINE ( 'NONE', #2544, #4189 ) ;
#5965 = ORIENTED_EDGE ( 'NONE', *, *, #5710, .T. ) ;
#5966 = CARTESIAN_POINT ( 'NONE',  ( 0.1524531657733733114, -0.06639840607668964778, 0.2800000000000000266 ) ) ;
#5967 =( LENGTH_UNIT ( ) NAMED_UNIT ( * ) SI_UNIT ( .MILLI., .METRE. ) );
#5968 = ORIENTED_EDGE ( 'NONE', *, *, #4105, .F. ) ;
#5969 = VERTEX_POINT ( 'NONE', #6979 ) ;
#5970 = CARTESIAN_POINT ( 'NONE',  ( 0.004464079623082571786, -0.02608185169227617700, 0.2900000000000000355 ) ) ;
#5971 = LINE ( 'NONE', #7243, #3550 ) ;
#5972 = DIRECTION ( 'NONE',  ( -1.000000000000000000, -0.000000000000000000, -0.000000000000000000 ) ) ;
#5973 = ORIENTED_EDGE ( 'NONE', *, *, #1414, .T. ) ;
#5974 = B_SPLINE_SURFACE_WITH_KNOTS ( 'NONE', 3, 1, ( 
 ( #1742, #3847 ),
 ( #3666, #3165 ),
 ( #8667, #935 ),
 ( #5910, #388 ) ),
 .UNSPECIFIED., .F., .F., .F.,
 ( 4, 4 ),
 ( 2, 2 ),
 ( 8.000000000000000000, 9.000000000000000000 ),
 ( 0.000000000000000000, 1.000000000000000000 ),
 .UNSPECIFIED. ) ;
#5975 = CARTESIAN_POINT ( 'NONE',  ( 0.1437676339835886052, -0.1151516232019337699, 0.2900000000000000355 ) ) ;
#5976 = DIRECTION ( 'NONE',  ( 0.000000000000000000, -0.000000000000000000, -1.000000000000000000 ) ) ;
#5977 = ADVANCED_FACE ( 'NONE', ( #5041 ), #7296, .F. ) ;
#5978 = CARTESIAN_POINT ( 'NONE',  ( 0.1278497589917931554, -0.05687288088381659695, 0.2900000000000000355 ) ) ;
#5979 = ORIENTED_EDGE ( 'NONE', *, *, #4531, .F. ) ;
#5980 = DIRECTION ( 'NONE',  ( -0.000000000000000000, -0.000000000000000000, -1.000000000000000000 ) ) ;
#5981 = FACE_OUTER_BOUND ( 'NONE', #3783, .T. ) ;
#5982 = ORIENTED_EDGE ( 'NONE', *, *, #58, .T. ) ;
#5983 = STYLED_ITEM ( 'NONE', ( #7991 ), #1501 ) ;
#5984 = DIRECTION ( 'NONE',  ( -0.000000000000000000, -0.000000000000000000, 1.000000000000000000 ) ) ;
#5985 = PRESENTATION_LAYER_ASSIGNMENT (  '', '', ( #2532 ) ) ;
#5986 = EDGE_CURVE ( 'NONE', #867, #8731, #8469, .T. ) ;
#5987 = DIRECTION ( 'NONE',  ( 1.000000000000000000, -0.000000000000000000, -0.000000000000000000 ) ) ;
#5988 = EDGE_CURVE ( 'NONE', #4492, #151, #3601, .T. ) ;
#5989 = CARTESIAN_POINT ( 'NONE',  ( 0.1359556953333183049, -0.1204435816424944544, 0.2800000000000000266 ) ) ;
#5990 = VERTEX_POINT ( 'NONE', #6347 ) ;
#5991 = CARTESIAN_POINT ( 'NONE',  ( 0.03997660208811786020, -0.1057514146500092150, 0.2800000000000000266 ) ) ;
#5992 = FACE_BOUND ( 'NONE', #6350, .T. ) ;
#5993 = AXIS2_PLACEMENT_3D ( 'NONE', #1745, #3127, #346 ) ;
#5994 = ORIENTED_EDGE ( 'NONE', *, *, #344, .T. ) ;
#5995 = MECHANICAL_DESIGN_GEOMETRIC_PRESENTATION_REPRESENTATION (  '', ( #984 ), #8881 ) ;
#5996 = DIRECTION ( 'NONE',  ( -0.9903286039881254998, -0.1387416884823395591, -0.000000000000000000 ) ) ;
#5997 = CARTESIAN_POINT ( 'NONE',  ( 0.08226455916761837850, -0.08729423878216989452, 0.2800000000000000266 ) ) ;
#5998 = ORIENTED_EDGE ( 'NONE', *, *, #825, .F. ) ;
#5999 = CARTESIAN_POINT ( 'NONE',  ( 0.1590303141209138960, -0.06775919538998910474, 0.2900000000000000355 ) ) ;
#6000 = ORIENTED_EDGE ( 'NONE', *, *, #5130, .T. ) ;
#6001 = EDGE_CURVE ( 'NONE', #7284, #6755, #5671, .T. ) ;
#6002 = DIRECTION ( 'NONE',  ( -1.000000000000000000, -0.000000000000000000, -0.000000000000000000 ) ) ;
#6003 = CARTESIAN_POINT ( 'NONE',  ( 0.1328057200710954788, -0.1185955961554105570, 0.2900000000000000355 ) ) ;
#6004 = EDGE_CURVE ( 'NONE', #4655, #4341, #7947, .T. ) ;
#6005 = EDGE_CURVE ( 'NONE', #5933, #1960, #485, .T. ) ;
#6006 = CARTESIAN_POINT ( 'NONE',  ( 0.2330757326183007794, -0.1161428154177709671, 0.2900000000000000355 ) ) ;
#6007 = ORIENTED_EDGE ( 'NONE', *, *, #8086, .F. ) ;
#6008 = CARTESIAN_POINT ( 'NONE',  ( 0.1504035818694011428, -0.03479785424596924803, 0.2800000000000000266 ) ) ;
#6009 = ORIENTED_EDGE ( 'NONE', *, *, #1713, .T. ) ;
#6010 = ORIENTED_EDGE ( 'NONE', *, *, #1446, .T. ) ;
#6011 = FACE_OUTER_BOUND ( 'NONE', #208, .T. ) ;
#6012 =( NAMED_UNIT ( * ) PLANE_ANGLE_UNIT ( ) SI_UNIT ( $, .RADIAN. ) );
#6013 = CARTESIAN_POINT ( 'NONE',  ( 0.2491616062907805185, -0.09428618706497170210, 0.2800000000000000266 ) ) ;
#6014 = ORIENTED_EDGE ( 'NONE', *, *, #1079, .T. ) ;
#6015 = CARTESIAN_POINT ( 'NONE',  ( 0.0002586452853114550726, -0.04009995723881767948, 0.2900000000000000355 ) ) ;
#6016 = CARTESIAN_POINT ( 'NONE',  ( 0.2371833003602689671, -0.09080861437540363457, 0.2800000000000000266 ) ) ;
#6017 = CARTESIAN_POINT ( 'NONE',  ( 0.07922730474836983672, -0.1034150637256598254, 0.2800000000000000266 ) ) ;
#6018 = ORIENTED_EDGE ( 'NONE', *, *, #1074, .T. ) ;
#6019 = CARTESIAN_POINT ( 'NONE',  ( 0.1750237885189137588, -0.05295851162460198103, 0.2900000000000000355 ) ) ;
#6020 = AXIS2_PLACEMENT_3D ( 'NONE', #5241, #1834, #7235 ) ;
#6021 = CARTESIAN_POINT ( 'NONE',  ( 0.1454224209880304319, -0.1162604144943193279, 0.2900000000000000355 ) ) ;
#6022 = CARTESIAN_POINT ( 'NONE',  ( 0.2267421823577642492, -0.04140020239568983906, 0.2800000000000000266 ) ) ;
#6023 = ORIENTED_EDGE ( 'NONE', *, *, #3342, .F. ) ;
#6024 = CARTESIAN_POINT ( 'NONE',  ( 0.1850701096220007946, -0.1140932315139114028, 0.2900000000000000355 ) ) ;
#6025 = AXIS2_PLACEMENT_3D ( 'NONE', #3176, #2505, #4573 ) ;
#6026 = CARTESIAN_POINT ( 'NONE',  ( 0.2671206652524126257, -0.09221980329306520008, 0.2800000000000000266 ) ) ;
#6027 = DIRECTION ( 'NONE',  ( -0.000000000000000000, -0.000000000000000000, -1.000000000000000000 ) ) ;
#6028 = ORIENTED_EDGE ( 'NONE', *, *, #8266, .T. ) ;
#6029 = CARTESIAN_POINT ( 'NONE',  ( 0.2458604322159189670, -0.1152860221465259183, 0.2900000000000000355 ) ) ;
#6030 = DIRECTION ( 'NONE',  ( -1.000000000000000000, -0.000000000000000000, -0.000000000000000000 ) ) ;
#6031 = CARTESIAN_POINT ( 'NONE',  ( 0.1632722808073617526, -0.04919534117802613210, 0.2900000000000000355 ) ) ;
#6032 = MECHANICAL_DESIGN_GEOMETRIC_PRESENTATION_REPRESENTATION (  '', ( #8494 ), #7781 ) ;
#6033 = VECTOR ( 'NONE', #7481, 1000.000000000000000 ) ;
#6034 = EDGE_CURVE ( 'NONE', #1906, #1334, #5301, .T. ) ;
#6035 = ADVANCED_FACE ( 'NONE', ( #1893 ), #1049, .F. ) ;
#6036 = SURFACE_STYLE_FILL_AREA ( #7442 ) ;
#6037 = CARTESIAN_POINT ( 'NONE',  ( 0.2383004915866764051, -0.1198891859963011758, 0.2800000000000000266 ) ) ;
#6038 = ORIENTED_EDGE ( 'NONE', *, *, #5729, .F. ) ;
#6039 = FACE_OUTER_BOUND ( 'NONE', #6550, .T. ) ;
#6040 =( GEOMETRIC_REPRESENTATION_CONTEXT ( 3 ) GLOBAL_UNCERTAINTY_ASSIGNED_CONTEXT ( ( #1301 ) ) GLOBAL_UNIT_ASSIGNED_CONTEXT ( ( #1538, #182, #4407 ) ) REPRESENTATION_CONTEXT ( 'NONE', 'WORKASPACE' ) );
#6041 = VECTOR ( 'NONE', #3, 1000.000000000000000 ) ;
#6042 = CARTESIAN_POINT ( 'NONE',  ( 0.1091767056373072614, -0.08702864406078214543, 0.2900000000000000355 ) ) ;
#6043 = CARTESIAN_POINT ( 'NONE',  ( 0.2428448558982898298, -0.1127156423325654383, 0.2800000000000000266 ) ) ;
#6044 = ORIENTED_EDGE ( 'NONE', *, *, #4165, .F. ) ;
#6045 = VERTEX_POINT ( 'NONE', #461 ) ;
#6046 = CARTESIAN_POINT ( 'NONE',  ( 0.1300000000000000044, 0.1199999999999999956, 0.000000000000000000 ) ) ;
#6047 = DIRECTION ( 'NONE',  ( -1.000000000000000000, 0.000000000000000000, 0.000000000000000000 ) ) ;
#6048 =( GEOMETRIC_REPRESENTATION_CONTEXT ( 3 ) GLOBAL_UNCERTAINTY_ASSIGNED_CONTEXT ( ( #1759 ) ) GLOBAL_UNIT_ASSIGNED_CONTEXT ( ( #8694, #1003, #7345 ) ) REPRESENTATION_CONTEXT ( 'NONE', 'WORKASPACE' ) );
#6049 = B_SPLINE_SURFACE_WITH_KNOTS ( 'NONE', 3, 1, ( 
 ( #5515, #863 ),
 ( #4224, #2916 ),
 ( #5564, #3459 ),
 ( #5664, #7016 ) ),
 .UNSPECIFIED., .F., .F., .F.,
 ( 4, 4 ),
 ( 2, 2 ),
 ( 4.000000000000000000, 5.000000000000000000 ),
 ( 0.000000000000000000, 1.000000000000000000 ),
 .UNSPECIFIED. ) ;
#6050 = DIRECTION ( 'NONE',  ( 1.000000000000000000, 2.377029481426463715E-14, -0.000000000000000000 ) ) ;
#6051 = B_SPLINE_CURVE_WITH_KNOTS ( 'NONE', 3,
 ( #4854, #4185, #1249, #6929 ),
 .UNSPECIFIED., .F., .F.,
 ( 4, 4 ),
 ( 3.000000000000000000, 4.000000000000000000 ),
 .UNSPECIFIED. ) ;
#6052 = CARTESIAN_POINT ( 'NONE',  ( 0.2372504998324524994, -0.1161428154177709671, 0.2800000000000000266 ) ) ;
#6053 = ORIENTED_EDGE ( 'NONE', *, *, #1534, .F. ) ;
#6054 = CARTESIAN_POINT ( 'NONE',  ( 0.2700000000000000733, -0.1199999999999999956, -0.02000000000000000042 ) ) ;
#6055 = EDGE_CURVE ( 'NONE', #6095, #7873, #325, .T. ) ;
#6056 = ORIENTED_EDGE ( 'NONE', *, *, #7498, .F. ) ;
#6057 = EDGE_CURVE ( 'NONE', #6865, #867, #2429, .T. ) ;
#6058 = ADVANCED_FACE ( 'NONE', ( #8029 ), #1186, .T. ) ;
#6059 = CARTESIAN_POINT ( 'NONE',  ( 0.1496475878064338905, -0.1047861046058615186, 0.2800000000000000266 ) ) ;
#6060 = DIRECTION ( 'NONE',  ( -0.000000000000000000, -0.000000000000000000, 1.000000000000000000 ) ) ;
#6061 = AXIS2_PLACEMENT_3D ( 'NONE', #4822, #1412, #1369 ) ;
#6062 = ORIENTED_EDGE ( 'NONE', *, *, #4841, .F. ) ;
#6063 = CARTESIAN_POINT ( 'NONE',  ( 0.04768656726864863027, -0.06930434379407687806, 0.2900000000000000355 ) ) ;
#6064 = CARTESIAN_POINT ( 'NONE',  ( 0.2171074580223687489, -0.08702864406078214543, 0.2900000000000000355 ) ) ;
#6065 = EDGE_LOOP ( 'NONE', ( #73, #7881, #934, #6530, #1170, #4350, #302, #2948, #4472, #5912, #5290, #300, #8725, #404 ) ) ;
#6066 = PLANE ( 'NONE',  #2289 ) ;
#6067 = B_SPLINE_CURVE_WITH_KNOTS ( 'NONE', 3,
 ( #5750, #1711, #449, #2328 ),
 .UNSPECIFIED., .F., .F.,
 ( 4, 4 ),
 ( 28.00000000000000000, 29.00000000000000000 ),
 .UNSPECIFIED. ) ;
#6068 =( NAMED_UNIT ( * ) SI_UNIT ( $, .STERADIAN. ) SOLID_ANGLE_UNIT ( ) );
#6069 = CARTESIAN_POINT ( 'NONE',  ( 0.1447084265952874316, -0.03817462772726087916, 0.2800000000000000266 ) ) ;
#6070 = CARTESIAN_POINT ( 'NONE',  ( 0.2171074580223687489, -0.09080861437540363457, 0.2900000000000000355 ) ) ;
#6071 = LINE ( 'NONE', #7475, #2631 ) ;
#6072 = DIRECTION ( 'NONE',  ( 0.000000000000000000, 1.000000000000000000, -0.000000000000000000 ) ) ;
#6073 = ORIENTED_EDGE ( 'NONE', *, *, #2955, .F. ) ;
#6074 = CARTESIAN_POINT ( 'NONE',  ( 0.2403500754905358860, -0.09183340632755784827, 0.2900000000000000355 ) ) ;
#6075 = LINE ( 'NONE', #724, #7196 ) ;
#6076 = COLOUR_RGB ( '',0.2980392156862745057, 0.2980392156862745057, 0.2980392156862745057 ) ;
#6077 = SURFACE_SIDE_STYLE ('',( #1242 ) ) ;
#6078 = DIRECTION ( 'NONE',  ( -0.000000000000000000, -0.000000000000000000, -1.000000000000000000 ) ) ;
#6079 = VERTEX_POINT ( 'NONE', #3057 ) ;
#6080 = B_SPLINE_CURVE_WITH_KNOTS ( 'NONE', 3,
 ( #2609, #1932, #3414, #554 ),
 .UNSPECIFIED., .F., .F.,
 ( 4, 4 ),
 ( 4.000000000000000000, 5.000000000000000000 ),
 .UNSPECIFIED. ) ;
#6081 = CARTESIAN_POINT ( 'NONE',  ( 0.1496475878064338905, -0.1047861046058615186, 0.2800000000000000266 ) ) ;
#6082 = DIRECTION ( 'NONE',  ( -0.3559357243643137547, 0.9345104387438650795, -0.000000000000000000 ) ) ;
#6083 = VECTOR ( 'NONE', #3075, 1000.000000000000000 ) ;
#6084 = CARTESIAN_POINT ( 'NONE',  ( 0.03179938276514428230, -0.1127604674232806359, 0.2900000000000000355 ) ) ;
#6085 = EDGE_CURVE ( 'NONE', #4927, #4179, #5893, .T. ) ;
#6086 = CARTESIAN_POINT ( 'NONE',  ( 0.1382320774561359156, -0.1204435816424944544, 0.2800000000000000266 ) ) ;
#6087 = ORIENTED_EDGE ( 'NONE', *, *, #5259, .F. ) ;
#6088 = ORIENTED_EDGE ( 'NONE', *, *, #827, .F. ) ;
#6089 = CARTESIAN_POINT ( 'NONE',  ( 0.1360564945417067628, -0.1102964613312435171, 0.2900000000000000355 ) ) ;
#6090 = CARTESIAN_POINT ( 'NONE',  ( 0.06801282209367465192, -0.1155640814026559077, 0.2800000000000000266 ) ) ;
#6091 = MECHANICAL_DESIGN_GEOMETRIC_PRESENTATION_REPRESENTATION (  '', ( #2642 ), #2779 ) ;
#6092 = CARTESIAN_POINT ( 'NONE',  ( 0.1552503438061812180, -0.1041981092235767514, 0.2800000000000000266 ) ) ;
#6093 = CARTESIAN_POINT ( 'NONE',  ( 0.2999999999999995448, -0.1500000000000001055, 0.2700000000000000178 ) ) ;
#6094 = B_SPLINE_CURVE_WITH_KNOTS ( 'NONE', 3,
 ( #6800, #7997, #5272, #1319 ),
 .UNSPECIFIED., .F., .F.,
 ( 4, 4 ),
 ( 5.000000000000000000, 6.000000000000000000 ),
 .UNSPECIFIED. ) ;
#6095 = VERTEX_POINT ( 'NONE', #6576 ) ;
#6096 = EDGE_CURVE ( 'NONE', #2945, #7681, #1778, .T. ) ;
#6097 = DIRECTION ( 'NONE',  ( -0.000000000000000000, -0.000000000000000000, -1.000000000000000000 ) ) ;
#6098 = VERTEX_POINT ( 'NONE', #3918 ) ;
#6099 = DIRECTION ( 'NONE',  ( -1.000000000000000000, 0.000000000000000000, 0.000000000000000000 ) ) ;
#6100 = ORIENTED_EDGE ( 'NONE', *, *, #5764, .F. ) ;
#6101 = CARTESIAN_POINT ( 'NONE',  ( 0.2052047514982866250, -0.04692735898911807452, 0.2900000000000000355 ) ) ;
#6102 = CARTESIAN_POINT ( 'NONE',  ( 0.1845661135799477881, -0.1159916166053566455, 0.2900000000000000355 ) ) ;
#6103 = ORIENTED_EDGE ( 'NONE', *, *, #5955, .F. ) ;
#6104 = CARTESIAN_POINT ( 'NONE',  ( 0.2458604322159189670, -0.09137980988964243545, 0.2900000000000000355 ) ) ;
#6105 = CARTESIAN_POINT ( 'NONE',  ( 0.1325957217201829130, -0.03918261981114464637, 0.2800000000000000266 ) ) ;
#6106 = ORIENTED_EDGE ( 'NONE', *, *, #3262, .F. ) ;
#6107 = CARTESIAN_POINT ( 'NONE',  ( -0.05581377244451030811, -0.05622077995419129393, 0.2900000000000000355 ) ) ;
#6108 = CARTESIAN_POINT ( 'NONE',  ( 0.000000000000000000, 0.000000000000000000, -0.02000000000000000042 ) ) ;
#6109 = ADVANCED_FACE ( 'NONE', ( #5981 ), #6993, .T. ) ;
#6110 = CARTESIAN_POINT ( 'NONE',  ( -0.3100000000000004419, -0.1500000000000001055, 0.2800000000000000266 ) ) ;
#6111 = EDGE_CURVE ( 'NONE', #4525, #5393, #2477, .T. ) ;
#6112 = EDGE_CURVE ( 'NONE', #144, #5933, #7356, .T. ) ;
#6113 = CARTESIAN_POINT ( 'NONE',  ( 0.2667426682209277367, -0.09353019300200210440, 0.2800000000000000266 ) ) ;
#6114 = CARTESIAN_POINT ( 'NONE',  ( 0.1455316201304421853, -0.1103636608034279099, 0.2900000000000000355 ) ) ;
#6115 = ORIENTED_EDGE ( 'NONE', *, *, #8379, .F. ) ;
#6116 = FACE_OUTER_BOUND ( 'NONE', #3670, .T. ) ;
#6117 = DIRECTION ( 'NONE',  ( -0.000000000000000000, -0.000000000000000000, -1.000000000000000000 ) ) ;
#6118 = B_SPLINE_SURFACE_WITH_KNOTS ( 'NONE', 3, 1, ( 
 ( #3654, #2294 ),
 ( #5046, #7809 ),
 ( #4374, #965 ),
 ( #330, #5088 ) ),
 .UNSPECIFIED., .F., .F., .F.,
 ( 4, 4 ),
 ( 2, 2 ),
 ( 10.00000000000000000, 11.00000000000000000 ),
 ( 0.000000000000000000, 1.000000000000000000 ),
 .UNSPECIFIED. ) ;
#6119 = PRESENTATION_LAYER_ASSIGNMENT (  '', '', ( #245 ) ) ;
#6120 = VECTOR ( 'NONE', #6886, 1000.000000000000000 ) ;
#6121 = DIRECTION ( 'NONE',  ( -1.000000000000000000, 0.000000000000000000, 0.000000000000000000 ) ) ;
#6122 = DIRECTION ( 'NONE',  ( -0.7071067811865474617, 0.7071067811865474617, 0.000000000000000000 ) ) ;
#6123 = VERTEX_POINT ( 'NONE', #1140 ) ;
#6124 = DIRECTION ( 'NONE',  ( -1.000000000000000000, 0.000000000000000000, 0.000000000000000000 ) ) ;
#6125 = DIRECTION ( 'NONE',  ( -0.000000000000000000, -0.000000000000000000, -1.000000000000000000 ) ) ;
#6126 = CARTESIAN_POINT ( 'NONE',  ( 0.1710758195236094792, -0.1135052361316282732, 0.2900000000000000355 ) ) ;
#6127 = CARTESIAN_POINT ( 'NONE',  ( 0.1619954908344053146, -0.1170836080294719028, 0.2800000000000000266 ) ) ;
#6128 = AXIS2_PLACEMENT_3D ( 'NONE', #2048, #4844, #7600 ) ;
#6129 = CARTESIAN_POINT ( 'NONE',  ( 0.02642577742132165911, -0.02608185169227541719, 0.2800000000000000266 ) ) ;
#6130 = ORIENTED_EDGE ( 'NONE', *, *, #6728, .F. ) ;
#6131 = LINE ( 'NONE', #2670, #1255 ) ;
#6132 = CARTESIAN_POINT ( 'NONE',  ( 0.07362005896467421762, -0.1094895725641572143, 0.2900000000000000355 ) ) ;
#6133 = LINE ( 'NONE', #2629, #7766 ) ;
#6134 = VECTOR ( 'NONE', #3671, 1000.000000000000000 ) ;
#6135 = SURFACE_STYLE_FILL_AREA ( #4029 ) ;
#6136 = VERTEX_POINT ( 'NONE', #7297 ) ;
#6137 = FILL_AREA_STYLE ('',( #3399 ) ) ;
#6138 = B_SPLINE_CURVE_WITH_KNOTS ( 'NONE', 3,
 ( #2407, #2499, #5106, #1701 ),
 .UNSPECIFIED., .F., .F.,
 ( 4, 4 ),
 ( 12.00000000000000000, 13.00000000000000000 ),
 .UNSPECIFIED. ) ;
#6139 = ORIENTED_EDGE ( 'NONE', *, *, #3768, .T. ) ;
#6140 = CARTESIAN_POINT ( 'NONE',  ( -0.02894573681371225699, -0.04500629507137778040, 0.2800000000000000266 ) ) ;
#6141 = LINE ( 'NONE', #3953, #552 ) ;
#6142 = ADVANCED_FACE ( 'NONE', ( #1722 ), #3874, .F. ) ;
#6143 = CARTESIAN_POINT ( 'NONE',  ( 0.2363685067591379529, -0.06775919538998964597, 0.2900000000000000355 ) ) ;
#6144 = EDGE_CURVE ( 'NONE', #5146, #903, #4333, .T. ) ;
#6145 = EDGE_LOOP ( 'NONE', ( #124, #7458, #7009, #4987 ) ) ;
#6146 = DIRECTION ( 'NONE',  ( 0.000000000000000000, 0.000000000000000000, 1.000000000000000000 ) ) ;
#6147 = CARTESIAN_POINT ( 'NONE',  ( 0.08226455916761837850, -0.08729423878216989452, 0.2900000000000000355 ) ) ;
#6148 = ORIENTED_EDGE ( 'NONE', *, *, #703, .F. ) ;
#6149 = DIRECTION ( 'NONE',  ( 0.000000000000000000, 0.000000000000000000, -1.000000000000000000 ) ) ;
#6150 = FILL_AREA_STYLE_COLOUR ( '', #600 ) ;
#6151 = CARTESIAN_POINT ( 'NONE',  ( 0.1475224044961397363, -0.03817462772726087916, 0.2800000000000000266 ) ) ;
#6152 = CARTESIAN_POINT ( 'NONE',  ( 0.1848181116010862435, -0.1149164250490650740, 0.2800000000000000266 ) ) ;
#6153 = CARTESIAN_POINT ( 'NONE',  ( 0.1778209665518348526, -0.09641977030928650105, 0.2900000000000000355 ) ) ;
#6154 = ORIENTED_EDGE ( 'NONE', *, *, #2466, .T. ) ;
#6155 = ADVANCED_FACE ( 'NONE', ( #5388 ), #1388, .F. ) ;
#6156 = CARTESIAN_POINT ( 'NONE',  ( 0.1357624968505631302, -0.03595704514249218470, 0.2900000000000000355 ) ) ;
#6157 = CARTESIAN_POINT ( 'NONE',  ( -0.1299999999999998934, -0.1200000000000000233, -0.02000000000000000042 ) ) ;
#6158 = ADVANCED_FACE ( 'NONE', ( #8194 ), #3963, .F. ) ;
#6159 = LINE ( 'NONE', #685, #1545 ) ;
#6160 = EDGE_CURVE ( 'NONE', #4705, #3758, #7023, .T. ) ;
#6161 = AXIS2_PLACEMENT_3D ( 'NONE', #7626, #2117, #8303 ) ;
#6162 = CARTESIAN_POINT ( 'NONE',  ( 0.2667426682209277367, -0.09353019300200210440, 0.2800000000000000266 ) ) ;
#6163 = DIRECTION ( 'NONE',  ( -0.000000000000000000, -0.000000000000000000, -1.000000000000000000 ) ) ;
#6164 = VERTEX_POINT ( 'NONE', #1348 ) ;
#6165 = LINE ( 'NONE', #7570, #5659 ) ;
#6166 = ORIENTED_EDGE ( 'NONE', *, *, #7524, .F. ) ;
#6167 = EDGE_CURVE ( 'NONE', #6408, #6507, #1274, .T. ) ;
#6168 =( NAMED_UNIT ( * ) SI_UNIT ( $, .STERADIAN. ) SOLID_ANGLE_UNIT ( ) );
#6169 = DIRECTION ( 'NONE',  ( -0.000000000000000000, -0.000000000000000000, -1.000000000000000000 ) ) ;
#6170 = VECTOR ( 'NONE', #2686, 1000.000000000000114 ) ;
#6171 = VECTOR ( 'NONE', #6527, 1000.000000000000000 ) ;
#6172 = CARTESIAN_POINT ( 'NONE',  ( 0.1632722808073605036, -0.06401282481145953440, 0.2900000000000000355 ) ) ;
#6173 = ORIENTED_EDGE ( 'NONE', *, *, #7342, .T. ) ;
#6174 = CARTESIAN_POINT ( 'NONE',  ( -0.02053487705075304412, -0.04150176868463013174, 0.2900000000000000355 ) ) ;
#6175 = CARTESIAN_POINT ( 'NONE',  ( 0.1806181445846414824, -0.1241059528807933188, 0.2900000000000000355 ) ) ;
#6176 = CARTESIAN_POINT ( 'NONE',  ( 0.1552503438061812180, -0.1027533205698233643, 0.2900000000000000355 ) ) ;
#6177 = VECTOR ( 'NONE', #649, 1000.000000000000000 ) ;
#6178 = VERTEX_POINT ( 'NONE', #4802 ) ;
#6179 = ORIENTED_EDGE ( 'NONE', *, *, #8463, .T. ) ;
#6180 = CARTESIAN_POINT ( 'NONE',  ( 0.04581748831157474167, -0.05294988732318573615, 0.2800000000000000266 ) ) ;
#6181 = CARTESIAN_POINT ( 'NONE',  ( -0.03478661412469594844, -0.09500419059388154341, 0.2900000000000000355 ) ) ;
#6182 = ORIENTED_EDGE ( 'NONE', *, *, #1703, .F. ) ;
#6183 = B_SPLINE_CURVE_WITH_KNOTS ( 'NONE', 3,
 ( #36, #4896, #3503, #4948 ),
 .UNSPECIFIED., .F., .F.,
 ( 4, 4 ),
 ( 1.000000000000000000, 2.000000000000000000 ),
 .UNSPECIFIED. ) ;
#6184 = ORIENTED_EDGE ( 'NONE', *, *, #4245, .F. ) ;
#6185 = B_SPLINE_CURVE_WITH_KNOTS ( 'NONE', 3,
 ( #6788, #1264, #1427, #1343 ),
 .UNSPECIFIED., .F., .F.,
 ( 4, 4 ),
 ( 6.000000000000000000, 7.000000000000000000 ),
 .UNSPECIFIED. ) ;
#6186 = B_SPLINE_SURFACE_WITH_KNOTS ( 'NONE', 3, 1, ( 
 ( #4003, #6744 ),
 ( #590, #6017 ),
 ( #8780, #5346 ),
 ( #7426, #8110 ) ),
 .UNSPECIFIED., .F., .F., .F.,
 ( 4, 4 ),
 ( 2, 2 ),
 ( 34.00000000000000000, 35.00000000000000000 ),
 ( 0.000000000000000000, 1.000000000000000000 ),
 .UNSPECIFIED. ) ;
#6187 = CARTESIAN_POINT ( 'NONE',  ( -0.02894573681371225699, -0.04500629507137778040, 0.2800000000000000266 ) ) ;
#6188 = CARTESIAN_POINT ( 'NONE',  ( 0.1397860652521885072, -0.03434425780827687902, 0.2900000000000000355 ) ) ;
#6189 = EDGE_CURVE ( 'NONE', #6594, #1656, #4677, .T. ) ;
#6190 = ORIENTED_EDGE ( 'NONE', *, *, #5448, .F. ) ;
#6191 = EDGE_CURVE ( 'NONE', #4829, #1526, #593, .T. ) ;
#6192 = CARTESIAN_POINT ( 'NONE',  ( 0.1684298403033300529, -0.1185787962873645907, 0.2900000000000000355 ) ) ;
#6193 = FACE_OUTER_BOUND ( 'NONE', #168, .T. ) ;
#6194 = VECTOR ( 'NONE', #573, 1000.000000000000000 ) ;
#6195 = DIRECTION ( 'NONE',  ( -1.000000000000000000, 0.000000000000000000, 0.000000000000000000 ) ) ;
#6196 = DIRECTION ( 'NONE',  ( -0.3416038306815641912, 0.9398440417769753363, 0.000000000000000000 ) ) ;
#6197 = DIRECTION ( 'NONE',  ( 1.000000000000000000, -0.000000000000000000, 0.000000000000000000 ) ) ;
#6198 = EDGE_CURVE ( 'NONE', #1263, #1409, #6910, .T. ) ;
#6199 = ORIENTED_EDGE ( 'NONE', *, *, #4295, .F. ) ;
#6200 = CARTESIAN_POINT ( 'NONE',  ( 0.1134186723237567834, -0.1050885022309151484, 0.2900000000000000355 ) ) ;
#6201 = FACE_BOUND ( 'NONE', #2989, .T. ) ;
#6202 = SURFACE_STYLE_FILL_AREA ( #4139 ) ;
#6203 = LINE ( 'NONE', #8713, #977 ) ;
#6204 = LINE ( 'NONE', #686, #3686 ) ;
#6205 = LINE ( 'NONE', #93, #8807 ) ;
#6206 = ORIENTED_EDGE ( 'NONE', *, *, #2745, .F. ) ;
#6207 = CARTESIAN_POINT ( 'NONE',  ( 0.1496475878064338905, -0.09883895131060940753, 0.2900000000000000355 ) ) ;
#6208 = VERTEX_POINT ( 'NONE', #8910 ) ;
#6209 = ADVANCED_FACE ( 'NONE', ( #2735 ), #6873, .F. ) ;
#6210 = CARTESIAN_POINT ( 'NONE',  ( 0.1330829178940801660, -0.1020645259792628268, 0.2900000000000000355 ) ) ;
#6211 = CARTESIAN_POINT ( 'NONE',  ( -0.01632944716932911017, -0.1214049765386971541, 0.2900000000000000355 ) ) ;
#6212 = CARTESIAN_POINT ( 'NONE',  ( 0.1385764747514161843, -0.1059452955021602111, 0.2900000000000000355 ) ) ;
#6213 = DIRECTION ( 'NONE',  ( 1.000000000000000000, -0.000000000000000000, -0.000000000000000000 ) ) ;
#6214 = VECTOR ( 'NONE', #1848, 1000.000000000000114 ) ;
#6215 = ORIENTED_EDGE ( 'NONE', *, *, #6909, .T. ) ;
#6216 = CARTESIAN_POINT ( 'NONE',  ( 0.1594923104926285751, -0.1014429308608860159, 0.2800000000000000266 ) ) ;
#6217 = CARTESIAN_POINT ( 'NONE',  ( 0.03857480401090222083, -0.1200031517241759577, 0.2900000000000000355 ) ) ;
#6219 = EDGE_CURVE ( 'NONE', #1994, #901, #4557, .T. ) ;
#6218 = CARTESIAN_POINT ( 'NONE',  ( 0.1478080022532587134, -0.03434425780827687902, 0.2900000000000000355 ) ) ;
#6220 = CARTESIAN_POINT ( 'NONE',  ( 0.000000000000000000, 0.000000000000000000, 0.2800000000000000266 ) ) ;
#6221 = PRESENTATION_LAYER_ASSIGNMENT (  '', '', ( #7532 ) ) ;
#6222 = AXIS2_PLACEMENT_3D ( 'NONE', #3425, #1284, #50 ) ;
#6223 = ADVANCED_FACE ( 'NONE', ( #6193, #1629, #6384 ), #3501, .T. ) ;
#6224 = EDGE_CURVE ( 'NONE', #5902, #386, #2329, .T. ) ;
#6225 = EDGE_LOOP ( 'NONE', ( #2554, #8123, #5861, #8492 ) ) ;
#6226 = VERTEX_POINT ( 'NONE', #762 ) ;
#6227 = FACE_OUTER_BOUND ( 'NONE', #842, .T. ) ;
#6228 = VECTOR ( 'NONE', #8888, 1000.000000000000000 ) ;
#6229 = LINE ( 'NONE', #8672, #8450 ) ;
#6230 = CARTESIAN_POINT ( 'NONE',  ( -0.2199999999999999178, -0.1200000000000000372, -0.02000000000000000042 ) ) ;
#6231 = ORIENTED_EDGE ( 'NONE', *, *, #933, .F. ) ;
#6232 = ORIENTED_EDGE ( 'NONE', *, *, #3983, .F. ) ;
#6233 = VECTOR ( 'NONE', #3201, 1000.000000000000000 ) ;
#6234 = DIRECTION ( 'NONE',  ( -0.000000000000000000, -0.000000000000000000, -1.000000000000000000 ) ) ;
#6235 = CARTESIAN_POINT ( 'NONE',  ( 0.007267698058694544404, -0.1249094851004996232, 0.2900000000000000355 ) ) ;
#6236 = ORIENTED_EDGE ( 'NONE', *, *, #8004, .F. ) ;
#6237 = EDGE_LOOP ( 'NONE', ( #6009, #753, #3999, #5994 ) ) ;
#6238 = CARTESIAN_POINT ( 'NONE',  ( 0.1636502778388469748, -0.1103804606714744174, 0.2800000000000000266 ) ) ;
#6239 = UNCERTAINTY_MEASURE_WITH_UNIT (LENGTH_MEASURE( 1.000000000000000082E-05 ), #3403, 'distance_accuracy_value', 'NONE');
#6240 = DIRECTION ( 'NONE',  ( -0.000000000000000000, -0.000000000000000000, -1.000000000000000000 ) ) ;
#6241 = EDGE_CURVE ( 'NONE', #151, #828, #6431, .T. ) ;
#6242 = LINE ( 'NONE', #7236, #7674 ) ;
#6243 = SURFACE_STYLE_FILL_AREA ( #2144 ) ;
#6244 = CARTESIAN_POINT ( 'NONE',  ( 0.01474402279924059631, -0.02608185169227541719, 0.2900000000000000355 ) ) ;
#6245 = EDGE_LOOP ( 'NONE', ( #4643, #4874, #559, #3987 ) ) ;
#6246 = CARTESIAN_POINT ( 'NONE',  ( 0.1446664269250605706, -0.03434425780827687902, 0.2900000000000000355 ) ) ;
#6247 = DIRECTION ( 'NONE',  ( -1.000000000000000000, 0.000000000000000000, 0.000000000000000000 ) ) ;
#6248 = FACE_OUTER_BOUND ( 'NONE', #2719, .T. ) ;
#6249 = CARTESIAN_POINT ( 'NONE',  ( 0.03483663718428076789, -0.1197695201967750728, 0.2800000000000000266 ) ) ;
#6250 = FACE_OUTER_BOUND ( 'NONE', #6145, .T. ) ;
#6251 = FACE_OUTER_BOUND ( 'NONE', #6513, .T. ) ;
#6252 = EDGE_CURVE ( 'NONE', #1222, #5097, #810, .T. ) ;
#6253 = VERTEX_POINT ( 'NONE', #2957 ) ;
#6254 = EDGE_CURVE ( 'NONE', #3320, #1417, #3695, .T. ) ;
#6255 = VERTEX_POINT ( 'NONE', #4222 ) ;
#6256 = ORIENTED_EDGE ( 'NONE', *, *, #4870, .F. ) ;
#6257 = PRESENTATION_STYLE_ASSIGNMENT (( #4860 ) ) ;
#6258 = CARTESIAN_POINT ( 'NONE',  ( -0.007217679455346053680, -0.1122932043684788661, 0.2800000000000000266 ) ) ;
#6259 =( NAMED_UNIT ( * ) PLANE_ANGLE_UNIT ( ) SI_UNIT ( $, .RADIAN. ) );
#6260 = LINE ( 'NONE', #7671, #1305 ) ;
#6261 = ORIENTED_EDGE ( 'NONE', *, *, #126, .T. ) ;
#6262 = VECTOR ( 'NONE', #7494, 1000.000000000000000 ) ;
#6263 = PLANE ( 'NONE',  #5695 ) ;
#6264 = LINE ( 'NONE', #153, #471 ) ;
#6265 = B_SPLINE_SURFACE_WITH_KNOTS ( 'NONE', 3, 1, ( 
 ( #3197, #7903 ),
 ( #5854, #1006 ),
 ( #511, #3876 ),
 ( #1814, #5177 ) ),
 .UNSPECIFIED., .F., .F., .F.,
 ( 4, 4 ),
 ( 2, 2 ),
 ( 5.000000000000000000, 6.000000000000000000 ),
 ( 0.000000000000000000, 1.000000000000000000 ),
 .UNSPECIFIED. ) ;
#6266 = CARTESIAN_POINT ( 'NONE',  ( 0.1524531657733733114, -0.03568824725353069577, 0.2900000000000000355 ) ) ;
#6267 = ORIENTED_EDGE ( 'NONE', *, *, #3757, .T. ) ;
#6268 = DIRECTION ( 'NONE',  ( -0.000000000000000000, -0.000000000000000000, -1.000000000000000000 ) ) ;
#6269 = VECTOR ( 'NONE', #4788, 1000.000000000000000 ) ;
#6270 = ORIENTED_EDGE ( 'NONE', *, *, #1865, .T. ) ;
#6271 = CARTESIAN_POINT ( 'NONE',  ( 0.1618190922196970083, -0.09588217453114028510, 0.2800000000000000266 ) ) ;
#6272 = ADVANCED_FACE ( 'NONE', ( #1432 ), #8460, .F. ) ;
#6273 = ORIENTED_EDGE ( 'NONE', *, *, #6111, .T. ) ;
#6274 = CARTESIAN_POINT ( 'NONE',  ( -0.01983396909961752941, -0.06042619869502297708, 0.2900000000000000355 ) ) ;
#6275 = EDGE_LOOP ( 'NONE', ( #7382, #5247, #4982, #3716 ) ) ;
#6276 = EDGE_CURVE ( 'NONE', #6499, #8767, #5613, .T. ) ;
#6277 = STYLED_ITEM ( 'NONE', ( #8859 ), #6448 ) ;
#6278 = EDGE_CURVE ( 'NONE', #1327, #4327, #1668, .T. ) ;
#6279 = DIRECTION ( 'NONE',  ( -0.3667976789509004854, -0.9303007377811930434, 0.000000000000000000 ) ) ;
#6280 = ORIENTED_EDGE ( 'NONE', *, *, #1888, .F. ) ;
#6281 = VERTEX_POINT ( 'NONE', #2188 ) ;
#6282 = ADVANCED_FACE ( 'NONE', ( #6337 ), #3916, .F. ) ;
#6283 = CARTESIAN_POINT ( 'NONE',  ( 0.2675658617560815467, -0.09232060250134141444, 0.2900000000000000355 ) ) ;
#6284 = VECTOR ( 'NONE', #8094, 1000.000000000000000 ) ;
#6285 = ORIENTED_EDGE ( 'NONE', *, *, #6973, .T. ) ;
#6286 = ORIENTED_EDGE ( 'NONE', *, *, #4604, .F. ) ;
#6287 = CARTESIAN_POINT ( 'NONE',  ( -0.2699999999999999623, -0.07000000000000002054, 0.000000000000000000 ) ) ;
#6288 = DIRECTION ( 'NONE',  ( 0.000000000000000000, -0.000000000000000000, -1.000000000000000000 ) ) ;
#6289 = DIRECTION ( 'NONE',  ( -1.000000000000000000, -0.000000000000000000, -0.000000000000000000 ) ) ;
#6290 = LINE ( 'NONE', #4805, #7192 ) ;
#6291 = EDGE_LOOP ( 'NONE', ( #1426, #8304, #4749, #3571 ) ) ;
#6292 = CARTESIAN_POINT ( 'NONE',  ( 0.2240626034015042456, -0.08702864406078171522, 0.2800000000000000266 ) ) ;
#6293 = DIRECTION ( 'NONE',  ( -0.000000000000000000, -0.000000000000000000, -1.000000000000000000 ) ) ;
#6294 = CARTESIAN_POINT ( 'NONE',  ( 0.1455316201304421853, -0.1103636608034279099, 0.2900000000000000355 ) ) ;
#6295 = CARTESIAN_POINT ( 'NONE',  ( -0.02427303496478947636, -0.05902438724921166974, 0.2800000000000000266 ) ) ;
#6296 = FACE_OUTER_BOUND ( 'NONE', #2908, .T. ) ;
#6297 = CARTESIAN_POINT ( 'NONE',  ( 0.05095745321541134826, -0.1057514146500092150, 0.2900000000000000355 ) ) ;
#6298 = B_SPLINE_CURVE_WITH_KNOTS ( 'NONE', 3,
 ( #1855, #3155, #5220, #6536 ),
 .UNSPECIFIED., .F., .F.,
 ( 4, 4 ),
 ( 8.000000000000000000, 9.000000000000000000 ),
 .UNSPECIFIED. ) ;
#6299 = ORIENTED_EDGE ( 'NONE', *, *, #1012, .F. ) ;
#6300 = EDGE_LOOP ( 'NONE', ( #8001, #3332, #6100, #3083 ) ) ;
#6301 = LINE ( 'NONE', #829, #6958 ) ;
#6302 = B_SPLINE_CURVE_WITH_KNOTS ( 'NONE', 3,
 ( #5299, #8065, #6696, #2600 ),
 .UNSPECIFIED., .F., .F.,
 ( 4, 4 ),
 ( 11.00000000000000000, 12.00000000000000000 ),
 .UNSPECIFIED. ) ;
#6303 = CARTESIAN_POINT ( 'NONE',  ( -0.01632944716932911017, -0.1031814321982591626, 0.2800000000000000266 ) ) ;
#6304 = CARTESIAN_POINT ( 'NONE',  ( 0.1392988690782943628, -0.1170668081614266998, 0.2900000000000000355 ) ) ;
#6305 = CARTESIAN_POINT ( 'NONE',  ( 0.1643894720336576964, -0.09588217453114028510, 0.2800000000000000266 ) ) ;
#6306 = EDGE_CURVE ( 'NONE', #1549, #6454, #375, .T. ) ;
#6307 = CARTESIAN_POINT ( 'NONE',  ( 0.1392988690782943628, -0.1170668081614266998, 0.2900000000000000355 ) ) ;
#6308 = ORIENTED_EDGE ( 'NONE', *, *, #3092, .T. ) ;
#6309 = ADVANCED_FACE ( 'NONE', ( #3639 ), #997, .F. ) ;
#6310 = CARTESIAN_POINT ( 'NONE',  ( 0.1454224209880304319, -0.1162604144943193279, 0.2900000000000000355 ) ) ;
#6311 = LINE ( 'NONE', #6175, #7070 ) ;
#6312 = DIRECTION ( 'NONE',  ( -0.000000000000000000, -0.000000000000000000, -1.000000000000000000 ) ) ;
#6313 = ORIENTED_EDGE ( 'NONE', *, *, #5130, .F. ) ;
#6314 = AXIS2_PLACEMENT_3D ( 'NONE', #6063, #7466, #3493 ) ;
#6315 = AXIS2_PLACEMENT_3D ( 'NONE', #6573, #2516, #3101 ) ;
#6316 = ORIENTED_EDGE ( 'NONE', *, *, #442, .T. ) ;
#6317 = CARTESIAN_POINT ( 'NONE',  ( 0.2047091553902559702, -0.06315603154021404153, 0.2900000000000000355 ) ) ;
#6318 = CARTESIAN_POINT ( 'NONE',  ( 0.2667426682209277367, -0.09353019300200210440, 0.2900000000000000355 ) ) ;
#6319 = ORIENTED_EDGE ( 'NONE', *, *, #7474, .T. ) ;
#6320 = CARTESIAN_POINT ( 'NONE',  ( 0.1360564945417067628, -0.1102964613312435171, 0.2900000000000000355 ) ) ;
#6321 = VERTEX_POINT ( 'NONE', #3095 ) ;
#6322 = VECTOR ( 'NONE', #5354, 1000.000000000000000 ) ;
#6323 = DIRECTION ( 'NONE',  ( 1.000000000000000000, 0.000000000000000000, 0.000000000000000000 ) ) ;
#6324 = PRESENTATION_LAYER_ASSIGNMENT (  '', '', ( #5320 ) ) ;
#6325 = DIRECTION ( 'NONE',  ( -9.898213254787177723E-15, 1.000000000000000000, 0.000000000000000000 ) ) ;
#6326 = B_SPLINE_CURVE_WITH_KNOTS ( 'NONE', 3,
 ( #8855, #7502, #7459, #2634 ),
 .UNSPECIFIED., .F., .F.,
 ( 4, 4 ),
 ( 4.000000000000000000, 5.000000000000000000 ),
 .UNSPECIFIED. ) ;
#6327 = ORIENTED_EDGE ( 'NONE', *, *, #575, .F. ) ;
#6328 = EDGE_CURVE ( 'NONE', #4474, #2945, #5617, .T. ) ;
#6329 = VERTEX_POINT ( 'NONE', #3228 ) ;
#6330 = LINE ( 'NONE', #6467, #583 ) ;
#6331 = CARTESIAN_POINT ( 'NONE',  ( 0.2678934591834276624, -0.09353019300200210440, 0.2800000000000000266 ) ) ;
#6332 = EDGE_CURVE ( 'NONE', #3209, #828, #5971, .T. ) ;
#6333 = AXIS2_PLACEMENT_3D ( 'NONE', #3915, #3743, #4547 ) ;
#6334 = ORIENTED_EDGE ( 'NONE', *, *, #2862, .F. ) ;
#6335 = ORIENTED_EDGE ( 'NONE', *, *, #1132, .T. ) ;
#6336 = CARTESIAN_POINT ( 'NONE',  ( -0.003245881101323331609, -0.1354230642602951284, 0.2800000000000000266 ) ) ;
#6337 = FACE_OUTER_BOUND ( 'NONE', #6376, .T. ) ;
#6338 = PRESENTATION_LAYER_ASSIGNMENT (  '', '', ( #141 ) ) ;
#6339 = DIRECTION ( 'NONE',  ( 0.000000000000000000, -1.000000000000000000, 0.000000000000000000 ) ) ;
#6340 = SURFACE_STYLE_FILL_AREA ( #4271 ) ;
#6341 = FILL_AREA_STYLE_COLOUR ( '', #2141 ) ;
#6342 = ORIENTED_EDGE ( 'NONE', *, *, #2078, .F. ) ;
#6343 = LINE ( 'NONE', #135, #7341 ) ;
#6344 = CARTESIAN_POINT ( 'NONE',  ( 0.1767037753254269705, -0.06401282481145953440, 0.2900000000000000355 ) ) ;
#6345 = CARTESIAN_POINT ( 'NONE',  ( 0.1325957217201829130, -0.03918261981114464637, 0.2800000000000000266 ) ) ;
#6346 = B_SPLINE_SURFACE_WITH_KNOTS ( 'NONE', 3, 1, ( 
 ( #8182, #6650 ),
 ( #5970, #2636 ),
 ( #4708, #4751 ),
 ( #7505, #1338 ) ),
 .UNSPECIFIED., .F., .F., .F.,
 ( 4, 4 ),
 ( 2, 2 ),
 ( 2.000000000000000000, 3.000000000000000000 ),
 ( 0.000000000000000000, 1.000000000000000000 ),
 .UNSPECIFIED. ) ;
#6347 = CARTESIAN_POINT ( 'NONE',  ( 0.05095745321541134826, -0.1057514146500092150, 0.2900000000000000355 ) ) ;
#6348 = FACE_OUTER_BOUND ( 'NONE', #5059, .T. ) ;
#6349 = LINE ( 'NONE', #1496, #2235 ) ;
#6350 = EDGE_LOOP ( 'NONE', ( #3100, #3700, #5004, #2809, #6615, #3190, #8726, #8502, #8393, #8500, #447, #68, #6398, #8447, #6816 ) ) ;
#6351 = ORIENTED_EDGE ( 'NONE', *, *, #648, .F. ) ;
#6352 = CARTESIAN_POINT ( 'NONE',  ( 0.1382320774561359156, -0.1204435816424944544, 0.2900000000000000355 ) ) ;
#6353 = B_SPLINE_CURVE_WITH_KNOTS ( 'NONE', 3,
 ( #235, #3907, #7756, #2969 ),
 .UNSPECIFIED., .F., .F.,
 ( 4, 4 ),
 ( 4.000000000000000000, 5.000000000000000000 ),
 .UNSPECIFIED. ) ;
#6354 = B_SPLINE_CURVE_WITH_KNOTS ( 'NONE', 3,
 ( #2526, #3971, #561, #5948 ),
 .UNSPECIFIED., .F., .F.,
 ( 4, 4 ),
 ( 2.000000000000000000, 3.000000000000000000 ),
 .UNSPECIFIED. ) ;
#6355 = DIRECTION ( 'NONE',  ( -1.000000000000000000, -0.000000000000000000, -0.000000000000000000 ) ) ;
#6356 = CARTESIAN_POINT ( 'NONE',  ( -0.01609580672934368684, -0.08846240978810843147, 0.2900000000000000355 ) ) ;
#6357 = CARTESIAN_POINT ( 'NONE',  ( 0.1385764747514161843, -0.1059452955021602111, 0.2900000000000000355 ) ) ;
#6358 = FILL_AREA_STYLE_COLOUR ( '', #4170 ) ;
#6359 = MECHANICAL_DESIGN_GEOMETRIC_PRESENTATION_REPRESENTATION (  '', ( #3329 ), #6502 ) ;
#6360 = CARTESIAN_POINT ( 'NONE',  ( 0.2741682099058027067, -0.1109012565815743478, 0.2800000000000000266 ) ) ;
#6361 = DIRECTION ( 'NONE',  ( -0.000000000000000000, -0.000000000000000000, -1.000000000000000000 ) ) ;
#6362 = DIRECTION ( 'NONE',  ( -0.000000000000000000, -0.000000000000000000, -1.000000000000000000 ) ) ;
#6363 = ORIENTED_EDGE ( 'NONE', *, *, #907, .F. ) ;
#6364 = ADVANCED_FACE ( 'NONE', ( #2552 ), #8365, .F. ) ;
#6365 = EDGE_CURVE ( 'NONE', #7769, #5746, #8729, .T. ) ;
#6366 = ORIENTED_EDGE ( 'NONE', *, *, #3142, .T. ) ;
#6367 = CARTESIAN_POINT ( 'NONE',  ( 0.1597947081177946982, -0.1040469104109388587, 0.2800000000000000266 ) ) ;
#6368 = CARTESIAN_POINT ( 'NONE',  ( 0.1552251440041115260, -0.1190659924611474074, 0.2900000000000000355 ) ) ;
#6369 = ORIENTED_EDGE ( 'NONE', *, *, #4669, .F. ) ;
#6370 = FACE_OUTER_BOUND ( 'NONE', #6237, .T. ) ;
#6371 = ORIENTED_EDGE ( 'NONE', *, *, #1766, .F. ) ;
#6372 = LINE ( 'NONE', #212, #6577 ) ;
#6373 = STYLED_ITEM ( 'NONE', ( #6434 ), #1781 ) ;
#6374 = DIRECTION ( 'NONE',  ( 1.000000000000000000, -0.000000000000000000, -0.000000000000000000 ) ) ;
#6376 = EDGE_LOOP ( 'NONE', ( #3146, #95, #7589, #7885 ) ) ;
#6375 = ADVANCED_FACE ( 'NONE', ( #4402, #5881 ), #1844, .T. ) ;
#6377 = ORIENTED_EDGE ( 'NONE', *, *, #883, .F. ) ;
#6378 = CARTESIAN_POINT ( 'NONE',  ( 0.1349645031174793730, -0.1143956291389652546, 0.2900000000000000355 ) ) ;
#6379 = DIRECTION ( 'NONE',  ( -0.000000000000000000, -0.000000000000000000, -1.000000000000000000 ) ) ;
#6380 = ORIENTED_EDGE ( 'NONE', *, *, #3342, .T. ) ;
#6381 = VECTOR ( 'NONE', #4839, 1000.000000000000000 ) ;
#6382 = ORIENTED_EDGE ( 'NONE', *, *, #5350, .T. ) ;
#6383 = CARTESIAN_POINT ( 'NONE',  ( 0.1614830948584406733, -0.1095740670043671428, 0.2800000000000000266 ) ) ;
#6384 = FACE_BOUND ( 'NONE', #7902, .T. ) ;
#6385 = VECTOR ( 'NONE', #2975, 1000.000000000000000 ) ;
#6386 = FACE_OUTER_BOUND ( 'NONE', #7416, .T. ) ;
#6387 =( NAMED_UNIT ( * ) PLANE_ANGLE_UNIT ( ) SI_UNIT ( $, .RADIAN. ) );
#6388 = PRESENTATION_STYLE_ASSIGNMENT (( #368 ) ) ;
#6389 = ORIENTED_EDGE ( 'NONE', *, *, #8576, .T. ) ;
#6390 = CARTESIAN_POINT ( 'NONE',  ( 0.08226455916761837850, -0.08729423878216989452, 0.2900000000000000355 ) ) ;
#6391 = CARTESIAN_POINT ( 'NONE',  ( 0.04955564622572284500, -0.06930434379407687806, 0.2800000000000000266 ) ) ;
#6392 = CARTESIAN_POINT ( 'NONE',  ( 0.1455316201304421853, -0.1103636608034279099, 0.2800000000000000266 ) ) ;
#6393 = ADVANCED_FACE ( 'NONE', ( #7938 ), #3906, .F. ) ;
#6394 = CARTESIAN_POINT ( 'NONE',  ( 0.1439692324003642721, -0.06453362072155989504, 0.2800000000000000266 ) ) ;
#6395 = ADVANCED_FACE ( 'NONE', ( #4495 ), #8104, .T. ) ;
#6396 = LINE ( 'NONE', #2246, #8728 ) ;
#6397 = ADVANCED_FACE ( 'NONE', ( #1089 ), #3274, .T. ) ;
#6398 = ORIENTED_EDGE ( 'NONE', *, *, #5389, .F. ) ;
#6399 = VERTEX_POINT ( 'NONE', #702 ) ;
#6400 = DIRECTION ( 'NONE',  ( -0.000000000000000000, -1.000000000000000000, -0.000000000000000000 ) ) ;
#6401 = SURFACE_STYLE_USAGE ( .BOTH. , #7954 ) ;
#6402 = CARTESIAN_POINT ( 'NONE',  ( 0.2491616062907805185, -0.1122116462905111550, 0.2800000000000000266 ) ) ;
#6403 = DIRECTION ( 'NONE',  ( 1.000000000000000000, 1.979642650957444695E-14, -0.000000000000000000 ) ) ;
#6404 = CARTESIAN_POINT ( 'NONE',  ( 0.1846501129201787994, -0.1155548200354877264, 0.2900000000000000355 ) ) ;
#6405 = B_SPLINE_CURVE_WITH_KNOTS ( 'NONE', 3,
 ( #8633, #2458, #3991, #7413 ),
 .UNSPECIFIED., .F., .F.,
 ( 4, 4 ),
 ( 16.00000000000000000, 17.00000000000000000 ),
 .UNSPECIFIED. ) ;
#6406 = CARTESIAN_POINT ( 'NONE',  ( 0.1914792592889684730, -0.09641977030928607084, 0.2900000000000000355 ) ) ;
#6407 = CARTESIAN_POINT ( 'NONE',  ( 0.1706138231517830839, -0.1106660584284810123, 0.2900000000000000355 ) ) ;
#6408 = VERTEX_POINT ( 'NONE', #8816 ) ;
#6409 = VERTEX_POINT ( 'NONE', #5379 ) ;
#6410 = DIRECTION ( 'NONE',  ( -0.000000000000000000, -0.000000000000000000, -1.000000000000000000 ) ) ;
#6411 = CARTESIAN_POINT ( 'NONE',  ( 0.1552251440041115260, -0.1190659924611474074, 0.2800000000000000266 ) ) ;
#6412 = ORIENTED_EDGE ( 'NONE', *, *, #4559, .F. ) ;
#6413 = DIRECTION ( 'NONE',  ( -1.000000000000000000, -5.154660576713457558E-14, 0.000000000000000000 ) ) ;
#6414 = ORIENTED_EDGE ( 'NONE', *, *, #2138, .F. ) ;
#6415 = CARTESIAN_POINT ( 'NONE',  ( 0.1921176542751672489, -0.03867862376909076555, 0.2900000000000000355 ) ) ;
#6416 = CARTESIAN_POINT ( 'NONE',  ( 0.2016011797981493991, -0.04176979949315111351, 0.2800000000000000266 ) ) ;
#6417 = CARTESIAN_POINT ( 'NONE',  ( 0.1636502778388469748, -0.1103804606714744174, 0.2900000000000000355 ) ) ;
#6418 = VECTOR ( 'NONE', #3130, 1000.000000000000227 ) ;
#6419 = VECTOR ( 'NONE', #5482, 1000.000000000000000 ) ;
#6420 = ORIENTED_EDGE ( 'NONE', *, *, #1080, .F. ) ;
#6421 = ORIENTED_EDGE ( 'NONE', *, *, #176, .T. ) ;
#6422 = B_SPLINE_SURFACE_WITH_KNOTS ( 'NONE', 3, 1, ( 
 ( #1997, #1262 ),
 ( #4079, #28 ),
 ( #4753, #6821 ),
 ( #661, #585 ) ),
 .UNSPECIFIED., .F., .F., .F.,
 ( 4, 4 ),
 ( 2, 2 ),
 ( 3.000000000000000000, 4.000000000000000000 ),
 ( 0.000000000000000000, 1.000000000000000000 ),
 .UNSPECIFIED. ) ;
#6423 = CARTESIAN_POINT ( 'NONE',  ( 0.1588875152422987158, -0.1085324751843905339, 0.2900000000000000355 ) ) ;
#6424 = DIRECTION ( 'NONE',  ( 0.000000000000000000, 0.000000000000000000, 1.000000000000000000 ) ) ;
#6425 = VERTEX_POINT ( 'NONE', #7506 ) ;
#6426 = EDGE_LOOP ( 'NONE', ( #5795, #2041, #8375, #2524, #3767, #3212, #1404 ) ) ;
#6427 = VECTOR ( 'NONE', #1297, 1000.000000000000000 ) ;
#6428 = CARTESIAN_POINT ( 'NONE',  ( 0.08226455916761837850, -0.08729423878216989452, 0.2800000000000000266 ) ) ;
#6429 = EDGE_CURVE ( 'NONE', #4327, #4107, #2722, .T. ) ;
#6430 = EDGE_CURVE ( 'NONE', #4525, #6505, #5715, .T. ) ;
#6431 = LINE ( 'NONE', #862, #2550 ) ;
#6432 = PRESENTATION_LAYER_ASSIGNMENT (  '', '', ( #4993 ) ) ;
#6433 = ORIENTED_EDGE ( 'NONE', *, *, #8463, .F. ) ;
#6434 = PRESENTATION_STYLE_ASSIGNMENT (( #2191 ) ) ;
#6435 = VERTEX_POINT ( 'NONE', #2638 ) ;
#6436 = CARTESIAN_POINT ( 'NONE',  ( 0.1091767056373071088, -0.06775919538998910474, 0.2800000000000000266 ) ) ;
#6437 = CARTESIAN_POINT ( 'NONE',  ( 0.2161750653446900261, -0.06775919538998845248, 0.2900000000000000355 ) ) ;
#6438 = CARTESIAN_POINT ( 'NONE',  ( 0.1437676339835886052, -0.1151516232019337699, 0.2900000000000000355 ) ) ;
#6439 = CARTESIAN_POINT ( 'NONE',  ( -0.04156203091433047919, -0.05902438724921166974, 0.2900000000000000355 ) ) ;
#6440 = LINE ( 'NONE', #5929, #8287 ) ;
#6441 =( LENGTH_UNIT ( ) NAMED_UNIT ( * ) SI_UNIT ( .MILLI., .METRE. ) );
#6442 = VERTEX_POINT ( 'NONE', #1217 ) ;
#6443 = ORIENTED_EDGE ( 'NONE', *, *, #3740, .F. ) ;
#6444 = EDGE_CURVE ( 'NONE', #2169, #6321, #6141, .T. ) ;
#6445 = CARTESIAN_POINT ( 'NONE',  ( 0.1379632795670630852, -0.09922534827611621810, 0.2800000000000000266 ) ) ;
#6446 = CARTESIAN_POINT ( 'NONE',  ( 0.1439692324003642721, -0.06453362072155989504, 0.2900000000000000355 ) ) ;
#6447 = ADVANCED_FACE ( 'NONE', ( #8183 ), #3692, .F. ) ;
#6448 = ADVANCED_FACE ( 'NONE', ( #3357 ), #2080, .T. ) ;
#6449 = CARTESIAN_POINT ( 'NONE',  ( -0.01632944716932911017, -0.1214049765386971541, 0.2900000000000000355 ) ) ;
#6450 = LINE ( 'NONE', #2302, #246 ) ;
#6451 = CARTESIAN_POINT ( 'NONE',  ( 0.1446664269250605706, -0.03434425780827687902, 0.2900000000000000355 ) ) ;
#6452 = EDGE_CURVE ( 'NONE', #155, #5959, #660, .T. ) ;
#6453 = ORIENTED_EDGE ( 'NONE', *, *, #7729, .F. ) ;
#6454 = VERTEX_POINT ( 'NONE', #3628 ) ;
#6455 = LINE ( 'NONE', #1785, #6661 ) ;
#6456 = CARTESIAN_POINT ( 'NONE',  ( 0.1591563131313723789, -0.1204435816424944544, 0.2900000000000000355 ) ) ;
#6457 = ORIENTED_EDGE ( 'NONE', *, *, #3448, .T. ) ;
#6458 = CARTESIAN_POINT ( 'NONE',  ( 0.3099999999999995537, -0.1500000000000001055, 0.2700000000000000178 ) ) ;
#6459 = ORIENTED_EDGE ( 'NONE', *, *, #5762, .T. ) ;
#6460 = PLANE ( 'NONE',  #8601 ) ;
#6461 = CARTESIAN_POINT ( 'NONE',  ( 0.1564179346367265133, -0.1064660914122611129, 0.2800000000000000266 ) ) ;
#6462 = DIRECTION ( 'NONE',  ( 0.000000000000000000, 0.000000000000000000, -1.000000000000000000 ) ) ;
#6463 = COLOUR_RGB ( '',0.6666666666666666297, 0.6666666666666666297, 0.6666666666666666297 ) ;
#6464 = ORIENTED_EDGE ( 'NONE', *, *, #8493, .F. ) ;
#6465 = VECTOR ( 'NONE', #1244, 1000.000000000000000 ) ;
#6466 = ORIENTED_EDGE ( 'NONE', *, *, #2811, .F. ) ;
#6467 = CARTESIAN_POINT ( 'NONE',  ( 0.1919496555947069472, -0.06775919538998845248, 0.2900000000000000355 ) ) ;
#6468 = DIRECTION ( 'NONE',  ( -1.000000000000000000, -0.000000000000000000, -0.000000000000000000 ) ) ;
#6469 = ORIENTED_EDGE ( 'NONE', *, *, #6306, .F. ) ;
#6470 = VERTEX_POINT ( 'NONE', #70 ) ;
#6471 = PLANE ( 'NONE',  #8505 ) ;
#6472 = DIRECTION ( 'NONE',  ( -0.7071067811865474617, 0.7071067811865474617, 0.000000000000000000 ) ) ;
#6473 = ORIENTED_EDGE ( 'NONE', *, *, #242, .F. ) ;
#6474 = EDGE_CURVE ( 'NONE', #4518, #787, #5649, .T. ) ;
#6475 = CARTESIAN_POINT ( 'NONE',  ( 0.1134186723237567834, -0.1161428154177720495, 0.2800000000000000266 ) ) ;
#6476 = ADVANCED_FACE ( 'NONE', ( #117 ), #8406, .T. ) ;
#6477 = LINE ( 'NONE', #3736, #7933 ) ;
#6478 = ORIENTED_EDGE ( 'NONE', *, *, #767, .F. ) ;
#6479 = LINE ( 'NONE', #2195, #4039 ) ;
#6480 = CARTESIAN_POINT ( 'NONE',  ( 0.04955564622572284500, -0.06930434379407687806, 0.2900000000000000355 ) ) ;
#6481 = LINE ( 'NONE', #6529, #3458 ) ;
#6482 = ORIENTED_EDGE ( 'NONE', *, *, #8248, .F. ) ;
#6483 = CARTESIAN_POINT ( 'NONE',  ( 0.1960320235343817608, -0.03867862376909076555, 0.2800000000000000266 ) ) ;
#6484 = STYLED_ITEM ( 'NONE', ( #2003 ), #5119 ) ;
#6485 = LINE ( 'NONE', #5003, #2675 ) ;
#6486 = ORIENTED_EDGE ( 'NONE', *, *, #1956, .F. ) ;
#6487 = CARTESIAN_POINT ( 'NONE',  ( 0.1349645031174793730, -0.1132700379787587031, 0.2800000000000000266 ) ) ;
#6488 = EDGE_CURVE ( 'NONE', #1656, #5835, #4540, .T. ) ;
#6489 = DIRECTION ( 'NONE',  ( -0.000000000000000000, -0.000000000000000000, -1.000000000000000000 ) ) ;
#6490 = CARTESIAN_POINT ( 'NONE',  ( 0.2508163932953340614, -0.1030389183270530862, 0.2900000000000000355 ) ) ;
#6491 = CARTESIAN_POINT ( 'NONE',  ( 0.2667426682209277367, -0.09353019300200210440, 0.2900000000000000355 ) ) ;
#6492 = CARTESIAN_POINT ( 'NONE',  ( 0.1307897359032157703, -0.1136060353399044875, 0.2900000000000000355 ) ) ;
#6493 = CARTESIAN_POINT ( 'NONE',  ( 0.1261025727129859719, -0.08702864406078214543, 0.2800000000000000266 ) ) ;
#6494 = VECTOR ( 'NONE', #1912, 1000.000000000000000 ) ;
#6495 = CARTESIAN_POINT ( 'NONE',  ( 0.2096651164694471881, -0.04603696598178081550, 0.2900000000000000355 ) ) ;
#6496 = CARTESIAN_POINT ( 'NONE',  ( 0.1710758195236094792, -0.1119596482695970341, 0.2800000000000000266 ) ) ;
#6497 = B_SPLINE_SURFACE_WITH_KNOTS ( 'NONE', 3, 1, ( 
 ( #306, #5151 ),
 ( #8542, #4483 ),
 ( #2363, #1078 ),
 ( #6553, #5108 ) ),
 .UNSPECIFIED., .F., .F., .F.,
 ( 4, 4 ),
 ( 2, 2 ),
 ( 3.000000000000000000, 4.000000000000000000 ),
 ( 0.000000000000000000, 1.000000000000000000 ),
 .UNSPECIFIED. ) ;
#6498 = AXIS2_PLACEMENT_3D ( 'NONE', #7309, #3250, #6717 ) ;
#6499 = VERTEX_POINT ( 'NONE', #4348 ) ;
#6500 = ADVANCED_FACE ( 'NONE', ( #7689 ), #2858, .F. ) ;
#6501 = VERTEX_POINT ( 'NONE', #2269 ) ;
#6502 =( GEOMETRIC_REPRESENTATION_CONTEXT ( 3 ) GLOBAL_UNCERTAINTY_ASSIGNED_CONTEXT ( ( #5717 ) ) GLOBAL_UNIT_ASSIGNED_CONTEXT ( ( #7584, #8306, #793 ) ) REPRESENTATION_CONTEXT ( 'NONE', 'WORKASPACE' ) );
#6503 = CARTESIAN_POINT ( 'NONE',  ( 0.1740661960392821950, -0.1306075018220133888, 0.2900000000000000355 ) ) ;
#6504 = CARTESIAN_POINT ( 'NONE',  ( -0.01632944716932911017, -0.1214049765386971541, 0.2900000000000000355 ) ) ;
#6505 = VERTEX_POINT ( 'NONE', #8359 ) ;
#6506 = CARTESIAN_POINT ( 'NONE',  ( 0.2262297863816861154, -0.03909862047069004309, 0.2800000000000000266 ) ) ;
#6507 = VERTEX_POINT ( 'NONE', #4832 ) ;
#6508 = EDGE_CURVE ( 'NONE', #4930, #3445, #2498, .T. ) ;
#6509 = CARTESIAN_POINT ( 'NONE',  ( 0.1767205751935840563, -0.1309434991833836048, 0.2900000000000000355 ) ) ;
#6510 = FACE_OUTER_BOUND ( 'NONE', #7092, .T. ) ;
#6511 = EDGE_CURVE ( 'NONE', #1141, #5821, #5505, .T. ) ;
#6512 = EDGE_CURVE ( 'NONE', #3354, #4927, #2812, .T. ) ;
#6513 = EDGE_LOOP ( 'NONE', ( #2012, #1111, #4493, #5630 ) ) ;
#6514 = ORIENTED_EDGE ( 'NONE', *, *, #1936, .T. ) ;
#6515 = LINE ( 'NONE', #3134, #3299 ) ;
#6516 = DIRECTION ( 'NONE',  ( -1.000000000000000000, 0.000000000000000000, 0.000000000000000000 ) ) ;
#6517 = ORIENTED_EDGE ( 'NONE', *, *, #5294, .F. ) ;
#6518 = ORIENTED_EDGE ( 'NONE', *, *, #1105, .T. ) ;
#6519 = CARTESIAN_POINT ( 'NONE',  ( 0.1376776818099439137, -0.06337442982503699307, 0.2800000000000000266 ) ) ;
#6520 = VECTOR ( 'NONE', #710, 1000.000000000000000 ) ;
#6521 = SURFACE_SIDE_STYLE ('',( #5117 ) ) ;
#6522 = ORIENTED_EDGE ( 'NONE', *, *, #5010, .F. ) ;
#6523 = AXIS2_PLACEMENT_3D ( 'NONE', #4116, #5334, #1916 ) ;
#6524 = CARTESIAN_POINT ( 'NONE',  ( 0.01497765432675353565, -0.04009995723881767948, 0.2800000000000000266 ) ) ;
#6525 = CARTESIAN_POINT ( 'NONE',  ( 0.1599123071943401864, -0.1006701369298707849, 0.2800000000000000266 ) ) ;
#6526 = EDGE_LOOP ( 'NONE', ( #2146, #7712, #125, #6852 ) ) ;
#6527 = DIRECTION ( 'NONE',  ( -0.000000000000000000, -0.000000000000000000, -1.000000000000000000 ) ) ;
#6528 = CARTESIAN_POINT ( 'NONE',  ( 0.03179938276514396311, -0.04009995723881767948, 0.2900000000000000355 ) ) ;
#6529 = CARTESIAN_POINT ( 'NONE',  ( 0.3099999999999995537, -0.1600000000000000866, 0.000000000000000000 ) ) ;
#6530 = ORIENTED_EDGE ( 'NONE', *, *, #767, .T. ) ;
#6531 = CARTESIAN_POINT ( 'NONE',  ( 0.1831129249923945657, -0.1284403188416071984, 0.2800000000000000266 ) ) ;
#6532 = VECTOR ( 'NONE', #5089, 1000.000000000000000 ) ;
#6533 = DIRECTION ( 'NONE',  ( -0.9910683662997679111, -0.1333547648939054364, 0.000000000000000000 ) ) ;
#6534 = ORIENTED_EDGE ( 'NONE', *, *, #8440, .F. ) ;
#6535 = CARTESIAN_POINT ( 'NONE',  ( 0.1699502283632908783, -0.1009221349507850168, 0.2900000000000000355 ) ) ;
#6536 = CARTESIAN_POINT ( 'NONE',  ( 0.1643894720336576964, -0.09588217453114028510, 0.2900000000000000355 ) ) ;
#6537 = DIRECTION ( 'NONE',  ( 0.000000000000000000, 0.000000000000000000, 1.000000000000000000 ) ) ;
#6538 = DIRECTION ( 'NONE',  ( 0.000000000000000000, 0.000000000000000000, 1.000000000000000000 ) ) ;
#6539 = CARTESIAN_POINT ( 'NONE',  ( 0.1134186723237558120, -0.1013253317843398338, 0.2800000000000000266 ) ) ;
#6540 = EDGE_CURVE ( 'NONE', #2840, #8786, #6372, .T. ) ;
#6541 = EDGE_CURVE ( 'NONE', #2508, #5153, #7770, .T. ) ;
#6542 = CARTESIAN_POINT ( 'NONE',  ( 0.2667426682209277367, -0.09353019300200210440, 0.2900000000000000355 ) ) ;
#6543 = CARTESIAN_POINT ( 'NONE',  ( 0.1607439006635171530, -0.1000989414156316648, 0.2900000000000000355 ) ) ;
#6544 = EDGE_LOOP ( 'NONE', ( #6482, #6327, #6115, #2857 ) ) ;
#6545 = ORIENTED_EDGE ( 'NONE', *, *, #5653, .F. ) ;
#6546 = LINE ( 'NONE', #2985, #6083 ) ;
#6547 = CARTESIAN_POINT ( 'NONE',  ( 0.1591563131313723789, -0.1204435816424944544, 0.2800000000000000266 ) ) ;
#6548 = ORIENTED_EDGE ( 'NONE', *, *, #6167, .F. ) ;
#6549 = CARTESIAN_POINT ( 'NONE',  ( 0.1632722808073611975, -0.03867862376909076555, 0.2900000000000000355 ) ) ;
#6550 = EDGE_LOOP ( 'NONE', ( #998, #3047, #3575, #8299 ) ) ;
#6551 = CARTESIAN_POINT ( 'NONE',  ( 0.1972668138373356028, -0.03489865345446935968, 0.2800000000000000266 ) ) ;
#6552 = CARTESIAN_POINT ( 'NONE',  ( 0.1328057200710954788, -0.1185955961554105570, 0.2900000000000000355 ) ) ;
#6553 = CARTESIAN_POINT ( 'NONE',  ( 0.2052047514982866250, -0.05102652679706329991, 0.2900000000000000355 ) ) ;
#6554 = CARTESIAN_POINT ( 'NONE',  ( 0.2428448558982898298, -0.1127156423325654383, 0.2900000000000000355 ) ) ;
#6555 = EDGE_CURVE ( 'NONE', #707, #4484, #4979, .T. ) ;
#6556 = ORIENTED_EDGE ( 'NONE', *, *, #1626, .T. ) ;
#6557 = CARTESIAN_POINT ( 'NONE',  ( 0.1829113265756171502, -0.03489865345446935968, 0.2900000000000000355 ) ) ;
#6558 = CARTESIAN_POINT ( 'NONE',  ( 0.1684298403033300529, -0.1185787962873645907, 0.2900000000000000355 ) ) ;
#6559 = EDGE_CURVE ( 'NONE', #739, #3032, #4846, .T. ) ;
#6560 = EDGE_LOOP ( 'NONE', ( #4280, #3534, #5204, #7579 ) ) ;
#6561 = ORIENTED_EDGE ( 'NONE', *, *, #1152, .T. ) ;
#6562 = EDGE_CURVE ( 'NONE', #5605, #263, #3488, .T. ) ;
#6563 = CARTESIAN_POINT ( 'NONE',  ( 0.1376776818099439137, -0.06337442982503699307, 0.2900000000000000355 ) ) ;
#6564 = VECTOR ( 'NONE', #7234, 1000.000000000000000 ) ;
#6565 = VECTOR ( 'NONE', #4288, 1000.000000000000000 ) ;
#6566 = B_SPLINE_CURVE_WITH_KNOTS ( 'NONE', 3,
 ( #4121, #3358, #6013, #2683 ),
 .UNSPECIFIED., .F., .F.,
 ( 4, 4 ),
 ( 3.000000000000000000, 4.000000000000000000 ),
 .UNSPECIFIED. ) ;
#6567 = EDGE_CURVE ( 'NONE', #792, #2069, #779, .T. ) ;
#6568 = ORIENTED_EDGE ( 'NONE', *, *, #4620, .T. ) ;
#6569 = DIRECTION ( 'NONE',  ( 0.000000000000000000, -0.000000000000000000, 1.000000000000000000 ) ) ;
#6570 = CARTESIAN_POINT ( 'NONE',  ( 0.1594923104926285751, -0.1014429308608860159, 0.2800000000000000266 ) ) ;
#6571 = MECHANICAL_DESIGN_GEOMETRIC_PRESENTATION_REPRESENTATION (  '', ( #1391 ), #8873 ) ;
#6572 = ORIENTED_EDGE ( 'NONE', *, *, #8499, .T. ) ;
#6573 = CARTESIAN_POINT ( 'NONE',  ( 0.2044235576332510129, -0.09080861437540363457, 0.2900000000000000355 ) ) ;
#6574 = CARTESIAN_POINT ( 'NONE',  ( -0.3000000000000004330, 0.1599999999999998646, 0.000000000000000000 ) ) ;
#6575 = B_SPLINE_SURFACE_WITH_KNOTS ( 'NONE', 3, 1, ( 
 ( #4353, #946 ),
 ( #3677, #5555 ),
 ( #6423, #2131 ),
 ( #8546, #8053 ) ),
 .UNSPECIFIED., .F., .F., .F.,
 ( 4, 4 ),
 ( 2, 2 ),
 ( 4.000000000000000000, 5.000000000000000000 ),
 ( 0.000000000000000000, 1.000000000000000000 ),
 .UNSPECIFIED. ) ;
#6576 = CARTESIAN_POINT ( 'NONE',  ( -0.03805750452769433856, -0.1038823267804621364, 0.2900000000000000355 ) ) ;
#6577 = VECTOR ( 'NONE', #7782, 1000.000000000000000 ) ;
#6578 = ORIENTED_EDGE ( 'NONE', *, *, #7022, .T. ) ;
#6579 = LINE ( 'NONE', #420, #3802 ) ;
#6580 = VECTOR ( 'NONE', #6268, 1000.000000000000000 ) ;
#6581 = LINE ( 'NONE', #2612, #7628 ) ;
#6582 = ORIENTED_EDGE ( 'NONE', *, *, #656, .F. ) ;
#6583 = FACE_OUTER_BOUND ( 'NONE', #5851, .T. ) ;
#6584 = FACE_BOUND ( 'NONE', #457, .T. ) ;
#6585 = DIRECTION ( 'NONE',  ( -0.000000000000000000, -0.000000000000000000, 1.000000000000000000 ) ) ;
#6586 = DIRECTION ( 'NONE',  ( 0.000000000000000000, 0.000000000000000000, -1.000000000000000000 ) ) ;
#6587 = ORIENTED_EDGE ( 'NONE', *, *, #3040, .T. ) ;
#6588 = EDGE_CURVE ( 'NONE', #2645, #6865, #6229, .T. ) ;
#6589 = CARTESIAN_POINT ( 'NONE',  ( 0.1623230882616398252, -0.1057772968216992571, 0.2900000000000000355 ) ) ;
#6590 = EDGE_CURVE ( 'NONE', #7145, #6501, #8495, .T. ) ;
#6591 = DIRECTION ( 'NONE',  ( 0.000000000000000000, 0.000000000000000000, -1.000000000000000000 ) ) ;
#6592 = ORIENTED_EDGE ( 'NONE', *, *, #2087, .T. ) ;
#6593 = PLANE ( 'NONE',  #540 ) ;
#6594 = VERTEX_POINT ( 'NONE', #7233 ) ;
#6595 = CARTESIAN_POINT ( 'NONE',  ( 0.04955564622572284500, -0.06930434379407687806, 0.2900000000000000355 ) ) ;
#6596 = CARTESIAN_POINT ( 'NONE',  ( 0.2052047514982866250, -0.05102652679706329991, 0.2800000000000000266 ) ) ;
#6597 = CARTESIAN_POINT ( 'NONE',  ( 0.1552503438061812180, -0.1041981092235767514, 0.2900000000000000355 ) ) ;
#6598 = EDGE_LOOP ( 'NONE', ( #7856, #7172, #8532, #4246 ) ) ;
#6599 = CARTESIAN_POINT ( 'NONE',  ( -0.003245881101323331609, -0.1354230642602951284, 0.2900000000000000355 ) ) ;
#6600 = LINE ( 'NONE', #8014, #1349 ) ;
#6601 = EDGE_LOOP ( 'NONE', ( #5279, #8181, #5802, #1717 ) ) ;
#6602 = VERTEX_POINT ( 'NONE', #3719 ) ;
#6603 = LINE ( 'NONE', #3094, #3895 ) ;
#6604 = AXIS2_PLACEMENT_3D ( 'NONE', #3570, #107, #3483 ) ;
#6605 = CARTESIAN_POINT ( 'NONE',  ( 0.1767205751935840563, -0.1309434991833836048, 0.2800000000000000266 ) ) ;
#6606 = EDGE_CURVE ( 'NONE', #3845, #8854, #5149, .T. ) ;
#6607 = CARTESIAN_POINT ( 'NONE',  ( 0.2193334405409359256, -0.05877126597503729011, 0.2900000000000000355 ) ) ;
#6608 = UNCERTAINTY_MEASURE_WITH_UNIT (LENGTH_MEASURE( 1.000000000000000082E-05 ), #7482, 'distance_accuracy_value', 'NONE');
#6609 = EDGE_CURVE ( 'NONE', #707, #8799, #8005, .T. ) ;
#6610 = ORIENTED_EDGE ( 'NONE', *, *, #7258, .T. ) ;
#6611 = CARTESIAN_POINT ( 'NONE',  ( 0.0002586452853114550726, -0.04009995723881767948, 0.2800000000000000266 ) ) ;
#6612 = DIRECTION ( 'NONE',  ( 0.000000000000000000, -1.000000000000000000, 0.000000000000000000 ) ) ;
#6613 = VECTOR ( 'NONE', #4194, 1000.000000000000000 ) ;
#6614 = VECTOR ( 'NONE', #7655, 1000.000000000000000 ) ;
#6615 = ORIENTED_EDGE ( 'NONE', *, *, #6096, .F. ) ;
#6616 = CARTESIAN_POINT ( 'NONE',  ( 0.1333853155193576168, -0.1066676898290368908, 0.2800000000000000266 ) ) ;
#6617 = DIRECTION ( 'NONE',  ( 0.000000000000000000, 0.000000000000000000, -1.000000000000000000 ) ) ;
#6618 = FILL_AREA_STYLE_COLOUR ( '', #251 ) ;
#6619 = ADVANCED_FACE ( 'NONE', ( #4390 ), #6460, .F. ) ;
#6620 = VECTOR ( 'NONE', #1145, 1000.000000000000000 ) ;
#6621 =( GEOMETRIC_REPRESENTATION_CONTEXT ( 3 ) GLOBAL_UNCERTAINTY_ASSIGNED_CONTEXT ( ( #5884 ) ) GLOBAL_UNIT_ASSIGNED_CONTEXT ( ( #1103, #8037, #1859 ) ) REPRESENTATION_CONTEXT ( 'NONE', 'WORKASPACE' ) );
#6622 = ORIENTED_EDGE ( 'NONE', *, *, #1983, .F. ) ;
#6623 = CARTESIAN_POINT ( 'NONE',  ( 0.1325957217201829130, -0.03918261981114464637, 0.2900000000000000355 ) ) ;
#6624 = DIRECTION ( 'NONE',  ( -2.377029481426464346E-14, 1.000000000000000000, 0.000000000000000000 ) ) ;
#6625 = CARTESIAN_POINT ( 'NONE',  ( 0.1552251440041115260, -0.1148156258407888458, 0.2800000000000000266 ) ) ;
#6626 = ORIENTED_EDGE ( 'NONE', *, *, #1860, .T. ) ;
#6627 = DIRECTION ( 'NONE',  ( -0.000000000000000000, -0.000000000000000000, -1.000000000000000000 ) ) ;
#6628 = VECTOR ( 'NONE', #3591, 1000.000000000000114 ) ;
#6629 = DIRECTION ( 'NONE',  ( -1.000000000000000000, -0.000000000000000000, -0.000000000000000000 ) ) ;
#6630 = B_SPLINE_SURFACE_WITH_KNOTS ( 'NONE', 3, 1, ( 
 ( #2202, #775 ),
 ( #5574, #4142 ),
 ( #5483, #4278 ),
 ( #1357, #8336 ) ),
 .UNSPECIFIED., .F., .F., .F.,
 ( 4, 4 ),
 ( 2, 2 ),
 ( 24.00000000000000000, 25.00000000000000000 ),
 ( 0.000000000000000000, 1.000000000000000000 ),
 .UNSPECIFIED. ) ;
#6631 = ORIENTED_EDGE ( 'NONE', *, *, #7572, .T. ) ;
#6632 = CARTESIAN_POINT ( 'NONE',  ( 0.05212563759005825470, -0.04337084986982177315, 0.2900000000000000355 ) ) ;
#6633 = SURFACE_STYLE_FILL_AREA ( #7451 ) ;
#6634 = ORIENTED_EDGE ( 'NONE', *, *, #2481, .T. ) ;
#6635 = B_SPLINE_CURVE_WITH_KNOTS ( 'NONE', 3,
 ( #4544, #316, #7291, #3869 ),
 .UNSPECIFIED., .F., .F.,
 ( 4, 4 ),
 ( 0.000000000000000000, 1.000000000000000000 ),
 .UNSPECIFIED. ) ;
#6636 = CARTESIAN_POINT ( 'NONE',  ( 0.2363685067591379529, -0.06775919538998964597, 0.2900000000000000355 ) ) ;
#6637 = ORIENTED_EDGE ( 'NONE', *, *, #8313, .T. ) ;
#6638 = AXIS2_PLACEMENT_3D ( 'NONE', #5860, #6586, #8619 ) ;
#6639 = CARTESIAN_POINT ( 'NONE',  ( 0.1668506527052079358, -0.1160252163414495497, 0.2800000000000000266 ) ) ;
#6640 = CARTESIAN_POINT ( 'NONE',  ( 0.06053649735290552586, -0.1193022482292757924, 0.2800000000000000266 ) ) ;
#6641 = SURFACE_STYLE_USAGE ( .BOTH. , #4570 ) ;
#6642 = EDGE_CURVE ( 'NONE', #7453, #2418, #6138, .T. ) ;
#6643 = CARTESIAN_POINT ( 'NONE',  ( 0.2428448558982898298, -0.1127156423325654383, 0.2800000000000000266 ) ) ;
#6644 = ORIENTED_EDGE ( 'NONE', *, *, #413, .F. ) ;
#6645 = B_SPLINE_SURFACE_WITH_KNOTS ( 'NONE', 3, 1, ( 
 ( #3070, #8573 ),
 ( #5140, #5859 ),
 ( #1737, #7219 ),
 ( #6542, #384 ) ),
 .UNSPECIFIED., .F., .F., .F.,
 ( 4, 4 ),
 ( 2, 2 ),
 ( 3.000000000000000000, 4.000000000000000000 ),
 ( 0.000000000000000000, 1.000000000000000000 ),
 .UNSPECIFIED. ) ;
#6646 = DIRECTION ( 'NONE',  ( 1.000000000000000000, 0.000000000000000000, 0.000000000000000000 ) ) ;
#6647 = CARTESIAN_POINT ( 'NONE',  ( 0.1552251440041115260, -0.1148156258407888458, 0.2900000000000000355 ) ) ;
#6648 = ORIENTED_EDGE ( 'NONE', *, *, #6884, .T. ) ;
#6649 = ORIENTED_EDGE ( 'NONE', *, *, #4301, .F. ) ;
#6650 = CARTESIAN_POINT ( 'NONE',  ( 0.01474402279924059631, -0.02608185169227541719, 0.2800000000000000266 ) ) ;
#6651 = EDGE_CURVE ( 'NONE', #7145, #6790, #3080, .T. ) ;
#6652 = CARTESIAN_POINT ( 'NONE',  ( 0.1806181445846414824, -0.1241059528807933188, 0.2900000000000000355 ) ) ;
#6653 = EDGE_LOOP ( 'NONE', ( #7685, #8098, #4408, #3244 ) ) ;
#6654 = DIRECTION ( 'NONE',  ( -0.000000000000000000, -0.000000000000000000, -1.000000000000000000 ) ) ;
#6655 = CARTESIAN_POINT ( 'NONE',  ( 0.1615922940008519271, -0.1204435816424944544, 0.2800000000000000266 ) ) ;
#6656 = CARTESIAN_POINT ( 'NONE',  ( 0.1278497589917931554, -0.05195051954071848443, 0.2800000000000000266 ) ) ;
#6657 = ORIENTED_EDGE ( 'NONE', *, *, #7232, .T. ) ;
#6658 = CARTESIAN_POINT ( 'NONE',  ( 0.1265057695466517695, -0.06775919538998910474, 0.2900000000000000355 ) ) ;
#6659 = DIRECTION ( 'NONE',  ( -1.000000000000000000, -0.000000000000000000, -0.000000000000000000 ) ) ;
#6660 = CARTESIAN_POINT ( 'NONE',  ( 0.1756873833075194014, -0.1309434991833836048, 0.2800000000000000266 ) ) ;
#6661 = VECTOR ( 'NONE', #6410, 1000.000000000000000 ) ;
#6662 = ORIENTED_EDGE ( 'NONE', *, *, #2649, .F. ) ;
#6663 = CARTESIAN_POINT ( 'NONE',  ( 0.1251701800354209360, -0.1013253317843398338, 0.2900000000000000355 ) ) ;
#6664 = SURFACE_STYLE_USAGE ( .BOTH. , #3924 ) ;
#6665 = VECTOR ( 'NONE', #4090, 1000.000000000000000 ) ;
#6666 = EDGE_LOOP ( 'NONE', ( #3679, #8536, #6270, #7241 ) ) ;
#6667 = EDGE_CURVE ( 'NONE', #3523, #6775, #5062, .T. ) ;
#6668 = CARTESIAN_POINT ( 'NONE',  ( 0.2047091553902559702, -0.03924981928332918479, 0.2900000000000000355 ) ) ;
#6669 = FACE_BOUND ( 'NONE', #5192, .T. ) ;
#6670 = VECTOR ( 'NONE', #6169, 1000.000000000000000 ) ;
#6671 = ADVANCED_FACE ( 'NONE', ( #7964 ), #1075, .F. ) ;
#6672 = EDGE_CURVE ( 'NONE', #6908, #7453, #7319, .T. ) ;
#6673 = FILL_AREA_STYLE_COLOUR ( '', #7566 ) ;
#6674 = CARTESIAN_POINT ( 'NONE',  ( -0.2199999999999999178, -0.1200000000000000372, 0.000000000000000000 ) ) ;
#6675 = EDGE_LOOP ( 'NONE', ( #4577, #3430, #8637, #7501 ) ) ;
#6676 = B_SPLINE_CURVE_WITH_KNOTS ( 'NONE', 3,
 ( #4725, #7520, #1354, #4852 ),
 .UNSPECIFIED., .F., .F.,
 ( 4, 4 ),
 ( 1.000000000000000000, 2.000000000000000000 ),
 .UNSPECIFIED. ) ;
#6677 = VECTOR ( 'NONE', #769, 1000.000000000000000 ) ;
#6678 = PLANE ( 'NONE',  #3362 ) ;
#6679 = CARTESIAN_POINT ( 'NONE',  ( 0.1413988525864039725, -0.1204435816424944544, 0.2800000000000000266 ) ) ;
#6680 = ORIENTED_EDGE ( 'NONE', *, *, #1705, .T. ) ;
#6681 = CARTESIAN_POINT ( 'NONE',  ( 0.03179938276514428230, -0.1164986253374285241, 0.2800000000000000266 ) ) ;
#6682 = ORIENTED_EDGE ( 'NONE', *, *, #8484, .T. ) ;
#6683 = DIRECTION ( 'NONE',  ( 0.000000000000000000, -0.000000000000000000, -1.000000000000000000 ) ) ;
#6684 = DIRECTION ( 'NONE',  ( 0.000000000000000000, 1.000000000000000000, -0.000000000000000000 ) ) ;
#6685 = LINE ( 'NONE', #3307, #3434 ) ;
#6686 = CARTESIAN_POINT ( 'NONE',  ( 0.03904206706581658803, -0.1055177831226081220, 0.2900000000000000355 ) ) ;
#6687 = ORIENTED_EDGE ( 'NONE', *, *, #6057, .F. ) ;
#6688 = DIRECTION ( 'NONE',  ( -0.000000000000000000, -1.000000000000000000, -0.000000000000000000 ) ) ;
#6689 = EDGE_LOOP ( 'NONE', ( #423, #3718, #2970, #6568 ) ) ;
#6690 = EDGE_LOOP ( 'NONE', ( #8510, #2225, #3839, #5076 ) ) ;
#6691 = CARTESIAN_POINT ( 'NONE',  ( 0.1496475878064338905, -0.09883895131060940753, 0.2800000000000000266 ) ) ;
#6692 = CARTESIAN_POINT ( 'NONE',  ( 0.1701938264501833276, -0.1173524059184335028, 0.2800000000000000266 ) ) ;
#6693 = DIRECTION ( 'NONE',  ( -0.000000000000000000, 1.000000000000000000, -0.000000000000000000 ) ) ;
#6694 = VERTEX_POINT ( 'NONE', #1160 ) ;
#6695 = B_SPLINE_SURFACE_WITH_KNOTS ( 'NONE', 3, 1, ( 
 ( #1645, #334 ),
 ( #5008, #3705 ),
 ( #3611, #6987 ),
 ( #1553, #4286 ) ),
 .UNSPECIFIED., .F., .F., .F.,
 ( 4, 4 ),
 ( 2, 2 ),
 ( 3.000000000000000000, 4.000000000000000000 ),
 ( 0.000000000000000000, 1.000000000000000000 ),
 .UNSPECIFIED. ) ;
#6696 = CARTESIAN_POINT ( 'NONE',  ( 0.1455316201304421853, -0.1011405332356090370, 0.2900000000000000355 ) ) ;
#6697 = CARTESIAN_POINT ( 'NONE',  ( 0.2458604322159189670, -0.09137980988964243545, 0.2900000000000000355 ) ) ;
#6698 = LINE ( 'NONE', #8431, #4377 ) ;
#6699 = EDGE_CURVE ( 'NONE', #1849, #8799, #1790, .T. ) ;
#6700 = EDGE_LOOP ( 'NONE', ( #4864, #1525, #8790, #4789 ) ) ;
#6701 = FILL_AREA_STYLE ('',( #1565 ) ) ;
#6702 = ADVANCED_FACE ( 'NONE', ( #1114 ), #8028, .F. ) ;
#6703 = AXIS2_PLACEMENT_3D ( 'NONE', #4187, #189, #1400 ) ;
#6704 = CARTESIAN_POINT ( 'NONE',  ( 0.1740661960392821950, -0.1306075018220133888, 0.2900000000000000355 ) ) ;
#6705 = CARTESIAN_POINT ( 'NONE',  ( 0.1524531657733733114, -0.04012341242262128932, 0.2800000000000000266 ) ) ;
#6706 = EDGE_LOOP ( 'NONE', ( #4399, #4921, #8835, #8574 ) ) ;
#6707 = CARTESIAN_POINT ( 'NONE',  ( 0.1454224209880304319, -0.1162604144943193279, 0.2900000000000000355 ) ) ;
#6708 = B_SPLINE_CURVE_WITH_KNOTS ( 'NONE', 3,
 ( #910, #7599, #2914, #8370, #4843, #128, #4942 ),
 .UNSPECIFIED., .F., .F.,
 ( 4, 3, 4 ),
 ( 0.000000000000000000, 1.000000000000000000, 2.000000000000000000 ),
 .UNSPECIFIED. ) ;
#6709 = VECTOR ( 'NONE', #8424, 1000.000000000000000 ) ;
#6710 = CARTESIAN_POINT ( 'NONE',  ( -0.01726398664786708489, -0.03799724229810669263, 0.2900000000000000355 ) ) ;
#6711 = ORIENTED_EDGE ( 'NONE', *, *, #3590, .T. ) ;
#6712 = DIRECTION ( 'NONE',  ( -0.000000000000000000, -0.000000000000000000, -1.000000000000000000 ) ) ;
#6713 = CARTESIAN_POINT ( 'NONE',  ( 0.2114879021546854920, -0.06775919538998845248, 0.2900000000000000355 ) ) ;
#6714 = CARTESIAN_POINT ( 'NONE',  ( 0.2178550521513145100, -0.1161428154177715083, 0.2800000000000000266 ) ) ;
#6715 =( GEOMETRIC_REPRESENTATION_CONTEXT ( 3 ) GLOBAL_UNCERTAINTY_ASSIGNED_CONTEXT ( ( #2825 ) ) GLOBAL_UNIT_ASSIGNED_CONTEXT ( ( #541, #6012, #7420 ) ) REPRESENTATION_CONTEXT ( 'NONE', 'WORKASPACE' ) );
#6716 = CYLINDRICAL_SURFACE ( 'NONE', #1825, 0.01000000000000002623 ) ;
#6717 = DIRECTION ( 'NONE',  ( -1.000000000000000000, 0.000000000000000000, -0.000000000000000000 ) ) ;
#6718 = EDGE_CURVE ( 'NONE', #629, #2945, #1747, .T. ) ;
#6719 = ORIENTED_EDGE ( 'NONE', *, *, #5626, .F. ) ;
#6720 = CARTESIAN_POINT ( 'NONE',  ( 0.1578879230924379873, -0.09774695988649467759, 0.2800000000000000266 ) ) ;
#6721 = EDGE_CURVE ( 'NONE', #6442, #5114, #8539, .T. ) ;
#6722 = VECTOR ( 'NONE', #8716, 1000.000000000000000 ) ;
#6723 = EDGE_CURVE ( 'NONE', #2062, #2184, #5598, .T. ) ;
#6724 = DIRECTION ( 'NONE',  ( 1.000000000000000000, -0.000000000000000000, -0.000000000000000000 ) ) ;
#6725 = ORIENTED_EDGE ( 'NONE', *, *, #1673, .F. ) ;
#6726 = DIRECTION ( 'NONE',  ( -0.000000000000000000, -0.000000000000000000, -1.000000000000000000 ) ) ;
#6727 = EDGE_LOOP ( 'NONE', ( #30, #1752, #165, #5704, #6056, #768, #4583, #3252, #3454, #2983, #4064, #3939 ) ) ;
#6728 = EDGE_CURVE ( 'NONE', #433, #5065, #8305, .T. ) ;
#6729 = LINE ( 'NONE', #5410, #5399 ) ;
#6730 = CARTESIAN_POINT ( 'NONE',  ( 0.1778209665518348526, -0.09641977030928650105, 0.2900000000000000355 ) ) ;
#6731 = FACE_OUTER_BOUND ( 'NONE', #3811, .T. ) ;
#6732 = LINE ( 'NONE', #2630, #6791 ) ;
#6733 = ORIENTED_EDGE ( 'NONE', *, *, #383, .T. ) ;
#6734 =( NAMED_UNIT ( * ) SI_UNIT ( $, .STERADIAN. ) SOLID_ANGLE_UNIT ( ) );
#6735 = EDGE_LOOP ( 'NONE', ( #6466, #4842, #1707, #2310 ) ) ;
#6736 = ORIENTED_EDGE ( 'NONE', *, *, #963, .F. ) ;
#6737 = LINE ( 'NONE', #622, #6269 ) ;
#6738 = CARTESIAN_POINT ( 'NONE',  ( 0.1684298403033300529, -0.1185787962873645907, 0.2900000000000000355 ) ) ;
#6739 = CARTESIAN_POINT ( 'NONE',  ( 0.1850953094240708197, -0.1234339581580547324, 0.2900000000000000355 ) ) ;
#6740 = VERTEX_POINT ( 'NONE', #2361 ) ;
#6741 = B_SPLINE_CURVE_WITH_KNOTS ( 'NONE', 3,
 ( #5111, #6599, #7883, #401 ),
 .UNSPECIFIED., .F., .F.,
 ( 4, 4 ),
 ( 10.00000000000000000, 11.00000000000000000 ),
 .UNSPECIFIED. ) ;
#6742 = CARTESIAN_POINT ( 'NONE',  ( 0.2384180906629996821, -0.08702864406078171522, 0.2900000000000000355 ) ) ;
#6743 = CARTESIAN_POINT ( 'NONE',  ( 0.1294289465899150782, -0.04240819447957409200, 0.2800000000000000266 ) ) ;
#6744 = CARTESIAN_POINT ( 'NONE',  ( 0.07362005896467421762, -0.1094895725641572143, 0.2800000000000000266 ) ) ;
#6745 = ORIENTED_EDGE ( 'NONE', *, *, #8416, .T. ) ;
#6746 = DIRECTION ( 'NONE',  ( -0.000000000000000000, -0.000000000000000000, -1.000000000000000000 ) ) ;
#6747 = PRESENTATION_LAYER_ASSIGNMENT (  '', '', ( #3005 ) ) ;
#6748 = DIRECTION ( 'NONE',  ( 0.000000000000000000, 1.000000000000000000, 0.000000000000000000 ) ) ;
#6749 = EDGE_CURVE ( 'NONE', #7131, #6435, #4742, .T. ) ;
#6750 = CARTESIAN_POINT ( 'NONE',  ( 0.1845661135799477881, -0.1159916166053566455, 0.2800000000000000266 ) ) ;
#6751 = VECTOR ( 'NONE', #1999, 1000.000000000000000 ) ;
#6752 = MECHANICAL_DESIGN_GEOMETRIC_PRESENTATION_REPRESENTATION (  '', ( #7925 ), #5749 ) ;
#6753 = LINE ( 'NONE', #3374, #8825 ) ;
#6754 = LINE ( 'NONE', #597, #6620 ) ;
#6755 = VERTEX_POINT ( 'NONE', #1289 ) ;
#6756 = CARTESIAN_POINT ( 'NONE',  ( 0.1552251440041115260, -0.1148156258407888458, 0.2800000000000000266 ) ) ;
#6757 = FACE_BOUND ( 'NONE', #7931, .T. ) ;
#6758 = SURFACE_STYLE_USAGE ( .BOTH. , #4685 ) ;
#6759 = FACE_OUTER_BOUND ( 'NONE', #5355, .T. ) ;
#6760 = CARTESIAN_POINT ( 'NONE',  ( 0.000000000000000000, -0.1500000000000001055, 0.2700000000000000178 ) ) ;
#6761 = EDGE_CURVE ( 'NONE', #1788, #362, #138, .T. ) ;
#6762 = ORIENTED_EDGE ( 'NONE', *, *, #7054, .T. ) ;
#6763 = DIRECTION ( 'NONE',  ( 1.979642650957444695E-14, -1.000000000000000000, -0.000000000000000000 ) ) ;
#6764 = VECTOR ( 'NONE', #860, 1000.000000000000000 ) ;
#6765 = CARTESIAN_POINT ( 'NONE',  ( 0.2526391789801246124, -0.1198891859963011758, 0.2900000000000000355 ) ) ;
#6766 = DIRECTION ( 'NONE',  ( -0.000000000000000000, -0.000000000000000000, -1.000000000000000000 ) ) ;
#6767 = B_SPLINE_CURVE_WITH_KNOTS ( 'NONE', 3,
 ( #4349, #6417, #261, #8588 ),
 .UNSPECIFIED., .F., .F.,
 ( 4, 4 ),
 ( 3.000000000000000000, 4.000000000000000000 ),
 .UNSPECIFIED. ) ;
#6768 = ORIENTED_EDGE ( 'NONE', *, *, #4010, .F. ) ;
#6769 = ORIENTED_EDGE ( 'NONE', *, *, #2587, .F. ) ;
#6770 = DIRECTION ( 'NONE',  ( 1.000000000000000000, -0.000000000000000000, -0.000000000000000000 ) ) ;
#6771 = CARTESIAN_POINT ( 'NONE',  ( 0.1307897359032157703, -0.1136060353399044875, 0.2900000000000000355 ) ) ;
#6772 = MECHANICAL_DESIGN_GEOMETRIC_PRESENTATION_REPRESENTATION (  '', ( #6484 ), #8356 ) ;
#6773 = B_SPLINE_SURFACE_WITH_KNOTS ( 'NONE', 3, 1, ( 
 ( #6771, #3264 ),
 ( #3894, #8135 ),
 ( #3941, #1949 ),
 ( #6003, #8760 ) ),
 .UNSPECIFIED., .F., .F., .F.,
 ( 4, 4 ),
 ( 2, 2 ),
 ( 8.000000000000000000, 9.000000000000000000 ),
 ( 0.000000000000000000, 1.000000000000000000 ),
 .UNSPECIFIED. ) ;
#6774 = CARTESIAN_POINT ( 'NONE',  ( -0.05207561007423749944, -0.06953796640900684889, 0.2800000000000000266 ) ) ;
#6775 = VERTEX_POINT ( 'NONE', #3263 ) ;
#6776 = PLANE ( 'NONE',  #8830 ) ;
#6777 = EDGE_CURVE ( 'NONE', #4665, #3964, #1870, .T. ) ;
#6778 = ORIENTED_EDGE ( 'NONE', *, *, #6365, .F. ) ;
#6779 = CARTESIAN_POINT ( 'NONE',  ( 0.1353341002148295835, -0.1110020557898508953, 0.2800000000000000266 ) ) ;
#6780 = ADVANCED_FACE ( 'NONE', ( #1329 ), #4612, .F. ) ;
#6781 = CARTESIAN_POINT ( 'NONE',  ( 0.1710758195236094792, -0.1135052361316282732, 0.2900000000000000355 ) ) ;
#6782 = EDGE_CURVE ( 'NONE', #2801, #2184, #5370, .T. ) ;
#6783 = CARTESIAN_POINT ( 'NONE',  ( 0.1607439006635171530, -0.1000989414156316648, 0.2900000000000000355 ) ) ;
#6784 = PRODUCT_DEFINITION_CONTEXT ( 'detailed design', #8147, 'design' ) ;
#6785 = PRESENTATION_LAYER_ASSIGNMENT (  '', '', ( #3333 ) ) ;
#6786 = B_SPLINE_CURVE_WITH_KNOTS ( 'NONE', 3,
 ( #7622, #7862, #4335, #2392, #244, #6449 ),
 .UNSPECIFIED., .F., .F.,
 ( 4, 2, 4 ),
 ( 2.000000000000000000, 3.000000000000000000, 4.000000000000000000 ),
 .UNSPECIFIED. ) ;
#6787 = ORIENTED_EDGE ( 'NONE', *, *, #470, .F. ) ;
#6788 = CARTESIAN_POINT ( 'NONE',  ( -0.05581377244451030811, -0.05622077995419129393, 0.2800000000000000266 ) ) ;
#6789 = CARTESIAN_POINT ( 'NONE',  ( 0.1357624968505631302, -0.03595704514249218470, 0.2800000000000000266 ) ) ;
#6790 = VERTEX_POINT ( 'NONE', #3347 ) ;
#6791 = VECTOR ( 'NONE', #1875, 1000.000000000000000 ) ;
#6792 = LINE ( 'NONE', #4086, #4162 ) ;
#6793 = CARTESIAN_POINT ( 'NONE',  ( 0.1919244557926371442, -0.06401282481145953440, 0.2900000000000000355 ) ) ;
#6794 = CARTESIAN_POINT ( 'NONE',  ( 0.1410460553570996867, -0.03817462772726087916, 0.2800000000000000266 ) ) ;
#6795 = CARTESIAN_POINT ( 'NONE',  ( 0.1360564945417067628, -0.1102964613312435171, 0.2800000000000000266 ) ) ;
#6796 = ORIENTED_EDGE ( 'NONE', *, *, #1220, .F. ) ;
#6797 = FACE_OUTER_BOUND ( 'NONE', #8358, .T. ) ;
#6798 = CARTESIAN_POINT ( 'NONE',  ( 0.1740661960392821950, -0.1306075018220133888, 0.2800000000000000266 ) ) ;
#6799 = VECTOR ( 'NONE', #8904, 1000.000000000000000 ) ;
#6800 = CARTESIAN_POINT ( 'NONE',  ( 0.1806181445846414824, -0.1241059528807933188, 0.2900000000000000355 ) ) ;
#6801 = ORIENTED_EDGE ( 'NONE', *, *, #1813, .T. ) ;
#6802 = LINE ( 'NONE', #8209, #3730 ) ;
#6803 = CARTESIAN_POINT ( 'NONE',  ( 0.1500339847719402431, -0.06767519604975916203, 0.2800000000000000266 ) ) ;
#6804 = CARTESIAN_POINT ( 'NONE',  ( 0.1524531657733733114, -0.06639840607668964778, 0.2800000000000000266 ) ) ;
#6805 = AXIS2_PLACEMENT_3D ( 'NONE', #3678, #3583, #6424 ) ;
#6806 = DIRECTION ( 'NONE',  ( -0.000000000000000000, -0.000000000000000000, -1.000000000000000000 ) ) ;
#6807 = ADVANCED_FACE ( 'NONE', ( #4656, #4066 ), #8217, .F. ) ;
#6808 = LINE ( 'NONE', #6172, #4603 ) ;
#6809 = EDGE_LOOP ( 'NONE', ( #1036, #6106, #7336, #835 ) ) ;
#6810 = EDGE_CURVE ( 'NONE', #5333, #7733, #8134, .T. ) ;
#6811 = ORIENTED_EDGE ( 'NONE', *, *, #3478, .F. ) ;
#6812 = CARTESIAN_POINT ( 'NONE',  ( 0.1443419794730857464, -0.1006617369957074348, 0.2900000000000000355 ) ) ;
#6813 = DIRECTION ( 'NONE',  ( -1.000000000000000000, 0.000000000000000000, 0.000000000000000000 ) ) ;
#6814 = CARTESIAN_POINT ( 'NONE',  ( -0.04857108368760184453, -0.04897809119705796854, 0.2800000000000000266 ) ) ;
#6815 = PLANE ( 'NONE',  #4834 ) ;
#6816 = ORIENTED_EDGE ( 'NONE', *, *, #408, .F. ) ;
#6817 = CARTESIAN_POINT ( 'NONE',  ( 0.05212563759005825470, -0.04337084986982177315, 0.2800000000000000266 ) ) ;
#6818 = EDGE_LOOP ( 'NONE', ( #7950, #1204, #2625, #2168 ) ) ;
#6819 = DIRECTION ( 'NONE',  ( 0.000000000000000000, -0.000000000000000000, -1.000000000000000000 ) ) ;
#6820 = DIRECTION ( 'NONE',  ( -0.2524218971878305906, 0.9676172723861931058, -0.000000000000000000 ) ) ;
#6821 = CARTESIAN_POINT ( 'NONE',  ( 0.1379968793031556007, -0.1170668081614266998, 0.2800000000000000266 ) ) ;
#6822 = EDGE_CURVE ( 'NONE', #2220, #2485, #2538, .T. ) ;
#6823 = ORIENTED_EDGE ( 'NONE', *, *, #3737, .T. ) ;
#6824 = CARTESIAN_POINT ( 'NONE',  ( 0.2334369297817388555, -0.08702864406078171522, 0.2800000000000000266 ) ) ;
#6825 = DIRECTION ( 'NONE',  ( -0.000000000000000000, 1.000000000000000000, -0.000000000000000000 ) ) ;
#6826 = EDGE_CURVE ( 'NONE', #4080, #2001, #8759, .T. ) ;
#6827 = ADVANCED_FACE ( 'NONE', ( #1948 ), #2243, .T. ) ;
#6828 = ORIENTED_EDGE ( 'NONE', *, *, #6452, .F. ) ;
#6829 = SURFACE_SIDE_STYLE ('',( #1965 ) ) ;
#6830 = PLANE ( 'NONE',  #5905 ) ;
#6831 = CARTESIAN_POINT ( 'NONE',  ( 0.2262297863816861154, -0.03909862047069004309, 0.2900000000000000355 ) ) ;
#6832 = EDGE_CURVE ( 'NONE', #5243, #7004, #6131, .T. ) ;
#6833 = CARTESIAN_POINT ( 'NONE',  ( 0.1921176542751672489, -0.03867862376909076555, 0.2800000000000000266 ) ) ;
#6834 = CARTESIAN_POINT ( 'NONE',  ( 0.1921176542751672489, -0.03867862376909076555, 0.2900000000000000355 ) ) ;
#6835 = CARTESIAN_POINT ( 'NONE',  ( 0.04651839180647415056, -0.03823087716779645373, 0.2900000000000000355 ) ) ;
#6836 = ORIENTED_EDGE ( 'NONE', *, *, #4279, .F. ) ;
#6837 = CARTESIAN_POINT ( 'NONE',  ( 0.1871532932621781109, -0.03867862376909076555, 0.2900000000000000355 ) ) ;
#6838 = CARTESIAN_POINT ( 'NONE',  ( 0.1871532932621781109, -0.06401282481145953440, 0.2900000000000000355 ) ) ;
#6839 = B_SPLINE_SURFACE_WITH_KNOTS ( 'NONE', 3, 1, ( 
 ( #7425, #628 ),
 ( #6188, #4001 ),
 ( #5423, #6789 ),
 ( #588, #6105 ) ),
 .UNSPECIFIED., .F., .F., .F.,
 ( 4, 4 ),
 ( 2, 2 ),
 ( 4.000000000000000000, 5.000000000000000000 ),
 ( 0.000000000000000000, 1.000000000000000000 ),
 .UNSPECIFIED. ) ;
#6840 = VECTOR ( 'NONE', #2454, 1000.000000000000000 ) ;
#6841 = AXIS2_PLACEMENT_3D ( 'NONE', #6607, #8730, #7806 ) ;
#6842 = LINE ( 'NONE', #4097, #6120 ) ;
#6843 = CARTESIAN_POINT ( 'NONE',  ( -0.04553383372458860712, -0.1176668007996044124, 0.2800000000000000266 ) ) ;
#6844 = ORIENTED_EDGE ( 'NONE', *, *, #4526, .T. ) ;
#6845 = FACE_OUTER_BOUND ( 'NONE', #2868, .T. ) ;
#6846 = EDGE_LOOP ( 'NONE', ( #5109, #6073, #6007, #7844 ) ) ;
#6847 = SURFACE_SIDE_STYLE ('',( #1503 ) ) ;
#6848 = CARTESIAN_POINT ( 'NONE',  ( -0.009086753956073410909, -0.08846240978810843147, 0.2900000000000000355 ) ) ;
#6849 = DIRECTION ( 'NONE',  ( 0.9903286039881254998, 0.1387416884823395591, 0.000000000000000000 ) ) ;
#6850 = AXIS2_PLACEMENT_3D ( 'NONE', #8815, #3996, #3950 ) ;
#6851 = CARTESIAN_POINT ( 'NONE',  ( 0.2672802639990731199, -0.09122861107722690654, 0.2900000000000000355 ) ) ;
#6852 = ORIENTED_EDGE ( 'NONE', *, *, #4028, .T. ) ;
#6853 = LINE ( 'NONE', #7580, #2676 ) ;
#6854 = DIRECTION ( 'NONE',  ( -0.000000000000000000, -0.000000000000000000, -1.000000000000000000 ) ) ;
#6855 = DIRECTION ( 'NONE',  ( 0.000000000000000000, 0.000000000000000000, 1.000000000000000000 ) ) ;
#6856 = COLOUR_RGB ( '',0.2980392156862745057, 0.2980392156862745057, 0.2980392156862745057 ) ;
#6857 = EDGE_CURVE ( 'NONE', #5735, #315, #6729, .T. ) ;
#6858 = PLANE ( 'NONE',  #4909 ) ;
#6859 = ADVANCED_FACE ( 'NONE', ( #3940 ), #2712, .F. ) ;
#6860 = ORIENTED_EDGE ( 'NONE', *, *, #2293, .F. ) ;
#6861 = VERTEX_POINT ( 'NONE', #530 ) ;
#6862 = CARTESIAN_POINT ( 'NONE',  ( 0.03179938276514396311, -0.04009995723881767948, 0.2800000000000000266 ) ) ;
#6863 = DIRECTION ( 'NONE',  ( 0.000000000000000000, -1.000000000000000000, 0.000000000000000000 ) ) ;
#6864 = DIRECTION ( 'NONE',  ( -0.000000000000000000, -0.000000000000000000, -1.000000000000000000 ) ) ;
#6865 = VERTEX_POINT ( 'NONE', #6046 ) ;
#6866 = ORIENTED_EDGE ( 'NONE', *, *, #7704, .T. ) ;
#6867 = CARTESIAN_POINT ( 'NONE',  ( 0.1496475878064338905, -0.1198891859963017309, 0.2800000000000000266 ) ) ;
#6868 = LINE ( 'NONE', #3451, #2337 ) ;
#6869 = EDGE_LOOP ( 'NONE', ( #6285, #6796, #8251, #3959 ) ) ;
#6870 = LINE ( 'NONE', #6704, #3321 ) ;
#6871 = ADVANCED_FACE ( 'NONE', ( #482 ), #1120, .F. ) ;
#6872 = B_SPLINE_CURVE_WITH_KNOTS ( 'NONE', 3,
 ( #4955, #4232, #3558, #7117 ),
 .UNSPECIFIED., .F., .F.,
 ( 4, 4 ),
 ( 0.000000000000000000, 1.000000000000000000 ),
 .UNSPECIFIED. ) ;
#6873 = PLANE ( 'NONE',  #7441 ) ;
#6874 = EDGE_CURVE ( 'NONE', #5605, #7642, #8627, .T. ) ;
#6875 = CARTESIAN_POINT ( 'NONE',  ( 0.06777918165368944370, -0.08752787922204353921, 0.2900000000000000355 ) ) ;
#6876 = LINE ( 'NONE', #718, #2917 ) ;
#6877 = CARTESIAN_POINT ( 'NONE',  ( 0.1349645031174793730, -0.1119932480056896190, 0.2900000000000000355 ) ) ;
#6878 = VERTEX_POINT ( 'NONE', #152 ) ;
#6879 = CARTESIAN_POINT ( 'NONE',  ( 0.2458604322159189670, -0.1152860221465259183, 0.2800000000000000266 ) ) ;
#6880 = CARTESIAN_POINT ( 'NONE',  ( 0.2604847173665983950, -0.1109012565815743478, 0.2900000000000000355 ) ) ;
#6881 = CARTESIAN_POINT ( 'NONE',  ( -0.2699999999999999623, 0.1199999999999999539, 0.000000000000000000 ) ) ;
#6882 = ADVANCED_FACE ( 'NONE', ( #8301 ), #2321, .F. ) ;
#6883 = DIRECTION ( 'NONE',  ( 0.000000000000000000, -0.000000000000000000, -1.000000000000000000 ) ) ;
#6884 = EDGE_CURVE ( 'NONE', #5835, #6045, #2256, .T. ) ;
#6885 = VECTOR ( 'NONE', #2178, 1000.000000000000000 ) ;
#6886 = DIRECTION ( 'NONE',  ( 1.000000000000000000, -0.000000000000000000, -0.000000000000000000 ) ) ;
#6887 = LINE ( 'NONE', #2791, #7286 ) ;
#6888 = ORIENTED_EDGE ( 'NONE', *, *, #845, .F. ) ;
#6889 = LINE ( 'NONE', #4732, #6465 ) ;
#6890 = ORIENTED_EDGE ( 'NONE', *, *, #6474, .F. ) ;
#6891 = B_SPLINE_CURVE_WITH_KNOTS ( 'NONE', 3,
 ( #7205, #2426, #7945, #371 ),
 .UNSPECIFIED., .F., .F.,
 ( 4, 4 ),
 ( 19.00000000000000000, 20.00000000000000000 ),
 .UNSPECIFIED. ) ;
#6892 = CARTESIAN_POINT ( 'NONE',  ( 0.2458604322159189670, -0.09137980988964243545, 0.2800000000000000266 ) ) ;
#6893 = CARTESIAN_POINT ( 'NONE',  ( 0.1320665258761717920, -0.06382802626272884861, 0.2800000000000000266 ) ) ;
#6894 = FACE_OUTER_BOUND ( 'NONE', #7598, .T. ) ;
#6895 = VECTOR ( 'NONE', #1923, 1000.000000000000000 ) ;
#6896 = VECTOR ( 'NONE', #8649, 1000.000000000000000 ) ;
#6897 = LINE ( 'NONE', #8215, #1881 ) ;
#6898 = ORIENTED_EDGE ( 'NONE', *, *, #7897, .T. ) ;
#6899 = DIRECTION ( 'NONE',  ( -0.000000000000000000, 1.000000000000000000, -0.000000000000000000 ) ) ;
#6900 = LINE ( 'NONE', #3569, #5774 ) ;
#6901 = CARTESIAN_POINT ( 'NONE',  ( 0.1504035818694011428, -0.03479785424596924803, 0.2800000000000000266 ) ) ;
#6902 = VECTOR ( 'NONE', #277, 1000.000000000000000 ) ;
#6903 = DIRECTION ( 'NONE',  ( 1.000000000000000000, 0.000000000000000000, 0.000000000000000000 ) ) ;
#6904 = ORIENTED_EDGE ( 'NONE', *, *, #4186, .T. ) ;
#6905 = CARTESIAN_POINT ( 'NONE',  ( 0.1594923104926285751, -0.1033245160840624843, 0.2800000000000000266 ) ) ;
#6906 = ORIENTED_EDGE ( 'NONE', *, *, #843, .F. ) ;
#6907 = CARTESIAN_POINT ( 'NONE',  ( 0.2999999999999995448, -0.1500000000000001055, 0.2700000000000000178 ) ) ;
#6908 = VERTEX_POINT ( 'NONE', #8348 ) ;
#6909 = EDGE_CURVE ( 'NONE', #8747, #2444, #7334, .T. ) ;
#6910 = B_SPLINE_CURVE_WITH_KNOTS ( 'NONE', 3,
 ( #6069, #6151, #8828, #6705 ),
 .UNSPECIFIED., .F., .F.,
 ( 4, 4 ),
 ( 7.000000000000000000, 8.000000000000000000 ),
 .UNSPECIFIED. ) ;
#6911 = DIRECTION ( 'NONE',  ( 0.000000000000000000, -1.000000000000000000, 0.000000000000000000 ) ) ;
#6912 = CARTESIAN_POINT ( 'NONE',  ( 0.1971492147607893097, -0.06775919538998845248, 0.2900000000000000355 ) ) ;
#6913 = VERTEX_POINT ( 'NONE', #2115 ) ;
#6914 = ORIENTED_EDGE ( 'NONE', *, *, #234, .T. ) ;
#6915 = B_SPLINE_SURFACE_WITH_KNOTS ( 'NONE', 3, 1, ( 
 ( #1502, #4422 ),
 ( #4375, #5580 ),
 ( #1597, #7076 ),
 ( #8387, #2158 ) ),
 .UNSPECIFIED., .F., .F., .F.,
 ( 4, 4 ),
 ( 2, 2 ),
 ( 11.00000000000000000, 12.00000000000000000 ),
 ( 0.000000000000000000, 1.000000000000000000 ),
 .UNSPECIFIED. ) ;
#6916 = DIRECTION ( 'NONE',  ( 1.000000000000000000, -0.000000000000000000, -0.000000000000000000 ) ) ;
#6917 = CARTESIAN_POINT ( 'NONE',  ( 0.2618287068120758732, -0.1071884857391363910, 0.2900000000000000355 ) ) ;
#6918 = ORIENTED_EDGE ( 'NONE', *, *, #4733, .T. ) ;
#6919 = VERTEX_POINT ( 'NONE', #6945 ) ;
#6920 = CARTESIAN_POINT ( 'NONE',  ( 0.07560596036984516821, -0.06831139420559946551, 0.2900000000000000355 ) ) ;
#6921 = ADVANCED_FACE ( 'NONE', ( #4108 ), #322, .F. ) ;
#6922 = ADVANCED_FACE ( 'NONE', ( #8394 ), #8439, .F. ) ;
#6923 = CARTESIAN_POINT ( 'NONE',  ( 0.2044235576332510129, -0.09080861437540363457, 0.2800000000000000266 ) ) ;
#6924 = CARTESIAN_POINT ( 'NONE',  ( 0.1643894720336576964, -0.1065836904888065317, 0.2800000000000000266 ) ) ;
#6925 = EDGE_LOOP ( 'NONE', ( #2962, #1577, #1073, #4747 ) ) ;
#6926 = CARTESIAN_POINT ( 'NONE',  ( 0.007267698058694544404, -0.1097232040915597229, 0.2900000000000000355 ) ) ;
#6927 = LINE ( 'NONE', #6838, #4027 ) ;
#6928 = DIRECTION ( 'NONE',  ( -0.000000000000000000, 1.000000000000000000, -0.000000000000000000 ) ) ;
#6929 = CARTESIAN_POINT ( 'NONE',  ( 0.2463560283237261617, -0.1031565174033763493, 0.2900000000000000355 ) ) ;
#6930 = CARTESIAN_POINT ( 'NONE',  ( -0.05698195459103864990, -0.1083213971019836019, 0.2900000000000000355 ) ) ;
#6931 = CARTESIAN_POINT ( 'NONE',  ( 0.2240038038631187167, -0.03489865345446840905, 0.2900000000000000355 ) ) ;
#6932 = ADVANCED_FACE ( 'NONE', ( #6991 ), #6263, .F. ) ;
#6933 = EDGE_LOOP ( 'NONE', ( #6215, #2511, #7327, #7026 ) ) ;
#6934 = EDGE_LOOP ( 'NONE', ( #2515, #22, #8399, #2504 ) ) ;
#6935 = ORIENTED_EDGE ( 'NONE', *, *, #575, .T. ) ;
#6936 = EDGE_CURVE ( 'NONE', #3046, #5124, #2607, .T. ) ;
#6937 = DIRECTION ( 'NONE',  ( 1.000000000000000000, 0.000000000000000000, -0.000000000000000000 ) ) ;
#6938 = CARTESIAN_POINT ( 'NONE',  ( -0.007217679455346053680, -0.1122932043684788661, 0.2900000000000000355 ) ) ;
#6939 =( LENGTH_UNIT ( ) NAMED_UNIT ( * ) SI_UNIT ( .MILLI., .METRE. ) );
#6940 = EDGE_CURVE ( 'NONE', #7004, #5194, #2071, .T. ) ;
#6941 = EDGE_CURVE ( 'NONE', #33, #1222, #887, .T. ) ;
#6942 = CARTESIAN_POINT ( 'NONE',  ( 0.1919244557926371442, -0.06401282481145943726, 0.2800000000000000266 ) ) ;
#6943 = VECTOR ( 'NONE', #2096, 1000.000000000000000 ) ;
#6944 = ORIENTED_EDGE ( 'NONE', *, *, #5547, .T. ) ;
#6945 = CARTESIAN_POINT ( 'NONE',  ( 0.1349645031174793730, -0.1132700379787587031, 0.2900000000000000355 ) ) ;
#6946 = CARTESIAN_POINT ( 'NONE',  ( 0.1561323368796070088, -0.09900694999129369678, 0.2900000000000000355 ) ) ;
#6947 = EDGE_CURVE ( 'NONE', #2929, #1522, #6853, .T. ) ;
#6948 = CARTESIAN_POINT ( 'NONE',  ( 0.1323017240291529673, -0.05169852151957896741, 0.2900000000000000355 ) ) ;
#6949 = ORIENTED_EDGE ( 'NONE', *, *, #1713, .F. ) ;
#6950 = CARTESIAN_POINT ( 'NONE',  ( 0.1740661960392821950, -0.1269451305837139832, 0.2900000000000000355 ) ) ;
#6951 =( GEOMETRIC_REPRESENTATION_CONTEXT ( 3 ) GLOBAL_UNCERTAINTY_ASSIGNED_CONTEXT ( ( #409 ) ) GLOBAL_UNIT_ASSIGNED_CONTEXT ( ( #7000, #3573, #8262 ) ) REPRESENTATION_CONTEXT ( 'NONE', 'WORKASPACE' ) );
#6952 = ORIENTED_EDGE ( 'NONE', *, *, #2633, .F. ) ;
#6953 = CARTESIAN_POINT ( 'NONE',  ( 0.1681946421504601219, -0.09979654379035479694, 0.2800000000000000266 ) ) ;
#6954 = VECTOR ( 'NONE', #8613, 1000.000000000000000 ) ;
#6955 = ORIENTED_EDGE ( 'NONE', *, *, #5957, .T. ) ;
#6956 = CARTESIAN_POINT ( 'NONE',  ( -0.02871210083007477709, -0.05902438724921166974, 0.2900000000000000355 ) ) ;
#6957 = ORIENTED_EDGE ( 'NONE', *, *, #6430, .F. ) ;
#6958 = VECTOR ( 'NONE', #6400, 1000.000000000000000 ) ;
#6959 = DIRECTION ( 'NONE',  ( 0.000000000000000000, -0.000000000000000000, -1.000000000000000000 ) ) ;
#6960 = CARTESIAN_POINT ( 'NONE',  ( 0.1361572937500942215, -0.1160084164734043327, 0.2800000000000000266 ) ) ;
#6961 = VERTEX_POINT ( 'NONE', #7081 ) ;
#6962 = ORIENTED_EDGE ( 'NONE', *, *, #6488, .F. ) ;
#6963 = CARTESIAN_POINT ( 'NONE',  ( 0.2526391789801246124, -0.1198891859963011758, 0.2800000000000000266 ) ) ;
#6964 = DIRECTION ( 'NONE',  ( -0.9398440417738319619, -0.3416038306902131061, 0.000000000000000000 ) ) ;
#6965 = ORIENTED_EDGE ( 'NONE', *, *, #6512, .F. ) ;
#6966 = EDGE_LOOP ( 'NONE', ( #7743, #2939, #2077, #2573 ) ) ;
#6967 = PLANE ( 'NONE',  #2886 ) ;
#6968 = UNCERTAINTY_MEASURE_WITH_UNIT (LENGTH_MEASURE( 1.000000000000000082E-05 ), #4775, 'distance_accuracy_value', 'NONE');
#6969 = CARTESIAN_POINT ( 'NONE',  ( 0.1632722808073605036, -0.06401282481145953440, 0.2900000000000000355 ) ) ;
#6970 = CARTESIAN_POINT ( 'NONE',  ( 0.1091767056373067757, -0.03489865345446935968, 0.2900000000000000355 ) ) ;
#6971 = ADVANCED_FACE ( 'NONE', ( #930 ), #5227, .T. ) ;
#6972 = CARTESIAN_POINT ( 'NONE',  ( 0.1455316201304421853, -0.1162604144943193279, 0.2900000000000000355 ) ) ;
#6973 = EDGE_CURVE ( 'NONE', #8799, #8624, #8481, .T. ) ;
#6974 = CARTESIAN_POINT ( 'NONE',  ( 0.2508163932953340614, -0.09816695658809396208, 0.2900000000000000355 ) ) ;
#6975 = ORIENTED_EDGE ( 'NONE', *, *, #7601, .F. ) ;
#6976 = DIRECTION ( 'NONE',  ( -0.000000000000000000, -0.000000000000000000, -1.000000000000000000 ) ) ;
#6977 = CARTESIAN_POINT ( 'NONE',  ( 0.2363685067591379529, -0.06775919538998964597, 0.2900000000000000355 ) ) ;
#6978 = CARTESIAN_POINT ( 'NONE',  ( 0.1278497589917931554, -0.04665856110015832031, 0.2900000000000000355 ) ) ;
#6979 = CARTESIAN_POINT ( 'NONE',  ( 0.2171074580223687489, -0.08702864406078214543, 0.2800000000000000266 ) ) ;
#6980 = PLANE ( 'NONE',  #1684 ) ;
#6981 = DIRECTION ( 'NONE',  ( -0.000000000000000000, -0.000000000000000000, -1.000000000000000000 ) ) ;
#6982 = ORIENTED_EDGE ( 'NONE', *, *, #3795, .T. ) ;
#6983 = ORIENTED_EDGE ( 'NONE', *, *, #3318, .T. ) ;
#6984 = CARTESIAN_POINT ( 'NONE',  ( 0.2096651164694471881, -0.05090892772051711784, 0.2900000000000000355 ) ) ;
#6985 = CARTESIAN_POINT ( 'NONE',  ( 0.2463560283237261617, -0.1031565174033763493, 0.2800000000000000266 ) ) ;
#6986 = CARTESIAN_POINT ( 'NONE',  ( 0.1278497589917931554, -0.05195051954071848443, 0.2800000000000000266 ) ) ;
#6987 = CARTESIAN_POINT ( 'NONE',  ( 0.2491616062907805185, -0.09428618706497170210, 0.2800000000000000266 ) ) ;
#6988 = LINE ( 'NONE', #56, #7783 ) ;
#6989 = VERTEX_POINT ( 'NONE', #289 ) ;
#6990 = EDGE_CURVE ( 'NONE', #8865, #1714, #7816, .T. ) ;
#6991 = FACE_OUTER_BOUND ( 'NONE', #7750, .T. ) ;
#6992 = CARTESIAN_POINT ( 'NONE',  ( 0.1407772574680280497, -0.09922534827611621810, 0.2800000000000000266 ) ) ;
#6993 = B_SPLINE_SURFACE_WITH_KNOTS ( 'NONE', 3, 1, ( 
 ( #374, #418 ),
 ( #8739, #2561 ),
 ( #3105, #6483 ),
 ( #3149, #8651 ) ),
 .UNSPECIFIED., .F., .F., .F.,
 ( 4, 4 ),
 ( 2, 2 ),
 ( 5.000000000000000000, 6.000000000000000000 ),
 ( 0.000000000000000000, 1.000000000000000000 ),
 .UNSPECIFIED. ) ;
#6994 = CARTESIAN_POINT ( 'NONE',  ( 0.1455316201304421853, -0.1049709031543675508, 0.2900000000000000355 ) ) ;
#6995 = EDGE_LOOP ( 'NONE', ( #8691, #7310, #5743, #2312 ) ) ;
#6996 = EDGE_CURVE ( 'NONE', #5367, #948, #7957, .T. ) ;
#6997 = LINE ( 'NONE', #841, #4563 ) ;
#6998 = VECTOR ( 'NONE', #1567, 1000.000000000000000 ) ;
#6999 = VERTEX_POINT ( 'NONE', #7911 ) ;
#7000 =( LENGTH_UNIT ( ) NAMED_UNIT ( * ) SI_UNIT ( .MILLI., .METRE. ) );
#7001 = CARTESIAN_POINT ( 'NONE',  ( 0.1328057200710954788, -0.1185955961554105570, 0.2900000000000000355 ) ) ;
#7002 = ORIENTED_EDGE ( 'NONE', *, *, #8631, .T. ) ;
#7003 = CARTESIAN_POINT ( 'NONE',  ( 0.05235926911757135538, -0.1200031517241759577, 0.2800000000000000266 ) ) ;
#7004 = VERTEX_POINT ( 'NONE', #8664 ) ;
#7005 = MECHANICAL_DESIGN_GEOMETRIC_PRESENTATION_REPRESENTATION (  '', ( #3706 ), #833 ) ;
#7006 = CARTESIAN_POINT ( 'NONE',  ( 0.2171074580223687489, -0.09080861437540363457, 0.2900000000000000355 ) ) ;
#7007 = CARTESIAN_POINT ( 'NONE',  ( 0.1914792592889684730, -0.09641977030928607084, 0.2900000000000000355 ) ) ;
#7008 = ORIENTED_EDGE ( 'NONE', *, *, #8362, .F. ) ;
#7009 = ORIENTED_EDGE ( 'NONE', *, *, #1763, .F. ) ;
#7010 = FILL_AREA_STYLE ('',( #8455 ) ) ;
#7011 = DIRECTION ( 'NONE',  ( 0.000000000000000000, 1.000000000000000000, 0.000000000000000000 ) ) ;
#7012 = EDGE_LOOP ( 'NONE', ( #4487, #8351, #680, #3231 ) ) ;
#7013 = ORIENTED_EDGE ( 'NONE', *, *, #7572, .F. ) ;
#7014 = DIRECTION ( 'NONE',  ( -1.000000000000000000, 0.000000000000000000, -0.000000000000000000 ) ) ;
#7015 = CARTESIAN_POINT ( 'NONE',  ( 0.1438012337197918378, -0.1190491925931020933, 0.2800000000000000266 ) ) ;
#7016 = CARTESIAN_POINT ( 'NONE',  ( -0.02894573681371225699, -0.04500629507137778040, 0.2800000000000000266 ) ) ;
#7017 = VERTEX_POINT ( 'NONE', #4516 ) ;
#7018 = CARTESIAN_POINT ( 'NONE',  ( 0.1355272986975834537, -0.06107284790003714159, 0.2900000000000000355 ) ) ;
#7019 = CARTESIAN_POINT ( 'NONE',  ( 0.1320665258761717920, -0.06382802626272884861, 0.2800000000000000266 ) ) ;
#7020 = CARTESIAN_POINT ( 'NONE',  ( 0.2675658617560815467, -0.09232060250134141444, 0.2900000000000000355 ) ) ;
#7021 = CARTESIAN_POINT ( 'NONE',  ( 0.1348805037771368953, -0.06681840277828925145, 0.2800000000000000266 ) ) ;
#7022 = EDGE_CURVE ( 'NONE', #5333, #1897, #1605, .T. ) ;
#7023 = B_SPLINE_CURVE_WITH_KNOTS ( 'NONE', 3,
 ( #1930, #672, #7514, #2606 ),
 .UNSPECIFIED., .F., .F.,
 ( 4, 4 ),
 ( 9.000000000000000000, 10.00000000000000000 ),
 .UNSPECIFIED. ) ;
#7024 = DIRECTION ( 'NONE',  ( 0.000000000000000000, 0.000000000000000000, -1.000000000000000000 ) ) ;
#7025 = CARTESIAN_POINT ( 'NONE',  ( -0.04553383372458860712, -0.1176668007996044124, 0.2900000000000000355 ) ) ;
#7026 = ORIENTED_EDGE ( 'NONE', *, *, #5501, .T. ) ;
#7027 = ORIENTED_EDGE ( 'NONE', *, *, #6511, .F. ) ;
#7028 = CARTESIAN_POINT ( 'NONE',  ( 0.1354012996871259700, -0.1001829407558624679, 0.2900000000000000355 ) ) ;
#7029 = CARTESIAN_POINT ( 'NONE',  ( 0.1323017240291529673, -0.05562969064683943171, 0.2800000000000000266 ) ) ;
#7030 = CARTESIAN_POINT ( 'NONE',  ( 0.1643894720336576964, -0.1065836904888065317, 0.2800000000000000266 ) ) ;
#7031 = DIRECTION ( 'NONE',  ( -0.000000000000000000, -0.000000000000000000, -1.000000000000000000 ) ) ;
#7032 = ORIENTED_EDGE ( 'NONE', *, *, #1152, .F. ) ;
#7033 = EDGE_CURVE ( 'NONE', #6878, #5133, #247, .T. ) ;
#7034 = CARTESIAN_POINT ( 'NONE',  ( 0.1618190922196970083, -0.09588217453114028510, 0.2900000000000000355 ) ) ;
#7035 = CARTESIAN_POINT ( 'NONE',  ( 0.1552251440041115260, -0.1190659924611474074, 0.2900000000000000355 ) ) ;
#7036 = PLANE ( 'NONE',  #6161 ) ;
#7037 = ORIENTED_EDGE ( 'NONE', *, *, #960, .F. ) ;
#7038 = VECTOR ( 'NONE', #7929, 1000.000000000000000 ) ;
#7039 = VECTOR ( 'NONE', #1905, 1000.000000000000000 ) ;
#7040 = ORIENTED_EDGE ( 'NONE', *, *, #7054, .F. ) ;
#7041 = CARTESIAN_POINT ( 'NONE',  ( -0.01726398664786708489, -0.03799724229810669263, 0.2800000000000000266 ) ) ;
#7042 = CARTESIAN_POINT ( 'NONE',  ( 0.1333853155193576168, -0.1066676898290368908, 0.2900000000000000355 ) ) ;
#7043 = EDGE_LOOP ( 'NONE', ( #3937, #4326, #6965, #7713 ) ) ;
#7044 = CARTESIAN_POINT ( 'NONE',  ( -0.02427303496478947636, -0.05902438724921166974, 0.2900000000000000355 ) ) ;
#7045 = ORIENTED_EDGE ( 'NONE', *, *, #1218, .F. ) ;
#7046 = VECTOR ( 'NONE', #4178, 1000.000000000000000 ) ;
#7047 = DIRECTION ( 'NONE',  ( -0.000000000000000000, -0.000000000000000000, -1.000000000000000000 ) ) ;
#7048 = VECTOR ( 'NONE', #4106, 1000.000000000000000 ) ;
#7049 = CARTESIAN_POINT ( 'NONE',  ( 0.1500507846399855016, -0.06379442652663670776, 0.2900000000000000355 ) ) ;
#7050 = ORIENTED_EDGE ( 'NONE', *, *, #3283, .T. ) ;
#7051 = ORIENTED_EDGE ( 'NONE', *, *, #8038, .F. ) ;
#7052 = DIRECTION ( 'NONE',  ( -0.3559357243698821893, -0.9345104387417441094, -0.000000000000000000 ) ) ;
#7053 = CARTESIAN_POINT ( 'NONE',  ( 0.2673810632075740434, -0.09122861107722690654, 0.2900000000000000355 ) ) ;
#7054 = EDGE_CURVE ( 'NONE', #5065, #3880, #3136, .T. ) ;
#7055 = AXIS2_PLACEMENT_3D ( 'NONE', #8243, #8794, #4096 ) ;
#7056 = ORIENTED_EDGE ( 'NONE', *, *, #2258, .T. ) ;
#7057 = ORIENTED_EDGE ( 'NONE', *, *, #677, .T. ) ;
#7058 = EDGE_CURVE ( 'NONE', #569, #8200, #6450, .T. ) ;
#7059 = EDGE_CURVE ( 'NONE', #5835, #7769, #4380, .T. ) ;
#7060 = CARTESIAN_POINT ( 'NONE',  ( 0.2673810632075740434, -0.09122861107722689267, 0.2899999999999999245 ) ) ;
#7061 = DIRECTION ( 'NONE',  ( -1.000000000000000000, 0.000000000000000000, -0.000000000000000000 ) ) ;
#7062 = CARTESIAN_POINT ( 'NONE',  ( 0.1496475878064338905, -0.1047861046058615186, 0.2900000000000000355 ) ) ;
#7063 = CARTESIAN_POINT ( 'NONE',  ( 0.03179938276514396311, -0.04009995723881767948, 0.2800000000000000266 ) ) ;
#7064 = LINE ( 'NONE', #866, #8638 ) ;
#7065 = VERTEX_POINT ( 'NONE', #3117 ) ;
#7066 = CARTESIAN_POINT ( 'NONE',  ( -0.05581377244451030811, -0.05622077995419129393, 0.2900000000000000355 ) ) ;
#7067 = CARTESIAN_POINT ( 'NONE',  ( 0.2463560283237261617, -0.1031565174033763493, 0.2900000000000000355 ) ) ;
#7068 = DIRECTION ( 'NONE',  ( -1.000000000000000000, 0.000000000000000000, 0.000000000000000000 ) ) ;
#7069 = B_SPLINE_SURFACE_WITH_KNOTS ( 'NONE', 3, 1, ( 
 ( #574, #4026 ),
 ( #8219, #4701 ),
 ( #4068, #6814 ),
 ( #7539, #7367 ) ),
 .UNSPECIFIED., .F., .F., .F.,
 ( 4, 4 ),
 ( 2, 2 ),
 ( 5.000000000000000000, 6.000000000000000000 ),
 ( 0.000000000000000000, 1.000000000000000000 ),
 .UNSPECIFIED. ) ;
#7070 = VECTOR ( 'NONE', #2165, 1000.000000000000000 ) ;
#7072 = UNCERTAINTY_MEASURE_WITH_UNIT (LENGTH_MEASURE( 1.000000000000000082E-05 ), #2805, 'distance_accuracy_value', 'NONE');
#7071 = CARTESIAN_POINT ( 'NONE',  ( -0.02871210083007477709, -0.05902438724921166974, 0.2800000000000000266 ) ) ;
#7073 = DIRECTION ( 'NONE',  ( 1.000000000000000000, 0.000000000000000000, 0.000000000000000000 ) ) ;
#7074 = ORIENTED_EDGE ( 'NONE', *, *, #127, .T. ) ;
#7075 = ORIENTED_EDGE ( 'NONE', *, *, #3394, .T. ) ;
#7076 = CARTESIAN_POINT ( 'NONE',  ( 0.1455316201304421853, -0.1011405332356090370, 0.2800000000000000266 ) ) ;
#7077 = DIRECTION ( 'NONE',  ( -0.000000000000000000, -0.000000000000000000, -1.000000000000000000 ) ) ;
#7078 = CARTESIAN_POINT ( 'NONE',  ( 0.1292525479752074657, -0.06083764974716877189, 0.2900000000000000355 ) ) ;
#7079 = CARTESIAN_POINT ( 'NONE',  ( 0.1251701800354209360, -0.1050885022309151484, 0.2800000000000000266 ) ) ;
#7080 = CARTESIAN_POINT ( 'NONE',  ( 0.1848181116010862435, -0.1149164250490650740, 0.2900000000000000355 ) ) ;
#7081 = CARTESIAN_POINT ( 'NONE',  ( 0.04955564622572284500, -0.06930434379407687806, 0.2800000000000000266 ) ) ;
#7082 = ORIENTED_EDGE ( 'NONE', *, *, #1931, .T. ) ;
#7083 = ORIENTED_EDGE ( 'NONE', *, *, #4336, .T. ) ;
#7084 = ADVANCED_FACE ( 'NONE', ( #3160 ), #427, .T. ) ;
#7085 = CARTESIAN_POINT ( 'NONE',  ( 0.1643894720336576964, -0.1065836904888065317, 0.2900000000000000355 ) ) ;
#7086 = VECTOR ( 'NONE', #3287, 1000.000000000000000 ) ;
#7087 = B_SPLINE_CURVE_WITH_KNOTS ( 'NONE', 3,
 ( #6942, #17, #7534, #7490 ),
 .UNSPECIFIED., .F., .F.,
 ( 4, 4 ),
 ( 2.000000000000000000, 3.000000000000000000 ),
 .UNSPECIFIED. ) ;
#7088 = ADVANCED_FACE ( 'NONE', ( #2980 ), #4488, .F. ) ;
#7089 = LINE ( 'NONE', #5688, #3608 ) ;
#7090 = ORIENTED_EDGE ( 'NONE', *, *, #3068, .F. ) ;
#7091 = DIRECTION ( 'NONE',  ( 0.000000000000000000, 1.000000000000000000, -0.000000000000000000 ) ) ;
#7092 = EDGE_LOOP ( 'NONE', ( #4396, #579, #6231, #1202 ) ) ;
#7093 = CARTESIAN_POINT ( 'NONE',  ( -0.03829114719579833348, -0.1195358797566788422, 0.2900000000000000355 ) ) ;
#7094 = VECTOR ( 'NONE', #1622, 1000.000000000000000 ) ;
#7095 = CARTESIAN_POINT ( 'NONE',  ( 0.1957464257773747218, -0.09641977030928607084, 0.2900000000000000355 ) ) ;
#7096 = ORIENTED_EDGE ( 'NONE', *, *, #4606, .T. ) ;
#7097 = ORIENTED_EDGE ( 'NONE', *, *, #1128, .F. ) ;
#7098 =( LENGTH_UNIT ( ) NAMED_UNIT ( * ) SI_UNIT ( .MILLI., .METRE. ) );
#7099 = CARTESIAN_POINT ( 'NONE',  ( -0.3000000000000004330, 0.1499999999999998834, 0.2800000000000000266 ) ) ;
#7100 = ORIENTED_EDGE ( 'NONE', *, *, #2972, .T. ) ;
#7101 = STYLED_ITEM ( 'NONE', ( #4663 ), #2413 ) ;
#7102 = ORIENTED_EDGE ( 'NONE', *, *, #4882, .F. ) ;
#7103 = CARTESIAN_POINT ( 'NONE',  ( 0.1334525149915415376, -0.04427297983492815836, 0.2800000000000000266 ) ) ;
#7104 = FILL_AREA_STYLE ('',( #8509 ) ) ;
#7105 = EDGE_CURVE ( 'NONE', #3787, #3955, #3446, .T. ) ;
#7106 = B_SPLINE_CURVE_WITH_KNOTS ( 'NONE', 3,
 ( #1602, #7080, #6404, #1060 ),
 .UNSPECIFIED., .F., .F.,
 ( 4, 4 ),
 ( 12.00000000000000000, 13.00000000000000000 ),
 .UNSPECIFIED. ) ;
#7107 = VECTOR ( 'NONE', #4328, 1000.000000000000000 ) ;
#7108 = ADVANCED_FACE ( 'NONE', ( #5095 ), #6645, .T. ) ;
#7109 = EDGE_CURVE ( 'NONE', #155, #3270, #8618, .T. ) ;
#7110 = ORIENTED_EDGE ( 'NONE', *, *, #5389, .T. ) ;
#7111 = CARTESIAN_POINT ( 'NONE',  ( 0.000000000000000000, 0.000000000000000000, 0.000000000000000000 ) ) ;
#7112 = EDGE_LOOP ( 'NONE', ( #2549, #8347, #2562, #8701 ) ) ;
#7113 = CARTESIAN_POINT ( 'NONE',  ( 0.2267421823577642492, -0.04140020239568983906, 0.2900000000000000355 ) ) ;
#7114 = CARTESIAN_POINT ( 'NONE',  ( 0.1261025727129859719, -0.09080861437540482806, 0.2900000000000000355 ) ) ;
#7115 = ADVANCED_FACE ( 'NONE', ( #3206 ), #7308, .F. ) ;
#7116 = FACE_OUTER_BOUND ( 'NONE', #4932, .T. ) ;
#7117 = CARTESIAN_POINT ( 'NONE',  ( 0.1524531657733733114, -0.06639840607668964778, 0.2800000000000000266 ) ) ;
#7118 = ORIENTED_EDGE ( 'NONE', *, *, #2729, .F. ) ;
#7119 = ORIENTED_EDGE ( 'NONE', *, *, #6667, .F. ) ;
#7120 = CARTESIAN_POINT ( 'NONE',  ( 0.1361572937500942215, -0.1160084164734043327, 0.2800000000000000266 ) ) ;
#7121 = FACE_OUTER_BOUND ( 'NONE', #7691, .T. ) ;
#7122 = FACE_OUTER_BOUND ( 'NONE', #5120, .T. ) ;
#7123 = CARTESIAN_POINT ( 'NONE',  ( 0.1369468875491562931, -0.1167140109320111835, 0.2900000000000000355 ) ) ;
#7124 = CARTESIAN_POINT ( 'NONE',  ( 0.03904206706581658803, -0.1055177831226081220, 0.2900000000000000355 ) ) ;
#7125 = DIRECTION ( 'NONE',  ( -1.000000000000000000, -0.000000000000000000, -0.000000000000000000 ) ) ;
#7126 = CARTESIAN_POINT ( 'NONE',  ( 0.2999999999999995448, -0.1500000000000001055, 0.2700000000000000178 ) ) ;
#7127 = EDGE_LOOP ( 'NONE', ( #1499, #8671, #8320, #4711, #2212, #2133, #4652, #7943, #1585, #3723, #1756, #2841 ) ) ;
#7128 = ORIENTED_EDGE ( 'NONE', *, *, #8553, .T. ) ;
#7129 = CARTESIAN_POINT ( 'NONE',  ( 0.000000000000000000, -0.1500000000000001055, 0.2800000000000000266 ) ) ;
#7130 = DIRECTION ( 'NONE',  ( -1.000000000000000000, 0.000000000000000000, -0.000000000000000000 ) ) ;
#7131 = VERTEX_POINT ( 'NONE', #641 ) ;
#7132 = CARTESIAN_POINT ( 'NONE',  ( 0.08203092764010559701, -0.07327614214809927140, 0.2900000000000000355 ) ) ;
#7133 = ORIENTED_EDGE ( 'NONE', *, *, #1483, .F. ) ;
#7134 = CARTESIAN_POINT ( 'NONE',  ( 0.04955564622572284500, -0.06930434379407687806, 0.2800000000000000266 ) ) ;
#7135 = CARTESIAN_POINT ( 'NONE',  ( 0.2265825836111018399, -0.04094660595799808761, 0.2800000000000000266 ) ) ;
#7136 = EDGE_CURVE ( 'NONE', #3955, #2062, #8083, .T. ) ;
#7138 = ADVANCED_FACE ( 'NONE', ( #518 ), #8750, .T. ) ;
#7137 = VECTOR ( 'NONE', #7255, 1000.000000000000000 ) ;
#7139 = VECTOR ( 'NONE', #6693, 1000.000000000000000 ) ;
#7140 = ORIENTED_EDGE ( 'NONE', *, *, #7498, .T. ) ;
#7141 = ORIENTED_EDGE ( 'NONE', *, *, #7500, .F. ) ;
#7142 = B_SPLINE_SURFACE_WITH_KNOTS ( 'NONE', 3, 1, ( 
 ( #7567, #4277 ),
 ( #4141, #5628 ),
 ( #873, #3422 ),
 ( #3603, #1447 ) ),
 .UNSPECIFIED., .F., .F., .F.,
 ( 4, 4 ),
 ( 2, 2 ),
 ( 7.000000000000000000, 8.000000000000000000 ),
 ( 0.000000000000000000, 1.000000000000000000 ),
 .UNSPECIFIED. ) ;
#7143 = CARTESIAN_POINT ( 'NONE',  ( 0.2178550521513145100, -0.1161428154177715083, 0.2900000000000000355 ) ) ;
#7144 = PLANE ( 'NONE',  #3217 ) ;
#7145 = VERTEX_POINT ( 'NONE', #2702 ) ;
#7146 = ORIENTED_EDGE ( 'NONE', *, *, #1911, .T. ) ;
#7147 = AXIS2_PLACEMENT_3D ( 'NONE', #3227, #8103, #6819 ) ;
#7148 = CARTESIAN_POINT ( 'NONE',  ( 0.08203092764010559701, -0.07327614214809927140, 0.2800000000000000266 ) ) ;
#7149 = CARTESIAN_POINT ( 'NONE',  ( 0.2495763530336995994, -0.1099184642997027284, 0.2900000000000000355 ) ) ;
#7150 = EDGE_CURVE ( 'NONE', #7549, #3523, #4646, .T. ) ;
#7151 = ORIENTED_EDGE ( 'NONE', *, *, #3413, .F. ) ;
#7152 = CARTESIAN_POINT ( 'NONE',  ( 0.1268501668419325379, -0.1198891859963020501, 0.2800000000000000266 ) ) ;
#7153 = SHAPE_DEFINITION_REPRESENTATION ( #7802, #7477 ) ;
#7154 = ORIENTED_EDGE ( 'NONE', *, *, #706, .F. ) ;
#7155 = DIRECTION ( 'NONE',  ( -0.000000000000000000, -0.000000000000000000, -1.000000000000000000 ) ) ;
#7156 = FACE_OUTER_BOUND ( 'NONE', #1862, .T. ) ;
#7157 = CARTESIAN_POINT ( 'NONE',  ( -0.3000000000000004330, 0.1499999999999998834, 0.2700000000000000178 ) ) ;
#7158 = LINE ( 'NONE', #1004, #1260 ) ;
#7159 = EDGE_CURVE ( 'NONE', #7873, #7352, #5922, .T. ) ;
#7160 = LINE ( 'NONE', #5761, #7565 ) ;
#7161 = ORIENTED_EDGE ( 'NONE', *, *, #757, .F. ) ;
#7162 = LINE ( 'NONE', #6663, #3500 ) ;
#7163 = CARTESIAN_POINT ( 'NONE',  ( 0.1379632795670630852, -0.09922534827611621810, 0.2900000000000000355 ) ) ;
#7164 = PRESENTATION_STYLE_ASSIGNMENT (( #6401 ) ) ;
#7165 = DIRECTION ( 'NONE',  ( 0.000000000000000000, 0.000000000000000000, -1.000000000000000000 ) ) ;
#7166 = EDGE_CURVE ( 'NONE', #2184, #8444, #474, .T. ) ;
#7167 = CARTESIAN_POINT ( 'NONE',  ( 0.1333853155193576168, -0.1066676898290368908, 0.2900000000000000355 ) ) ;
#7168 = ADVANCED_FACE ( 'NONE', ( #6759 ), #6716, .T. ) ;
#7169 = ADVANCED_FACE ( 'NONE', ( #6348 ), #7142, .F. ) ;
#7170 = CARTESIAN_POINT ( 'NONE',  ( 0.1748725897063894696, -0.1272643280770378027, 0.2900000000000000355 ) ) ;
#7171 = FACE_OUTER_BOUND ( 'NONE', #6544, .T. ) ;
#7172 = ORIENTED_EDGE ( 'NONE', *, *, #6276, .F. ) ;
#7173 = B_SPLINE_CURVE_WITH_KNOTS ( 'NONE', 3,
 ( #1687, #6402, #1183, #3233 ),
 .UNSPECIFIED., .F., .F.,
 ( 4, 4 ),
 ( 4.000000000000000000, 5.000000000000000000 ),
 .UNSPECIFIED. ) ;
#7174 = ORIENTED_EDGE ( 'NONE', *, *, #2750, .T. ) ;
#7175 = DIRECTION ( 'NONE',  ( 0.000000000000000000, -1.000000000000000000, -0.000000000000000000 ) ) ;
#7176 = VECTOR ( 'NONE', #6362, 1000.000000000000000 ) ;
#7177 = CARTESIAN_POINT ( 'NONE',  ( -0.02544121488331205910, -0.1174331781846746497, 0.2800000000000000266 ) ) ;
#7178 = ORIENTED_EDGE ( 'NONE', *, *, #1557, .T. ) ;
#7179 = FACE_OUTER_BOUND ( 'NONE', #4345, .T. ) ;
#7180 = VERTEX_POINT ( 'NONE', #6162 ) ;
#7181 = DIRECTION ( 'NONE',  ( 0.000000000000000000, -1.000000000000000000, 0.000000000000000000 ) ) ;
#7182 = CARTESIAN_POINT ( 'NONE',  ( 0.1871532932621781109, -0.06401282481145953440, 0.2900000000000000355 ) ) ;
#7183 = CARTESIAN_POINT ( 'NONE',  ( 0.2052047514982866250, -0.05102652679706329991, 0.2800000000000000266 ) ) ;
#7184 = AXIS2_PLACEMENT_3D ( 'NONE', #1708, #1323, #6646 ) ;
#7185 = ORIENTED_EDGE ( 'NONE', *, *, #7899, .F. ) ;
#7186 = VECTOR ( 'NONE', #6124, 1000.000000000000000 ) ;
#7187 = ORIENTED_EDGE ( 'NONE', *, *, #7493, .F. ) ;
#7188 = CARTESIAN_POINT ( 'NONE',  ( 0.1400380632731053898, -0.1088516726774915455, 0.2900000000000000355 ) ) ;
#7189 = EDGE_LOOP ( 'NONE', ( #5784, #1674, #3772, #4602 ) ) ;
#7190 = EDGE_CURVE ( 'NONE', #4857, #155, #6842, .T. ) ;
#7191 = ORIENTED_EDGE ( 'NONE', *, *, #6588, .T. ) ;
#7192 = VECTOR ( 'NONE', #7558, 1000.000000000000000 ) ;
#7193 = VECTOR ( 'NONE', #2101, 1000.000000000000000 ) ;
#7194 = DIRECTION ( 'NONE',  ( -0.000000000000000000, -0.000000000000000000, -1.000000000000000000 ) ) ;
#7195 = PRESENTATION_STYLE_ASSIGNMENT (( #5799 ) ) ;
#7196 = VECTOR ( 'NONE', #8284, 1000.000000000000227 ) ;
#7197 = ORIENTED_EDGE ( 'NONE', *, *, #603, .F. ) ;
#7198 = LINE ( 'NONE', #3784, #4448 ) ;
#7199 = CARTESIAN_POINT ( 'NONE',  ( 0.2672802639990731199, -0.09122861107722690654, 0.2800000000000000266 ) ) ;
#7200 = ADVANCED_FACE ( 'NONE', ( #6296 ), #6980, .F. ) ;
#7201 = ORIENTED_EDGE ( 'NONE', *, *, #3092, .F. ) ;
#7202 = CARTESIAN_POINT ( 'NONE',  ( 0.2330169330801392102, -0.05877126597503697092, 0.2800000000000000266 ) ) ;
#7203 = B_SPLINE_CURVE_WITH_KNOTS ( 'NONE', 3,
 ( #5519, #7608, #7438, #6756 ),
 .UNSPECIFIED., .F., .F.,
 ( 4, 4 ),
 ( 0.000000000000000000, 1.000000000000000000 ),
 .UNSPECIFIED. ) ;
#7204 = EDGE_CURVE ( 'NONE', #6594, #901, #7525, .T. ) ;
#7205 = CARTESIAN_POINT ( 'NONE',  ( 0.1552251440041115260, -0.1190659924611474074, 0.2800000000000000266 ) ) ;
#7206 = DIRECTION ( 'NONE',  ( 0.000000000000000000, 1.000000000000000000, 0.000000000000000000 ) ) ;
#7207 = ORIENTED_EDGE ( 'NONE', *, *, #3316, .F. ) ;
#7208 = CARTESIAN_POINT ( 'NONE',  ( 0.1355272986975834537, -0.06107284790003714159, 0.2800000000000000266 ) ) ;
#7209 = VECTOR ( 'NONE', #6617, 1000.000000000000000 ) ;
#7210 = ORIENTED_EDGE ( 'NONE', *, *, #2140, .T. ) ;
#7211 = CARTESIAN_POINT ( 'NONE',  ( 0.2428448558982898298, -0.1127156423325654383, 0.2900000000000000355 ) ) ;
#7212 = CARTESIAN_POINT ( 'NONE',  ( 0.1564179346367265133, -0.1064660914122611129, 0.2800000000000000266 ) ) ;
#7213 = CARTESIAN_POINT ( 'NONE',  ( 0.1091767056373072614, -0.08702864406078214543, 0.2800000000000000266 ) ) ;
#7214 = CARTESIAN_POINT ( 'NONE',  ( 0.1134186723237567834, -0.1050885022309151484, 0.2800000000000000266 ) ) ;
#7215 = CARTESIAN_POINT ( 'NONE',  ( 0.1922856529560753314, -0.03489865345446935968, 0.2900000000000000355 ) ) ;
#7216 = CARTESIAN_POINT ( 'NONE',  ( 0.1599123071943401864, -0.1006701369298707849, 0.2900000000000000355 ) ) ;
#7217 = VECTOR ( 'NONE', #3818, 1000.000000000000227 ) ;
#7218 = EDGE_CURVE ( 'NONE', #4813, #2548, #1546, .T. ) ;
#7219 = CARTESIAN_POINT ( 'NONE',  ( 0.2669442666379279738, -0.09299259722408043105, 0.2800000000000000266 ) ) ;
#7220 = DIRECTION ( 'NONE',  ( -0.8863488427958585714, -0.4630180653866999840, 0.000000000000000000 ) ) ;
#7221 = B_SPLINE_SURFACE_WITH_KNOTS ( 'NONE', 3, 1, ( 
 ( #7992, #513 ),
 ( #3288, #3243 ),
 ( #1856, #5989 ),
 ( #468, #1191 ) ),
 .UNSPECIFIED., .F., .F., .F.,
 ( 4, 4 ),
 ( 2, 2 ),
 ( 7.000000000000000000, 8.000000000000000000 ),
 ( 0.000000000000000000, 1.000000000000000000 ),
 .UNSPECIFIED. ) ;
#7222 = CIRCLE ( 'NONE', #1193, 0.01000000000000002623 ) ;
#7223 = ADVANCED_FACE ( 'NONE', ( #6250 ), #5524, .F. ) ;
#7224 = ORIENTED_EDGE ( 'NONE', *, *, #4582, .T. ) ;
#7225 = ADVANCED_FACE ( 'NONE', ( #2017 ), #2894, .F. ) ;
#7226 = VERTEX_POINT ( 'NONE', #47 ) ;
#7227 = CARTESIAN_POINT ( 'NONE',  ( 0.1747969903000704261, -0.1308259001068364513, 0.2900000000000000355 ) ) ;
#7228 = DIRECTION ( 'NONE',  ( 1.000000000000000000, 2.272406704998993869E-14, 0.000000000000000000 ) ) ;
#7229 = ORIENTED_EDGE ( 'NONE', *, *, #855, .T. ) ;
#7230 = DIRECTION ( 'NONE',  ( 0.000000000000000000, 1.000000000000000000, -0.000000000000000000 ) ) ;
#7231 = ORIENTED_EDGE ( 'NONE', *, *, #8518, .F. ) ;
#7232 = EDGE_CURVE ( 'NONE', #1649, #6136, #4770, .T. ) ;
#7233 = CARTESIAN_POINT ( 'NONE',  ( 0.2262297863816861154, -0.03909862047069004309, 0.2900000000000000355 ) ) ;
#7234 = DIRECTION ( 'NONE',  ( 9.898213254787176145E-15, -1.000000000000000000, -0.000000000000000000 ) ) ;
#7235 = DIRECTION ( 'NONE',  ( 0.3283461648125419741, -0.9445574604294304510, 0.000000000000000000 ) ) ;
#7236 = CARTESIAN_POINT ( 'NONE',  ( 0.2171074580223687489, -0.08702864406078214543, 0.2800000000000000266 ) ) ;
#7237 = VERTEX_POINT ( 'NONE', #728 ) ;
#7238 = CARTESIAN_POINT ( 'NONE',  ( 0.1470016085861512722, -0.06831359103618106499, 0.2800000000000000266 ) ) ;
#7239 = DIRECTION ( 'NONE',  ( 0.000000000000000000, 0.000000000000000000, -1.000000000000000000 ) ) ;
#7240 = EDGE_LOOP ( 'NONE', ( #8035, #923, #1947, #6680 ) ) ;
#7241 = ORIENTED_EDGE ( 'NONE', *, *, #757, .T. ) ;
#7242 = CARTESIAN_POINT ( 'NONE',  ( 0.1919496555947069472, -0.06775919538998845248, 0.2900000000000000355 ) ) ;
#7243 = CARTESIAN_POINT ( 'NONE',  ( 0.1750237885189137588, -0.05295851162460198103, 0.2900000000000000355 ) ) ;
#7244 = UNCERTAINTY_MEASURE_WITH_UNIT (LENGTH_MEASURE( 1.000000000000000082E-05 ), #1966, 'distance_accuracy_value', 'NONE');
#7245 = VERTEX_POINT ( 'NONE', #3467 ) ;
#7246 = MECHANICAL_DESIGN_GEOMETRIC_PRESENTATION_REPRESENTATION (  '', ( #7101 ), #8245 ) ;
#7247 = DIRECTION ( 'NONE',  ( -0.000000000000000000, -0.000000000000000000, -1.000000000000000000 ) ) ;
#7248 = LINE ( 'NONE', #7152, #1640 ) ;
#7249 = ORIENTED_EDGE ( 'NONE', *, *, #4578, .T. ) ;
#7250 = CARTESIAN_POINT ( 'NONE',  ( 0.1323017240291529673, -0.05169852151957896741, 0.2900000000000000355 ) ) ;
#7251 = AXIS2_PLACEMENT_3D ( 'NONE', #8832, #7471, #3372 ) ;
#7252 = CARTESIAN_POINT ( 'NONE',  ( 0.2999999999999995448, 0.1599999999999998646, 0.000000000000000000 ) ) ;
#7253 = CARTESIAN_POINT ( 'NONE',  ( 0.1756873833075194014, -0.1309434991833836048, 0.2900000000000000355 ) ) ;
#7254 = AXIS2_PLACEMENT_3D ( 'NONE', #14, #4238, #8389 ) ;
#7255 = DIRECTION ( 'NONE',  ( -0.000000000000000000, -0.000000000000000000, -1.000000000000000000 ) ) ;
#7256 = EDGE_CURVE ( 'NONE', #1394, #7361, #6204, .T. ) ;
#7257 = VERTEX_POINT ( 'NONE', #4906 ) ;
#7258 = EDGE_CURVE ( 'NONE', #5810, #5097, #4855, .T. ) ;
#7259 = LINE ( 'NONE', #4592, #4945 ) ;
#7260 = B_SPLINE_CURVE_WITH_KNOTS ( 'NONE', 3,
 ( #4267, #6336, #174, #5661 ),
 .UNSPECIFIED., .F., .F.,
 ( 4, 4 ),
 ( 10.00000000000000000, 11.00000000000000000 ),
 .UNSPECIFIED. ) ;
#7261 = DIRECTION ( 'NONE',  ( -0.9910683662997679111, -0.1333547648939054364, 0.000000000000000000 ) ) ;
#7262 = CARTESIAN_POINT ( 'NONE',  ( -0.01329218829384458053, -0.03519362052042989547, 0.2900000000000000355 ) ) ;
#7263 = ORIENTED_EDGE ( 'NONE', *, *, #5101, .T. ) ;
#7264 = CARTESIAN_POINT ( 'NONE',  ( 0.1972668138373356028, -0.03489865345446935968, 0.2900000000000000355 ) ) ;
#7265 = PRESENTATION_STYLE_ASSIGNMENT (( #1938 ) ) ;
#7266 = DIRECTION ( 'NONE',  ( -0.000000000000000000, -0.000000000000000000, -1.000000000000000000 ) ) ;
#7267 = PLANE ( 'NONE',  #4627 ) ;
#7268 = ORIENTED_EDGE ( 'NONE', *, *, #215, .T. ) ;
#7269 = LINE ( 'NONE', #3030, #1792 ) ;
#7270 = SURFACE_SIDE_STYLE ('',( #6633 ) ) ;
#7271 = EDGE_CURVE ( 'NONE', #690, #3664, #8501, .T. ) ;
#7272 = ORIENTED_EDGE ( 'NONE', *, *, #8706, .T. ) ;
#7273 = LINE ( 'NONE', #4479, #2393 ) ;
#7274 = VERTEX_POINT ( 'NONE', #7613 ) ;
#7275 = CARTESIAN_POINT ( 'NONE',  ( -0.02707665785663739347, -0.04500629507137778040, 0.2900000000000000355 ) ) ;
#7276 = CARTESIAN_POINT ( 'NONE',  ( 0.2330757326183007794, -0.1161428154177709671, 0.2900000000000000355 ) ) ;
#7277 = EDGE_CURVE ( 'NONE', #6999, #2748, #6872, .T. ) ;
#7278 = FACE_OUTER_BOUND ( 'NONE', #3042, .T. ) ;
#7279 = CARTESIAN_POINT ( 'NONE',  ( 0.03904206706581658803, -0.1055177831226081220, 0.2900000000000000355 ) ) ;
#7280 = EDGE_LOOP ( 'NONE', ( #3491, #6517, #6199, #7663 ) ) ;
#7281 = CARTESIAN_POINT ( 'NONE',  ( 0.2618287068120758732, -0.1071884857391363910, 0.2800000000000000266 ) ) ;
#7282 = VERTEX_POINT ( 'NONE', #1495 ) ;
#7283 = ADVANCED_FACE ( 'NONE', ( #3651 ), #1639, .F. ) ;
#7284 = VERTEX_POINT ( 'NONE', #4371 ) ;
#7285 = DIRECTION ( 'NONE',  ( -1.000000000000000000, -0.000000000000000000, -0.000000000000000000 ) ) ;
#7286 = VECTOR ( 'NONE', #5525, 1000.000000000000000 ) ;
#7287 = FILL_AREA_STYLE_COLOUR ( '', #3846 ) ;
#7288 = CARTESIAN_POINT ( 'NONE',  ( 0.1353593000170110194, -0.1153028220145735083, 0.2800000000000000266 ) ) ;
#7289 = ORIENTED_EDGE ( 'NONE', *, *, #5894, .F. ) ;
#7290 = CARTESIAN_POINT ( 'NONE',  ( -0.005114960058287336755, -0.02935274293073422344, 0.2800000000000000266 ) ) ;
#7291 = CARTESIAN_POINT ( 'NONE',  ( 0.1354096996211482939, -0.09660456885801839422, 0.2800000000000000266 ) ) ;
#7292 = AXIS2_PLACEMENT_3D ( 'NONE', #7432, #4719, #3282 ) ;
#7293 = ORIENTED_EDGE ( 'NONE', *, *, #2487, .T. ) ;
#7294 = CARTESIAN_POINT ( 'NONE',  ( -0.02614211837810039366, -0.08846240978810843147, 0.2900000000000000355 ) ) ;
#7295 = CARTESIAN_POINT ( 'NONE',  ( 0.2334369297817388555, -0.08702864406078171522, 0.2900000000000000355 ) ) ;
#7296 = B_SPLINE_SURFACE_WITH_KNOTS ( 'NONE', 3, 1, ( 
 ( #139, #3744 ),
 ( #5716, #7021 ),
 ( #821, #2836 ),
 ( #1638, #2879 ) ),
 .UNSPECIFIED., .F., .F., .F.,
 ( 4, 4 ),
 ( 2, 2 ),
 ( 1.000000000000000000, 2.000000000000000000 ),
 ( 0.000000000000000000, 1.000000000000000000 ),
 .UNSPECIFIED. ) ;
#7297 = CARTESIAN_POINT ( 'NONE',  ( 0.1732178027019473654, -0.09641977030928650105, 0.2900000000000000355 ) ) ;
#7298 = VECTOR ( 'NONE', #8267, 1000.000000000000000 ) ;
#7299 = VERTEX_POINT ( 'NONE', #6652 ) ;
#7300 = LINE ( 'NONE', #1854, #1500 ) ;
#7301 = CARTESIAN_POINT ( 'NONE',  ( 0.1759561811965928979, -0.03489865345446935968, 0.2900000000000000355 ) ) ;
#7302 = LINE ( 'NONE', #2654, #1026 ) ;
#7303 = ORIENTED_EDGE ( 'NONE', *, *, #8038, .T. ) ;
#7304 = DIRECTION ( 'NONE',  ( -0.000000000000000000, -0.000000000000000000, 1.000000000000000000 ) ) ;
#7305 = EDGE_CURVE ( 'NONE', #6790, #8543, #5673, .T. ) ;
#7306 = LINE ( 'NONE', #5183, #7483 ) ;
#7307 = EDGE_CURVE ( 'NONE', #5393, #4723, #2697, .T. ) ;
#7308 = PLANE ( 'NONE',  #7869 ) ;
#7309 = CARTESIAN_POINT ( 'NONE',  ( 0.000000000000000000, 0.000000000000000000, 0.2900000000000000355 ) ) ;
#7310 = ORIENTED_EDGE ( 'NONE', *, *, #1936, .F. ) ;
#7311 = LINE ( 'NONE', #3888, #1799 ) ;
#7312 = ADVANCED_FACE ( 'NONE', ( #7976 ), #2469, .F. ) ;
#7313 = DIRECTION ( 'NONE',  ( -1.000000000000000000, -0.000000000000000000, -0.000000000000000000 ) ) ;
#7314 = B_SPLINE_CURVE_WITH_KNOTS ( 'NONE', 3,
 ( #2288, #5207, #7288, #5297 ),
 .UNSPECIFIED., .F., .F.,
 ( 4, 4 ),
 ( 2.000000000000000000, 3.000000000000000000 ),
 .UNSPECIFIED. ) ;
#7315 = B_SPLINE_CURVE_WITH_KNOTS ( 'NONE', 3,
 ( #2264, #299, #2986, #5863 ),
 .UNSPECIFIED., .F., .F.,
 ( 4, 4 ),
 ( 4.000000000000000000, 5.000000000000000000 ),
 .UNSPECIFIED. ) ;
#7316 = ORIENTED_EDGE ( 'NONE', *, *, #1074, .F. ) ;
#7317 = CARTESIAN_POINT ( 'NONE',  ( 0.1759561811965928979, -0.03489865345446935968, 0.2900000000000000355 ) ) ;
#7318 = EDGE_LOOP ( 'NONE', ( #4664, #7697, #3367, #663 ) ) ;
#7319 = LINE ( 'NONE', #5239, #2835 ) ;
#7320 = CARTESIAN_POINT ( 'NONE',  ( 0.2016011797981493991, -0.04176979949315111351, 0.2900000000000000355 ) ) ;
#7321 =( LENGTH_UNIT ( ) NAMED_UNIT ( * ) SI_UNIT ( .MILLI., .METRE. ) );
#7322 = CARTESIAN_POINT ( 'NONE',  ( 0.2618287068120758732, -0.1071884857391363910, 0.2900000000000000355 ) ) ;
#7323 = VECTOR ( 'NONE', #8886, 1000.000000000000000 ) ;
#7324 = VERTEX_POINT ( 'NONE', #921 ) ;
#7325 = CARTESIAN_POINT ( 'NONE',  ( 0.04044387405550449455, -0.1057514146500092150, 0.2800000000000000266 ) ) ;
#7326 = CARTESIAN_POINT ( 'NONE',  ( 0.2161750653446923021, -0.1050885022309148292, 0.2800000000000000266 ) ) ;
#7327 = ORIENTED_EDGE ( 'NONE', *, *, #2706, .F. ) ;
#7328 = EDGE_LOOP ( 'NONE', ( #8769, #4523, #3072, #5654, #1803 ) ) ;
#7329 = DIRECTION ( 'NONE',  ( -0.000000000000000000, -0.000000000000000000, -1.000000000000000000 ) ) ;
#7330 = AXIS2_PLACEMENT_3D ( 'NONE', #5841, #1091, #6569 ) ;
#7331 = CARTESIAN_POINT ( 'NONE',  ( 0.1328057200710954788, -0.1185955961554105570, 0.2800000000000000266 ) ) ;
#7332 = LINE ( 'NONE', #961, #4826 ) ;
#7333 = EDGE_CURVE ( 'NONE', #625, #8603, #4324, .T. ) ;
#7334 = B_SPLINE_CURVE_WITH_KNOTS ( 'NONE', 3,
 ( #7675, #19, #8257, #4866 ),
 .UNSPECIFIED., .F., .F.,
 ( 4, 4 ),
 ( 20.00000000000000000, 21.00000000000000000 ),
 .UNSPECIFIED. ) ;
#7335 = B_SPLINE_CURVE_WITH_KNOTS ( 'NONE', 3,
 ( #8468, #1492, #7020, #5624 ),
 .UNSPECIFIED., .F., .F.,
 ( 4, 4 ),
 ( 1.000000000000000000, 2.000000000000000000 ),
 .UNSPECIFIED. ) ;
#7336 = ORIENTED_EDGE ( 'NONE', *, *, #6874, .F. ) ;
#7337 = FACE_OUTER_BOUND ( 'NONE', #2913, .T. ) ;
#7338 = CARTESIAN_POINT ( 'NONE',  ( 0.1552251440041115260, -0.1190659924611474074, 0.2800000000000000266 ) ) ;
#7339 = EDGE_CURVE ( 'NONE', #3577, #4829, #6440, .T. ) ;
#7340 = MECHANICAL_DESIGN_GEOMETRIC_PRESENTATION_REPRESENTATION (  '', ( #1019 ), #1591 ) ;
#7341 = VECTOR ( 'NONE', #8330, 1000.000000000000000 ) ;
#7342 = EDGE_CURVE ( 'NONE', #7444, #2169, #6396, .T. ) ;
#7343 = ORIENTED_EDGE ( 'NONE', *, *, #5014, .F. ) ;
#7344 = CARTESIAN_POINT ( 'NONE',  ( 0.1265057695466517695, -0.06775919538998910474, 0.2800000000000000266 ) ) ;
#7345 =( NAMED_UNIT ( * ) SI_UNIT ( $, .STERADIAN. ) SOLID_ANGLE_UNIT ( ) );
#7346 = CARTESIAN_POINT ( 'NONE',  ( 0.1740661960392821950, -0.1306075018220133888, 0.2800000000000000266 ) ) ;
#7347 = VECTOR ( 'NONE', #1587, 1000.000000000000000 ) ;
#7348 = ORIENTED_EDGE ( 'NONE', *, *, #8063, .T. ) ;
#7349 = DIRECTION ( 'NONE',  ( 1.000000000000000000, 0.000000000000000000, 0.000000000000000000 ) ) ;
#7350 =( NAMED_UNIT ( * ) PLANE_ANGLE_UNIT ( ) SI_UNIT ( $, .RADIAN. ) );
#7351 = SURFACE_STYLE_FILL_AREA ( #2484 ) ;
#7352 = VERTEX_POINT ( 'NONE', #2553 ) ;
#7353 = CARTESIAN_POINT ( 'NONE',  ( 0.2463560283237261617, -0.1031565174033763493, 0.2900000000000000355 ) ) ;
#7354 = DIRECTION ( 'NONE',  ( -1.000000000000000000, 0.000000000000000000, -0.000000000000000000 ) ) ;
#7355 = B_SPLINE_SURFACE_WITH_KNOTS ( 'NONE', 3, 1, ( 
 ( #8456, #6331 ),
 ( #5656, #3635 ),
 ( #6283, #7790 ),
 ( #7053, #5556 ) ),
 .UNSPECIFIED., .F., .F., .F.,
 ( 4, 4 ),
 ( 2, 2 ),
 ( 1.000000000000000000, 2.000000000000000000 ),
 ( 0.000000000000000000, 1.000000000000000000 ),
 .UNSPECIFIED. ) ;
#7356 = B_SPLINE_CURVE_WITH_KNOTS ( 'NONE', 3,
 ( #2384, #5131, #7898, #8695 ),
 .UNSPECIFIED., .F., .F.,
 ( 4, 4 ),
 ( 12.00000000000000000, 13.00000000000000000 ),
 .UNSPECIFIED. ) ;
#7357 = FACE_BOUND ( 'NONE', #2784, .T. ) ;
#7358 = ORIENTED_EDGE ( 'NONE', *, *, #1008, .F. ) ;
#7359 = DIRECTION ( 'NONE',  ( -0.000000000000000000, -1.000000000000000000, -0.000000000000000000 ) ) ;
#7360 = SURFACE_STYLE_USAGE ( .BOTH. , #7270 ) ;
#7361 = VERTEX_POINT ( 'NONE', #5002 ) ;
#7362 = CARTESIAN_POINT ( 'NONE',  ( -0.01632944716932911017, -0.1214049765386971541, 0.2900000000000000355 ) ) ;
#7363 = ORIENTED_EDGE ( 'NONE', *, *, #6254, .T. ) ;
#7364 = VECTOR ( 'NONE', #2443, 1000.000000000000000 ) ;
#7365 = DIRECTION ( 'NONE',  ( -1.000000000000000000, 0.000000000000000000, -0.000000000000000000 ) ) ;
#7366 = LINE ( 'NONE', #1206, #5226 ) ;
#7367 = CARTESIAN_POINT ( 'NONE',  ( -0.05581377244451030811, -0.05622077995419129393, 0.2800000000000000266 ) ) ;
#7368 = EDGE_CURVE ( 'NONE', #419, #6281, #7332, .T. ) ;
#7369 = CARTESIAN_POINT ( 'NONE',  ( 0.1381060784456792923, -0.09588217453114028510, 0.2900000000000000355 ) ) ;
#7370 = EDGE_CURVE ( 'NONE', #7896, #8169, #4581, .T. ) ;
#7371 = EDGE_LOOP ( 'NONE', ( #250, #6103, #77, #3738 ) ) ;
#7372 = FACE_OUTER_BOUND ( 'NONE', #6275, .T. ) ;
#7373 = VERTEX_POINT ( 'NONE', #280 ) ;
#7374 = ORIENTED_EDGE ( 'NONE', *, *, #4010, .T. ) ;
#7375 = CARTESIAN_POINT ( 'NONE',  ( 0.2014079813153961396, -0.03634344210799925895, 0.2900000000000000355 ) ) ;
#7376 = CARTESIAN_POINT ( 'NONE',  ( 0.2040035609314250209, -0.04383618326505789309, 0.2900000000000000355 ) ) ;
#7377 = LINE ( 'NONE', #8062, #1583 ) ;
#7378 = ORIENTED_EDGE ( 'NONE', *, *, #1268, .T. ) ;
#7379 = CARTESIAN_POINT ( 'NONE',  ( 0.03857480401090222083, -0.1200031517241759577, 0.2900000000000000355 ) ) ;
#7380 = DIRECTION ( 'NONE',  ( -0.000000000000000000, -0.000000000000000000, -1.000000000000000000 ) ) ;
#7381 =( NAMED_UNIT ( * ) PLANE_ANGLE_UNIT ( ) SI_UNIT ( $, .RADIAN. ) );
#7382 = ORIENTED_EDGE ( 'NONE', *, *, #5986, .T. ) ;
#7383 = VECTOR ( 'NONE', #7380, 1000.000000000000000 ) ;
#7384 = CARTESIAN_POINT ( 'NONE',  ( 0.2096651164694471881, -0.05090892772051711784, 0.2900000000000000355 ) ) ;
#7385 = CARTESIAN_POINT ( 'NONE',  ( 0.1663886563333803470, -0.09588217453114028510, 0.2900000000000000355 ) ) ;
#7386 = EDGE_CURVE ( 'NONE', #2019, #2971, #1219, .T. ) ;
#7387 = CARTESIAN_POINT ( 'NONE',  ( 0.03997661100058996775, -0.09243420814213006154, 0.2900000000000000355 ) ) ;
#7388 = PRODUCT_RELATED_PRODUCT_CATEGORY ( 'part', '', ( #2476 ) ) ;
#7389 = EDGE_CURVE ( 'NONE', #1812, #748, #6353, .T. ) ;
#7390 = ORIENTED_EDGE ( 'NONE', *, *, #8086, .T. ) ;
#7391 = CARTESIAN_POINT ( 'NONE',  ( 0.1919244557926371442, -0.06401282481145953440, 0.2800000000000000266 ) ) ;
#7392 = CARTESIAN_POINT ( 'NONE',  ( 0.1556367407716886253, -0.1054412994603306786, 0.2800000000000000266 ) ) ;
#7393 = AXIS2_PLACEMENT_3D ( 'NONE', #80, #8325, #1485 ) ;
#7394 = FACE_OUTER_BOUND ( 'NONE', #2403, .T. ) ;
#7395 = ORIENTED_EDGE ( 'NONE', *, *, #6278, .F. ) ;
#7396 = ADVANCED_FACE ( 'NONE', ( #1131 ), #5882, .F. ) ;
#7397 = CARTESIAN_POINT ( 'NONE',  ( -0.06679462802803980137, -0.08285517737312161901, 0.2900000000000000355 ) ) ;
#7398 = DIRECTION ( 'NONE',  ( -0.000000000000000000, -1.000000000000000000, -0.000000000000000000 ) ) ;
#7399 =( NAMED_UNIT ( * ) SI_UNIT ( $, .STERADIAN. ) SOLID_ANGLE_UNIT ( ) );
#7400 = VECTOR ( 'NONE', #880, 1000.000000000000000 ) ;
#7401 = DIRECTION ( 'NONE',  ( -1.000000000000000000, 0.000000000000000000, 0.000000000000000000 ) ) ;
#7402 = SURFACE_SIDE_STYLE ('',( #5952 ) ) ;
#7403 = ORIENTED_EDGE ( 'NONE', *, *, #2179, .T. ) ;
#7404 = CARTESIAN_POINT ( 'NONE',  ( 0.1552503438061812180, -0.1027533205698233643, 0.2800000000000000266 ) ) ;
#7405 = DIRECTION ( 'NONE',  ( 0.000000000000000000, 0.000000000000000000, 1.000000000000000000 ) ) ;
#7406 = CARTESIAN_POINT ( 'NONE',  ( 0.07922730474836983672, -0.1034150637256598254, 0.2800000000000000266 ) ) ;
#7407 = ORIENTED_EDGE ( 'NONE', *, *, #460, .T. ) ;
#7408 = CARTESIAN_POINT ( 'NONE',  ( 0.1668506527052079358, -0.1139084329651810362, 0.2900000000000000355 ) ) ;
#7409 = ORIENTED_EDGE ( 'NONE', *, *, #902, .F. ) ;
#7410 = DIRECTION ( 'NONE',  ( 0.3315284183576397981, 0.9434452330799503184, -0.000000000000000000 ) ) ;
#7411 = CARTESIAN_POINT ( 'NONE',  ( 0.1265057695466517695, -0.06775919538998910474, 0.2900000000000000355 ) ) ;
#7412 = LINE ( 'NONE', #3392, #1864 ) ;
#7413 = CARTESIAN_POINT ( 'NONE',  ( 0.1696982303422643890, -0.1096244666085043895, 0.2800000000000000266 ) ) ;
#7414 = ORIENTED_EDGE ( 'NONE', *, *, #3757, .F. ) ;
#7415 = ORIENTED_EDGE ( 'NONE', *, *, #524, .F. ) ;
#7416 = EDGE_LOOP ( 'NONE', ( #8397, #3169, #2680, #281 ) ) ;
#7417 = CARTESIAN_POINT ( 'NONE',  ( 0.1972668138373356028, -0.03489865345446935968, 0.2800000000000000266 ) ) ;
#7418 = EDGE_CURVE ( 'NONE', #1667, #3034, #7314, .T. ) ;
#7419 = EDGE_CURVE ( 'NONE', #1998, #7548, #7377, .T. ) ;
#7420 =( NAMED_UNIT ( * ) SI_UNIT ( $, .STERADIAN. ) SOLID_ANGLE_UNIT ( ) );
#7421 = PLANE ( 'NONE',  #865 ) ;
#7422 = VERTEX_POINT ( 'NONE', #1883 ) ;
#7423 = B_SPLINE_SURFACE_WITH_KNOTS ( 'NONE', 3, 1, ( 
 ( #8367, #2183 ),
 ( #4169, #1476 ),
 ( #6235, #1576 ),
 ( #2951, #122 ) ),
 .UNSPECIFIED., .F., .F., .F.,
 ( 4, 4 ),
 ( 2, 2 ),
 ( 10.00000000000000000, 11.00000000000000000 ),
 ( 0.000000000000000000, 1.000000000000000000 ),
 .UNSPECIFIED. ) ;
#7424 = CARTESIAN_POINT ( 'NONE',  ( 0.2458604322159189670, -0.09137980988964243545, 0.2800000000000000266 ) ) ;
#7425 = CARTESIAN_POINT ( 'NONE',  ( 0.1446664269250605706, -0.03434425780827687902, 0.2900000000000000355 ) ) ;
#7426 = CARTESIAN_POINT ( 'NONE',  ( 0.08226455916761837850, -0.08729423878216989452, 0.2900000000000000355 ) ) ;
#7427 = ORIENTED_EDGE ( 'NONE', *, *, #5211, .T. ) ;
#7428 = CARTESIAN_POINT ( 'NONE',  ( 0.1652294654369697580, -0.1170836080294719028, 0.2900000000000000355 ) ) ;
#7429 = VECTOR ( 'NONE', #6585, 1000.000000000000000 ) ;
#7430 = EDGE_CURVE ( 'NONE', #315, #650, #5718, .T. ) ;
#7431 = B_SPLINE_CURVE_WITH_KNOTS ( 'NONE', 3,
 ( #1047, #6528, #3789, #7562 ),
 .UNSPECIFIED., .F., .F.,
 ( 4, 4 ),
 ( 21.00000000000000000, 22.00000000000000000 ),
 .UNSPECIFIED. ) ;
#7432 = CARTESIAN_POINT ( 'NONE',  ( 0.1496475878064338905, -0.1047861046058615186, 0.2900000000000000355 ) ) ;
#7433 = CARTESIAN_POINT ( 'NONE',  ( 0.1524531657733733114, -0.06233283800483681303, 0.2800000000000000266 ) ) ;
#7434 = VECTOR ( 'NONE', #1229, 1000.000000000000000 ) ;
#7435 = CARTESIAN_POINT ( 'NONE',  ( 0.007267698058694544404, -0.1113586515212316441, 0.2800000000000000266 ) ) ;
#7436 = CARTESIAN_POINT ( 'NONE',  ( 0.04768656726864863027, -0.06930434379407687806, 0.2900000000000000355 ) ) ;
#7437 = VERTEX_POINT ( 'NONE', #8020 ) ;
#7438 = CARTESIAN_POINT ( 'NONE',  ( 0.1573251275122220239, -0.1163276139665031794, 0.2800000000000000266 ) ) ;
#7439 = EDGE_CURVE ( 'NONE', #8256, #4697, #3954, .T. ) ;
#7440 =( NAMED_UNIT ( * ) PLANE_ANGLE_UNIT ( ) SI_UNIT ( $, .RADIAN. ) );
#7441 = AXIS2_PLACEMENT_3D ( 'NONE', #35, #714, #3457 ) ;
#7442 = FILL_AREA_STYLE ('',( #4056 ) ) ;
#7443 = CARTESIAN_POINT ( 'NONE',  ( 0.2084250762079243313, -0.05778847369327869132, 0.2900000000000000355 ) ) ;
#7444 = VERTEX_POINT ( 'NONE', #6102 ) ;
#7445 = CARTESIAN_POINT ( 'NONE',  ( 0.1411636544335355403, -0.09588217453114028510, 0.2800000000000000266 ) ) ;
#7446 = ADVANCED_FACE ( 'NONE', ( #4037 ), #7421, .F. ) ;
#7447 = VECTOR ( 'NONE', #1831, 1000.000000000000000 ) ;
#7448 = CARTESIAN_POINT ( 'NONE',  ( -0.01632944271309376416, -0.06252891363595976248, 0.2900000000000000355 ) ) ;
#7449 = ADVANCED_FACE ( 'NONE', ( #624 ), #1959, .F. ) ;
#7450 = EDGE_CURVE ( 'NONE', #3819, #792, #8723, .T. ) ;
#7451 = FILL_AREA_STYLE ('',( #1110 ) ) ;
#7452 = VERTEX_POINT ( 'NONE', #6783 ) ;
#7453 = VERTEX_POINT ( 'NONE', #1341 ) ;
#7454 = DIRECTION ( 'NONE',  ( 1.000000000000000000, -0.000000000000000000, -0.000000000000000000 ) ) ;
#7455 = DIRECTION ( 'NONE',  ( 0.000000000000000000, 0.000000000000000000, 1.000000000000000000 ) ) ;
#7456 = LINE ( 'NONE', #1291, #287 ) ;
#7457 = CARTESIAN_POINT ( 'NONE',  ( 0.2114879021546854920, -0.06775919538998845248, 0.2900000000000000355 ) ) ;
#7458 = ORIENTED_EDGE ( 'NONE', *, *, #3473, .F. ) ;
#7459 = CARTESIAN_POINT ( 'NONE',  ( 0.1748725897063894696, -0.1272643280770378027, 0.2800000000000000266 ) ) ;
#7460 = VECTOR ( 'NONE', #5411, 1000.000000000000000 ) ;
#7461 = ORIENTED_EDGE ( 'NONE', *, *, #8434, .T. ) ;
#7462 = PLANE ( 'NONE',  #2095 ) ;
#7463 = CARTESIAN_POINT ( 'NONE',  ( 0.1455316201304421853, -0.1162604144943193279, 0.2800000000000000266 ) ) ;
#7464 = CARTESIAN_POINT ( 'NONE',  ( 0.1392988690782943628, -0.1170668081614266998, 0.2800000000000000266 ) ) ;
#7465 = ORIENTED_EDGE ( 'NONE', *, *, #3035, .F. ) ;
#7466 = DIRECTION ( 'NONE',  ( 0.000000000000000000, 1.000000000000000000, 0.000000000000000000 ) ) ;
#7467 = LINE ( 'NONE', #3323, #7383 ) ;
#7468 = VERTEX_POINT ( 'NONE', #2039 ) ;
#7469 = VECTOR ( 'NONE', #2906, 1000.000000000000000 ) ;
#7470 = DIRECTION ( 'NONE',  ( -0.000000000000000000, -0.000000000000000000, -1.000000000000000000 ) ) ;
#7471 = DIRECTION ( 'NONE',  ( -2.544443923395539470E-13, 1.000000000000000000, 0.000000000000000000 ) ) ;
#7472 = VECTOR ( 'NONE', #7052, 1000.000000000000227 ) ;
#7473 = AXIS2_PLACEMENT_3D ( 'NONE', #5323, #432, #6591 ) ;
#7474 = EDGE_CURVE ( 'NONE', #8314, #5945, #4710, .T. ) ;
#7475 = CARTESIAN_POINT ( 'NONE',  ( 0.1268501668419325379, -0.1198891859963020501, 0.2900000000000000355 ) ) ;
#7476 = EDGE_CURVE ( 'NONE', #1125, #1071, #6566, .T. ) ;
#7477 = ADVANCED_BREP_SHAPE_REPRESENTATION ( 'DFN0603-2L-BI-1', ( #3208, #1442 ), #3452 ) ;
#7478 = CARTESIAN_POINT ( 'NONE',  ( 0.2508163932953340614, -0.1030389183270530862, 0.2900000000000000355 ) ) ;
#7479 = ORIENTED_EDGE ( 'NONE', *, *, #1080, .T. ) ;
#7480 = CARTESIAN_POINT ( 'NONE',  ( 0.1750237885189137588, -0.04919534117802613210, 0.2900000000000000355 ) ) ;
#7481 = DIRECTION ( 'NONE',  ( -0.000000000000000000, -1.000000000000000000, -0.000000000000000000 ) ) ;
#7482 =( LENGTH_UNIT ( ) NAMED_UNIT ( * ) SI_UNIT ( .MILLI., .METRE. ) );
#7483 = VECTOR ( 'NONE', #6629, 1000.000000000000000 ) ;
#7484 = SURFACE_SIDE_STYLE ('',( #6036 ) ) ;
#7485 = ORIENTED_EDGE ( 'NONE', *, *, #1441, .F. ) ;
#7486 = LINE ( 'NONE', #3978, #7323 ) ;
#7487 = CARTESIAN_POINT ( 'NONE',  ( 0.1367872888024941613, -0.1095908668724138724, 0.2900000000000000355 ) ) ;
#7488 = CARTESIAN_POINT ( 'NONE',  ( 0.1437676339835886052, -0.1151516232019337699, 0.2900000000000000355 ) ) ;
#7489 = PLANE ( 'NONE',  #3806 ) ;
#7490 = CARTESIAN_POINT ( 'NONE',  ( 0.2016935790726276101, -0.06058565172625281908, 0.2800000000000000266 ) ) ;
#7491 = ORIENTED_EDGE ( 'NONE', *, *, #7982, .T. ) ;
#7492 = ORIENTED_EDGE ( 'NONE', *, *, #2955, .T. ) ;
#7493 = EDGE_CURVE ( 'NONE', #3778, #8583, #3661, .T. ) ;
#7494 = DIRECTION ( 'NONE',  ( 0.000000000000000000, -1.000000000000000000, 0.000000000000000000 ) ) ;
#7495 = LINE ( 'NONE', #8893, #4340 ) ;
#7496 = VECTOR ( 'NONE', #5058, 1000.000000000000000 ) ;
#7497 = CARTESIAN_POINT ( 'NONE',  ( 0.1552503438061812180, -0.1041981092235767514, 0.2900000000000000355 ) ) ;
#7498 = EDGE_CURVE ( 'NONE', #5969, #5675, #8184, .T. ) ;
#7499 = B_SPLINE_CURVE_WITH_KNOTS ( 'NONE', 3,
 ( #6668, #8660, #7264, #7215 ),
 .UNSPECIFIED., .F., .F.,
 ( 4, 4 ),
 ( 2.000000000000000000, 3.000000000000000000 ),
 .UNSPECIFIED. ) ;
#7500 = EDGE_CURVE ( 'NONE', #429, #6095, #4313, .T. ) ;
#7501 = ORIENTED_EDGE ( 'NONE', *, *, #2700, .T. ) ;
#7502 = CARTESIAN_POINT ( 'NONE',  ( 0.1756453836374043953, -0.1274155268896769999, 0.2800000000000000266 ) ) ;
#7503 = EDGE_CURVE ( 'NONE', #606, #2001, #2588, .T. ) ;
#7504 = ORIENTED_EDGE ( 'NONE', *, *, #5955, .T. ) ;
#7505 = CARTESIAN_POINT ( 'NONE',  ( -0.01329218829384458053, -0.03519362052042989547, 0.2900000000000000355 ) ) ;
#7506 = CARTESIAN_POINT ( 'NONE',  ( 0.2410556699493666133, -0.06775919538998845248, 0.2900000000000000355 ) ) ;
#7507 = CARTESIAN_POINT ( 'NONE',  ( 0.03179938276514428230, -0.1087886779817301280, 0.2800000000000000266 ) ) ;
#7508 = ORIENTED_EDGE ( 'NONE', *, *, #5350, .F. ) ;
#7509 = CARTESIAN_POINT ( 'NONE',  ( 0.01497765432675353565, -0.04009995723881767948, 0.2900000000000000355 ) ) ;
#7510 = CARTESIAN_POINT ( 'NONE',  ( 0.1134186723237567834, -0.1161428154177720495, 0.2800000000000000266 ) ) ;
#7511 = ORIENTED_EDGE ( 'NONE', *, *, #2138, .T. ) ;
#7512 = LINE ( 'NONE', #4929, #5464 ) ;
#7513 = CARTESIAN_POINT ( 'NONE',  ( 0.1411636544335355403, -0.09588217453114028510, 0.2900000000000000355 ) ) ;
#7514 = CARTESIAN_POINT ( 'NONE',  ( 0.1334525149915415376, -0.04427297983492815836, 0.2800000000000000266 ) ) ;
#7515 = LINE ( 'NONE', #674, #636 ) ;
#7516 = LINE ( 'NONE', #8278, #6943 ) ;
#7517 = DIRECTION ( 'NONE',  ( 0.000000000000000000, 0.000000000000000000, -1.000000000000000000 ) ) ;
#7518 = ORIENTED_EDGE ( 'NONE', *, *, #8415, .F. ) ;
#7519 = CARTESIAN_POINT ( 'NONE',  ( -0.3000000000000004330, 0.1499999999999998557, 0.2700000000000000178 ) ) ;
#7520 = CARTESIAN_POINT ( 'NONE',  ( 0.03764026007612852193, -0.03052091839290870315, 0.2900000000000000355 ) ) ;
#7521 =( NAMED_UNIT ( * ) PLANE_ANGLE_UNIT ( ) SI_UNIT ( $, .RADIAN. ) );
#7522 = EDGE_CURVE ( 'NONE', #629, #7284, #3018, .T. ) ;
#7523 = AXIS2_PLACEMENT_3D ( 'NONE', #4214, #6964, #7644 ) ;
#7524 = EDGE_CURVE ( 'NONE', #6408, #2645, #3275, .T. ) ;
#7525 = LINE ( 'NONE', #140, #2236 ) ;
#7526 = CARTESIAN_POINT ( 'NONE',  ( 0.1603911034341025665, -0.1045677063208142465, 0.2800000000000000266 ) ) ;
#7527 = ORIENTED_EDGE ( 'NONE', *, *, #90, .F. ) ;
#7528 = DIRECTION ( 'NONE',  ( 0.000000000000000000, 0.000000000000000000, 1.000000000000000000 ) ) ;
#7529 = ORIENTED_EDGE ( 'NONE', *, *, #2592, .F. ) ;
#7530 = CARTESIAN_POINT ( 'NONE',  ( 0.1134186723237558120, -0.09080861437540482806, 0.2800000000000000266 ) ) ;
#7531 = CARTESIAN_POINT ( 'NONE',  ( 0.1839529183955946334, -0.1140596317778193591, 0.2900000000000000355 ) ) ;
#7532 = STYLED_ITEM ( 'NONE', ( #5112 ), #2316 ) ;
#7533 = CARTESIAN_POINT ( 'NONE',  ( 0.1552251440041115260, -0.1148156258407888458, 0.2800000000000000266 ) ) ;
#7534 = CARTESIAN_POINT ( 'NONE',  ( 0.1993583974115348545, -0.06287043378298291796, 0.2800000000000000266 ) ) ;
#7535 = ORIENTED_EDGE ( 'NONE', *, *, #383, .F. ) ;
#7536 = CARTESIAN_POINT ( 'NONE',  ( 0.1668506527052079358, -0.1139084329651810362, 0.2900000000000000355 ) ) ;
#7537 = CARTESIAN_POINT ( 'NONE',  ( 0.1524531657733733114, -0.03568824725353069577, 0.2800000000000000266 ) ) ;
#7538 = VECTOR ( 'NONE', #1904, 1000.000000000000227 ) ;
#7539 = CARTESIAN_POINT ( 'NONE',  ( -0.05581377244451030811, -0.05622077995419129393, 0.2900000000000000355 ) ) ;
#7540 = FILL_AREA_STYLE_COLOUR ( '', #5777 ) ;
#7541 = EDGE_LOOP ( 'NONE', ( #5381, #4127, #7118, #7151, #4759, #4619, #7839, #5176, #6038, #2433, #8338, #1908, #1366, #4308, #598, #4796, #2379, #5648, #4784, #4648, #858, #6949, #5549, #6412, #3926, #6256, #7615, #1800, #4876, #8003, #1093, #6184, #5961 ) ) ;
#7542 = CARTESIAN_POINT ( 'NONE',  ( 0.05656470791146696320, -0.04967899692029988795, 0.2800000000000000266 ) ) ;
#7543 = ADVANCED_FACE ( 'NONE', ( #7547 ), #6422, .T. ) ;
#7544 = ORIENTED_EDGE ( 'NONE', *, *, #6728, .T. ) ;
#7545 = EDGE_CURVE ( 'NONE', #2281, #2898, #3404, .T. ) ;
#7546 = CARTESIAN_POINT ( 'NONE',  ( -0.02427303496478947636, -0.05902438724921166974, 0.2900000000000000355 ) ) ;
#7547 = FACE_OUTER_BOUND ( 'NONE', #4093, .T. ) ;
#7548 = VERTEX_POINT ( 'NONE', #5506 ) ;
#7549 = VERTEX_POINT ( 'NONE', #3319 ) ;
#7550 = CARTESIAN_POINT ( 'NONE',  ( 0.2267421823577642492, -0.04140020239568983906, 0.2900000000000000355 ) ) ;
#7551 = DIRECTION ( 'NONE',  ( -0.000000000000000000, -0.000000000000000000, -1.000000000000000000 ) ) ;
#7552 = EDGE_CURVE ( 'NONE', #7695, #1085, #4164, .T. ) ;
#7553 = B_SPLINE_CURVE_WITH_KNOTS ( 'NONE', 3,
 ( #188, #4322, #6439, #1680 ),
 .UNSPECIFIED., .F., .F.,
 ( 4, 4 ),
 ( 18.00000000000000000, 19.00000000000000000 ),
 .UNSPECIFIED. ) ;
#7554 = ORIENTED_EDGE ( 'NONE', *, *, #4132, .F. ) ;
#7555 = CARTESIAN_POINT ( 'NONE',  ( 0.1663886563333803470, -0.09588217453114028510, 0.2800000000000000266 ) ) ;
#7556 = CARTESIAN_POINT ( 'NONE',  ( 0.001426825203834690501, -0.09640600203991619987, 0.2800000000000000266 ) ) ;
#7557 = CARTESIAN_POINT ( 'NONE',  ( 0.1590303141209138960, -0.03489865345446935968, 0.2900000000000000355 ) ) ;
#7558 = DIRECTION ( 'NONE',  ( -0.000000000000000000, -0.000000000000000000, -1.000000000000000000 ) ) ;
#7559 = EDGE_LOOP ( 'NONE', ( #7174, #6828, #4549, #4477 ) ) ;
#7560 = FACE_OUTER_BOUND ( 'NONE', #3581, .T. ) ;
#7561 = CARTESIAN_POINT ( 'NONE',  ( -0.01609581118558001123, -0.1354230642602951284, 0.2800000000000000266 ) ) ;
#7562 = CARTESIAN_POINT ( 'NONE',  ( 0.04768656726864863027, -0.06930434379407687806, 0.2900000000000000355 ) ) ;
#7563 = B_SPLINE_SURFACE_WITH_KNOTS ( 'NONE', 3, 1, ( 
 ( #8095, #5371 ),
 ( #1910, #3348 ),
 ( #531, #4025 ),
 ( #8809, #652 ) ),
 .UNSPECIFIED., .F., .F., .F.,
 ( 4, 4 ),
 ( 2, 2 ),
 ( 5.000000000000000000, 6.000000000000000000 ),
 ( 0.000000000000000000, 1.000000000000000000 ),
 .UNSPECIFIED. ) ;
#7564 = PLANE ( 'NONE',  #8157 ) ;
#7565 = VECTOR ( 'NONE', #5809, 1000.000000000000000 ) ;
#7566 = COLOUR_RGB ( '',0.2980392156862745057, 0.2980392156862745057, 0.2980392156862745057 ) ;
#7567 = CARTESIAN_POINT ( 'NONE',  ( 0.1447084265952874316, -0.03817462772726087916, 0.2900000000000000355 ) ) ;
#7568 = CARTESIAN_POINT ( 'NONE',  ( 0.1439692324003642721, -0.06453362072155989504, 0.2900000000000000355 ) ) ;
#7569 = ORIENTED_EDGE ( 'NONE', *, *, #8118, .T. ) ;
#7570 = CARTESIAN_POINT ( 'NONE',  ( 0.1134186723237567834, -0.1161428154177720495, 0.2900000000000000355 ) ) ;
#7571 = ORIENTED_EDGE ( 'NONE', *, *, #3345, .T. ) ;
#7572 = EDGE_CURVE ( 'NONE', #5578, #5533, #852, .T. ) ;
#7573 = LINE ( 'NONE', #830, #2721 ) ;
#7574 = CARTESIAN_POINT ( 'NONE',  ( 0.2672802639990731199, -0.09122861107722690654, 0.2900000000000000355 ) ) ;
#7575 = CARTESIAN_POINT ( 'NONE',  ( 0.1957464257773747218, -0.09641977030928607084, 0.2800000000000000266 ) ) ;
#7576 = EDGE_CURVE ( 'NONE', #3034, #3778, #1410, .T. ) ;
#7577 = VECTOR ( 'NONE', #5172, 1000.000000000000000 ) ;
#7578 = CARTESIAN_POINT ( 'NONE',  ( 0.1454224209880304319, -0.1162604144943193279, 0.2800000000000000266 ) ) ;
#7579 = ORIENTED_EDGE ( 'NONE', *, *, #3068, .T. ) ;
#7580 = CARTESIAN_POINT ( 'NONE',  ( 0.1767037753254269705, -0.06401282481145953440, 0.2800000000000000266 ) ) ;
#7581 = CARTESIAN_POINT ( 'NONE',  ( 0.2261289871734096790, -0.03909862047069004309, 0.2800000000000000266 ) ) ;
#7582 = FACE_OUTER_BOUND ( 'NONE', #848, .T. ) ;
#7583 = AXIS2_PLACEMENT_3D ( 'NONE', #270, #7746, #7061 ) ;
#7584 =( LENGTH_UNIT ( ) NAMED_UNIT ( * ) SI_UNIT ( .MILLI., .METRE. ) );
#7585 = ORIENTED_EDGE ( 'NONE', *, *, #2695, .T. ) ;
#7586 = EDGE_CURVE ( 'NONE', #8590, #2463, #4522, .T. ) ;
#7587 = LINE ( 'NONE', #746, #4940 ) ;
#7588 = EDGE_CURVE ( 'NONE', #4813, #6878, #5652, .T. ) ;
#7589 = ORIENTED_EDGE ( 'NONE', *, *, #440, .F. ) ;
#7590 = CARTESIAN_POINT ( 'NONE',  ( -0.02871210083007477709, -0.05902438724921166974, 0.2900000000000000355 ) ) ;
#7591 = ORIENTED_EDGE ( 'NONE', *, *, #4817, .T. ) ;
#7592 = CARTESIAN_POINT ( 'NONE',  ( 0.1919244557926371442, -0.06401282481145943726, 0.2900000000000000355 ) ) ;
#7593 = CARTESIAN_POINT ( 'NONE',  ( 0.1411048548952625603, -0.1170668081614266998, 0.2800000000000000266 ) ) ;
#7594 = ORIENTED_EDGE ( 'NONE', *, *, #6328, .T. ) ;
#7595 = ORIENTED_EDGE ( 'NONE', *, *, #1735, .F. ) ;
#7596 = CARTESIAN_POINT ( 'NONE',  ( 0.1320665258761717920, -0.06382802626272884861, 0.2900000000000000355 ) ) ;
#7597 = FACE_OUTER_BOUND ( 'NONE', #892, .T. ) ;
#7598 = EDGE_LOOP ( 'NONE', ( #1561, #6787, #803, #387 ) ) ;
#7599 = CARTESIAN_POINT ( 'NONE',  ( -0.01118947780936855804, -0.1214049765386971541, 0.2800000000000000266 ) ) ;
#7600 = DIRECTION ( 'NONE',  ( 0.000000000000000000, 0.000000000000000000, 1.000000000000000000 ) ) ;
#7601 = EDGE_CURVE ( 'NONE', #2793, #7017, #3630, .T. ) ;
#7602 = CARTESIAN_POINT ( 'NONE',  ( 0.1400380632731053898, -0.1088516726774915455, 0.2900000000000000355 ) ) ;
#7603 = EDGE_CURVE ( 'NONE', #4099, #8876, #3230, .T. ) ;
#7604 = EDGE_CURVE ( 'NONE', #6755, #5367, #900, .T. ) ;
#7605 = LINE ( 'NONE', #678, #487 ) ;
#7606 = CARTESIAN_POINT ( 'NONE',  ( 0.1524531657733733114, -0.06639840607668964778, 0.2900000000000000355 ) ) ;
#7607 = ORIENTED_EDGE ( 'NONE', *, *, #3962, .T. ) ;
#7608 = CARTESIAN_POINT ( 'NONE',  ( 0.1595763098329710528, -0.1170836080294722359, 0.2800000000000000266 ) ) ;
#7609 = FILL_AREA_STYLE_COLOUR ( '', #5174 ) ;
#7610 = CARTESIAN_POINT ( 'NONE',  ( 0.1455316201304421853, -0.1122956456309661677, 0.2900000000000000355 ) ) ;
#7611 = DIRECTION ( 'NONE',  ( 0.000000000000000000, 0.000000000000000000, 1.000000000000000000 ) ) ;
#7612 = STYLED_ITEM ( 'NONE', ( #1872 ), #7784 ) ;
#7613 = CARTESIAN_POINT ( 'NONE',  ( 0.007267698058694544404, -0.1097232040915597090, 0.2800000000000000266 ) ) ;
#7614 = LINE ( 'NONE', #1448, #5261 ) ;
#7615 = ORIENTED_EDGE ( 'NONE', *, *, #8191, .F. ) ;
#7616 = ORIENTED_EDGE ( 'NONE', *, *, #1241, .T. ) ;
#7617 = ORIENTED_EDGE ( 'NONE', *, *, #6832, .F. ) ;
#7618 = CARTESIAN_POINT ( 'NONE',  ( 0.1643894720336576964, -0.1065836904888065317, 0.2900000000000000355 ) ) ;
#7619 = CARTESIAN_POINT ( 'NONE',  ( 0.1573251275122220239, -0.1163276139665031794, 0.2900000000000000355 ) ) ;
#7620 = PRESENTATION_LAYER_ASSIGNMENT (  '', '', ( #1019 ) ) ;
#7621 = VECTOR ( 'NONE', #8202, 1000.000000000000000 ) ;
#7622 = CARTESIAN_POINT ( 'NONE',  ( -0.01632944716932911017, -0.1031814321982591626, 0.2900000000000000355 ) ) ;
#7623 = ORIENTED_EDGE ( 'NONE', *, *, #6005, .F. ) ;
#7624 = CARTESIAN_POINT ( 'NONE',  ( 0.1594923104926285751, -0.1023837234723617706, 0.2900000000000000355 ) ) ;
#7625 = CARTESIAN_POINT ( 'NONE',  ( 0.1663886563333803470, -0.09588217453114028510, 0.2800000000000000266 ) ) ;
#7626 = CARTESIAN_POINT ( 'NONE',  ( 0.000000000000000000, 0.000000000000000000, 0.2900000000000000355 ) ) ;
#7627 = ORIENTED_EDGE ( 'NONE', *, *, #5781, .F. ) ;
#7628 = VECTOR ( 'NONE', #4011, 1000.000000000000000 ) ;
#7629 = COLOUR_RGB ( '',0.2980392156862745057, 0.2980392156862745057, 0.2980392156862745057 ) ;
#7630 = CARTESIAN_POINT ( 'NONE',  ( 0.3099999999999995537, -0.1500000000000001055, 0.2800000000000000266 ) ) ;
#7631 = ORIENTED_EDGE ( 'NONE', *, *, #5710, .F. ) ;
#7632 = CARTESIAN_POINT ( 'NONE',  ( 0.1594923104926285751, -0.1023837234723617706, 0.2800000000000000266 ) ) ;
#7633 = B_SPLINE_CURVE_WITH_KNOTS ( 'NONE', 3,
 ( #5064, #7831, #1662, #1473 ),
 .UNSPECIFIED., .F., .F.,
 ( 4, 4 ),
 ( 5.000000000000000000, 6.000000000000000000 ),
 .UNSPECIFIED. ) ;
#7634 = VERTEX_POINT ( 'NONE', #166 ) ;
#7635 = COLOUR_RGB ( '',0.2980392156862745057, 0.2980392156862745057, 0.2980392156862745057 ) ;
#7636 = CARTESIAN_POINT ( 'NONE',  ( 0.1632722808073611975, -0.03867862376909076555, 0.2800000000000000266 ) ) ;
#7637 = CARTESIAN_POINT ( 'NONE',  ( 0.2257929898120416279, -0.04086260661754313045, 0.2900000000000000355 ) ) ;
#7638 = ADVANCED_FACE ( 'NONE', ( #5604 ), #5552, .F. ) ;
#7639 = CARTESIAN_POINT ( 'NONE',  ( 0.1643894720336576964, -0.1065836904888065317, 0.2800000000000000266 ) ) ;
#7640 = EDGE_CURVE ( 'NONE', #3032, #8256, #8818, .T. ) ;
#7641 = ORIENTED_EDGE ( 'NONE', *, *, #5010, .T. ) ;
#7642 = VERTEX_POINT ( 'NONE', #4980 ) ;
#7643 = CARTESIAN_POINT ( 'NONE',  ( 0.06777918165368944370, -0.09710691890352517175, 0.2900000000000000355 ) ) ;
#7644 = DIRECTION ( 'NONE',  ( 0.3416038306902130506, -0.9398440417738318509, 0.000000000000000000 ) ) ;
#7645 = VERTEX_POINT ( 'NONE', #8407 ) ;
#7646 = EDGE_LOOP ( 'NONE', ( #8736, #5979, #7102, #7786, #2901, #2861 ) ) ;
#7647 = CARTESIAN_POINT ( 'NONE',  ( 0.04768656726864863027, -0.06930434379407687806, 0.2800000000000000266 ) ) ;
#7648 = VECTOR ( 'NONE', #8798, 1000.000000000000000 ) ;
#7649 = B_SPLINE_CURVE_WITH_KNOTS ( 'NONE', 3,
 ( #2878, #8423, #5714, #2284 ),
 .UNSPECIFIED., .F., .F.,
 ( 4, 4 ),
 ( 3.000000000000000000, 4.000000000000000000 ),
 .UNSPECIFIED. ) ;
#7650 = PLANE ( 'NONE',  #1221 ) ;
#7651 = DIRECTION ( 'NONE',  ( -0.3315284183576397981, -0.9434452330799503184, 0.000000000000000000 ) ) ;
#7652 = CARTESIAN_POINT ( 'NONE',  ( 0.07362005896467421762, -0.1094895725641572143, 0.2900000000000000355 ) ) ;
#7653 = ORIENTED_EDGE ( 'NONE', *, *, #2291, .F. ) ;
#7654 = EDGE_CURVE ( 'NONE', #6178, #1788, #7633, .T. ) ;
#7655 = DIRECTION ( 'NONE',  ( -0.000000000000000000, -0.000000000000000000, -1.000000000000000000 ) ) ;
#7656 = SURFACE_STYLE_FILL_AREA ( #3378 ) ;
#7657 = PLANE ( 'NONE',  #4895 ) ;
#7658 = EDGE_CURVE ( 'NONE', #4101, #1257, #4211, .T. ) ;
#7659 = CARTESIAN_POINT ( 'NONE',  ( 0.2161750653446923021, -0.1050885022309148292, 0.2900000000000000355 ) ) ;
#7660 = ADVANCED_FACE ( 'NONE', ( #2224 ), #7690, .F. ) ;
#7661 = CARTESIAN_POINT ( 'NONE',  ( 0.1439440325982963564, -0.09922534827611621810, 0.2800000000000000266 ) ) ;
#7662 = CARTESIAN_POINT ( 'NONE',  ( -0.03478661412469594844, -0.09500419059388154341, 0.2800000000000000266 ) ) ;
#7663 = ORIENTED_EDGE ( 'NONE', *, *, #8318, .T. ) ;
#7664 = ORIENTED_EDGE ( 'NONE', *, *, #1320, .T. ) ;
#7665 = VERTEX_POINT ( 'NONE', #214 ) ;
#7666 = EDGE_CURVE ( 'NONE', #1656, #758, #118, .T. ) ;
#7667 = CARTESIAN_POINT ( 'NONE',  ( 0.04885474273082370672, -0.06930434379407687806, 0.2900000000000000355 ) ) ;
#7668 = CARTESIAN_POINT ( 'NONE',  ( 0.2451884374934041599, -0.1104476601436588240, 0.2800000000000000266 ) ) ;
#7669 = CARTESIAN_POINT ( 'NONE',  ( -0.01632944716932911017, -0.1031814321982591626, 0.2800000000000000266 ) ) ;
#7670 = DIRECTION ( 'NONE',  ( 0.000000000000000000, -0.000000000000000000, 1.000000000000000000 ) ) ;
#7671 = CARTESIAN_POINT ( 'NONE',  ( 0.2330169330801391547, -0.05877126597503697092, 0.2900000000000000355 ) ) ;
#7672 = VECTOR ( 'NONE', #7953, 1000.000000000000000 ) ;
#7673 = ORIENTED_EDGE ( 'NONE', *, *, #8851, .T. ) ;
#7674 = VECTOR ( 'NONE', #4992, 1000.000000000000000 ) ;
#7675 = CARTESIAN_POINT ( 'NONE',  ( -0.01632944271309376416, -0.06252891363595976248, 0.2800000000000000266 ) ) ;
#7676 = CARTESIAN_POINT ( 'NONE',  ( 0.2259693884267490183, -0.04008981268652817009, 0.2800000000000000266 ) ) ;
#7677 = PLANE ( 'NONE',  #8764 ) ;
#7678 = ORIENTED_EDGE ( 'NONE', *, *, #4336, .F. ) ;
#7679 = DIRECTION ( 'NONE',  ( -0.000000000000000000, 1.000000000000000000, -0.000000000000000000 ) ) ;
#7680 = VECTOR ( 'NONE', #219, 1000.000000000000000 ) ;
#7681 = VERTEX_POINT ( 'NONE', #942 ) ;
#7682 = SURFACE_SIDE_STYLE ('',( #4343 ) ) ;
#7683 = CIRCLE ( 'NONE', #8400, 0.01000000000000002623 ) ;
#7684 = CARTESIAN_POINT ( 'NONE',  ( -0.03805750452769433856, -0.1038823267804621364, 0.2900000000000000355 ) ) ;
#7685 = ORIENTED_EDGE ( 'NONE', *, *, #6005, .T. ) ;
#7686 = CARTESIAN_POINT ( 'NONE',  ( 0.1381144783797017828, -0.1091204705666753982, 0.2800000000000000266 ) ) ;
#7687 = ORIENTED_EDGE ( 'NONE', *, *, #4299, .T. ) ;
#7688 = VECTOR ( 'NONE', #6489, 1000.000000000000000 ) ;
#7689 = FACE_OUTER_BOUND ( 'NONE', #6934, .T. ) ;
#7690 = PLANE ( 'NONE',  #8772 ) ;
#7691 = EDGE_LOOP ( 'NONE', ( #4235, #271, #4022, #6935 ) ) ;
#7692 = ORIENTED_EDGE ( 'NONE', *, *, #3708, .T. ) ;
#7693 = PLANE ( 'NONE',  #8485 ) ;
#7694 = DIRECTION ( 'NONE',  ( 0.000000000000000000, 1.000000000000000000, -0.000000000000000000 ) ) ;
#7695 = VERTEX_POINT ( 'NONE', #2947 ) ;
#7696 = EDGE_CURVE ( 'NONE', #2816, #1279, #4410, .T. ) ;
#7697 = ORIENTED_EDGE ( 'NONE', *, *, #8220, .F. ) ;
#7698 = CARTESIAN_POINT ( 'NONE',  ( 0.2255913913952637684, -0.04140020239568983906, 0.2800000000000000266 ) ) ;
#7699 = UNCERTAINTY_MEASURE_WITH_UNIT (LENGTH_MEASURE( 1.000000000000000082E-05 ), #7098, 'distance_accuracy_value', 'NONE');
#7700 = CARTESIAN_POINT ( 'NONE',  ( 0.1382320774561359156, -0.1204435816424944544, 0.2800000000000000266 ) ) ;
#7701 = LINE ( 'NONE', #3593, #4653 ) ;
#7702 =( NAMED_UNIT ( * ) SI_UNIT ( $, .STERADIAN. ) SOLID_ANGLE_UNIT ( ) );
#7703 = SURFACE_SIDE_STYLE ('',( #5078 ) ) ;
#7704 = EDGE_CURVE ( 'NONE', #1935, #1025, #6767, .T. ) ;
#7705 = ORIENTED_EDGE ( 'NONE', *, *, #5824, .F. ) ;
#7706 = CARTESIAN_POINT ( 'NONE',  ( 0.1455316201304421853, -0.1081124784825676921, 0.2900000000000000355 ) ) ;
#7707 = DIRECTION ( 'NONE',  ( -1.000000000000000000, -0.000000000000000000, -0.000000000000000000 ) ) ;
#7708 = CARTESIAN_POINT ( 'NONE',  ( 0.1455316201304421853, -0.1122956456309661677, 0.2800000000000000266 ) ) ;
#7709 = LINE ( 'NONE', #5084, #3982 ) ;
#7710 = DIRECTION ( 'NONE',  ( 0.9400931103999017324, -0.3409177962187340816, 0.000000000000000000 ) ) ;
#7711 = CARTESIAN_POINT ( 'NONE',  ( 0.2283045700878408857, -0.1161428154177709671, 0.2800000000000000266 ) ) ;
#7712 = ORIENTED_EDGE ( 'NONE', *, *, #4582, .F. ) ;
#7713 = ORIENTED_EDGE ( 'NONE', *, *, #3919, .T. ) ;
#7714 = CARTESIAN_POINT ( 'NONE',  ( 0.2096651164694471881, -0.04603696598178081550, 0.2800000000000000266 ) ) ;
#7715 = CARTESIAN_POINT ( 'NONE',  ( 0.2463560283237261617, -0.1072556852113210057, 0.2800000000000000266 ) ) ;
#7716 = LINE ( 'NONE', #7531, #361 ) ;
#7717 = CARTESIAN_POINT ( 'NONE',  ( -0.3000000000000004330, 0.1499999999999998834, 0.2700000000000000178 ) ) ;
#7718 = DIRECTION ( 'NONE',  ( 0.000000000000000000, 0.000000000000000000, -1.000000000000000000 ) ) ;
#7719 = EDGE_LOOP ( 'NONE', ( #2248, #4287, #1462, #4071 ) ) ;
#7720 = VECTOR ( 'NONE', #6163, 1000.000000000000000 ) ;
#7721 = PRESENTATION_LAYER_ASSIGNMENT (  '', '', ( #8436 ) ) ;
#7722 = CARTESIAN_POINT ( 'NONE',  ( 0.1643894720336576964, -0.1204435816424944544, 0.2800000000000000266 ) ) ;
#7723 = CARTESIAN_POINT ( 'NONE',  ( -0.02871210083007477709, -0.05902438724921166974, 0.2800000000000000266 ) ) ;
#7724 = B_SPLINE_SURFACE_WITH_KNOTS ( 'NONE', 3, 1, ( 
 ( #5906, #8661 ),
 ( #1900, #3882 ),
 ( #2439, #5357 ),
 ( #1777, #3202 ) ),
 .UNSPECIFIED., .F., .F., .F.,
 ( 4, 4 ),
 ( 2, 2 ),
 ( 17.00000000000000000, 18.00000000000000000 ),
 ( 0.000000000000000000, 1.000000000000000000 ),
 .UNSPECIFIED. ) ;
#7726 = EDGE_CURVE ( 'NONE', #7548, #5393, #336, .T. ) ;
#7725 = DIRECTION ( 'NONE',  ( -1.000000000000000000, 0.000000000000000000, 0.000000000000000000 ) ) ;
#7727 = EDGE_LOOP ( 'NONE', ( #4058, #2193, #5998, #6556 ) ) ;
#7728 = ADVANCED_FACE ( 'NONE', ( #4302 ), #3817, .F. ) ;
#7729 = EDGE_CURVE ( 'NONE', #7978, #4988, #1162, .T. ) ;
#7730 = EDGE_LOOP ( 'NONE', ( #4506, #3913, #6232, #3680 ) ) ;
#7731 = CARTESIAN_POINT ( 'NONE',  ( -0.02637575881808560188, -0.1354230642602951284, 0.2900000000000000355 ) ) ;
#7732 = FACE_OUTER_BOUND ( 'NONE', #4958, .T. ) ;
#7733 = VERTEX_POINT ( 'NONE', #1116 ) ;
#7734 = CARTESIAN_POINT ( 'NONE',  ( 0.01497765432675353565, -0.04009995723881767948, 0.2800000000000000266 ) ) ;
#7735 = EDGE_LOOP ( 'NONE', ( #3085, #7678 ) ) ;
#7736 = VECTOR ( 'NONE', #941, 1000.000000000000000 ) ;
#7737 = CARTESIAN_POINT ( 'NONE',  ( 0.1597947081177946982, -0.1040469104109388587, 0.2900000000000000355 ) ) ;
#7738 = CARTESIAN_POINT ( 'NONE',  ( 0.2261289871734096790, -0.03909862047069004309, 0.2900000000000000355 ) ) ;
#7739 = EDGE_LOOP ( 'NONE', ( #7128, #1211, #4038, #4911, #347, #586, #7348 ) ) ;
#7740 = EDGE_LOOP ( 'NONE', ( #2739, #2175, #1337, #7850, #6587, #4806, #1429 ) ) ;
#7741 = LINE ( 'NONE', #2273, #3745 ) ;
#7742 = FACE_OUTER_BOUND ( 'NONE', #2852, .T. ) ;
#7743 = ORIENTED_EDGE ( 'NONE', *, *, #7305, .T. ) ;
#7744 = ORIENTED_EDGE ( 'NONE', *, *, #5476, .F. ) ;
#7745 = CARTESIAN_POINT ( 'NONE',  ( 0.1323017240291529673, -0.04756575397554224649, 0.2900000000000000355 ) ) ;
#7746 = DIRECTION ( 'NONE',  ( 0.000000000000000000, 0.000000000000000000, -1.000000000000000000 ) ) ;
#7747 = LINE ( 'NONE', #914, #4919 ) ;
#7748 = DIRECTION ( 'NONE',  ( 0.000000000000000000, 0.000000000000000000, -1.000000000000000000 ) ) ;
#7749 = DIRECTION ( 'NONE',  ( -0.000000000000000000, -0.000000000000000000, -1.000000000000000000 ) ) ;
#7750 = EDGE_LOOP ( 'NONE', ( #2796, #4158, #217, #3992 ) ) ;
#7751 = CARTESIAN_POINT ( 'NONE',  ( 0.1654016640845817065, -0.1199773853037117560, 0.2900000000000000355 ) ) ;
#7752 = B_SPLINE_CURVE_WITH_KNOTS ( 'NONE', 3,
 ( #8071, #6616, #5935, #1227 ),
 .UNSPECIFIED., .F., .F.,
 ( 4, 4 ),
 ( 9.000000000000000000, 10.00000000000000000 ),
 .UNSPECIFIED. ) ;
#7753 = DIRECTION ( 'NONE',  ( 0.000000000000000000, 1.000000000000000000, -0.000000000000000000 ) ) ;
#7754 = CARTESIAN_POINT ( 'NONE',  ( 0.1278497589917931554, -0.05195051954071848443, 0.2800000000000000266 ) ) ;
#7755 = DIRECTION ( 'NONE',  ( 0.000000000000000000, 0.000000000000000000, 1.000000000000000000 ) ) ;
#7756 = CARTESIAN_POINT ( 'NONE',  ( 0.2451548377570882398, -0.09596617387159464552, 0.2800000000000000266 ) ) ;
#7757 = FACE_OUTER_BOUND ( 'NONE', #4394, .T. ) ;
#7758 = ADVANCED_FACE ( 'NONE', ( #5917 ), #8050, .F. ) ;
#7759 = EDGE_LOOP ( 'NONE', ( #617, #7358, #8454, #5796 ) ) ;
#7760 = ADVANCED_FACE ( 'NONE', ( #2540 ), #3721, .F. ) ;
#7761 = ORIENTED_EDGE ( 'NONE', *, *, #3979, .T. ) ;
#7762 = FACE_OUTER_BOUND ( 'NONE', #2987, .T. ) ;
#7763 = LINE ( 'NONE', #503, #6385 ) ;
#7764 = CARTESIAN_POINT ( 'NONE',  ( 0.1404916597109092391, -0.06453362072155989504, 0.2900000000000000355 ) ) ;
#7765 = CARTESIAN_POINT ( 'NONE',  ( 0.1594923104926285751, -0.1023837234723617706, 0.2900000000000000355 ) ) ;
#7766 = VECTOR ( 'NONE', #8136, 1000.000000000000000 ) ;
#7767 = DIRECTION ( 'NONE',  ( -0.000000000000000000, -0.000000000000000000, -1.000000000000000000 ) ) ;
#7768 = LINE ( 'NONE', #5820, #3908 ) ;
#7769 = VERTEX_POINT ( 'NONE', #2502 ) ;
#7770 = B_SPLINE_CURVE_WITH_KNOTS ( 'NONE', 3,
 ( #4255, #7737, #3578, #2904 ),
 .UNSPECIFIED., .F., .F.,
 ( 4, 4 ),
 ( 13.00000000000000000, 14.00000000000000000 ),
 .UNSPECIFIED. ) ;
#7771 = VECTOR ( 'NONE', #4330, 1000.000000000000000 ) ;
#7772 = VECTOR ( 'NONE', #2219, 1000.000000000000000 ) ;
#7773 = EDGE_LOOP ( 'NONE', ( #529, #6957, #3580, #7926, #1821, #1177, #1107 ) ) ;
#7774 = DIRECTION ( 'NONE',  ( -0.000000000000000000, -0.000000000000000000, -1.000000000000000000 ) ) ;
#7775 = CARTESIAN_POINT ( 'NONE',  ( 0.1501011842442364908, -0.03881302271368369805, 0.2900000000000000355 ) ) ;
#7776 = ADVANCED_FACE ( 'NONE', ( #4392 ), #1749, .F. ) ;
#7777 = VERTEX_POINT ( 'NONE', #3038 ) ;
#7778 = DIRECTION ( 'NONE',  ( -0.000000000000000000, -0.000000000000000000, 1.000000000000000000 ) ) ;
#7779 = ORIENTED_EDGE ( 'NONE', *, *, #3172, .F. ) ;
#7780 = ADVANCED_FACE ( 'NONE', ( #3131 ), #6497, .T. ) ;
#7781 =( GEOMETRIC_REPRESENTATION_CONTEXT ( 3 ) GLOBAL_UNCERTAINTY_ASSIGNED_CONTEXT ( ( #5612 ) ) GLOBAL_UNIT_ASSIGNED_CONTEXT ( ( #3967, #2783, #4898 ) ) REPRESENTATION_CONTEXT ( 'NONE', 'WORKASPACE' ) );
#7782 = DIRECTION ( 'NONE',  ( -0.000000000000000000, -0.000000000000000000, -1.000000000000000000 ) ) ;
#7783 = VECTOR ( 'NONE', #693, 1000.000000000000000 ) ;
#7784 = ADVANCED_FACE ( 'NONE', ( #7278 ), #397, .F. ) ;
#7785 = CARTESIAN_POINT ( 'NONE',  ( 0.1687742375987226484, -0.1085828747885291823, 0.2800000000000000266 ) ) ;
#7786 = ORIENTED_EDGE ( 'NONE', *, *, #3952, .F. ) ;
#7787 = ORIENTED_EDGE ( 'NONE', *, *, #5232, .F. ) ;
#7788 = EDGE_CURVE ( 'NONE', #5721, #340, #7456, .T. ) ;
#7789 = FACE_OUTER_BOUND ( 'NONE', #4420, .T. ) ;
#7790 = CARTESIAN_POINT ( 'NONE',  ( 0.2675658617560815467, -0.09232060250134141444, 0.2800000000000000266 ) ) ;
#7791 = VECTOR ( 'NONE', #406, 1000.000000000000000 ) ;
#7792 = ORIENTED_EDGE ( 'NONE', *, *, #6198, .T. ) ;
#7793 = EDGE_LOOP ( 'NONE', ( #3516, #2474, #4114, #2626, #730, #5066, #1438, #365 ) ) ;
#7794 = CARTESIAN_POINT ( 'NONE',  ( 0.1829113265756171502, -0.06775919538998845248, 0.2800000000000000266 ) ) ;
#7795 = PRESENTATION_STYLE_ASSIGNMENT (( #130 ) ) ;
#7796 = CARTESIAN_POINT ( 'NONE',  ( 0.2047091553902559702, -0.06315603154021404153, 0.2800000000000000266 ) ) ;
#7797 =( NAMED_UNIT ( * ) PLANE_ANGLE_UNIT ( ) SI_UNIT ( $, .RADIAN. ) );
#7798 = ORIENTED_EDGE ( 'NONE', *, *, #7342, .F. ) ;
#7799 = DIRECTION ( 'NONE',  ( -0.000000000000000000, -0.000000000000000000, -1.000000000000000000 ) ) ;
#7800 = LINE ( 'NONE', #7114, #4459 ) ;
#7801 = DIRECTION ( 'NONE',  ( 0.000000000000000000, 0.000000000000000000, -1.000000000000000000 ) ) ;
#7802 = PRODUCT_DEFINITION_SHAPE ( 'NONE', 'NONE',  #348 ) ;
#7803 = VECTOR ( 'NONE', #3804, 1000.000000000000000 ) ;
#7805 = UNCERTAINTY_MEASURE_WITH_UNIT (LENGTH_MEASURE( 1.000000000000000082E-05 ), #4949, 'distance_accuracy_value', 'NONE');
#7804 = CARTESIAN_POINT ( 'NONE',  ( -0.05698195459103864990, -0.1083213971019836019, 0.2800000000000000266 ) ) ;
#7806 = DIRECTION ( 'NONE',  ( -0.3315284183504370041, -0.9434452330824814048, 0.000000000000000000 ) ) ;
#7807 =( NAMED_UNIT ( * ) PLANE_ANGLE_UNIT ( ) SI_UNIT ( $, .RADIAN. ) );
#7808 = VERTEX_POINT ( 'NONE', #1950 ) ;
#7809 = CARTESIAN_POINT ( 'NONE',  ( 0.1662122577187846173, -0.09922534827611621810, 0.2800000000000000266 ) ) ;
#7810 = CARTESIAN_POINT ( 'NONE',  ( 0.2667426682209277367, -0.09353019300200210440, 0.2900000000000000355 ) ) ;
#7811 = CARTESIAN_POINT ( 'NONE',  ( 0.08226455916761837850, -0.08729423878216989452, 0.2800000000000000266 ) ) ;
#7812 = CARTESIAN_POINT ( 'NONE',  ( 0.1355272986975834537, -0.06107284790003714159, 0.2900000000000000355 ) ) ;
#7813 = ADVANCED_FACE ( 'NONE', ( #1207 ), #7069, .F. ) ;
#7814 = CARTESIAN_POINT ( 'NONE',  ( 0.04044387405550449455, -0.1057514146500092150, 0.2900000000000000355 ) ) ;
#7815 = ADVANCED_FACE ( 'NONE', ( #6731 ), #3943, .F. ) ;
#7816 = LINE ( 'NONE', #5186, #3538 ) ;
#7817 = CARTESIAN_POINT ( 'NONE',  ( 0.1643894720336576964, -0.1065836904888065317, 0.2900000000000000355 ) ) ;
#7818 = ORIENTED_EDGE ( 'NONE', *, *, #6241, .F. ) ;
#7819 = ORIENTED_EDGE ( 'NONE', *, *, #8119, .F. ) ;
#7820 = LINE ( 'NONE', #1653, #1077 ) ;
#7821 = MECHANICAL_DESIGN_GEOMETRIC_PRESENTATION_REPRESENTATION (  '', ( #6373 ), #5939 ) ;
#7822 = EDGE_CURVE ( 'NONE', #2318, #3813, #6685, .T. ) ;
#7823 = DIRECTION ( 'NONE',  ( -0.000000000000000000, -0.000000000000000000, -1.000000000000000000 ) ) ;
#7824 = EDGE_LOOP ( 'NONE', ( #7378, #1595, #4213, #6514 ) ) ;
#7825 = B_SPLINE_CURVE_WITH_KNOTS ( 'NONE', 3,
 ( #4584, #4498, #5253, #5975 ),
 .UNSPECIFIED., .F., .F.,
 ( 4, 4 ),
 ( 4.000000000000000000, 5.000000000000000000 ),
 .UNSPECIFIED. ) ;
#7826 = CARTESIAN_POINT ( 'NONE',  ( 0.07245188350249909259, -0.06089347957499382374, 0.2900000000000000355 ) ) ;
#7827 = EDGE_LOOP ( 'NONE', ( #8015, #8150, #8185, #4890 ) ) ;
#7828 = CARTESIAN_POINT ( 'NONE',  ( 0.000000000000000000, 0.000000000000000000, 0.2900000000000000355 ) ) ;
#7829 = DIRECTION ( 'NONE',  ( -1.000000000000000000, -0.000000000000000000, -0.000000000000000000 ) ) ;
#7830 = COLOUR_RGB ( '',0.2980392156862745057, 0.2980392156862745057, 0.2980392156862745057 ) ;
#7831 = CARTESIAN_POINT ( 'NONE',  ( 0.1971492147607893097, -0.06775919538998845248, 0.2800000000000000266 ) ) ;
#7832 = VERTEX_POINT ( 'NONE', #697 ) ;
#7833 = B_SPLINE_CURVE_WITH_KNOTS ( 'NONE', 3,
 ( #7276, #5107, #8629, #2315 ),
 .UNSPECIFIED., .F., .F.,
 ( 4, 4 ),
 ( 2.000000000000000000, 3.000000000000000000 ),
 .UNSPECIFIED. ) ;
#7834 = ORIENTED_EDGE ( 'NONE', *, *, #7601, .T. ) ;
#7835 = CARTESIAN_POINT ( 'NONE',  ( -0.01609580672934368684, -0.08846240978810843147, 0.2800000000000000266 ) ) ;
#7836 = EDGE_CURVE ( 'NONE', #4754, #5212, #6133, .T. ) ;
#7837 = ORIENTED_EDGE ( 'NONE', *, *, #8248, .T. ) ;
#7838 = AXIS2_PLACEMENT_3D ( 'NONE', #7810, #2340, #878 ) ;
#7839 = ORIENTED_EDGE ( 'NONE', *, *, #3448, .F. ) ;
#7840 = CARTESIAN_POINT ( 'NONE',  ( 0.07245188350249909259, -0.06089347957499382374, 0.2800000000000000266 ) ) ;
#7841 = CARTESIAN_POINT ( 'NONE',  ( 0.2206774299861893052, -0.05505849513260052674, 0.2900000000000000355 ) ) ;
#7842 = VECTOR ( 'NONE', #2013, 1000.000000000000114 ) ;
#7843 = EDGE_CURVE ( 'NONE', #7352, #853, #3116, .T. ) ;
#7844 = ORIENTED_EDGE ( 'NONE', *, *, #3620, .T. ) ;
#7845 = DIRECTION ( 'NONE',  ( -0.9434452330799503184, 0.3315284183576397981, 0.000000000000000000 ) ) ;
#7846 = EDGE_CURVE ( 'NONE', #1085, #3994, #5576, .T. ) ;
#7847 = B_SPLINE_CURVE_WITH_KNOTS ( 'NONE', 3,
 ( #4815, #783, #6848, #6356 ),
 .UNSPECIFIED., .F., .F.,
 ( 4, 4 ),
 ( 15.00000000000000000, 16.00000000000000000 ),
 .UNSPECIFIED. ) ;
#7848 = EDGE_CURVE ( 'NONE', #5606, #8583, #7412, .T. ) ;
#7849 = APPLICATION_PROTOCOL_DEFINITION ( 'draft international standard', 'automotive_design', 1998, #912 ) ;
#7850 = ORIENTED_EDGE ( 'NONE', *, *, #4447, .T. ) ;
#7851 = CARTESIAN_POINT ( 'NONE',  ( 0.06777918165368944370, -0.08752787922204353921, 0.2900000000000000355 ) ) ;
#7852 = CARTESIAN_POINT ( 'NONE',  ( 0.2047091553902559702, -0.06315603154021404153, 0.2800000000000000266 ) ) ;
#7853 = SURFACE_STYLE_FILL_AREA ( #5257 ) ;
#7854 = LINE ( 'NONE', #3649, #676 ) ;
#7855 = CARTESIAN_POINT ( 'NONE',  ( 0.2999999999999995448, 0.000000000000000000, 0.2700000000000000178 ) ) ;
#7856 = ORIENTED_EDGE ( 'NONE', *, *, #621, .T. ) ;
#7857 = CARTESIAN_POINT ( 'NONE',  ( -0.3000000000000004330, -0.1500000000000001055, 0.2700000000000000178 ) ) ;
#7858 = CARTESIAN_POINT ( 'NONE',  ( 0.04838747076343663522, -0.06930434379407687806, 0.2900000000000000355 ) ) ;
#7859 = LINE ( 'NONE', #5267, #6322 ) ;
#7860 = DIRECTION ( 'NONE',  ( -0.000000000000000000, -0.000000000000000000, -1.000000000000000000 ) ) ;
#7861 = DIRECTION ( 'NONE',  ( 0.000000000000000000, -0.000000000000000000, 1.000000000000000000 ) ) ;
#7862 = CARTESIAN_POINT ( 'NONE',  ( -0.02123578500177629100, -0.1031814321982591626, 0.2900000000000000355 ) ) ;
#7863 = CARTESIAN_POINT ( 'NONE',  ( 0.2096651164694471881, -0.05090892772051711784, 0.2900000000000000355 ) ) ;
#7864 = FILL_AREA_STYLE ('',( #7912 ) ) ;
#7865 = ORIENTED_EDGE ( 'NONE', *, *, #8362, .T. ) ;
#7866 = ADVANCED_FACE ( 'NONE', ( #1370 ), #3119, .F. ) ;
#7867 = ORIENTED_EDGE ( 'NONE', *, *, #7576, .T. ) ;
#7868 = LINE ( 'NONE', #6126, #2775 ) ;
#7869 = AXIS2_PLACEMENT_3D ( 'NONE', #1318, #7401, #5360 ) ;
#7870 = CARTESIAN_POINT ( 'NONE',  ( -0.02123578500177629100, -0.1031814321982591626, 0.2900000000000000355 ) ) ;
#7871 = ORIENTED_EDGE ( 'NONE', *, *, #1982, .T. ) ;
#7872 = CARTESIAN_POINT ( 'NONE',  ( 0.2240626034015042456, -0.08702864406078171522, 0.2900000000000000355 ) ) ;
#7873 = VERTEX_POINT ( 'NONE', #5412 ) ;
#7874 = DIRECTION ( 'NONE',  ( -0.000000000000000000, -0.000000000000000000, -1.000000000000000000 ) ) ;
#7875 = CARTESIAN_POINT ( 'NONE',  ( 0.2262297863816861154, -0.03909862047069004309, 0.2900000000000000355 ) ) ;
#7876 =( NAMED_UNIT ( * ) PLANE_ANGLE_UNIT ( ) SI_UNIT ( $, .RADIAN. ) );
#7877 = VECTOR ( 'NONE', #7919, 1000.000000000000000 ) ;
#7879 = ORIENTED_EDGE ( 'NONE', *, *, #6474, .T. ) ;
#7878 = ADVANCED_FACE ( 'NONE', ( #8178 ), #1989, .F. ) ;
#7880 = EDGE_CURVE ( 'NONE', #5790, #5018, #4303, .T. ) ;
#7881 = ORIENTED_EDGE ( 'NONE', *, *, #8188, .T. ) ;
#7882 = B_SPLINE_SURFACE_WITH_KNOTS ( 'NONE', 3, 1, ( 
 ( #5713, #7852 ),
 ( #819, #8467 ),
 ( #2283, #5170 ),
 ( #4456, #3102 ) ),
 .UNSPECIFIED., .F., .F., .F.,
 ( 4, 4 ),
 ( 2, 2 ),
 ( 4.000000000000000000, 5.000000000000000000 ),
 ( 0.000000000000000000, 1.000000000000000000 ),
 .UNSPECIFIED. ) ;
#7883 = CARTESIAN_POINT ( 'NONE',  ( 0.007267698058694544404, -0.1249094851004996232, 0.2900000000000000355 ) ) ;
#7884 = VERTEX_POINT ( 'NONE', #4868 ) ;
#7885 = ORIENTED_EDGE ( 'NONE', *, *, #546, .T. ) ;
#7886 = COLOUR_RGB ( '',0.2980392156862745057, 0.2980392156862745057, 0.2980392156862745057 ) ;
#7887 = CARTESIAN_POINT ( 'NONE',  ( 0.1439692324003642721, -0.06453362072155989504, 0.2800000000000000266 ) ) ;
#7888 = CARTESIAN_POINT ( 'NONE',  ( 0.1740661960392821950, -0.1306075018220133888, 0.2800000000000000266 ) ) ;
#7889 = VECTOR ( 'NONE', #2453, 1000.000000000000000 ) ;
#7890 = ORIENTED_EDGE ( 'NONE', *, *, #3477, .T. ) ;
#7891 = CARTESIAN_POINT ( 'NONE',  ( 0.1330829178940801660, -0.09806615737959341328, 0.2900000000000000355 ) ) ;
#7892 = ORIENTED_EDGE ( 'NONE', *, *, #4772, .F. ) ;
#7893 = DIRECTION ( 'NONE',  ( -0.8840949502478755440, -0.4673073067545666093, 0.000000000000000000 ) ) ;
#7894 = LINE ( 'NONE', #6977, #6902 ) ;
#7895 = CARTESIAN_POINT ( 'NONE',  ( 0.1578879230924379873, -0.09774695988649467759, 0.2900000000000000355 ) ) ;
#7896 = VERTEX_POINT ( 'NONE', #1461 ) ;
#7897 = EDGE_CURVE ( 'NONE', #5491, #4973, #4971, .T. ) ;
#7898 = CARTESIAN_POINT ( 'NONE',  ( 0.1472200068709754450, -0.06453362072155989504, 0.2800000000000000266 ) ) ;
#7899 = EDGE_CURVE ( 'NONE', #569, #7226, #2073, .T. ) ;
#7900 = CARTESIAN_POINT ( 'NONE',  ( 0.1496475878064338905, -0.1047861046058615186, 0.2800000000000000266 ) ) ;
#7901 = ADVANCED_FACE ( 'NONE', ( #2895 ), #62, .F. ) ;
#7902 = EDGE_LOOP ( 'NONE', ( #3653, #1986, #7097, #3346, #3268 ) ) ;
#7903 = CARTESIAN_POINT ( 'NONE',  ( 0.2331009324205941535, -0.1198891859963011758, 0.2800000000000000266 ) ) ;
#7904 = CARTESIAN_POINT ( 'NONE',  ( 0.1307897359032157703, -0.1136060353399044875, 0.2800000000000000266 ) ) ;
#7905 = DIRECTION ( 'NONE',  ( -1.000000000000000000, 0.000000000000000000, 0.000000000000000000 ) ) ;
#7906 = FACE_OUTER_BOUND ( 'NONE', #2891, .T. ) ;
#7907 = ADVANCED_FACE ( 'NONE', ( #7582 ), #7036, .F. ) ;
#7908 = CARTESIAN_POINT ( 'NONE',  ( 0.2463560283237261617, -0.09905734959543083251, 0.2800000000000000266 ) ) ;
#7909 = CARTESIAN_POINT ( 'NONE',  ( 0.1971492147607893097, -0.06775919538998845248, 0.2800000000000000266 ) ) ;
#7910 = B_SPLINE_CURVE_WITH_KNOTS ( 'NONE', 3,
 ( #4666, #1882, #8225, #1955 ),
 .UNSPECIFIED., .F., .F.,
 ( 4, 4 ),
 ( 12.00000000000000000, 13.00000000000000000 ),
 .UNSPECIFIED. ) ;
#7911 = CARTESIAN_POINT ( 'NONE',  ( 0.1433560372160112284, -0.06831359103618106499, 0.2800000000000000266 ) ) ;
#7912 = FILL_AREA_STYLE_COLOUR ( '', #4490 ) ;
#7913 = ORIENTED_EDGE ( 'NONE', *, *, #4637, .T. ) ;
#7914 = ORIENTED_EDGE ( 'NONE', *, *, #6365, .T. ) ;
#7915 = DIRECTION ( 'NONE',  ( -0.2524218971878305906, 0.9676172723861931058, -0.000000000000000000 ) ) ;
#7916 = VECTOR ( 'NONE', #8269, 1000.000000000000000 ) ;
#7917 = CARTESIAN_POINT ( 'NONE',  ( 0.1360564945417067628, -0.1102964613312435171, 0.2900000000000000355 ) ) ;
#7918 = ORIENTED_EDGE ( 'NONE', *, *, #6332, .T. ) ;
#7919 = DIRECTION ( 'NONE',  ( -1.000000000000000000, 0.000000000000000000, 0.000000000000000000 ) ) ;
#7920 = ORIENTED_EDGE ( 'NONE', *, *, #296, .T. ) ;
#7921 = CARTESIAN_POINT ( 'NONE',  ( 0.2285397682407089293, -0.03489865345446840905, 0.2900000000000000355 ) ) ;
#7922 = LINE ( 'NONE', #5739, #4550 ) ;
#7923 = CARTESIAN_POINT ( 'NONE',  ( 0.2040371606677416072, -0.05831766953734543457, 0.2800000000000000266 ) ) ;
#7924 = PRESENTATION_LAYER_ASSIGNMENT (  '', '', ( #5593 ) ) ;
#7925 = STYLED_ITEM ( 'NONE', ( #3410 ), #3970 ) ;
#7926 = ORIENTED_EDGE ( 'NONE', *, *, #3648, .F. ) ;
#7927 = CARTESIAN_POINT ( 'NONE',  ( 0.2044235576332493753, -0.1161428154177715083, 0.2900000000000000355 ) ) ;
#7928 = VERTEX_POINT ( 'NONE', #4201 ) ;
#7929 = DIRECTION ( 'NONE',  ( -0.000000000000000000, -0.000000000000000000, -1.000000000000000000 ) ) ;
#7930 =( LENGTH_UNIT ( ) NAMED_UNIT ( * ) SI_UNIT ( .MILLI., .METRE. ) );
#7931 = EDGE_LOOP ( 'NONE', ( #7932, #2912, #8175, #282, #6860, #6464, #4403 ) ) ;
#7932 = ORIENTED_EDGE ( 'NONE', *, *, #2978, .F. ) ;
#7933 = VECTOR ( 'NONE', #7749, 1000.000000000000000 ) ;
#7934 = AXIS2_PLACEMENT_3D ( 'NONE', #8125, #4597, #7354 ) ;
#7935 = FACE_OUTER_BOUND ( 'NONE', #5763, .T. ) ;
#7936 = EDGE_CURVE ( 'NONE', #3921, #7832, #223, .T. ) ;
#7937 = ADVANCED_FACE ( 'NONE', ( #839 ), #3774, .F. ) ;
#7938 = FACE_OUTER_BOUND ( 'NONE', #4305, .T. ) ;
#7939 = ORIENTED_EDGE ( 'NONE', *, *, #8099, .F. ) ;
#7940 = VECTOR ( 'NONE', #6928, 1000.000000000000000 ) ;
#7941 = CARTESIAN_POINT ( 'NONE',  ( 0.1251701800354209360, -0.1050885022309151484, 0.2900000000000000355 ) ) ;
#7942 = B_SPLINE_CURVE_WITH_KNOTS ( 'NONE', 3,
 ( #6461, #305, #1029, #3770 ),
 .UNSPECIFIED., .F., .F.,
 ( 4, 4 ),
 ( 4.000000000000000000, 5.000000000000000000 ),
 .UNSPECIFIED. ) ;
#7943 = ORIENTED_EDGE ( 'NONE', *, *, #7109, .T. ) ;
#7944 = PLANE ( 'NONE',  #8486 ) ;
#7945 = CARTESIAN_POINT ( 'NONE',  ( 0.1591563131313723789, -0.1204435816424944544, 0.2800000000000000266 ) ) ;
#7946 = DIRECTION ( 'NONE',  ( 1.000000000000000000, 0.000000000000000000, 0.000000000000000000 ) ) ;
#7947 = LINE ( 'NONE', #7986, #1835 ) ;
#7948 = VECTOR ( 'NONE', #7823, 1000.000000000000000 ) ;
#7949 = SURFACE_STYLE_FILL_AREA ( #3792 ) ;
#7950 = ORIENTED_EDGE ( 'NONE', *, *, #4301, .T. ) ;
#7951 = CARTESIAN_POINT ( 'NONE',  ( 0.2491616062907805185, -0.1122116462905111550, 0.2900000000000000355 ) ) ;
#7952 = EDGE_CURVE ( 'NONE', #3577, #8329, #5539, .T. ) ;
#7953 = DIRECTION ( 'NONE',  ( -1.000000000000000000, 0.000000000000000000, 0.000000000000000000 ) ) ;
#7954 = SURFACE_SIDE_STYLE ('',( #3656 ) ) ;
#7955 = FACE_OUTER_BOUND ( 'NONE', #5686, .T. ) ;
#7956 = ADVANCED_FACE ( 'NONE', ( #4924 ), #7677, .T. ) ;
#7957 = LINE ( 'NONE', #6406, #4258 ) ;
#7958 = ORIENTED_EDGE ( 'NONE', *, *, #7033, .F. ) ;
#7959 = B_SPLINE_CURVE_WITH_KNOTS ( 'NONE', 3,
 ( #5545, #6271, #4205, #159 ),
 .UNSPECIFIED., .F., .F.,
 ( 4, 4 ),
 ( 7.000000000000000000, 8.000000000000000000 ),
 .UNSPECIFIED. ) ;
#7960 = CARTESIAN_POINT ( 'NONE',  ( 0.1603911034341025665, -0.1045677063208142465, 0.2800000000000000266 ) ) ;
#7961 = ORIENTED_EDGE ( 'NONE', *, *, #8796, .F. ) ;
#7962 = CARTESIAN_POINT ( 'NONE',  ( 0.1696982303422643890, -0.1096244666085043895, 0.2900000000000000355 ) ) ;
#7963 = ORIENTED_EDGE ( 'NONE', *, *, #1679, .F. ) ;
#7964 = FACE_OUTER_BOUND ( 'NONE', #5822, .T. ) ;
#7965 = CARTESIAN_POINT ( 'NONE',  ( 0.2262297863816861154, -0.03909862047069004309, 0.2800000000000000266 ) ) ;
#7966 = SURFACE_STYLE_FILL_AREA ( #8630 ) ;
#7967 = CARTESIAN_POINT ( 'NONE',  ( 0.1806181445846414824, -0.1241059528807933188, 0.2800000000000000266 ) ) ;
#7968 = EDGE_LOOP ( 'NONE', ( #4629, #8520, #6534, #7865 ) ) ;
#7969 = CARTESIAN_POINT ( 'NONE',  ( 0.2618287068120758732, -0.1071884857391363910, 0.2800000000000000266 ) ) ;
#7970 = CARTESIAN_POINT ( 'NONE',  ( 0.08203092764010559701, -0.07327614214809927140, 0.2800000000000000266 ) ) ;
#7971 = ORIENTED_EDGE ( 'NONE', *, *, #2112, .F. ) ;
#7972 = ORIENTED_EDGE ( 'NONE', *, *, #2907, .T. ) ;
#7973 = LINE ( 'NONE', #1038, #5042 ) ;
#7974 = VECTOR ( 'NONE', #4134, 1000.000000000000000 ) ;
#7975 = FILL_AREA_STYLE ('',( #2468 ) ) ;
#7976 = FACE_OUTER_BOUND ( 'NONE', #7280, .T. ) ;
#7977 = UNCERTAINTY_MEASURE_WITH_UNIT (LENGTH_MEASURE( 1.000000000000000082E-05 ), #3612, 'distance_accuracy_value', 'NONE');
#7978 = VERTEX_POINT ( 'NONE', #6994 ) ;
#7979 = VECTOR ( 'NONE', #5823, 1000.000000000000000 ) ;
#7980 = CARTESIAN_POINT ( 'NONE',  ( 0.2405096742371980456, -0.1150004243895194345, 0.2800000000000000266 ) ) ;
#7981 = DIRECTION ( 'NONE',  ( 0.000000000000000000, 1.000000000000000000, 0.000000000000000000 ) ) ;
#7982 = EDGE_CURVE ( 'NONE', #3618, #876, #8396, .T. ) ;
#7983 = EDGE_LOOP ( 'NONE', ( #453, #8620, #4171, #5347 ) ) ;
#7984 = CARTESIAN_POINT ( 'NONE',  ( 0.1824241304017212573, -0.1198387863921627494, 0.2900000000000000355 ) ) ;
#7985 = CARTESIAN_POINT ( 'NONE',  ( 0.1385764747514161843, -0.1059452955021602111, 0.2900000000000000355 ) ) ;
#7986 = CARTESIAN_POINT ( 'NONE',  ( 0.1261025727129859719, -0.08702864406078214543, 0.2800000000000000266 ) ) ;
#7987 = VECTOR ( 'NONE', #7304, 1000.000000000000000 ) ;
#7988 = VERTEX_POINT ( 'NONE', #2938 ) ;
#7989 = CARTESIAN_POINT ( 'NONE',  ( 0.1349645031174793730, -0.1143956291389652546, 0.2800000000000000266 ) ) ;
#7990 = EDGE_CURVE ( 'NONE', #3627, #2863, #5684, .T. ) ;
#7991 = PRESENTATION_STYLE_ASSIGNMENT (( #6664 ) ) ;
#7992 = CARTESIAN_POINT ( 'NONE',  ( 0.1328057200710954788, -0.1185955961554105570, 0.2900000000000000355 ) ) ;
#7993 = ORIENTED_EDGE ( 'NONE', *, *, #7022, .F. ) ;
#7994 = CARTESIAN_POINT ( 'NONE',  ( -0.03829114719579833348, -0.1195358797566788422, 0.2900000000000000355 ) ) ;
#7995 = CARTESIAN_POINT ( 'NONE',  ( 0.1134186723237567834, -0.1161428154177720495, 0.2900000000000000355 ) ) ;
#7996 =( NAMED_UNIT ( * ) PLANE_ANGLE_UNIT ( ) SI_UNIT ( $, .RADIAN. ) );
#7997 = CARTESIAN_POINT ( 'NONE',  ( 0.1796857519070766962, -0.1263235354653386988, 0.2900000000000000355 ) ) ;
#7998 = EDGE_LOOP ( 'NONE', ( #5142, #6736, #7554, #1032 ) ) ;
#7999 = CARTESIAN_POINT ( 'NONE',  ( -0.02357213147000173856, -0.04547356481053460575, 0.2800000000000000266 ) ) ;
#8000 = DIRECTION ( 'NONE',  ( 0.000000000000000000, 0.000000000000000000, -1.000000000000000000 ) ) ;
#8001 = ORIENTED_EDGE ( 'NONE', *, *, #1979, .T. ) ;
#8002 = CARTESIAN_POINT ( 'NONE',  ( 0.1782829629236622193, -0.1274155268896769999, 0.2800000000000000266 ) ) ;
#8003 = ORIENTED_EDGE ( 'NONE', *, *, #2432, .F. ) ;
#8004 = EDGE_CURVE ( 'NONE', #504, #1596, #8022, .T. ) ;
#8005 = LINE ( 'NONE', #7921, #5708 ) ;
#8006 = CARTESIAN_POINT ( 'NONE',  ( 0.2052047514982866250, -0.04692735898911807452, 0.2800000000000000266 ) ) ;
#8007 = B_SPLINE_SURFACE_WITH_KNOTS ( 'NONE', 3, 1, ( 
 ( #3071, #4381 ),
 ( #3663, #6496 ),
 ( #6407, #248 ),
 ( #2981, #5728 ) ),
 .UNSPECIFIED., .F., .F., .F.,
 ( 4, 4 ),
 ( 2, 2 ),
 ( 16.00000000000000000, 17.00000000000000000 ),
 ( 0.000000000000000000, 1.000000000000000000 ),
 .UNSPECIFIED. ) ;
#8008 = FILL_AREA_STYLE ('',( #2456 ) ) ;
#8009 = EDGE_CURVE ( 'NONE', #8363, #6409, #3232, .T. ) ;
#8010 = EDGE_CURVE ( 'NONE', #469, #4518, #7198, .T. ) ;
#8011 = LINE ( 'NONE', #7967, #7217 ) ;
#8012 = ORIENTED_EDGE ( 'NONE', *, *, #4362, .T. ) ;
#8013 = CARTESIAN_POINT ( 'NONE',  ( 0.1278497589917931554, -0.05195051954071848443, 0.2800000000000000266 ) ) ;
#8014 = CARTESIAN_POINT ( 'NONE',  ( 0.2667426682209277367, -0.09353019300200210440, 0.2800000000000000266 ) ) ;
#8015 = ORIENTED_EDGE ( 'NONE', *, *, #1285, .T. ) ;
#8016 = ORIENTED_EDGE ( 'NONE', *, *, #6252, .T. ) ;
#8017 = DIRECTION ( 'NONE',  ( 0.000000000000000000, -1.000000000000000000, 0.000000000000000000 ) ) ;
#8018 = VECTOR ( 'NONE', #8797, 1000.000000000000000 ) ;
#8019 = CARTESIAN_POINT ( 'NONE',  ( 0.1803241468934993486, -0.1309434991833836048, 0.2800000000000000266 ) ) ;
#8020 = CARTESIAN_POINT ( 'NONE',  ( 0.1268501668419325379, -0.1198891859963020501, 0.2900000000000000355 ) ) ;
#8021 = VERTEX_POINT ( 'NONE', #1715 ) ;
#8022 = LINE ( 'NONE', #1847, #3293 ) ;
#8023 = CARTESIAN_POINT ( 'NONE',  ( 0.1594923104926285751, -0.1023837234723617706, 0.2800000000000000266 ) ) ;
#8024 = AXIS2_PLACEMENT_3D ( 'NONE', #6549, #6413, #3033 ) ;
#8025 = VERTEX_POINT ( 'NONE', #7941 ) ;
#8026 = CARTESIAN_POINT ( 'NONE',  ( 0.1355272986975834537, -0.06107284790003714159, 0.2800000000000000266 ) ) ;
#8027 = LINE ( 'NONE', #1851, #454 ) ;
#8028 = B_SPLINE_SURFACE_WITH_KNOTS ( 'NONE', 3, 1, ( 
 ( #6595, #7134 ),
 ( #259, #3769 ),
 ( #985, #303 ),
 ( #349, #3036 ) ),
 .UNSPECIFIED., .F., .F., .F.,
 ( 4, 4 ),
 ( 2, 2 ),
 ( 23.00000000000000000, 24.00000000000000000 ),
 ( 0.000000000000000000, 1.000000000000000000 ),
 .UNSPECIFIED. ) ;
#8029 = FACE_OUTER_BOUND ( 'NONE', #817, .T. ) ;
#8030 = AXIS2_PLACEMENT_3D ( 'NONE', #4078, #4036, #1958 ) ;
#8031 = ORIENTED_EDGE ( 'NONE', *, *, #413, .T. ) ;
#8032 = DIRECTION ( 'NONE',  ( -0.000000000000000000, -0.000000000000000000, -1.000000000000000000 ) ) ;
#8033 = LINE ( 'NONE', #1099, #5217 ) ;
#8034 = DIRECTION ( 'NONE',  ( 0.000000000000000000, 0.000000000000000000, 1.000000000000000000 ) ) ;
#8035 = ORIENTED_EDGE ( 'NONE', *, *, #4130, .T. ) ;
#8036 = LINE ( 'NONE', #6029, #5663 ) ;
#8037 =( NAMED_UNIT ( * ) PLANE_ANGLE_UNIT ( ) SI_UNIT ( $, .RADIAN. ) );
#8038 = EDGE_CURVE ( 'NONE', #1409, #787, #4630, .T. ) ;
#8039 = EDGE_CURVE ( 'NONE', #7226, #2414, #1041, .T. ) ;
#8040 =( LENGTH_UNIT ( ) NAMED_UNIT ( * ) SI_UNIT ( .MILLI., .METRE. ) );
#8041 =( NAMED_UNIT ( * ) SI_UNIT ( $, .STERADIAN. ) SOLID_ANGLE_UNIT ( ) );
#8042 = EDGE_LOOP ( 'NONE', ( #964, #1005, #4443 ) ) ;
#8043 = LINE ( 'NONE', #6765, #7538 ) ;
#8044 = CARTESIAN_POINT ( 'NONE',  ( 0.1382320774561359156, -0.1204435816424944544, 0.2900000000000000355 ) ) ;
#8045 = ORIENTED_EDGE ( 'NONE', *, *, #8743, .T. ) ;
#8046 = LINE ( 'NONE', #6636, #4119 ) ;
#8047 = ORIENTED_EDGE ( 'NONE', *, *, #2410, .T. ) ;
#8048 = CARTESIAN_POINT ( 'NONE',  ( -0.02894573681371225699, -0.04500629507137778040, 0.2900000000000000355 ) ) ;
#8049 = FACE_OUTER_BOUND ( 'NONE', #4740, .T. ) ;
#8050 = PLANE ( 'NONE',  #2128 ) ;
#8051 = CARTESIAN_POINT ( 'NONE',  ( 0.2405096742371980456, -0.1150004243895194345, 0.2900000000000000355 ) ) ;
#8052 = ORIENTED_EDGE ( 'NONE', *, *, #5583, .T. ) ;
#8053 = CARTESIAN_POINT ( 'NONE',  ( 0.1614830948584406733, -0.1095740670043671428, 0.2800000000000000266 ) ) ;
#8054 = LINE ( 'NONE', #657, #2346 ) ;
#8055 = EDGE_CURVE ( 'NONE', #1085, #826, #8604, .T. ) ;
#8056 = ORIENTED_EDGE ( 'NONE', *, *, #3084, .T. ) ;
#8057 = EDGE_LOOP ( 'NONE', ( #4373, #7185, #4004, #1288 ) ) ;
#8058 = EDGE_CURVE ( 'NONE', #4190, #5606, #7825, .T. ) ;
#8059 = ADVANCED_FACE ( 'NONE', ( #2472 ), #1620, .F. ) ;
#8060 = LINE ( 'NONE', #539, #6427 ) ;
#8061 = VECTOR ( 'NONE', #4256, 1000.000000000000114 ) ;
#8062 = CARTESIAN_POINT ( 'NONE',  ( 0.2016935790726276101, -0.06058565172625281908, 0.2900000000000000355 ) ) ;
#8063 = EDGE_CURVE ( 'NONE', #1596, #4136, #4154, .T. ) ;
#8064 = EDGE_LOOP ( 'NONE', ( #7268, #6486, #1663, #345 ) ) ;
#8065 = CARTESIAN_POINT ( 'NONE',  ( 0.1439440325982963564, -0.09922534827611621810, 0.2900000000000000355 ) ) ;
#8066 = FACE_OUTER_BOUND ( 'NONE', #3762, .T. ) ;
#8067 = COLOUR_RGB ( '',0.6666666666666666297, 0.6666666666666666297, 0.6666666666666666297 ) ;
#8068 = PRESENTATION_LAYER_ASSIGNMENT (  '', '', ( #7925 ) ) ;
#8069 =( LENGTH_UNIT ( ) NAMED_UNIT ( * ) SI_UNIT ( .MILLI., .METRE. ) );
#8070 = ORIENTED_EDGE ( 'NONE', *, *, #6055, .F. ) ;
#8071 = CARTESIAN_POINT ( 'NONE',  ( 0.1385764747514161843, -0.1059452955021602111, 0.2800000000000000266 ) ) ;
#8072 = CARTESIAN_POINT ( 'NONE',  ( 0.1699502283632908783, -0.09692376635134111740, 0.2900000000000000355 ) ) ;
#8073 = CARTESIAN_POINT ( 'NONE',  ( 0.1747969903000704261, -0.1308259001068364513, 0.2800000000000000266 ) ) ;
#8074 = MECHANICAL_DESIGN_GEOMETRIC_PRESENTATION_REPRESENTATION (  '', ( #8779 ), #6621 ) ;
#8075 = ORIENTED_EDGE ( 'NONE', *, *, #1497, .F. ) ;
#8076 = CARTESIAN_POINT ( 'NONE',  ( 0.2016935790726276101, -0.06058565172625281908, 0.2800000000000000266 ) ) ;
#8077 = CARTESIAN_POINT ( 'NONE',  ( 0.2330169330801391547, -0.05877126597503697092, 0.2900000000000000355 ) ) ;
#8078 = FILL_AREA_STYLE_COLOUR ( '', #8203 ) ;
#8079 = VERTEX_POINT ( 'NONE', #5343 ) ;
#8080 = DIRECTION ( 'NONE',  ( 0.000000000000000000, -0.000000000000000000, -1.000000000000000000 ) ) ;
#8081 = AXIS2_PLACEMENT_3D ( 'NONE', #8508, #8017, #3824 ) ;
#8082 = LINE ( 'NONE', #4684, #5316 ) ;
#8083 = LINE ( 'NONE', #1901, #3974 ) ;
#8084 = FACE_OUTER_BOUND ( 'NONE', #2359, .T. ) ;
#8085 = ORIENTED_EDGE ( 'NONE', *, *, #4054, .F. ) ;
#8086 = EDGE_CURVE ( 'NONE', #3880, #1037, #2657, .T. ) ;
#8087 = CARTESIAN_POINT ( 'NONE',  ( 0.2016011797981493991, -0.04176979949315111351, 0.2900000000000000355 ) ) ;
#8088 = ADVANCED_FACE ( 'NONE', ( #7337 ), #1180, .T. ) ;
#8089 = CARTESIAN_POINT ( 'NONE',  ( 0.1134186723237558120, -0.06401282481145953440, 0.2800000000000000266 ) ) ;
#8090 = ORIENTED_EDGE ( 'NONE', *, *, #7271, .T. ) ;
#8091 = CARTESIAN_POINT ( 'NONE',  ( 0.1806181445846414824, -0.1241059528807933188, 0.2800000000000000266 ) ) ;
#8092 = ORIENTED_EDGE ( 'NONE', *, *, #63, .T. ) ;
#8093 = VECTOR ( 'NONE', #3432, 1000.000000000000000 ) ;
#8094 = DIRECTION ( 'NONE',  ( -1.000000000000000000, -0.000000000000000000, -0.000000000000000000 ) ) ;
#8095 = CARTESIAN_POINT ( 'NONE',  ( 0.1806181445846414824, -0.1241059528807933188, 0.2900000000000000355 ) ) ;
#8096 = CARTESIAN_POINT ( 'NONE',  ( 0.2700000000000000733, -0.1199999999999999956, -0.02000000000000000042 ) ) ;
#8097 = DIRECTION ( 'NONE',  ( -0.000000000000000000, 1.000000000000000000, -0.000000000000000000 ) ) ;
#8098 = ORIENTED_EDGE ( 'NONE', *, *, #3708, .F. ) ;
#8099 = EDGE_CURVE ( 'NONE', #5148, #514, #4543, .T. ) ;
#8100 = SURFACE_STYLE_USAGE ( .BOTH. , #8722 ) ;
#8101 = VERTEX_POINT ( 'NONE', #7379 ) ;
#8102 = EDGE_LOOP ( 'NONE', ( #5384, #2108, #895, #5828 ) ) ;
#8103 = DIRECTION ( 'NONE',  ( 0.000000000000000000, -1.000000000000000000, 0.000000000000000000 ) ) ;
#8104 = SPHERICAL_SURFACE ( 'NONE', #8030, 0.01000000000000000021 ) ;
#8105 = DIRECTION ( 'NONE',  ( -1.000000000000000000, 0.000000000000000000, -0.000000000000000000 ) ) ;
#8106 = EDGE_CURVE ( 'NONE', #1658, #3665, #521, .T. ) ;
#8107 = EDGE_LOOP ( 'NONE', ( #4670, #7465, #2730, #7210 ) ) ;
#8108 = CARTESIAN_POINT ( 'NONE',  ( -0.01118947780936855804, -0.1214049765386971541, 0.2900000000000000355 ) ) ;
#8109 = CARTESIAN_POINT ( 'NONE',  ( -0.02544121042707611635, -0.04523992882689723688, 0.2800000000000000266 ) ) ;
#8110 = CARTESIAN_POINT ( 'NONE',  ( 0.08226455916761837850, -0.08729423878216989452, 0.2800000000000000266 ) ) ;
#8111 = VERTEX_POINT ( 'NONE', #8776 ) ;
#8112 = COLOUR_RGB ( '',0.2980392156862745057, 0.2980392156862745057, 0.2980392156862745057 ) ;
#8113 =( NAMED_UNIT ( * ) PLANE_ANGLE_UNIT ( ) SI_UNIT ( $, .RADIAN. ) );
#8114 = CARTESIAN_POINT ( 'NONE',  ( 0.1552503438061803021, -0.1006701369298707849, 0.2900000000000000355 ) ) ;
#8115 = FILL_AREA_STYLE ('',( #6618 ) ) ;
#8116 = EDGE_CURVE ( 'NONE', #7733, #7245, #501, .T. ) ;
#8117 = DIRECTION ( 'NONE',  ( -0.000000000000000000, -0.000000000000000000, -1.000000000000000000 ) ) ;
#8118 = EDGE_CURVE ( 'NONE', #8309, #7978, #6302, .T. ) ;
#8119 = EDGE_CURVE ( 'NONE', #4384, #5146, #3956, .T. ) ;
#8120 = CARTESIAN_POINT ( 'NONE',  ( 0.2317065433709780131, -0.05505849513260052674, 0.2800000000000000266 ) ) ;
#8121 = VECTOR ( 'NONE', #4720, 1000.000000000000000 ) ;
#8122 = CARTESIAN_POINT ( 'NONE',  ( -0.02053487705075304412, -0.04150176868463013174, 0.2900000000000000355 ) ) ;
#8123 = ORIENTED_EDGE ( 'NONE', *, *, #1627, .F. ) ;
#8124 = CARTESIAN_POINT ( 'NONE',  ( 0.3099999999999995537, -0.1500000000000001055, 0.000000000000000000 ) ) ;
#8125 = CARTESIAN_POINT ( 'NONE',  ( 0.000000000000000000, 0.000000000000000000, 0.2800000000000000266 ) ) ;
#8126 = FACE_OUTER_BOUND ( 'NONE', #7739, .T. ) ;
#8127 = VECTOR ( 'NONE', #6724, 1000.000000000000000 ) ;
#8128 = FILL_AREA_STYLE ('',( #5228 ) ) ;
#8129 = ORIENTED_EDGE ( 'NONE', *, *, #3979, .F. ) ;
#8130 = CARTESIAN_POINT ( 'NONE',  ( 0.1496475878064338905, -0.09883895131060940753, 0.2800000000000000266 ) ) ;
#8131 = CARTESIAN_POINT ( 'NONE',  ( 0.2080103294651170776, -0.04215619645865911064, 0.2800000000000000266 ) ) ;
#8132 = ORIENTED_EDGE ( 'NONE', *, *, #8235, .T. ) ;
#8133 = ORIENTED_EDGE ( 'NONE', *, *, #2622, .F. ) ;
#8134 = LINE ( 'NONE', #4024, #2961 ) ;
#8135 = CARTESIAN_POINT ( 'NONE',  ( 0.1307897359032157703, -0.1157060188481268126, 0.2800000000000000266 ) ) ;
#8136 = DIRECTION ( 'NONE',  ( -0.000000000000000000, -1.000000000000000000, -0.000000000000000000 ) ) ;
#8137 = EDGE_CURVE ( 'NONE', #876, #826, #1961, .T. ) ;
#8138 = CARTESIAN_POINT ( 'NONE',  ( 0.1524531657733733114, -0.04012341242262128932, 0.2900000000000000355 ) ) ;
#8139 = ORIENTED_EDGE ( 'NONE', *, *, #7166, .F. ) ;
#8140 = EDGE_LOOP ( 'NONE', ( #5105, #8644, #3805, #8031 ) ) ;
#8141 = CARTESIAN_POINT ( 'NONE',  ( 0.1972668138373356028, -0.03489865345446935968, 0.2900000000000000355 ) ) ;
#8142 = CARTESIAN_POINT ( 'NONE',  ( 0.2052047514982866250, -0.05102652679706329991, 0.2900000000000000355 ) ) ;
#8143 = EDGE_CURVE ( 'NONE', #1097, #2444, #587, .T. ) ;
#8144 = CARTESIAN_POINT ( 'NONE',  ( 0.03179938276514428230, -0.1127604674232806359, 0.2800000000000000266 ) ) ;
#8145 = EDGE_CURVE ( 'NONE', #6913, #7131, #4712, .T. ) ;
#8146 = ORIENTED_EDGE ( 'NONE', *, *, #995, .T. ) ;
#8147 = APPLICATION_CONTEXT ( 'automotive_design' ) ;
#8148 = CARTESIAN_POINT ( 'NONE',  ( 0.1333769155852223276, -0.05875446610699154582, 0.2900000000000000355 ) ) ;
#8149 = PLANE ( 'NONE',  #1486 ) ;
#8150 = ORIENTED_EDGE ( 'NONE', *, *, #7430, .F. ) ;
#8151 = CARTESIAN_POINT ( 'NONE',  ( 0.2044235576332510129, -0.1013253317843389734, 0.2900000000000000355 ) ) ;
#8152 = VECTOR ( 'NONE', #7261, 1000.000000000000227 ) ;
#8153 = VECTOR ( 'NONE', #7125, 1000.000000000000000 ) ;
#8154 = DIRECTION ( 'NONE',  ( 0.3667976789509005409, 0.9303007377811930434, -0.000000000000000000 ) ) ;
#8155 = SURFACE_SIDE_STYLE ('',( #2093 ) ) ;
#8156 = CARTESIAN_POINT ( 'NONE',  ( 0.1455316201304421853, -0.1162604144943193279, 0.2900000000000000355 ) ) ;
#8157 = AXIS2_PLACEMENT_3D ( 'NONE', #1399, #4140, #6883 ) ;
#8158 = ADVANCED_FACE ( 'NONE', ( #2819 ), #1303, .F. ) ;
#8159 = LINE ( 'NONE', #7557, #1913 ) ;
#8160 = PLANE ( 'NONE',  #3752 ) ;
#8161 = ORIENTED_EDGE ( 'NONE', *, *, #1672, .T. ) ;
#8162 = ADVANCED_FACE ( 'NONE', ( #5510 ), #5382, .F. ) ;
#8163 = CARTESIAN_POINT ( 'NONE',  ( 0.007267698058694544404, -0.1113586515212316441, 0.2900000000000000355 ) ) ;
#8164 = CARTESIAN_POINT ( 'NONE',  ( -0.02637575881808560188, -0.1354230642602951284, 0.2800000000000000266 ) ) ;
#8165 = FILL_AREA_STYLE ('',( #1939 ) ) ;
#8166 = EDGE_CURVE ( 'NONE', #469, #1409, #4168, .T. ) ;
#8167 = FILL_AREA_STYLE ('',( #6673 ) ) ;
#8168 = CARTESIAN_POINT ( 'NONE',  ( 0.2331009324205941535, -0.1198891859963011758, 0.2900000000000000355 ) ) ;
#8169 = VERTEX_POINT ( 'NONE', #8272 ) ;
#8170 = CARTESIAN_POINT ( 'NONE',  ( 0.1668506527052079358, -0.1160252163414495497, 0.2800000000000000266 ) ) ;
#8171 = EDGE_CURVE ( 'NONE', #5747, #6470, #8792, .T. ) ;
#8172 = CARTESIAN_POINT ( 'NONE',  ( 0.1455316201304421853, -0.1122956456309661677, 0.2900000000000000355 ) ) ;
#8173 = CARTESIAN_POINT ( 'NONE',  ( 0.2334369297817388555, -0.08702864406078171522, 0.2800000000000000266 ) ) ;
#8174 = ORIENTED_EDGE ( 'NONE', *, *, #1416, .T. ) ;
#8175 = ORIENTED_EDGE ( 'NONE', *, *, #8137, .F. ) ;
#8176 = CARTESIAN_POINT ( 'NONE',  ( 0.000000000000000000, 0.000000000000000000, 0.2900000000000000355 ) ) ;
#8177 = CARTESIAN_POINT ( 'NONE',  ( 0.2331009324205941535, -0.1198891859963011758, 0.2800000000000000266 ) ) ;
#8178 = FACE_OUTER_BOUND ( 'NONE', #8107, .T. ) ;
#8179 = ORIENTED_EDGE ( 'NONE', *, *, #7418, .T. ) ;
#8180 = CARTESIAN_POINT ( 'NONE',  ( 0.2285397682407089293, -0.03489865345446840905, 0.2900000000000000355 ) ) ;
#8181 = ORIENTED_EDGE ( 'NONE', *, *, #8527, .F. ) ;
#8182 = CARTESIAN_POINT ( 'NONE',  ( 0.01474402279924059631, -0.02608185169227541719, 0.2900000000000000355 ) ) ;
#8183 = FACE_OUTER_BOUND ( 'NONE', #5930, .T. ) ;
#8184 = LINE ( 'NONE', #5380, #2575 ) ;
#8185 = ORIENTED_EDGE ( 'NONE', *, *, #6857, .F. ) ;
#8186 = CARTESIAN_POINT ( 'NONE',  ( 0.2334369297817388555, -0.08702864406078171522, 0.2900000000000000355 ) ) ;
#8187 = CARTESIAN_POINT ( 'NONE',  ( 0.1639862752001049750, -0.09922534827611621810, 0.2800000000000000266 ) ) ;
#8188 = EDGE_CURVE ( 'NONE', #3484, #3921, #2100, .T. ) ;
#8189 = EDGE_LOOP ( 'NONE', ( #2185, #4925, #3079, #6801 ) ) ;
#8190 =( NAMED_UNIT ( * ) SI_UNIT ( $, .STERADIAN. ) SOLID_ANGLE_UNIT ( ) );
#8191 = EDGE_CURVE ( 'NONE', #4309, #1764, #6185, .T. ) ;
#8192 = AXIS2_PLACEMENT_3D ( 'NONE', #2851, #4155, #3527 ) ;
#8193 = DIRECTION ( 'NONE',  ( 1.000000000000000000, 0.000000000000000000, -0.000000000000000000 ) ) ;
#8194 = FACE_OUTER_BOUND ( 'NONE', #4460, .T. ) ;
#8195 = CARTESIAN_POINT ( 'NONE',  ( 0.1993583974115348545, -0.06287043378298291796, 0.2800000000000000266 ) ) ;
#8196 = CIRCLE ( 'NONE', #4878, 0.01000000000000002623 ) ;
#8197 = CIRCLE ( 'NONE', #4310, 0.01000000000000002623 ) ;
#8198 = CARTESIAN_POINT ( 'NONE',  ( 0.1767037753254269705, -0.06775919538998845248, 0.2900000000000000355 ) ) ;
#8199 = CARTESIAN_POINT ( 'NONE',  ( 0.06801282209367465192, -0.1155640814026559077, 0.2900000000000000355 ) ) ;
#8200 = VERTEX_POINT ( 'NONE', #2726 ) ;
#8201 = DIRECTION ( 'NONE',  ( 0.000000000000000000, 2.710505431213753985E-15, 1.000000000000000000 ) ) ;
#8202 = DIRECTION ( 'NONE',  ( -0.000000000000000000, -0.000000000000000000, -1.000000000000000000 ) ) ;
#8203 = COLOUR_RGB ( '',0.6666666666666666297, 0.6666666666666666297, 0.6666666666666666297 ) ;
#8204 = VECTOR ( 'NONE', #7398, 1000.000000000000000 ) ;
#8205 = DIRECTION ( 'NONE',  ( -1.000000000000000000, 0.000000000000000000, 0.000000000000000000 ) ) ;
#8206 = LINE ( 'NONE', #6931, #7720 ) ;
#8207 = EDGE_CURVE ( 'NONE', #4208, #4837, #31, .T. ) ;
#8208 = ORIENTED_EDGE ( 'NONE', *, *, #5597, .T. ) ;
#8209 = CARTESIAN_POINT ( 'NONE',  ( 0.1411636544335355403, -0.09588217453114028510, 0.2900000000000000355 ) ) ;
#8210 = ADVANCED_FACE ( 'NONE', ( #4082 ), #5273, .F. ) ;
#8211 = VECTOR ( 'NONE', #1440, 1000.000000000000000 ) ;
#8212 = CARTESIAN_POINT ( 'NONE',  ( -0.02123578500177629100, -0.1031814321982591626, 0.2800000000000000266 ) ) ;
#8213 = CARTESIAN_POINT ( 'NONE',  ( 0.05235926911757135538, -0.1200031517241759577, 0.2800000000000000266 ) ) ;
#8214 = SURFACE_STYLE_USAGE ( .BOTH. , #2161 ) ;
#8215 = CARTESIAN_POINT ( 'NONE',  ( 0.2193334405409359256, -0.05877126597503729011, 0.2900000000000000355 ) ) ;
#8216 = ORIENTED_EDGE ( 'NONE', *, *, #7729, .T. ) ;
#8217 = PLANE ( 'NONE',  #8279 ) ;
#8218 = FACE_OUTER_BOUND ( 'NONE', #4439, .T. ) ;
#8220 = EDGE_CURVE ( 'NONE', #3167, #1994, #709, .T. ) ;
#8219 = CARTESIAN_POINT ( 'NONE',  ( -0.03899204623435034017, -0.04500629507137778040, 0.2900000000000000355 ) ) ;
#8221 = ORIENTED_EDGE ( 'NONE', *, *, #1889, .F. ) ;
#8222 = CARTESIAN_POINT ( 'NONE',  ( -0.01609581118558001123, -0.1354230642602951284, 0.2900000000000000355 ) ) ;
#8223 = PRESENTATION_LAYER_ASSIGNMENT (  '', '', ( #2749 ) ) ;
#8224 = ORIENTED_EDGE ( 'NONE', *, *, #3394, .F. ) ;
#8225 = CARTESIAN_POINT ( 'NONE',  ( 0.1379632795670630852, -0.09922534827611621810, 0.2900000000000000355 ) ) ;
#8226 = CARTESIAN_POINT ( 'NONE',  ( 0.1710758195236094792, -0.1135052361316282732, 0.2800000000000000266 ) ) ;
#8227 = CARTESIAN_POINT ( 'NONE',  ( 0.1392505694575633945, -0.06366632753267346956, 0.2900000000000000355 ) ) ;
#8228 = EDGE_LOOP ( 'NONE', ( #5877, #7993, #8812, #6823 ) ) ;
#8229 = ORIENTED_EDGE ( 'NONE', *, *, #5322, .F. ) ;
#8230 = CARTESIAN_POINT ( 'NONE',  ( -0.007217679455346053680, -0.1171995377448013381, 0.2900000000000000355 ) ) ;
#8231 = CARTESIAN_POINT ( 'NONE',  ( 0.1134186723237558120, -0.03489865345446935968, 0.2900000000000000355 ) ) ;
#8232 = EDGE_LOOP ( 'NONE', ( #5660, #952, #4638, #3405 ) ) ;
#8233 = CARTESIAN_POINT ( 'NONE',  ( -0.02894573681371225699, -0.04500629507137778040, 0.2900000000000000355 ) ) ;
#8234 = CARTESIAN_POINT ( 'NONE',  ( 0.1591563131313723789, -0.1204435816424944544, 0.2900000000000000355 ) ) ;
#8235 = EDGE_CURVE ( 'NONE', #5336, #6775, #1380, .T. ) ;
#8236 = CARTESIAN_POINT ( 'NONE',  ( 0.1848181116010862435, -0.1149164250490650740, 0.2900000000000000355 ) ) ;
#8237 = VECTOR ( 'NONE', #2653, 1000.000000000000000 ) ;
#8238 = CARTESIAN_POINT ( 'NONE',  ( 0.1957464257773747218, -0.09641977030928607084, 0.2900000000000000355 ) ) ;
#8239 = FACE_OUTER_BOUND ( 'NONE', #5158, .T. ) ;
#8240 = VERTEX_POINT ( 'NONE', #6187 ) ;
#8241 = DIRECTION ( 'NONE',  ( -0.000000000000000000, -0.000000000000000000, -1.000000000000000000 ) ) ;
#8242 = CARTESIAN_POINT ( 'NONE',  ( 0.2673810632075740434, -0.09122861107722690654, 0.2900000000000000355 ) ) ;
#8243 = CARTESIAN_POINT ( 'NONE',  ( 0.2999999999999995448, 0.1499999999999998834, 0.2800000000000000266 ) ) ;
#8244 = CARTESIAN_POINT ( 'NONE',  ( 0.1919244557926371442, -0.06401282481145943726, 0.2800000000000000266 ) ) ;
#8245 =( GEOMETRIC_REPRESENTATION_CONTEXT ( 3 ) GLOBAL_UNCERTAINTY_ASSIGNED_CONTEXT ( ( #2470 ) ) GLOBAL_UNIT_ASSIGNED_CONTEXT ( ( #5967, #2718, #6734 ) ) REPRESENTATION_CONTEXT ( 'NONE', 'WORKASPACE' ) );
#8246 = CARTESIAN_POINT ( 'NONE',  ( 0.1455316201304421853, -0.1011405332356090370, 0.2800000000000000266 ) ) ;
#8247 = CARTESIAN_POINT ( 'NONE',  ( 0.1265057695466517695, -0.06401282481145953440, 0.2900000000000000355 ) ) ;
#8248 = EDGE_CURVE ( 'NONE', #3528, #3627, #8196, .T. ) ;
#8249 = ORIENTED_EDGE ( 'NONE', *, *, #5957, .F. ) ;
#8250 = CARTESIAN_POINT ( 'NONE',  ( 0.1325957217201829130, -0.03918261981114464637, 0.2900000000000000355 ) ) ;
#8251 = ORIENTED_EDGE ( 'NONE', *, *, #6555, .F. ) ;
#8252 = DIRECTION ( 'NONE',  ( 0.000000000000000000, -1.000000000000000000, 0.000000000000000000 ) ) ;
#8253 = CARTESIAN_POINT ( 'NONE',  ( 0.1524531657733733114, -0.06233283800483681303, 0.2900000000000000355 ) ) ;
#8254 = VECTOR ( 'NONE', #7031, 1000.000000000000000 ) ;
#8255 = CARTESIAN_POINT ( 'NONE',  ( 0.1386436742237125430, -0.06831359103618106499, 0.2800000000000000266 ) ) ;
#8256 = VERTEX_POINT ( 'NONE', #7596 ) ;
#8257 = CARTESIAN_POINT ( 'NONE',  ( 0.0002586452853114550726, -0.04009995723881767948, 0.2800000000000000266 ) ) ;
#8258 = CARTESIAN_POINT ( 'NONE',  ( 0.1552503438061812180, -0.1027533205698233643, 0.2900000000000000355 ) ) ;
#8259 = CARTESIAN_POINT ( 'NONE',  ( 0.2999999999999995448, -0.1600000000000000866, 0.2800000000000000266 ) ) ;
#8260 =( NAMED_UNIT ( * ) PLANE_ANGLE_UNIT ( ) SI_UNIT ( $, .RADIAN. ) );
#8261 = ORIENTED_EDGE ( 'NONE', *, *, #1731, .F. ) ;
#8262 =( NAMED_UNIT ( * ) SI_UNIT ( $, .STERADIAN. ) SOLID_ANGLE_UNIT ( ) );
#8263 = EDGE_CURVE ( 'NONE', #315, #6442, #4885, .T. ) ;
#8264 = ORIENTED_EDGE ( 'NONE', *, *, #1929, .T. ) ;
#8265 = CARTESIAN_POINT ( 'NONE',  ( 0.04768656726864863027, -0.06930434379407687806, 0.2800000000000000266 ) ) ;
#8266 = EDGE_CURVE ( 'NONE', #6435, #4913, #4262, .T. ) ;
#8267 = DIRECTION ( 'NONE',  ( -1.000000000000000000, -0.000000000000000000, -0.000000000000000000 ) ) ;
#8268 = ADVANCED_FACE ( 'NONE', ( #5607 ), #2323, .T. ) ;
#8269 = DIRECTION ( 'NONE',  ( -0.000000000000000000, 1.000000000000000000, -0.000000000000000000 ) ) ;
#8270 = ORIENTED_EDGE ( 'NONE', *, *, #158, .F. ) ;
#8271 = ORIENTED_EDGE ( 'NONE', *, *, #7522, .F. ) ;
#8272 = CARTESIAN_POINT ( 'NONE',  ( 0.3099999999999995537, 0.1499999999999998834, 0.2700000000000000178 ) ) ;
#8273 = PLANE ( 'NONE',  #6805 ) ;
#8274 = VERTEX_POINT ( 'NONE', #905 ) ;
#8275 = CARTESIAN_POINT ( 'NONE',  ( 0.1357540969165407507, -0.04182019909729014356, 0.2900000000000000355 ) ) ;
#8276 = CARTESIAN_POINT ( 'NONE',  ( 0.2265825836111018399, -0.04094660595799808761, 0.2800000000000000266 ) ) ;
#8277 = FACE_OUTER_BOUND ( 'NONE', #157, .T. ) ;
#8278 = CARTESIAN_POINT ( 'NONE',  ( -0.2699999999999999623, -0.07000000000000002054, -0.02000000000000000042 ) ) ;
#8279 = AXIS2_PLACEMENT_3D ( 'NONE', #6812, #5962, #7365 ) ;
#8280 = CARTESIAN_POINT ( 'NONE',  ( 0.05235926911757135538, -0.1200031517241759577, 0.2900000000000000355 ) ) ;
#8281 = ORIENTED_EDGE ( 'NONE', *, *, #1956, .T. ) ;
#8282 = CARTESIAN_POINT ( 'NONE',  ( 0.2403500754905358860, -0.09183340632755784827, 0.2800000000000000266 ) ) ;
#8283 = PRESENTATION_STYLE_ASSIGNMENT (( #1491 ) ) ;
#8284 = DIRECTION ( 'NONE',  ( -0.3559357243643083701, -0.9345104387438670779, -0.000000000000000000 ) ) ;
#8285 = VECTOR ( 'NONE', #6047, 1000.000000000000000 ) ;
#8286 = CARTESIAN_POINT ( 'NONE',  ( 0.03857480401090222083, -0.1200031517241759577, 0.2800000000000000266 ) ) ;
#8287 = VECTOR ( 'NONE', #5972, 1000.000000000000000 ) ;
#8288 = CARTESIAN_POINT ( 'NONE',  ( -0.06679462802803980137, -0.08285517737312161901, 0.2800000000000000266 ) ) ;
#8289 = CARTESIAN_POINT ( 'NONE',  ( -0.02614211837810039366, -0.08846240978810843147, 0.2800000000000000266 ) ) ;
#8290 = ORIENTED_EDGE ( 'NONE', *, *, #7439, .F. ) ;
#8291 = CARTESIAN_POINT ( 'NONE',  ( 0.2178550521513145100, -0.1198891859963017309, 0.2800000000000000266 ) ) ;
#8292 = VERTEX_POINT ( 'NONE', #3634 ) ;
#8293 = CARTESIAN_POINT ( 'NONE',  ( 0.2425592581412823745, -0.08847343271453553259, 0.2800000000000000266 ) ) ;
#8294 = CARTESIAN_POINT ( 'NONE',  ( -0.01118947780936855804, -0.1214049765386971541, 0.2800000000000000266 ) ) ;
#8295 = CARTESIAN_POINT ( 'NONE',  ( 0.2047091553902559702, -0.03924981928332918479, 0.2800000000000000266 ) ) ;
#8296 = VECTOR ( 'NONE', #3260, 1000.000000000000000 ) ;
#8297 = EDGE_CURVE ( 'NONE', #8590, #6178, #6330, .T. ) ;
#8298 = CARTESIAN_POINT ( 'NONE',  ( 0.01474402279924059631, -0.02608185169227541719, 0.2800000000000000266 ) ) ;
#8299 = ORIENTED_EDGE ( 'NONE', *, *, #3473, .T. ) ;
#8300 = EDGE_CURVE ( 'NONE', #6919, #8111, #626, .T. ) ;
#8301 = FACE_OUTER_BOUND ( 'NONE', #6706, .T. ) ;
#8302 = DIRECTION ( 'NONE',  ( 1.000000000000000000, -0.000000000000000000, -0.000000000000000000 ) ) ;
#8303 = DIRECTION ( 'NONE',  ( -1.000000000000000000, 0.000000000000000000, -0.000000000000000000 ) ) ;
#8304 = ORIENTED_EDGE ( 'NONE', *, *, #2089, .F. ) ;
#8305 = B_SPLINE_CURVE_WITH_KNOTS ( 'NONE', 3,
 ( #3129, #5867, #7275, #8048 ),
 .UNSPECIFIED., .F., .F.,
 ( 4, 4 ),
 ( 4.000000000000000000, 5.000000000000000000 ),
 .UNSPECIFIED. ) ;
#8306 =( NAMED_UNIT ( * ) PLANE_ANGLE_UNIT ( ) SI_UNIT ( $, .RADIAN. ) );
#8307 = ORIENTED_EDGE ( 'NONE', *, *, #944, .F. ) ;
#8308 = CARTESIAN_POINT ( 'NONE',  ( 0.1639862752001049750, -0.09922534827611621810, 0.2800000000000000266 ) ) ;
#8309 = VERTEX_POINT ( 'NONE', #4397 ) ;
#8310 = CARTESIAN_POINT ( 'NONE',  ( 0.1668506527052079358, -0.1139084329651810362, 0.2900000000000000355 ) ) ;
#8311 = DIRECTION ( 'NONE',  ( -1.000000000000000000, -0.000000000000000000, -0.000000000000000000 ) ) ;
#8312 = EDGE_LOOP ( 'NONE', ( #1880, #4430, #116, #4561 ) ) ;
#8313 = EDGE_CURVE ( 'NONE', #227, #5990, #194, .T. ) ;
#8314 = VERTEX_POINT ( 'NONE', #5028 ) ;
#8315 = CARTESIAN_POINT ( 'NONE',  ( 0.1353593000170110194, -0.1153028220145735083, 0.2900000000000000355 ) ) ;
#8316 = CARTESIAN_POINT ( 'NONE',  ( -0.05207561007423749944, -0.08238789649337455168, 0.2900000000000000355 ) ) ;
#8317 = ADVANCED_FACE ( 'NONE', ( #2864 ), #7693, .F. ) ;
#8318 = EDGE_CURVE ( 'NONE', #8200, #2414, #990, .T. ) ;
#8319 = ORIENTED_EDGE ( 'NONE', *, *, #4281, .T. ) ;
#8320 = ORIENTED_EDGE ( 'NONE', *, *, #5897, .T. ) ;
#8321 = CARTESIAN_POINT ( 'NONE',  ( 0.1824241304017212573, -0.1198387863921627494, 0.2900000000000000355 ) ) ;
#8322 = UNCERTAINTY_MEASURE_WITH_UNIT (LENGTH_MEASURE( 1.000000000000000082E-05 ), #2278, 'distance_accuracy_value', 'NONE');
#8323 = DIRECTION ( 'NONE',  ( 1.000000000000000000, -0.000000000000000000, -0.000000000000000000 ) ) ;
#8324 = EDGE_CURVE ( 'NONE', #1257, #1596, #7741, .T. ) ;
#8325 = DIRECTION ( 'NONE',  ( 0.000000000000000000, -1.000000000000000000, 0.000000000000000000 ) ) ;
#8326 = CARTESIAN_POINT ( 'NONE',  ( 0.2604847173665983950, -0.1109012565815743478, 0.2900000000000000355 ) ) ;
#8327 = VECTOR ( 'NONE', #1804, 1000.000000000000000 ) ;
#8328 = CARTESIAN_POINT ( 'NONE',  ( 0.1353341002148295835, -0.1110020557898508953, 0.2900000000000000355 ) ) ;
#8329 = VERTEX_POINT ( 'NONE', #856 ) ;
#8330 = DIRECTION ( 'NONE',  ( 1.000000000000000000, -0.000000000000000000, -0.000000000000000000 ) ) ;
#8331 = CARTESIAN_POINT ( 'NONE',  ( 0.2240038038631187167, -0.03489865345446840905, 0.2900000000000000355 ) ) ;
#8332 = FACE_OUTER_BOUND ( 'NONE', #479, .T. ) ;
#8333 = CARTESIAN_POINT ( 'NONE',  ( 0.2667426682209277367, -0.09353019300200210440, 0.2900000000000000355 ) ) ;
#8334 = VECTOR ( 'NONE', #1224, 1000.000000000000000 ) ;
#8335 = CARTESIAN_POINT ( 'NONE',  ( -0.06329010164151663287, -0.1013123532411850519, 0.2800000000000000266 ) ) ;
#8336 = CARTESIAN_POINT ( 'NONE',  ( 0.05095745321541134826, -0.1057514146500092150, 0.2800000000000000266 ) ) ;
#8337 = ORIENTED_EDGE ( 'NONE', *, *, #6996, .T. ) ;
#8338 = ORIENTED_EDGE ( 'NONE', *, *, #3440, .F. ) ;
#8339 = VERTEX_POINT ( 'NONE', #1575 ) ;
#8340 = DIRECTION ( 'NONE',  ( -0.000000000000000000, -0.000000000000000000, -1.000000000000000000 ) ) ;
#8341 = CARTESIAN_POINT ( 'NONE',  ( 0.1615754941326929539, -0.09951094603334799393, 0.2800000000000000266 ) ) ;
#8342 = CARTESIAN_POINT ( 'NONE',  ( -0.01142310933676960773, -0.1031814321982591626, 0.2900000000000000355 ) ) ;
#8343 = CARTESIAN_POINT ( 'NONE',  ( 0.2410556699493666133, -0.06775919538998845248, 0.2900000000000000355 ) ) ;
#8344 = PRODUCT_DEFINITION_FORMATION_WITH_SPECIFIED_SOURCE ( '�κ�', '', #2476, .NOT_KNOWN. ) ;
#8345 = VECTOR ( 'NONE', #5623, 1000.000000000000000 ) ;
#8346 = CARTESIAN_POINT ( 'NONE',  ( 0.2667426682209277367, -0.09353019300200210440, 0.2900000000000000355 ) ) ;
#8347 = ORIENTED_EDGE ( 'NONE', *, *, #2487, .F. ) ;
#8348 = CARTESIAN_POINT ( 'NONE',  ( 0.1850701096220007946, -0.1140932315139114028, 0.2900000000000000355 ) ) ;
#8349 = CARTESIAN_POINT ( 'NONE',  ( 0.2261289871734096790, -0.03909862047069004309, 0.2900000000000000355 ) ) ;
#8350 = CARTESIAN_POINT ( 'NONE',  ( 0.1446664269250605706, -0.03434425780827687902, 0.2800000000000000266 ) ) ;
#8351 = ORIENTED_EDGE ( 'NONE', *, *, #2624, .F. ) ;
#8352 = ADVANCED_FACE ( 'NONE', ( #7789 ), #6575, .F. ) ;
#8353 = EDGE_LOOP ( 'NONE', ( #4398, #5637, #798, #6898 ) ) ;
#8354 = DIRECTION ( 'NONE',  ( 0.000000000000000000, 0.000000000000000000, -1.000000000000000000 ) ) ;
#8355 = ORIENTED_EDGE ( 'NONE', *, *, #4226, .F. ) ;
#8356 =( GEOMETRIC_REPRESENTATION_CONTEXT ( 3 ) GLOBAL_UNCERTAINTY_ASSIGNED_CONTEXT ( ( #7244 ) ) GLOBAL_UNIT_ASSIGNED_CONTEXT ( ( #1966, #8908, #6068 ) ) REPRESENTATION_CONTEXT ( 'NONE', 'WORKASPACE' ) );
#8357 = CARTESIAN_POINT ( 'NONE',  ( 0.1400380632731053898, -0.1088516726774915455, 0.2800000000000000266 ) ) ;
#8358 = EDGE_LOOP ( 'NONE', ( #1328, #2181, #7249, #6844 ) ) ;
#8359 = CARTESIAN_POINT ( 'NONE',  ( 0.2016011797981493991, -0.04176979949315111351, 0.2900000000000000355 ) ) ;
#8360 = B_SPLINE_CURVE_WITH_KNOTS ( 'NONE', 3,
 ( #4962, #4103, #3428, #5488 ),
 .UNSPECIFIED., .F., .F.,
 ( 4, 4 ),
 ( 1.000000000000000000, 2.000000000000000000 ),
 .UNSPECIFIED. ) ;
#8361 = CARTESIAN_POINT ( 'NONE',  ( 0.1278497589917931554, -0.05195051954071848443, 0.2900000000000000355 ) ) ;
#8363 = VERTEX_POINT ( 'NONE', #5793 ) ;
#8362 = EDGE_CURVE ( 'NONE', #4572, #7004, #2460, .T. ) ;
#8364 = VERTEX_POINT ( 'NONE', #8594 ) ;
#8365 = B_SPLINE_SURFACE_WITH_KNOTS ( 'NONE', 3, 1, ( 
 ( #450, #407 ),
 ( #5249, #8019 ),
 ( #1173, #3732 ),
 ( #5206, #1130 ) ),
 .UNSPECIFIED., .F., .F., .F.,
 ( 4, 4 ),
 ( 2, 2 ),
 ( 1.000000000000000000, 2.000000000000000000 ),
 ( 0.000000000000000000, 1.000000000000000000 ),
 .UNSPECIFIED. ) ;
#8366 = DIRECTION ( 'NONE',  ( -0.000000000000000000, 1.000000000000000000, -0.000000000000000000 ) ) ;
#8367 = CARTESIAN_POINT ( 'NONE',  ( -0.01609581118558001123, -0.1354230642602951284, 0.2900000000000000355 ) ) ;
#8368 = VERTEX_POINT ( 'NONE', #8013 ) ;
#8369 = EDGE_LOOP ( 'NONE', ( #2082, #4859, #698, #4012 ) ) ;
#8370 = CARTESIAN_POINT ( 'NONE',  ( -0.007217679455346053680, -0.1122932043684788661, 0.2800000000000000266 ) ) ;
#8371 = CARTESIAN_POINT ( 'NONE',  ( 0.1619954908344053146, -0.1170836080294719028, 0.2900000000000000355 ) ) ;
#8372 = VECTOR ( 'NONE', #1988, 1000.000000000000114 ) ;
#8373 = DIRECTION ( 'NONE',  ( -1.000000000000000000, -0.000000000000000000, -0.000000000000000000 ) ) ;
#8374 = SURFACE_SIDE_STYLE ('',( #6340 ) ) ;
#8375 = ORIENTED_EDGE ( 'NONE', *, *, #158, .T. ) ;
#8376 = DIRECTION ( 'NONE',  ( 0.000000000000000000, 0.000000000000000000, 1.000000000000000000 ) ) ;
#8377 = DIRECTION ( 'NONE',  ( 1.000000000000000000, -0.000000000000000000, -0.000000000000000000 ) ) ;
#8378 = CARTESIAN_POINT ( 'NONE',  ( 0.1330829178940801660, -0.1020645259792628268, 0.2800000000000000266 ) ) ;
#8379 = EDGE_CURVE ( 'NONE', #2863, #5666, #4873, .T. ) ;
#8380 = CARTESIAN_POINT ( 'NONE',  ( -0.04553383372458860712, -0.1176668007996044124, 0.2800000000000000266 ) ) ;
#8381 = ADVANCED_FACE ( 'NONE', ( #3820 ), #4441, .F. ) ;
#8382 = CARTESIAN_POINT ( 'NONE',  ( 0.1699502283632908783, -0.09692376635134111740, 0.2800000000000000266 ) ) ;
#8383 = CARTESIAN_POINT ( 'NONE',  ( -0.05698195459103864990, -0.1083213971019836019, 0.2800000000000000266 ) ) ;
#8384 = ADVANCED_FACE ( 'NONE', ( #5244 ), #975, .F. ) ;
#8385 = VERTEX_POINT ( 'NONE', #7281 ) ;
#8386 = ORIENTED_EDGE ( 'NONE', *, *, #3962, .F. ) ;
#8387 = CARTESIAN_POINT ( 'NONE',  ( 0.1455316201304421853, -0.1049709031543675508, 0.2900000000000000355 ) ) ;
#8388 = CARTESIAN_POINT ( 'NONE',  ( -0.02123578500177629100, -0.1214049765386971541, 0.2800000000000000266 ) ) ;
#8389 = DIRECTION ( 'NONE',  ( 0.000000000000000000, 0.000000000000000000, 1.000000000000000000 ) ) ;
#8390 = CARTESIAN_POINT ( 'NONE',  ( 0.1376776818099439137, -0.06337442982503699307, 0.2900000000000000355 ) ) ;
#8391 = CARTESIAN_POINT ( 'NONE',  ( 0.04044387405550449455, -0.1057514146500092150, 0.2800000000000000266 ) ) ;
#8392 = VECTOR ( 'NONE', #367, 1000.000000000000000 ) ;
#8393 = ORIENTED_EDGE ( 'NONE', *, *, #5839, .F. ) ;
#8394 = FACE_OUTER_BOUND ( 'NONE', #4156, .T. ) ;
#8395 = LINE ( 'NONE', #2214, #3185 ) ;
#8396 = LINE ( 'NONE', #3617, #2716 ) ;
#8397 = ORIENTED_EDGE ( 'NONE', *, *, #2026, .T. ) ;
#8398 = AXIS2_PLACEMENT_3D ( 'NONE', #6054, #8813, #5376 ) ;
#8399 = ORIENTED_EDGE ( 'NONE', *, *, #2091, .F. ) ;
#8400 = AXIS2_PLACEMENT_3D ( 'NONE', #7857, #5941, #378 ) ;
#8401 = DIRECTION ( 'NONE',  ( 0.000000000000000000, 1.000000000000000000, -0.000000000000000000 ) ) ;
#8402 = ORIENTED_EDGE ( 'NONE', *, *, #1967, .F. ) ;
#8403 = DIRECTION ( 'NONE',  ( 0.000000000000000000, -1.000000000000000000, 0.000000000000000000 ) ) ;
#8404 = EDGE_LOOP ( 'NONE', ( #4444, #8070, #7141, #937 ) ) ;
#8405 = PRESENTATION_LAYER_ASSIGNMENT (  '', '', ( #2642 ) ) ;
#8406 = PLANE ( 'NONE',  #5413 ) ;
#8407 = CARTESIAN_POINT ( 'NONE',  ( -0.01609581118558001123, -0.1354230642602951284, 0.2800000000000000266 ) ) ;
#8408 = EDGE_LOOP ( 'NONE', ( #4204, #7008, #1313, #3376 ) ) ;
#8409 = ORIENTED_EDGE ( 'NONE', *, *, #1723, .T. ) ;
#8410 = CARTESIAN_POINT ( 'NONE',  ( 0.2317065433709780131, -0.05505849513260052674, 0.2900000000000000355 ) ) ;
#8411 = DIRECTION ( 'NONE',  ( -1.000000000000000000, -0.000000000000000000, -0.000000000000000000 ) ) ;
#8412 = ORIENTED_EDGE ( 'NONE', *, *, #2430, .T. ) ;
#8413 = ORIENTED_EDGE ( 'NONE', *, *, #524, .T. ) ;
#8414 = CARTESIAN_POINT ( 'NONE',  ( 0.1614830948584406733, -0.1095740670043671428, 0.2900000000000000355 ) ) ;
#8415 = EDGE_CURVE ( 'NONE', #2883, #1876, #1796, .T. ) ;
#8416 = EDGE_CURVE ( 'NONE', #3637, #7665, #6515, .T. ) ;
#8417 = CARTESIAN_POINT ( 'NONE',  ( 0.03179938276514428230, -0.1087886779817301280, 0.2900000000000000355 ) ) ;
#8418 = CARTESIAN_POINT ( 'NONE',  ( 0.1134186723237558120, -0.1013253317843398338, 0.2900000000000000355 ) ) ;
#8419 = PLANE ( 'NONE',  #5934 ) ;
#8420 = ORIENTED_EDGE ( 'NONE', *, *, #6941, .T. ) ;
#8421 = DIRECTION ( 'NONE',  ( -0.000000000000000000, -0.000000000000000000, -1.000000000000000000 ) ) ;
#8422 = FACE_OUTER_BOUND ( 'NONE', #317, .T. ) ;
#8423 = CARTESIAN_POINT ( 'NONE',  ( 0.1636502778388469748, -0.1103804606714744174, 0.2800000000000000266 ) ) ;
#8424 = DIRECTION ( 'NONE',  ( -0.000000000000000000, -0.000000000000000000, -1.000000000000000000 ) ) ;
#8425 = CARTESIAN_POINT ( 'NONE',  ( 0.2040035609314250209, -0.04383618326505789309, 0.2800000000000000266 ) ) ;
#8426 = SURFACE_SIDE_STYLE ('',( #5674 ) ) ;
#8427 = ORIENTED_EDGE ( 'NONE', *, *, #2437, .F. ) ;
#8428 = ORIENTED_EDGE ( 'NONE', *, *, #6144, .F. ) ;
#8429 = EDGE_CURVE ( 'NONE', #2364, #2452, #6741, .T. ) ;
#8430 = FACE_OUTER_BOUND ( 'NONE', #543, .T. ) ;
#8431 = CARTESIAN_POINT ( 'NONE',  ( 0.1330829178940801660, -0.1020645259792628268, 0.2800000000000000266 ) ) ;
#8432 = CARTESIAN_POINT ( 'NONE',  ( 0.1578879230924379873, -0.09774695988649467759, 0.2900000000000000355 ) ) ;
#8433 = EDGE_CURVE ( 'NONE', #356, #5129, #3089, .T. ) ;
#8434 = EDGE_CURVE ( 'NONE', #2424, #4080, #8679, .T. ) ;
#8435 = STYLED_ITEM ( 'NONE', ( #236 ), #1378 ) ;
#8436 = STYLED_ITEM ( 'NONE', ( #5271 ), #7168 ) ;
#8437 = CARTESIAN_POINT ( 'NONE',  ( 0.1607439006635171530, -0.1000989414156316648, 0.2800000000000000266 ) ) ;
#8438 = LINE ( 'NONE', #6217, #2324 ) ;
#8439 = B_SPLINE_SURFACE_WITH_KNOTS ( 'NONE', 3, 1, ( 
 ( #7624, #3481 ),
 ( #2756, #6216 ),
 ( #1458, #3525 ),
 ( #1411, #8437 ) ),
 .UNSPECIFIED., .F., .F., .F.,
 ( 4, 4 ),
 ( 2, 2 ),
 ( 12.00000000000000000, 13.00000000000000000 ),
 ( 0.000000000000000000, 1.000000000000000000 ),
 .UNSPECIFIED. ) ;
#8440 = EDGE_CURVE ( 'NONE', #4572, #1394, #1167, .T. ) ;
#8441 = CARTESIAN_POINT ( 'NONE',  ( 0.2114879021546854920, -0.06775919538998845248, 0.2900000000000000355 ) ) ;
#8442 = VERTEX_POINT ( 'NONE', #1838 ) ;
#8443 = VECTOR ( 'NONE', #1919, 1000.000000000000000 ) ;
#8444 = VERTEX_POINT ( 'NONE', #5157 ) ;
#8445 = LINE ( 'NONE', #3532, #204 ) ;
#8446 = DIRECTION ( 'NONE',  ( -0.000000000000000000, -0.000000000000000000, -1.000000000000000000 ) ) ;
#8447 = ORIENTED_EDGE ( 'NONE', *, *, #2593, .F. ) ;
#8448 = CARTESIAN_POINT ( 'NONE',  ( 0.1626590856230091253, -0.09922534827611621810, 0.2900000000000000355 ) ) ;
#8449 = ORIENTED_EDGE ( 'NONE', *, *, #3557, .F. ) ;
#8450 = VECTOR ( 'NONE', #3853, 1000.000000000000000 ) ;
#8451 = CARTESIAN_POINT ( 'NONE',  ( 0.2259693884267490183, -0.04008981268652817009, 0.2900000000000000355 ) ) ;
#8452 = CARTESIAN_POINT ( 'NONE',  ( 0.1524531657733733114, -0.06233283800483681303, 0.2900000000000000355 ) ) ;
#8453 = EDGE_LOOP ( 'NONE', ( #2326, #2655, #6280, #2678, #732, #1992, #312, #8075, #989, #7154, #8427, #6363, #2272, #3006, #1358, #8402, #2711, #610, #2847, #4884, #4976 ) ) ;
#8454 = ORIENTED_EDGE ( 'NONE', *, *, #496, .F. ) ;
#8455 = FILL_AREA_STYLE_COLOUR ( '', #2582 ) ;
#8456 = CARTESIAN_POINT ( 'NONE',  ( 0.2678934591834276624, -0.09353019300200210440, 0.2900000000000000355 ) ) ;
#8457 = ORIENTED_EDGE ( 'NONE', *, *, #5501, .F. ) ;
#8458 = ORIENTED_EDGE ( 'NONE', *, *, #3897, .T. ) ;
#8459 = CARTESIAN_POINT ( 'NONE',  ( 0.1657922610170732558, -0.1116740505125900229, 0.2900000000000000355 ) ) ;
#8460 = PLANE ( 'NONE',  #4702 ) ;
#8461 = ADVANCED_FACE ( 'NONE', ( #1083 ), #5874, .F. ) ;
#8462 = DIRECTION ( 'NONE',  ( -0.000000000000000000, -0.000000000000000000, -1.000000000000000000 ) ) ;
#8463 = EDGE_CURVE ( 'NONE', #8385, #2984, #5201, .T. ) ;
#8464 = FILL_AREA_STYLE ('',( #6341 ) ) ;
#8465 = ORIENTED_EDGE ( 'NONE', *, *, #4245, .T. ) ;
#8466 = CARTESIAN_POINT ( 'NONE',  ( 0.1632722808073611975, -0.03867862376909076555, 0.2900000000000000355 ) ) ;
#8467 = CARTESIAN_POINT ( 'NONE',  ( 0.2080103294651166612, -0.06008165568419928521, 0.2800000000000000266 ) ) ;
#8468 = CARTESIAN_POINT ( 'NONE',  ( 0.2678934591834276624, -0.09353019300200210440, 0.2900000000000000355 ) ) ;
#8469 = LINE ( 'NONE', #5627, #398 ) ;
#8470 = DIRECTION ( 'NONE',  ( -1.000000000000000000, -0.000000000000000000, -0.000000000000000000 ) ) ;
#8471 = SURFACE_SIDE_STYLE ('',( #7949 ) ) ;
#8472 = B_SPLINE_CURVE_WITH_KNOTS ( 'NONE', 3,
 ( #6986, #3610, #4776, #6893 ),
 .UNSPECIFIED., .F., .F.,
 ( 4, 4 ),
 ( 2.000000000000000000, 3.000000000000000000 ),
 .UNSPECIFIED. ) ;
#8473 = ORIENTED_EDGE ( 'NONE', *, *, #8235, .F. ) ;
#8474 = ORIENTED_EDGE ( 'NONE', *, *, #2123, .F. ) ;
#8475 = DIRECTION ( 'NONE',  ( -0.000000000000000000, -0.000000000000000000, -1.000000000000000000 ) ) ;
#8476 = SURFACE_STYLE_FILL_AREA ( #8570 ) ;
#8477 = DIRECTION ( 'NONE',  ( 1.000000000000000000, -0.000000000000000000, -0.000000000000000000 ) ) ;
#8478 = DIRECTION ( 'NONE',  ( -1.000000000000000000, -0.000000000000000000, -0.000000000000000000 ) ) ;
#8479 = VECTOR ( 'NONE', #6864, 1000.000000000000000 ) ;
#8480 = ADVANCED_FACE ( 'NONE', ( #3858 ), #444, .F. ) ;
#8481 = LINE ( 'NONE', #4337, #8153 ) ;
#8482 = PRESENTATION_STYLE_ASSIGNMENT (( #8665 ) ) ;
#8483 = ORIENTED_EDGE ( 'NONE', *, *, #1336, .T. ) ;
#8484 = EDGE_CURVE ( 'NONE', #8583, #1360, #2764, .T. ) ;
#8485 = AXIS2_PLACEMENT_3D ( 'NONE', #218, #1527, #1665 ) ;
#8486 = AXIS2_PLACEMENT_3D ( 'NONE', #370, #4634, #4455 ) ;
#8487 = EDGE_LOOP ( 'NONE', ( #2717, #2464, #1573, #1192 ) ) ;
#8488 = CARTESIAN_POINT ( 'NONE',  ( 0.1603911034341025665, -0.1045677063208142465, 0.2900000000000000355 ) ) ;
#8489 = DIRECTION ( 'NONE',  ( -0.000000000000000000, -0.000000000000000000, -1.000000000000000000 ) ) ;
#8490 = VERTEX_POINT ( 'NONE', #7325 ) ;
#8491 = CARTESIAN_POINT ( 'NONE',  ( -0.3000000000000004330, 0.1599999999999998646, 0.2700000000000000178 ) ) ;
#8492 = ORIENTED_EDGE ( 'NONE', *, *, #5947, .T. ) ;
#8493 = EDGE_CURVE ( 'NONE', #1071, #4212, #1178, .T. ) ;
#8494 = STYLED_ITEM ( 'NONE', ( #4553 ), #8802 ) ;
#8495 = LINE ( 'NONE', #1660, #2977 ) ;
#8496 = VECTOR ( 'NONE', #2241, 1000.000000000000000 ) ;
#8497 = CARTESIAN_POINT ( 'NONE',  ( 0.1756453836374043953, -0.1274155268896769999, 0.2900000000000000355 ) ) ;
#8498 = CARTESIAN_POINT ( 'NONE',  ( 0.2014079813153961396, -0.06623040739600459526, 0.2900000000000000355 ) ) ;
#8499 = EDGE_CURVE ( 'NONE', #7988, #6740, #1065, .T. ) ;
#8500 = ORIENTED_EDGE ( 'NONE', *, *, #494, .F. ) ;
#8501 = B_SPLINE_CURVE_WITH_KNOTS ( 'NONE', 3,
 ( #774, #7661, #8246, #2060 ),
 .UNSPECIFIED., .F., .F.,
 ( 4, 4 ),
 ( 11.00000000000000000, 12.00000000000000000 ),
 .UNSPECIFIED. ) ;
#8502 = ORIENTED_EDGE ( 'NONE', *, *, #2410, .F. ) ;
#8503 = CARTESIAN_POINT ( 'NONE',  ( 0.06777918165368944370, -0.08752787922204353921, 0.2900000000000000355 ) ) ;
#8504 = CARTESIAN_POINT ( 'NONE',  ( 0.01474402279924059631, -0.02608185169227541719, 0.2900000000000000355 ) ) ;
#8505 = AXIS2_PLACEMENT_3D ( 'NONE', #1088, #8683, #1801 ) ;
#8506 = ORIENTED_EDGE ( 'NONE', *, *, #2848, .T. ) ;
#8507 = ORIENTED_EDGE ( 'NONE', *, *, #2261, .T. ) ;
#8508 = CARTESIAN_POINT ( 'NONE',  ( 0.1590303141209138960, -0.03489865345446935968, 0.2900000000000000355 ) ) ;
#8509 = FILL_AREA_STYLE_COLOUR ( '', #7886 ) ;
#8510 = ORIENTED_EDGE ( 'NONE', *, *, #5184, .T. ) ;
#8511 = FACE_OUTER_BOUND ( 'NONE', #1669, .T. ) ;
#8512 = ORIENTED_EDGE ( 'NONE', *, *, #2700, .F. ) ;
#8513 = CARTESIAN_POINT ( 'NONE',  ( 0.1919244557926371442, -0.06401282481145943726, 0.2900000000000000355 ) ) ;
#8514 = CARTESIAN_POINT ( 'NONE',  ( 0.06777918165368944370, -0.07748157202952320188, 0.2800000000000000266 ) ) ;
#8515 = B_SPLINE_SURFACE_WITH_KNOTS ( 'NONE', 3, 1, ( 
 ( #7895, #5305 ),
 ( #5470, #4676 ),
 ( #8114, #671 ),
 ( #8827, #1892 ) ),
 .UNSPECIFIED., .F., .F., .F.,
 ( 4, 4 ),
 ( 2, 2 ),
 ( 6.000000000000000000, 7.000000000000000000 ),
 ( 0.000000000000000000, 1.000000000000000000 ),
 .UNSPECIFIED. ) ;
#8517 = UNCERTAINTY_MEASURE_WITH_UNIT (LENGTH_MEASURE( 1.000000000000000082E-05 ), #3966, 'distance_accuracy_value', 'NONE');
#8516 = CARTESIAN_POINT ( 'NONE',  ( 0.2044235576332510129, -0.1013253317843389734, 0.2800000000000000266 ) ) ;
#8518 = EDGE_CURVE ( 'NONE', #1926, #4208, #3519, .T. ) ;
#8519 = CARTESIAN_POINT ( 'NONE',  ( 0.1684298403033300529, -0.1185787962873645907, 0.2800000000000000266 ) ) ;
#8520 = ORIENTED_EDGE ( 'NONE', *, *, #1446, .F. ) ;
#8521 = FACE_OUTER_BOUND ( 'NONE', #7824, .T. ) ;
#8522 = CARTESIAN_POINT ( 'NONE',  ( 0.2696910450665971348, -0.08702864406078171522, 0.2900000000000000355 ) ) ;
#8523 = DIRECTION ( 'NONE',  ( -0.000000000000000000, -0.000000000000000000, -1.000000000000000000 ) ) ;
#8524 = CARTESIAN_POINT ( 'NONE',  ( 0.1300000000000000044, -0.1199999999999999956, -0.02000000000000000042 ) ) ;
#8525 = DIRECTION ( 'NONE',  ( -1.000000000000000000, -0.000000000000000000, -0.000000000000000000 ) ) ;
#8526 = LINE ( 'NONE', #5094, #4880 ) ;
#8527 = EDGE_CURVE ( 'NONE', #3046, #1327, #4146, .T. ) ;
#8528 = ADVANCED_FACE ( 'NONE', ( #2797 ), #1551, .F. ) ;
#8529 = CARTESIAN_POINT ( 'NONE',  ( 0.1740661960392821950, -0.1269451305837139832, 0.2900000000000000355 ) ) ;
#8530 = FACE_OUTER_BOUND ( 'NONE', #6925, .T. ) ;
#8531 = VERTEX_POINT ( 'NONE', #5529 ) ;
#8532 = ORIENTED_EDGE ( 'NONE', *, *, #3897, .F. ) ;
#8533 = CARTESIAN_POINT ( 'NONE',  ( -0.3100000000000004419, -0.1600000000000000866, 0.2700000000000000178 ) ) ;
#8534 = VECTOR ( 'NONE', #3003, 1000.000000000000000 ) ;
#8535 = CARTESIAN_POINT ( 'NONE',  ( -0.01632944716932911017, -0.1031814321982591626, 0.2900000000000000355 ) ) ;
#8536 = ORIENTED_EDGE ( 'NONE', *, *, #2633, .T. ) ;
#8537 = CARTESIAN_POINT ( 'NONE',  ( -0.3000000000000004330, 0.1599999999999998646, 0.2800000000000000266 ) ) ;
#8538 = ORIENTED_EDGE ( 'NONE', *, *, #8143, .T. ) ;
#8539 = LINE ( 'NONE', #4527, #109 ) ;
#8540 = CARTESIAN_POINT ( 'NONE',  ( 0.1607439006635171530, -0.1000989414156316648, 0.2800000000000000266 ) ) ;
#8541 = COLOUR_RGB ( '',0.6666666666666666297, 0.6666666666666666297, 0.6666666666666666297 ) ;
#8542 = CARTESIAN_POINT ( 'NONE',  ( 0.2040371606677416072, -0.05831766953734543457, 0.2900000000000000355 ) ) ;
#8543 = VERTEX_POINT ( 'NONE', #7530 ) ;
#8544 = AXIS2_PLACEMENT_3D ( 'NONE', #8418, #6339, #763 ) ;
#8545 = ORIENTED_EDGE ( 'NONE', *, *, #6874, .T. ) ;
#8546 = CARTESIAN_POINT ( 'NONE',  ( 0.1614830948584406733, -0.1095740670043671428, 0.2900000000000000355 ) ) ;
#8547 = CARTESIAN_POINT ( 'NONE',  ( 0.2193334405409359256, -0.05877126597503729011, 0.2800000000000000266 ) ) ;
#8548 = ADVANCED_FACE ( 'NONE', ( #645 ), #2887, .F. ) ;
#8549 = ORIENTED_EDGE ( 'NONE', *, *, #1013, .T. ) ;
#8550 = VECTOR ( 'NONE', #3017, 1000.000000000000000 ) ;
#8551 = ORIENTED_EDGE ( 'NONE', *, *, #7058, .T. ) ;
#8552 = ADVANCED_FACE ( 'NONE', ( #4814 ), #8593, .F. ) ;
#8553 = EDGE_CURVE ( 'NONE', #4136, #1812, #5433, .T. ) ;
#8554 = CARTESIAN_POINT ( 'NONE',  ( 0.1091767056373071088, -0.06775919538998910474, 0.2900000000000000355 ) ) ;
#8555 =( NAMED_UNIT ( * ) PLANE_ANGLE_UNIT ( ) SI_UNIT ( $, .RADIAN. ) );
#8556 = EDGE_CURVE ( 'NONE', #6399, #3665, #7573, .T. ) ;
#8557 = ORIENTED_EDGE ( 'NONE', *, *, #390, .F. ) ;
#8558 = LINE ( 'NONE', #5842, #199 ) ;
#8559 = VERTEX_POINT ( 'NONE', #5723 ) ;
#8560 = CARTESIAN_POINT ( 'NONE',  ( 0.1333769155852223276, -0.05875446610699154582, 0.2800000000000000266 ) ) ;
#8561 = CARTESIAN_POINT ( 'NONE',  ( 0.2458604322159189670, -0.09137980988964243545, 0.2900000000000000355 ) ) ;
#8562 = CARTESIAN_POINT ( 'NONE',  ( 0.1615922940008519271, -0.1204435816424944544, 0.2900000000000000355 ) ) ;
#8563 = ORIENTED_EDGE ( 'NONE', *, *, #6555, .T. ) ;
#8564 = CARTESIAN_POINT ( 'NONE',  ( 0.1850953094240708197, -0.1234339581580547324, 0.2800000000000000266 ) ) ;
#8565 = CARTESIAN_POINT ( 'NONE',  ( 0.2193334405409359256, -0.05877126597503729011, 0.2900000000000000355 ) ) ;
#8566 = ORIENTED_EDGE ( 'NONE', *, *, #4959, .T. ) ;
#8567 = FACE_OUTER_BOUND ( 'NONE', #8189, .T. ) ;
#8568 = CARTESIAN_POINT ( 'NONE',  ( 0.1767037753254269705, -0.06401282481145953440, 0.2800000000000000266 ) ) ;
#8569 = CARTESIAN_POINT ( 'NONE',  ( -0.005114960058287336755, -0.02935274293073422344, 0.2900000000000000355 ) ) ;
#8570 = FILL_AREA_STYLE ('',( #926 ) ) ;
#8571 = CARTESIAN_POINT ( 'NONE',  ( 0.1618190922196970083, -0.09588217453114028510, 0.2800000000000000266 ) ) ;
#8572 = FACE_OUTER_BOUND ( 'NONE', #4850, .T. ) ;
#8573 = CARTESIAN_POINT ( 'NONE',  ( 0.2672802639990731199, -0.09122861107722690654, 0.2800000000000000266 ) ) ;
#8574 = ORIENTED_EDGE ( 'NONE', *, *, #8556, .T. ) ;
#8575 = ORIENTED_EDGE ( 'NONE', *, *, #7333, .T. ) ;
#8576 = EDGE_CURVE ( 'NONE', #354, #7065, #925, .T. ) ;
#8577 = CARTESIAN_POINT ( 'NONE',  ( 0.1609958986845445861, -0.1051053020989607817, 0.2900000000000000355 ) ) ;
#8579 = EDGE_CURVE ( 'NONE', #1960, #4705, #5019, .T. ) ;
#8578 =( GEOMETRIC_REPRESENTATION_CONTEXT ( 3 ) GLOBAL_UNCERTAINTY_ASSIGNED_CONTEXT ( ( #3011 ) ) GLOBAL_UNIT_ASSIGNED_CONTEXT ( ( #6441, #376, #3834 ) ) REPRESENTATION_CONTEXT ( 'NONE', 'WORKASPACE' ) );
#8580 = VECTOR ( 'NONE', #7266, 1000.000000000000000 ) ;
#8581 = B_SPLINE_CURVE_WITH_KNOTS ( 'NONE', 3,
 ( #20, #888, #2803, #6992 ),
 .UNSPECIFIED., .F., .F.,
 ( 4, 4 ),
 ( 12.00000000000000000, 13.00000000000000000 ),
 .UNSPECIFIED. ) ;
#8582 = LINE ( 'NONE', #4386, #4329 ) ;
#8583 = VERTEX_POINT ( 'NONE', #879 ) ;
#8584 = CARTESIAN_POINT ( 'NONE',  ( 0.05095745321541134826, -0.1057514146500092150, 0.2800000000000000266 ) ) ;
#8585 = ORIENTED_EDGE ( 'NONE', *, *, #1389, .T. ) ;
#8586 = DIRECTION ( 'NONE',  ( -0.000000000000000000, 1.000000000000000000, -0.000000000000000000 ) ) ;
#8587 = DIRECTION ( 'NONE',  ( -0.000000000000000000, -0.000000000000000000, -1.000000000000000000 ) ) ;
#8588 = CARTESIAN_POINT ( 'NONE',  ( 0.1657922610170732558, -0.1116740505125900229, 0.2900000000000000355 ) ) ;
#8589 = VECTOR ( 'NONE', #3239, 1000.000000000000114 ) ;
#8590 = VERTEX_POINT ( 'NONE', #4423 ) ;
#8591 = CARTESIAN_POINT ( 'NONE',  ( 0.2096651164694471881, -0.05090892772051711784, 0.2800000000000000266 ) ) ;
#8592 = VERTEX_POINT ( 'NONE', #7811 ) ;
#8593 = B_SPLINE_SURFACE_WITH_KNOTS ( 'NONE', 3, 1, ( 
 ( #2109, #13 ),
 ( #782, #8341 ),
 ( #5442, #2751 ),
 ( #2065, #4916 ) ),
 .UNSPECIFIED., .F., .F., .F.,
 ( 4, 4 ),
 ( 2, 2 ),
 ( 11.00000000000000000, 12.00000000000000000 ),
 ( 0.000000000000000000, 1.000000000000000000 ),
 .UNSPECIFIED. ) ;
#8594 = CARTESIAN_POINT ( 'NONE',  ( -0.01609580672934368684, -0.08846240978810843147, 0.2800000000000000266 ) ) ;
#8595 = CARTESIAN_POINT ( 'NONE',  ( 0.05913469036332886369, -0.05668804969334655108, 0.2800000000000000266 ) ) ;
#8596 = ORIENTED_EDGE ( 'NONE', *, *, #546, .F. ) ;
#8597 = ORIENTED_EDGE ( 'NONE', *, *, #8266, .F. ) ;
#8598 = VECTOR ( 'NONE', #5602, 1000.000000000000000 ) ;
#8599 = PLANE ( 'NONE',  #4175 ) ;
#8600 = EDGE_CURVE ( 'NONE', #8339, #1935, #4590, .T. ) ;
#8601 = AXIS2_PLACEMENT_3D ( 'NONE', #2314, #7181, #5915 ) ;
#8602 = EDGE_CURVE ( 'NONE', #4341, #3668, #1774, .T. ) ;
#8603 = VERTEX_POINT ( 'NONE', #1058 ) ;
#8604 = LINE ( 'NONE', #4451, #8907 ) ;
#8605 = CARTESIAN_POINT ( 'NONE',  ( -0.3100000000000004419, -0.1600000000000000866, 0.2800000000000000266 ) ) ;
#8606 = ORIENTED_EDGE ( 'NONE', *, *, #8900, .F. ) ;
#8607 = CARTESIAN_POINT ( 'NONE',  ( -0.3000000000000004330, 0.1499999999999998834, 0.2700000000000000178 ) ) ;
#8608 = DIRECTION ( 'NONE',  ( -0.000000000000000000, -0.000000000000000000, 1.000000000000000000 ) ) ;
#8609 = CARTESIAN_POINT ( 'NONE',  ( -0.3000000000000004330, -0.1600000000000000866, 0.2800000000000000266 ) ) ;
#8610 = CARTESIAN_POINT ( 'NONE',  ( 0.1747969903000704261, -0.1308259001068364513, 0.2900000000000000355 ) ) ;
#8611 = CYLINDRICAL_SURFACE ( 'NONE', #3685, 0.01000000000000002623 ) ;
#8612 = EDGE_LOOP ( 'NONE', ( #7303, #6890, #2275, #2903 ) ) ;
#8613 = DIRECTION ( 'NONE',  ( -0.000000000000000000, -0.000000000000000000, -1.000000000000000000 ) ) ;
#8614 = CARTESIAN_POINT ( 'NONE',  ( -0.05207561007423749944, -0.08238789649337455168, 0.2900000000000000355 ) ) ;
#8615 = DIRECTION ( 'NONE',  ( -0.000000000000000000, -0.000000000000000000, -1.000000000000000000 ) ) ;
#8616 = CARTESIAN_POINT ( 'NONE',  ( -0.05581377244451030811, -0.05622077995419129393, 0.2800000000000000266 ) ) ;
#8617 = CARTESIAN_POINT ( 'NONE',  ( 0.1921176542751672489, -0.03867862376909076555, 0.2900000000000000355 ) ) ;
#8618 = LINE ( 'NONE', #2618, #8018 ) ;
#8619 = DIRECTION ( 'NONE',  ( -1.000000000000000000, 0.000000000000000000, 0.000000000000000000 ) ) ;
#8620 = ORIENTED_EDGE ( 'NONE', *, *, #179, .F. ) ;
#8621 = CARTESIAN_POINT ( 'NONE',  ( -0.03805750452769433856, -0.1038823267804621364, 0.2900000000000000355 ) ) ;
#8622 = MECHANICAL_DESIGN_GEOMETRIC_PRESENTATION_REPRESENTATION (  '', ( #3005 ), #1293 ) ;
#8623 = LINE ( 'NONE', #2449, #7948 ) ;
#8624 = VERTEX_POINT ( 'NONE', #2251 ) ;
#8625 = CARTESIAN_POINT ( 'NONE',  ( 0.08226455916761837850, -0.08729423878216989452, 0.2900000000000000355 ) ) ;
#8626 = VERTEX_POINT ( 'NONE', #195 ) ;
#8627 = B_SPLINE_CURVE_WITH_KNOTS ( 'NONE', 3,
 ( #5536, #7034, #4152, #2164 ),
 .UNSPECIFIED., .F., .F.,
 ( 4, 4 ),
 ( 7.000000000000000000, 8.000000000000000000 ),
 .UNSPECIFIED. ) ;
#8628 = CARTESIAN_POINT ( 'NONE',  ( 0.2047091553902559702, -0.03924981928332918479, 0.2800000000000000266 ) ) ;
#8629 = CARTESIAN_POINT ( 'NONE',  ( 0.2405096742371980456, -0.1150004243895194345, 0.2900000000000000355 ) ) ;
#8630 = FILL_AREA_STYLE ('',( #5869 ) ) ;
#8631 = EDGE_CURVE ( 'NONE', #162, #8364, #611, .T. ) ;
#8632 = VECTOR ( 'NONE', #4273, 1000.000000000000000 ) ;
#8633 = CARTESIAN_POINT ( 'NONE',  ( 0.1710758195236094792, -0.1135052361316282732, 0.2800000000000000266 ) ) ;
#8634 = ORIENTED_EDGE ( 'NONE', *, *, #7666, .T. ) ;
#8635 = DIRECTION ( 'NONE',  ( 0.000000000000000000, -1.000000000000000000, 0.000000000000000000 ) ) ;
#8636 = ORIENTED_EDGE ( 'NONE', *, *, #4414, .T. ) ;
#8637 = ORIENTED_EDGE ( 'NONE', *, *, #6430, .T. ) ;
#8638 = VECTOR ( 'NONE', #953, 1000.000000000000000 ) ;
#8639 = VECTOR ( 'NONE', #1002, 1000.000000000000000 ) ;
#8640 = DIRECTION ( 'NONE',  ( -1.000000000000000000, 0.000000000000000000, 0.000000000000000000 ) ) ;
#8641 = DIRECTION ( 'NONE',  ( 0.2524218971878305906, -0.9676172723861931058, 0.000000000000000000 ) ) ;
#8642 = ADVANCED_FACE ( 'NONE', ( #7121 ), #5048, .F. ) ;
#8643 = DIRECTION ( 'NONE',  ( 0.000000000000000000, 0.000000000000000000, -1.000000000000000000 ) ) ;
#8644 = ORIENTED_EDGE ( 'NONE', *, *, #5229, .F. ) ;
#8645 = VECTOR ( 'NONE', #1928, 1000.000000000000000 ) ;
#8646 = CARTESIAN_POINT ( 'NONE',  ( 0.004464079623082571786, -0.02608185169227617700, 0.2800000000000000266 ) ) ;
#8647 = B_SPLINE_CURVE_WITH_KNOTS ( 'NONE', 3,
 ( #7804, #871, #8380, #4904 ),
 .UNSPECIFIED., .F., .F.,
 ( 4, 4 ),
 ( 8.000000000000000000, 9.000000000000000000 ),
 .UNSPECIFIED. ) ;
#8648 = ORIENTED_EDGE ( 'NONE', *, *, #7059, .F. ) ;
#8649 = DIRECTION ( 'NONE',  ( -0.000000000000000000, -0.000000000000000000, -1.000000000000000000 ) ) ;
#8650 = CARTESIAN_POINT ( 'NONE',  ( 0.2428448558982898298, -0.1127156423325654383, 0.2900000000000000355 ) ) ;
#8651 = CARTESIAN_POINT ( 'NONE',  ( 0.1921176542751672489, -0.03867862376909076555, 0.2800000000000000266 ) ) ;
#8652 = VECTOR ( 'NONE', #7155, 1000.000000000000000 ) ;
#8653 = DIRECTION ( 'NONE',  ( -1.000000000000000000, 0.000000000000000000, 0.000000000000000000 ) ) ;
#8654 = ORIENTED_EDGE ( 'NONE', *, *, #1734, .F. ) ;
#8655 = LINE ( 'NONE', #5263, #5368 ) ;
#8656 = CARTESIAN_POINT ( 'NONE',  ( 0.1759561811965928979, -0.03489865345446935968, 0.2800000000000000266 ) ) ;
#8657 = CARTESIAN_POINT ( 'NONE',  ( 0.2285397682407089293, -0.03489865345446840905, 0.2800000000000000266 ) ) ;
#8658 = ORIENTED_EDGE ( 'NONE', *, *, #6004, .T. ) ;
#8659 = EDGE_CURVE ( 'NONE', #1539, #5005, #240, .T. ) ;
#8660 = CARTESIAN_POINT ( 'NONE',  ( 0.2014079813153961396, -0.03634344210799925895, 0.2900000000000000355 ) ) ;
#8661 = CARTESIAN_POINT ( 'NONE',  ( -0.03805750452769433856, -0.1038823267804621364, 0.2800000000000000266 ) ) ;
#8662 = EDGE_CURVE ( 'NONE', #2330, #6399, #4046, .T. ) ;
#8663 = EDGE_CURVE ( 'NONE', #8021, #1125, #5767, .T. ) ;
#8664 = CARTESIAN_POINT ( 'NONE',  ( 0.2604847173665983950, -0.1109012565815743478, 0.2800000000000000266 ) ) ;
#8665 = SURFACE_STYLE_USAGE ( .BOTH. , #1691 ) ;
#8666 = EDGE_LOOP ( 'NONE', ( #6634, #5968, #8307, #2940 ) ) ;
#8667 = CARTESIAN_POINT ( 'NONE',  ( 0.1410460553570996867, -0.03817462772726087916, 0.2900000000000000355 ) ) ;
#8668 =( NAMED_UNIT ( * ) PLANE_ANGLE_UNIT ( ) SI_UNIT ( $, .RADIAN. ) );
#8669 = VERTEX_POINT ( 'NONE', #2341 ) ;
#8670 = CARTESIAN_POINT ( 'NONE',  ( 0.1134186723237558120, -0.03489865345446935968, 0.2900000000000000355 ) ) ;
#8671 = ORIENTED_EDGE ( 'NONE', *, *, #7368, .T. ) ;
#8672 = CARTESIAN_POINT ( 'NONE',  ( 0.1300000000000000044, -0.1199999999999999956, 0.000000000000000000 ) ) ;
#8673 = LINE ( 'NONE', #5787, #6564 ) ;
#8674 = DIRECTION ( 'NONE',  ( 0.000000000000000000, 1.000000000000000000, -0.000000000000000000 ) ) ;
#8675 = CARTESIAN_POINT ( 'NONE',  ( 0.1354096996211482939, -0.09660456885801839422, 0.2900000000000000355 ) ) ;
#8676 = ORIENTED_EDGE ( 'NONE', *, *, #7368, .F. ) ;
#8677 = CARTESIAN_POINT ( 'NONE',  ( 0.1500339847719402431, -0.06767519604975916203, 0.2900000000000000355 ) ) ;
#8678 = FACE_OUTER_BOUND ( 'NONE', #1918, .T. ) ;
#8679 = B_SPLINE_CURVE_WITH_KNOTS ( 'NONE', 3,
 ( #7188, #1753, #7487, #1121 ),
 .UNSPECIFIED., .F., .F.,
 ( 4, 4 ),
 ( 0.000000000000000000, 1.000000000000000000 ),
 .UNSPECIFIED. ) ;
#8680 = ORIENTED_EDGE ( 'NONE', *, *, #3688, .T. ) ;
#8681 = ORIENTED_EDGE ( 'NONE', *, *, #2322, .F. ) ;
#8682 = B_SPLINE_CURVE_WITH_KNOTS ( 'NONE', 3,
 ( #3245, #5991, #1899, #3969 ),
 .UNSPECIFIED., .F., .F.,
 ( 4, 4 ),
 ( 26.00000000000000000, 27.00000000000000000 ),
 .UNSPECIFIED. ) ;
#8683 = DIRECTION ( 'NONE',  ( 1.000000000000000000, 0.000000000000000000, 0.000000000000000000 ) ) ;
#8684 = VECTOR ( 'NONE', #5391, 1000.000000000000000 ) ;
#8685 = CARTESIAN_POINT ( 'NONE',  ( 0.1307897359032157703, -0.1157060188481268126, 0.2800000000000000266 ) ) ;
#8686 = DIRECTION ( 'NONE',  ( 0.000000000000000000, 0.000000000000000000, 1.000000000000000000 ) ) ;
#8687 = UNCERTAINTY_MEASURE_WITH_UNIT (LENGTH_MEASURE( 1.000000000000000082E-05 ), #5435, 'distance_accuracy_value', 'NONE');
#8688 = ORIENTED_EDGE ( 'NONE', *, *, #3917, .T. ) ;
#8689 = CARTESIAN_POINT ( 'NONE',  ( 0.01497765432675353565, -0.04009995723881767948, 0.2900000000000000355 ) ) ;
#8690 = EDGE_CURVE ( 'NONE', #1890, #6961, #5090, .T. ) ;
#8691 = ORIENTED_EDGE ( 'NONE', *, *, #7603, .T. ) ;
#8692 = CARTESIAN_POINT ( 'NONE',  ( -0.1299999999999998934, -0.1200000000000000233, -0.02000000000000000042 ) ) ;
#8693 = EDGE_CURVE ( 'NONE', #1935, #5260, #7859, .T. ) ;
#8694 =( LENGTH_UNIT ( ) NAMED_UNIT ( * ) SI_UNIT ( .MILLI., .METRE. ) );
#8695 = CARTESIAN_POINT ( 'NONE',  ( 0.1439692324003642721, -0.06453362072155989504, 0.2800000000000000266 ) ) ;
#8696 = VECTOR ( 'NONE', #8475, 1000.000000000000000 ) ;
#8697 = ORIENTED_EDGE ( 'NONE', *, *, #4762, .T. ) ;
#8698 = CARTESIAN_POINT ( 'NONE',  ( 0.007267698058694544404, -0.1097232040915597229, 0.2800000000000000266 ) ) ;
#8699 = B_SPLINE_CURVE_WITH_KNOTS ( 'NONE', 3,
 ( #3902, #5921, #4574, #6647 ),
 .UNSPECIFIED., .F., .F.,
 ( 4, 4 ),
 ( 0.000000000000000000, 1.000000000000000000 ),
 .UNSPECIFIED. ) ;
#8700 = CARTESIAN_POINT ( 'NONE',  ( 0.2096651164694471881, -0.05090892772051711784, 0.2900000000000000355 ) ) ;
#8701 = ORIENTED_EDGE ( 'NONE', *, *, #4772, .T. ) ;
#8702 = CARTESIAN_POINT ( 'NONE',  ( 0.1091767056373072614, -0.1198891859963020501, 0.2900000000000000355 ) ) ;
#8703 = SURFACE_STYLE_FILL_AREA ( #2616 ) ;
#8704 = CARTESIAN_POINT ( 'NONE',  ( 0.000000000000000000, 0.1499999999999998834, 0.2700000000000000178 ) ) ;
#8705 = LINE ( 'NONE', #5401, #24 ) ;
#8706 = EDGE_CURVE ( 'NONE', #433, #2558, #4680, .T. ) ;
#8707 = EDGE_LOOP ( 'NONE', ( #1642, #6662, #2519, #5113 ) ) ;
#8708 = EDGE_CURVE ( 'NONE', #6399, #433, #2205, .T. ) ;
#8709 = ADVANCED_FACE ( 'NONE', ( #558 ), #7221, .F. ) ;
#8710 = LINE ( 'NONE', #3934, #5231 ) ;
#8711 = CARTESIAN_POINT ( 'NONE',  ( -0.02871210083007477709, -0.05902438724921166974, 0.2900000000000000355 ) ) ;
#8712 = ORIENTED_EDGE ( 'NONE', *, *, #4667, .F. ) ;
#8713 = CARTESIAN_POINT ( 'NONE',  ( 0.1845661135799477881, -0.1159916166053566455, 0.2900000000000000355 ) ) ;
#8714 = VERTEX_POINT ( 'NONE', #6625 ) ;
#8715 = EDGE_CURVE ( 'NONE', #192, #5246, #3331, .T. ) ;
#8716 = DIRECTION ( 'NONE',  ( -0.000000000000000000, -0.000000000000000000, -1.000000000000000000 ) ) ;
#8717 = CARTESIAN_POINT ( 'NONE',  ( 0.1380640787754512933, -0.03938421822792208954, 0.2900000000000000355 ) ) ;
#8718 = DIRECTION ( 'NONE',  ( -1.000000000000000000, -1.505836350674311741E-16, 0.000000000000000000 ) ) ;
#8719 = CARTESIAN_POINT ( 'NONE',  ( 0.1411636544335355403, -0.09588217453114028510, 0.2900000000000000355 ) ) ;
#8720 = EDGE_LOOP ( 'NONE', ( #5055, #6087, #2608, #2400 ) ) ;
#8721 = CARTESIAN_POINT ( 'NONE',  ( 0.2672802639990731199, -0.09122861107722690654, 0.2900000000000000355 ) ) ;
#8722 = SURFACE_SIDE_STYLE ('',( #3223 ) ) ;
#8723 = B_SPLINE_CURVE_WITH_KNOTS ( 'NONE', 3,
 ( #2769, #704, #7507, #8144 ),
 .UNSPECIFIED., .F., .F.,
 ( 4, 4 ),
 ( 27.00000000000000000, 28.00000000000000000 ),
 .UNSPECIFIED. ) ;
#8724 = B_SPLINE_CURVE_WITH_KNOTS ( 'NONE', 3,
 ( #723, #3464, #2833, #5520 ),
 .UNSPECIFIED., .F., .F.,
 ( 4, 4 ),
 ( 7.000000000000000000, 8.000000000000000000 ),
 .UNSPECIFIED. ) ;
#8725 = ORIENTED_EDGE ( 'NONE', *, *, #3172, .T. ) ;
#8726 = ORIENTED_EDGE ( 'NONE', *, *, #228, .F. ) ;
#8727 = PLANE ( 'NONE',  #7147 ) ;
#8728 = VECTOR ( 'NONE', #8470, 1000.000000000000000 ) ;
#8729 = LINE ( 'NONE', #7841, #5275 ) ;
#8730 = DIRECTION ( 'NONE',  ( -0.9434452330824814048, 0.3315284183504370041, 0.000000000000000000 ) ) ;
#8731 = VERTEX_POINT ( 'NONE', #5901 ) ;
#8732 = CARTESIAN_POINT ( 'NONE',  ( 0.1265057695466517695, -0.06401282481145953440, 0.2900000000000000355 ) ) ;
#8733 = DIRECTION ( 'NONE',  ( -0.000000000000000000, -1.000000000000000000, -0.000000000000000000 ) ) ;
#8734 = AXIS2_PLACEMENT_3D ( 'NONE', #434, #7230, #5020 ) ;
#8735 = CARTESIAN_POINT ( 'NONE',  ( 0.1426000431530417834, -0.1164284131750039364, 0.2900000000000000355 ) ) ;
#8736 = ORIENTED_EDGE ( 'NONE', *, *, #4186, .F. ) ;
#8737 = LINE ( 'NONE', #8692, #5909 ) ;
#8738 = DIRECTION ( 'NONE',  ( 0.000000000000000000, -0.000000000000000000, -1.000000000000000000 ) ) ;
#8739 = CARTESIAN_POINT ( 'NONE',  ( 0.1991987986646498732, -0.03970341572102098482, 0.2900000000000000355 ) ) ;
#8740 = PRESENTATION_LAYER_ASSIGNMENT (  '', '', ( #3706 ) ) ;
#8741 = EDGE_CURVE ( 'NONE', #4190, #3778, #4594, .T. ) ;
#8742 = ORIENTED_EDGE ( 'NONE', *, *, #2089, .T. ) ;
#8743 = EDGE_CURVE ( 'NONE', #3056, #2971, #7302, .T. ) ;
#8744 = CARTESIAN_POINT ( 'NONE',  ( 0.1603911034341025665, -0.1045677063208142465, 0.2800000000000000266 ) ) ;
#8745 = CARTESIAN_POINT ( 'NONE',  ( 0.1632722808073617526, -0.04919534117802613210, 0.2800000000000000266 ) ) ;
#8746 = CARTESIAN_POINT ( 'NONE',  ( 0.1871532932621781109, -0.06401282481145953440, 0.2900000000000000355 ) ) ;
#8747 = VERTEX_POINT ( 'NONE', #4510 ) ;
#8748 = LINE ( 'NONE', #8702, #3942 ) ;
#8749 = FACE_BOUND ( 'NONE', #3187, .T. ) ;
#8750 = CYLINDRICAL_SURFACE ( 'NONE', #3257, 0.01000000000000002623 ) ;
#8751 = LINE ( 'NONE', #2619, #1467 ) ;
#8752 = EDGE_CURVE ( 'NONE', #1451, #1141, #2565, .T. ) ;
#8753 = ORIENTED_EDGE ( 'NONE', *, *, #8055, .T. ) ;
#8754 = CARTESIAN_POINT ( 'NONE',  ( 0.07362005896467421762, -0.1094895725641572143, 0.2800000000000000266 ) ) ;
#8755 = B_SPLINE_CURVE_WITH_KNOTS ( 'NONE', 3,
 ( #6140, #3355, #2720, #5460 ),
 .UNSPECIFIED., .F., .F.,
 ( 4, 4 ),
 ( 5.000000000000000000, 6.000000000000000000 ),
 .UNSPECIFIED. ) ;
#8756 = ORIENTED_EDGE ( 'NONE', *, *, #2034, .F. ) ;
#8757 = CARTESIAN_POINT ( 'NONE',  ( 0.2161750653446923021, -0.1050885022309148292, 0.2900000000000000355 ) ) ;
#8758 = ORIENTED_EDGE ( 'NONE', *, *, #3917, .F. ) ;
#8759 = LINE ( 'NONE', #6089, #1537 ) ;
#8760 = CARTESIAN_POINT ( 'NONE',  ( 0.1328057200710954788, -0.1185955961554105570, 0.2800000000000000266 ) ) ;
#8761 = EDGE_CURVE ( 'NONE', #3787, #362, #1816, .T. ) ;
#8762 = CARTESIAN_POINT ( 'NONE',  ( 0.2383004915866764051, -0.1198891859963011758, 0.2900000000000000355 ) ) ;
#8763 = CARTESIAN_POINT ( 'NONE',  ( 0.1330829178940801660, -0.09806615737959341328, 0.2900000000000000355 ) ) ;
#8764 = AXIS2_PLACEMENT_3D ( 'NONE', #889, #1513, #4244 ) ;
#8765 = ORIENTED_EDGE ( 'NONE', *, *, #1309, .F. ) ;
#8766 = CARTESIAN_POINT ( 'NONE',  ( 0.05913469036332886369, -0.05668804969334655108, 0.2800000000000000266 ) ) ;
#8767 = VERTEX_POINT ( 'NONE', #2523 ) ;
#8768 = EDGE_CURVE ( 'NONE', #7884, #2875, #6581, .T. ) ;
#8769 = ORIENTED_EDGE ( 'NONE', *, *, #1766, .T. ) ;
#8770 = CARTESIAN_POINT ( 'NONE',  ( 0.1778209665518348526, -0.09641977030928650105, 0.2800000000000000266 ) ) ;
#8771 = EDGE_CURVE ( 'NONE', #1137, #4457, #6754, .T. ) ;
#8772 = AXIS2_PLACEMENT_3D ( 'NONE', #7095, #3537, #6279 ) ;
#8773 = ADVANCED_FACE ( 'NONE', ( #4642 ), #1100, .F. ) ;
#8774 = CARTESIAN_POINT ( 'NONE',  ( 0.1437676339835886052, -0.1151516232019337699, 0.2800000000000000266 ) ) ;
#8775 = EDGE_LOOP ( 'NONE', ( #7110, #7414, #6906, #8506 ) ) ;
#8776 = CARTESIAN_POINT ( 'NONE',  ( 0.1361572937500942215, -0.1160084164734043327, 0.2900000000000000355 ) ) ;
#8777 = LINE ( 'NONE', #1924, #630 ) ;
#8778 = VECTOR ( 'NONE', #3450, 1000.000000000000000 ) ;
#8779 = STYLED_ITEM ( 'NONE', ( #7265 ), #4467 ) ;
#8780 = CARTESIAN_POINT ( 'NONE',  ( 0.08226455916761837850, -0.09547146701761481669, 0.2900000000000000355 ) ) ;
#8781 = ORIENTED_EDGE ( 'NONE', *, *, #883, .T. ) ;
#8782 = LINE ( 'NONE', #6318, #163 ) ;
#8783 = FILL_AREA_STYLE ('',( #6150 ) ) ;
#8784 = CARTESIAN_POINT ( 'NONE',  ( 0.2264145849304183278, -0.04019061189502871195, 0.2800000000000000266 ) ) ;
#8785 = MECHANICAL_DESIGN_GEOMETRIC_PRESENTATION_REPRESENTATION (  '', ( #4 ), #6040 ) ;
#8786 = VERTEX_POINT ( 'NONE', #5311 ) ;
#8787 = CARTESIAN_POINT ( 'NONE',  ( 0.1643894720336576964, -0.09588217453114028510, 0.2800000000000000266 ) ) ;
#8788 = LINE ( 'NONE', #8120, #929 ) ;
#8789 = DIRECTION ( 'NONE',  ( -0.000000000000000000, -0.000000000000000000, -1.000000000000000000 ) ) ;
#8790 = ORIENTED_EDGE ( 'NONE', *, *, #5278, .F. ) ;
#8791 = CARTESIAN_POINT ( 'NONE',  ( 0.05165836562267162035, -0.1200031517241759577, 0.2800000000000000266 ) ) ;
#8792 = B_SPLINE_CURVE_WITH_KNOTS ( 'NONE', 3,
 ( #74, #8108, #8230, #4798, #4671, #3322, #3363 ),
 .UNSPECIFIED., .F., .F.,
 ( 4, 3, 4 ),
 ( 0.000000000000000000, 1.000000000000000000, 2.000000000000000000 ),
 .UNSPECIFIED. ) ;
#8793 = PLANE ( 'NONE',  #7934 ) ;
#8794 = DIRECTION ( 'NONE',  ( 0.000000000000000000, 0.000000000000000000, -1.000000000000000000 ) ) ;
#8795 = B_SPLINE_SURFACE_WITH_KNOTS ( 'NONE', 3, 1, ( 
 ( #2105, #8383 ),
 ( #875, #1401 ),
 ( #7025, #6843 ),
 ( #4856, #4907 ) ),
 .UNSPECIFIED., .F., .F., .F.,
 ( 4, 4 ),
 ( 2, 2 ),
 ( 8.000000000000000000, 9.000000000000000000 ),
 ( 0.000000000000000000, 1.000000000000000000 ),
 .UNSPECIFIED. ) ;
#8796 = EDGE_CURVE ( 'NONE', #6208, #6425, #8834, .T. ) ;
#8797 = DIRECTION ( 'NONE',  ( -0.000000000000000000, 1.000000000000000000, -0.000000000000000000 ) ) ;
#8798 = DIRECTION ( 'NONE',  ( -0.000000000000000000, 1.000000000000000000, -0.000000000000000000 ) ) ;
#8799 = VERTEX_POINT ( 'NONE', #8657 ) ;
#8800 = CARTESIAN_POINT ( 'NONE',  ( 0.1552503438061803021, -0.1006701369298707849, 0.2800000000000000266 ) ) ;
#8801 = CARTESIAN_POINT ( 'NONE',  ( 0.05913469036332886369, -0.05668804969334655108, 0.2800000000000000266 ) ) ;
#8802 = ADVANCED_FACE ( 'NONE', ( #7394 ), #8160, .F. ) ;
#8803 = CARTESIAN_POINT ( 'NONE',  ( 0.2526391789801246124, -0.1198891859963011758, 0.2900000000000000355 ) ) ;
#8804 = VERTEX_POINT ( 'NONE', #2145 ) ;
#8805 = EDGE_CURVE ( 'NONE', #2463, #1788, #6290, .T. ) ;
#8806 = ORIENTED_EDGE ( 'NONE', *, *, #3312, .T. ) ;
#8807 = VECTOR ( 'NONE', #2154, 1000.000000000000227 ) ;
#8808 = CARTESIAN_POINT ( 'NONE',  ( 0.1668506527052079358, -0.1160252163414495497, 0.2900000000000000355 ) ) ;
#8809 = CARTESIAN_POINT ( 'NONE',  ( 0.1764013777002614303, -0.1274155268896769999, 0.2900000000000000355 ) ) ;
#8810 = CARTESIAN_POINT ( 'NONE',  ( 0.1134186723237567834, -0.1050885022309151484, 0.2900000000000000355 ) ) ;
#8811 = LINE ( 'NONE', #5332, #1464 ) ;
#8812 = ORIENTED_EDGE ( 'NONE', *, *, #1389, .F. ) ;
#8813 = DIRECTION ( 'NONE',  ( -1.000000000000000000, 0.000000000000000000, 0.000000000000000000 ) ) ;
#8814 = VERTEX_POINT ( 'NONE', #5620 ) ;
#8815 = CARTESIAN_POINT ( 'NONE',  ( -0.3000000000000004330, -0.1500000000000001055, 0.000000000000000000 ) ) ;
#8816 = CARTESIAN_POINT ( 'NONE',  ( 0.1300000000000000044, -0.1199999999999999956, -0.02000000000000000042 ) ) ;
#8817 = CARTESIAN_POINT ( 'NONE',  ( 0.1400380632731053898, -0.1088516726774915455, 0.2800000000000000266 ) ) ;
#8818 = B_SPLINE_CURVE_WITH_KNOTS ( 'NONE', 3,
 ( #8361, #5693, #2317, #2127 ),
 .UNSPECIFIED., .F., .F.,
 ( 4, 4 ),
 ( 2.000000000000000000, 3.000000000000000000 ),
 .UNSPECIFIED. ) ;
#8819 = EDGE_CURVE ( 'NONE', #3214, #3813, #4225, .T. ) ;
#8820 = VERTEX_POINT ( 'NONE', #5567 ) ;
#8821 = CARTESIAN_POINT ( 'NONE',  ( 0.1355272986975834537, -0.06107284790003714159, 0.2900000000000000355 ) ) ;
#8822 = CARTESIAN_POINT ( 'NONE',  ( 0.1278497589917931554, -0.04665856110015832031, 0.2800000000000000266 ) ) ;
#8823 = EDGE_CURVE ( 'NONE', #5800, #2793, #4478, .T. ) ;
#8824 = VERTEX_POINT ( 'NONE', #1971 ) ;
#8825 = VECTOR ( 'NONE', #2009, 1000.000000000000114 ) ;
#8826 = CARTESIAN_POINT ( 'NONE',  ( 0.2371833003602689671, -0.09080861437540363457, 0.2900000000000000355 ) ) ;
#8827 = CARTESIAN_POINT ( 'NONE',  ( 0.1552503438061812180, -0.1027533205698233643, 0.2900000000000000355 ) ) ;
#8828 = CARTESIAN_POINT ( 'NONE',  ( 0.1501011842442364908, -0.03881302271368369805, 0.2800000000000000266 ) ) ;
#8829 = EDGE_CURVE ( 'NONE', #8531, #7777, #838, .T. ) ;
#8830 = AXIS2_PLACEMENT_3D ( 'NONE', #8180, #1335, #1564 ) ;
#8831 = VECTOR ( 'NONE', #6763, 1000.000000000000000 ) ;
#8832 = CARTESIAN_POINT ( 'NONE',  ( 0.2410556699493666133, -0.06775919538998845248, 0.2900000000000000355 ) ) ;
#8833 = DIRECTION ( 'NONE',  ( -0.000000000000000000, -0.000000000000000000, -1.000000000000000000 ) ) ;
#8834 = LINE ( 'NONE', #3879, #1600 ) ;
#8835 = ORIENTED_EDGE ( 'NONE', *, *, #8708, .F. ) ;
#8836 = PLANE ( 'NONE',  #2788 ) ;
#8837 = DIRECTION ( 'NONE',  ( 0.000000000000000000, -1.000000000000000000, 0.000000000000000000 ) ) ;
#8838 = VECTOR ( 'NONE', #8525, 1000.000000000000000 ) ;
#8839 = SURFACE_STYLE_USAGE ( .BOTH. , #7484 ) ;
#8840 = DIRECTION ( 'NONE',  ( 1.000000000000000000, -0.000000000000000000, 0.000000000000000000 ) ) ;
#8841 = VERTEX_POINT ( 'NONE', #2830 ) ;
#8842 = PLANE ( 'NONE',  #6222 ) ;
#8843 = CARTESIAN_POINT ( 'NONE',  ( 0.2096651164694471881, -0.05090892772051711784, 0.2800000000000000266 ) ) ;
#8844 = CARTESIAN_POINT ( 'NONE',  ( 0.1619954908344053146, -0.1170836080294719028, 0.2900000000000000355 ) ) ;
#8845 = CARTESIAN_POINT ( 'NONE',  ( -0.05207561007423749944, -0.08238789649337455168, 0.2900000000000000355 ) ) ;
#8846 = ORIENTED_EDGE ( 'NONE', *, *, #1414, .F. ) ;
#8847 = ORIENTED_EDGE ( 'NONE', *, *, #7843, .T. ) ;
#8848 = CARTESIAN_POINT ( 'NONE',  ( 0.2428448558982898298, -0.1127156423325654383, 0.2800000000000000266 ) ) ;
#8849 = DIRECTION ( 'NONE',  ( 0.000000000000000000, -1.000000000000000000, 0.000000000000000000 ) ) ;
#8850 = CARTESIAN_POINT ( 'NONE',  ( 0.1552503438061812180, -0.1027533205698233643, 0.2800000000000000266 ) ) ;
#8851 = EDGE_CURVE ( 'NONE', #8021, #8896, #1046, .T. ) ;
#8852 = DIRECTION ( 'NONE',  ( 0.000000000000000000, 1.000000000000000000, 0.000000000000000000 ) ) ;
#8853 = ADVANCED_FACE ( 'NONE', ( #4050 ), #1768, .T. ) ;
#8854 = VERTEX_POINT ( 'NONE', #2097 ) ;
#8855 = CARTESIAN_POINT ( 'NONE',  ( 0.1764013777002614303, -0.1274155268896769999, 0.2800000000000000266 ) ) ;
#8856 = ORIENTED_EDGE ( 'NONE', *, *, #7204, .F. ) ;
#8857 = FACE_OUTER_BOUND ( 'NONE', #6689, .T. ) ;
#8858 = ORIENTED_EDGE ( 'NONE', *, *, #4996, .T. ) ;
#8859 = PRESENTATION_STYLE_ASSIGNMENT (( #623 ) ) ;
#8860 = CARTESIAN_POINT ( 'NONE',  ( 0.1320665258761717920, -0.06382802626272884861, 0.2900000000000000355 ) ) ;
#8861 = ORIENTED_EDGE ( 'NONE', *, *, #4359, .T. ) ;
#8862 = B_SPLINE_SURFACE_WITH_KNOTS ( 'NONE', 3, 1, ( 
 ( #6357, #2210 ),
 ( #7167, #4332 ),
 ( #832, #285 ),
 ( #6492, #1599 ) ),
 .UNSPECIFIED., .F., .F., .F.,
 ( 4, 4 ),
 ( 2, 2 ),
 ( 9.000000000000000000, 10.00000000000000000 ),
 ( 0.000000000000000000, 1.000000000000000000 ),
 .UNSPECIFIED. ) ;
#8863 = CARTESIAN_POINT ( 'NONE',  ( 0.1552251440041115260, -0.1190659924611474074, 0.2900000000000000355 ) ) ;
#8864 = CARTESIAN_POINT ( 'NONE',  ( 0.1607439006635171530, -0.1000989414156316648, 0.2800000000000000266 ) ) ;
#8865 = VERTEX_POINT ( 'NONE', #6114 ) ;
#8866 = SURFACE_STYLE_USAGE ( .BOTH. , #6829 ) ;
#8867 = VECTOR ( 'NONE', #4325, 1000.000000000000000 ) ;
#8868 =( GEOMETRIC_REPRESENTATION_CONTEXT ( 3 ) GLOBAL_UNCERTAINTY_ASSIGNED_CONTEXT ( ( #129 ) ) GLOBAL_UNIT_ASSIGNED_CONTEXT ( ( #8040, #3380, #2528 ) ) REPRESENTATION_CONTEXT ( 'NONE', 'WORKASPACE' ) );
#8869 = LINE ( 'NONE', #1228, #2455 ) ;
#8870 = ADVANCED_FACE ( 'NONE', ( #8239 ), #2011, .F. ) ;
#8871 = EDGE_CURVE ( 'NONE', #1522, #4492, #4849, .T. ) ;
#8872 = CARTESIAN_POINT ( 'NONE',  ( 0.1846501129201787994, -0.1155548200354877264, 0.2800000000000000266 ) ) ;
#8873 =( GEOMETRIC_REPRESENTATION_CONTEXT ( 3 ) GLOBAL_UNCERTAINTY_ASSIGNED_CONTEXT ( ( #861 ) ) GLOBAL_UNIT_ASSIGNED_CONTEXT ( ( #3370, #4129, #1308 ) ) REPRESENTATION_CONTEXT ( 'NONE', 'WORKASPACE' ) );
#8874 = CARTESIAN_POINT ( 'NONE',  ( 0.1455316201304421853, -0.1081124784825676921, 0.2900000000000000355 ) ) ;
#8875 = CARTESIAN_POINT ( 'NONE',  ( -0.2699999999999999623, -0.07000000000000002054, -0.02000000000000000042 ) ) ;
#8876 = VERTEX_POINT ( 'NONE', #6924 ) ;
#8877 = CARTESIAN_POINT ( 'NONE',  ( 0.007267698058694544404, -0.1120595550161326837, 0.2900000000000000355 ) ) ;
#8878 = PLANE ( 'NONE',  #2299 ) ;
#8879 = DIRECTION ( 'NONE',  ( 1.000000000000000000, 0.000000000000000000, -0.000000000000000000 ) ) ;
#8880 = ADVANCED_FACE ( 'NONE', ( #3416 ), #249, .F. ) ;
#8881 =( GEOMETRIC_REPRESENTATION_CONTEXT ( 3 ) GLOBAL_UNCERTAINTY_ASSIGNED_CONTEXT ( ( #6239 ) ) GLOBAL_UNIT_ASSIGNED_CONTEXT ( ( #3403, #5295, #4709 ) ) REPRESENTATION_CONTEXT ( 'NONE', 'WORKASPACE' ) );
#8882 = CARTESIAN_POINT ( 'NONE',  ( -0.03805750452769433856, -0.1038823267804621364, 0.2800000000000000266 ) ) ;
#8883 = CARTESIAN_POINT ( 'NONE',  ( 0.2331009324205941535, -0.1198891859963011758, 0.2800000000000000266 ) ) ;
#8884 = ORIENTED_EDGE ( 'NONE', *, *, #7136, .F. ) ;
#8885 = B_SPLINE_CURVE_WITH_KNOTS ( 'NONE', 3,
 ( #486, #6597, #5918, #2503 ),
 .UNSPECIFIED., .F., .F.,
 ( 4, 4 ),
 ( 5.000000000000000000, 6.000000000000000000 ),
 .UNSPECIFIED. ) ;
#8886 = DIRECTION ( 'NONE',  ( -1.000000000000000000, -0.000000000000000000, -0.000000000000000000 ) ) ;
#8887 = CARTESIAN_POINT ( 'NONE',  ( 0.1385764747514161843, -0.1059452955021602111, 0.2800000000000000266 ) ) ;
#8888 = DIRECTION ( 'NONE',  ( -0.000000000000000000, 1.000000000000000000, -0.000000000000000000 ) ) ;
#8889 = CARTESIAN_POINT ( 'NONE',  ( 0.2822069467750303318, -0.1198891859963011758, 0.2800000000000000266 ) ) ;
#8890 = VERTEX_POINT ( 'NONE', #2378 ) ;
#8891 = B_SPLINE_CURVE_WITH_KNOTS ( 'NONE', 3,
 ( #8023, #6570, #6525, #3145 ),
 .UNSPECIFIED., .F., .F.,
 ( 4, 4 ),
 ( 12.00000000000000000, 13.00000000000000000 ),
 .UNSPECIFIED. ) ;
#8892 = DIRECTION ( 'NONE',  ( -1.000000000000000000, 0.000000000000000000, -0.000000000000000000 ) ) ;
#8893 = CARTESIAN_POINT ( 'NONE',  ( 0.05913469036332886369, -0.05668804969334655108, 0.2900000000000000355 ) ) ;
#8894 =( NAMED_UNIT ( * ) SI_UNIT ( $, .STERADIAN. ) SOLID_ANGLE_UNIT ( ) );
#8895 = B_SPLINE_CURVE_WITH_KNOTS ( 'NONE', 3,
 ( #9, #8170, #2664, #1359 ),
 .UNSPECIFIED., .F., .F.,
 ( 4, 4 ),
 ( 1.000000000000000000, 2.000000000000000000 ),
 .UNSPECIFIED. ) ;
#8896 = VERTEX_POINT ( 'NONE', #2192 ) ;
#8897 = ORIENTED_EDGE ( 'NONE', *, *, #7476, .T. ) ;
#8898 = CARTESIAN_POINT ( 'NONE',  ( 0.2052047514982866250, -0.05102652679706329991, 0.2800000000000000266 ) ) ;
#8899 = ORIENTED_EDGE ( 'NONE', *, *, #3648, .T. ) ;
#8900 = EDGE_CURVE ( 'NONE', #1372, #8590, #7064, .T. ) ;
#8901 = CARTESIAN_POINT ( 'NONE',  ( 0.2332689311010539002, -0.09080861437540363457, 0.2900000000000000355 ) ) ;
#8902 = ORIENTED_EDGE ( 'NONE', *, *, #7848, .F. ) ;
#8903 = CARTESIAN_POINT ( 'NONE',  ( 0.1323017240291529673, -0.05562969064683943171, 0.2900000000000000355 ) ) ;
#8904 = DIRECTION ( 'NONE',  ( -0.000000000000000000, -0.000000000000000000, -1.000000000000000000 ) ) ;
#8905 = ORIENTED_EDGE ( 'NONE', *, *, #7493, .T. ) ;
#8906 = DIRECTION ( 'NONE',  ( -0.3416038306902130506, 0.9398440417738318509, 0.000000000000000000 ) ) ;
#8907 = VECTOR ( 'NONE', #7247, 1000.000000000000000 ) ;
#8908 =( NAMED_UNIT ( * ) PLANE_ANGLE_UNIT ( ) SI_UNIT ( $, .RADIAN. ) );
#8909 = EDGE_CURVE ( 'NONE', #419, #625, #6477, .T. ) ;
#8910 = CARTESIAN_POINT ( 'NONE',  ( 0.2363685067591379529, -0.06775919538998964597, 0.2900000000000000355 ) ) ;
#8911 = CARTESIAN_POINT ( 'NONE',  ( -0.1299999999999998934, -0.1200000000000000233, 0.000000000000000000 ) ) ;
#8912 = VECTOR ( 'NONE', #6916, 1000.000000000000000 ) ;
#8913 = AXIS2_PLACEMENT_3D ( 'NONE', #7984, #3147, #1045 ) ;
#8914 = CARTESIAN_POINT ( 'NONE',  ( 0.2669442666379279738, -0.09299259722408043105, 0.2800000000000000266 ) ) ;
#8915 = CARTESIAN_POINT ( 'NONE',  ( 0.04651839180647415056, -0.03823087716779645373, 0.2800000000000000266 ) ) ;
ENDSEC;
END-ISO-10303-21;
